COD_SEC_MADRID,Año,edad_media,pct_65mas,pct_unipersonal,poblacion,tam_hogar
2807901001,2015,46.3,23.0,42.4,1109.0,2.1
2807901001,2016,46.8,23.5,42.7,1083.0,2.1
2807901001,2017,46.7,23.7,43.3,1098.0,2.1
2807901001,2018,46.9,23.5,41.3,1134.0,2.1
2807901001,2019,46.8,22.3,42.1,1172.0,2.1
2807901001,2020,47.1,23.7,42.9,1139.0,2.0
2807901001,2021,47.3,23.8,43.6,1126.0,2.0
2807901001,2022,47.2,23.5,43.4,1147.0,2.1
2807901002,2015,42.6,13.9,50.5,872.0,1.9
2807901002,2016,42.9,15.3,49.7,861.0,1.9
2807901002,2017,42.7,15.1,50.7,894.0,1.9
2807901002,2018,43.0,15.1,50.7,882.0,1.9
2807901002,2019,43.4,14.7,50.5,894.0,1.9
2807901002,2020,43.1,14.9,52.2,898.0,1.9
2807901002,2021,42.5,14.3,49.5,946.0,1.9
2807901002,2022,42.1,14.4,51.3,935.0,1.9
2807901003,2015,43.5,16.8,48.8,1698.0,2.0
2807901003,2016,43.7,16.7,49.7,1693.0,2.0
2807901003,2017,43.8,16.5,50.7,1691.0,1.9
2807901003,2018,43.5,16.2,48.7,1723.0,2.0
2807901003,2019,44.0,17.0,47.8,1743.0,2.0
2807901003,2020,43.9,17.0,49.4,1736.0,2.0
2807901003,2021,43.7,16.3,48.2,1786.0,2.0
2807901003,2022,43.7,16.5,48.8,1822.0,2.0
2807901004,2015,45.7,20.3,40.2,1220.0,2.2
2807901004,2016,46.1,20.0,43.0,1202.0,2.1
2807901004,2017,46.5,21.2,43.6,1190.0,2.0
2807901004,2018,46.8,22.0,45.0,1173.0,2.0
2807901004,2019,46.6,22.3,47.2,1197.0,2.0
2807901004,2020,46.9,22.8,44.9,1195.0,2.0
2807901004,2021,47.1,23.9,46.7,1192.0,2.0
2807901004,2022,46.8,23.3,46.4,1220.0,2.0
2807901006,2015,45.4,18.8,48.5,1658.0,1.9
2807901006,2016,45.2,18.3,47.7,1675.0,1.9
2807901006,2017,45.9,19.1,49.1,1663.0,1.9
2807901006,2018,46.0,19.6,48.8,1684.0,1.9
2807901006,2019,46.5,20.7,48.0,1696.0,1.9
2807901006,2020,46.6,20.6,49.2,1710.0,2.0
2807901006,2021,47.1,21.1,50.4,1699.0,1.9
2807901006,2022,47.2,20.9,49.6,1679.0,1.9
2807901007,2015,45.5,21.7,46.6,821.0,2.0
2807901007,2016,45.1,21.3,47.8,825.0,2.0
2807901007,2017,45.2,21.3,48.8,834.0,2.0
2807901007,2018,45.7,22.5,48.2,830.0,2.0
2807901007,2019,45.7,20.8,48.5,841.0,2.0
2807901007,2020,45.9,22.0,48.1,828.0,2.0
2807901007,2021,45.9,21.5,48.6,836.0,1.9
2807901007,2022,46.4,22.2,48.5,839.0,1.9
2807901008,2015,45.0,17.8,45.2,788.0,1.9
2807901008,2016,45.4,18.9,42.9,778.0,2.0
2807901008,2017,46.2,21.3,43.6,771.0,2.0
2807901008,2018,46.3,21.7,43.8,790.0,2.0
2807901008,2019,46.3,21.5,43.1,836.0,2.1
2807901008,2020,47.3,22.6,43.0,788.0,2.0
2807901008,2021,47.4,23.3,41.9,808.0,2.1
2807901008,2022,47.8,23.8,45.8,798.0,2.0
2807901009,2015,46.2,21.2,49.1,1243.0,1.9
2807901009,2016,46.9,21.5,49.1,1203.0,1.8
2807901009,2017,46.5,21.1,50.6,1241.0,1.8
2807901009,2018,46.2,20.1,49.4,1297.0,1.9
2807901009,2019,45.8,19.3,46.9,1371.0,1.9
2807901009,2020,44.9,18.3,45.0,1407.0,2.0
2807901009,2021,45.6,19.1,45.9,1364.0,1.9
2807901009,2022,45.5,19.6,46.9,1371.0,1.9
2807901011,2015,45.0,18.7,46.5,1034.0,2.0
2807901011,2016,45.0,18.6,48.1,1024.0,1.9
2807901011,2017,45.1,17.8,46.4,1029.0,1.9
2807901011,2018,45.2,18.2,46.0,1040.0,2.0
2807901011,2019,44.8,17.4,44.6,1118.0,2.0
2807901011,2020,45.1,17.7,44.7,1082.0,2.0
2807901011,2021,44.8,17.7,46.1,1088.0,1.9
2807901011,2022,45.1,18.3,46.5,1104.0,1.9
2807901012,2015,43.0,17.2,43.8,743.0,2.1
2807901012,2016,43.4,18.5,42.3,725.0,2.1
2807901012,2017,44.1,19.4,42.1,741.0,2.1
2807901012,2018,44.1,18.0,44.0,741.0,2.1
2807901012,2019,44.6,17.8,44.4,742.0,2.1
2807901012,2020,44.1,17.6,43.1,778.0,2.2
2807901012,2021,43.9,17.3,47.6,748.0,2.1
2807901012,2022,44.0,17.5,47.1,739.0,2.0
2807901013,2015,42.2,14.9,50.5,1066.0,1.8
2807901013,2016,42.3,15.2,49.7,1081.0,1.8
2807901013,2017,42.5,14.4,49.7,1096.0,1.9
2807901013,2018,42.4,14.0,48.4,1126.0,1.9
2807901013,2019,42.3,13.7,48.8,1194.0,1.9
2807901013,2020,41.7,12.8,50.0,1195.0,1.9
2807901013,2021,42.3,13.6,53.0,1162.0,1.9
2807901013,2022,42.3,13.7,50.9,1216.0,1.9
2807901014,2015,43.4,17.3,44.5,1367.0,2.0
2807901014,2016,44.0,17.2,46.4,1313.0,1.9
2807901014,2017,43.2,17.4,45.7,1330.0,2.0
2807901014,2018,43.2,17.7,42.3,1392.0,2.1
2807901014,2019,43.9,17.5,45.0,1403.0,2.0
2807901014,2020,43.6,17.4,45.1,1390.0,2.0
2807901014,2021,43.6,17.2,46.7,1372.0,2.0
2807901014,2022,43.8,16.9,44.8,1379.0,2.0
2807901015,2015,45.4,18.3,46.5,1385.0,2.0
2807901015,2016,46.0,18.7,46.4,1323.0,2.0
2807901015,2017,46.0,18.7,48.4,1323.0,1.9
2807901015,2018,45.9,18.6,46.9,1359.0,2.0
2807901015,2019,45.7,18.8,47.4,1359.0,1.9
2807901015,2020,45.1,18.6,46.7,1389.0,1.9
2807901015,2021,45.4,18.8,47.5,1378.0,1.9
2807901015,2022,45.8,20.0,43.3,1432.0,2.0
2807901016,2015,43.7,16.7,48.4,1045.0,1.9
2807901016,2016,43.8,17.0,48.8,1013.0,1.9
2807901016,2017,44.1,17.1,48.3,1041.0,2.0
2807901016,2018,43.9,17.1,45.6,1064.0,2.0
2807901016,2019,43.4,16.6,42.6,1116.0,2.1
2807901016,2020,43.8,17.1,42.8,1122.0,2.0
2807901016,2021,43.8,16.9,41.9,1138.0,2.0
2807901016,2022,44.4,16.9,44.1,1086.0,2.0
2807901018,2015,47.1,22.7,45.5,1667.0,2.0
2807901018,2016,47.9,23.5,46.8,1646.0,1.9
2807901018,2017,47.5,23.0,45.5,1680.0,2.0
2807901018,2018,47.5,23.2,48.5,1687.0,1.9
2807901018,2019,47.8,23.3,46.8,1748.0,1.9
2807901018,2020,48.2,23.6,48.3,1720.0,1.9
2807901018,2021,48.1,23.3,49.4,1719.0,1.9
2807901018,2022,47.9,23.9,50.0,1735.0,1.9
2807901019,2015,45.2,19.1,49.4,1207.0,1.9
2807901019,2016,45.5,19.3,49.7,1199.0,1.8
2807901019,2017,45.2,19.5,49.2,1200.0,1.8
2807901019,2018,44.8,18.3,49.0,1256.0,1.9
2807901019,2019,44.9,18.1,47.7,1312.0,1.9
2807901019,2020,45.5,18.4,48.2,1289.0,1.9
2807901019,2021,46.0,19.4,47.7,1257.0,1.9
2807901019,2022,45.8,19.9,45.6,1299.0,1.9
2807901020,2015,45.3,19.8,45.9,1148.0,2.0
2807901020,2016,45.2,19.7,46.0,1155.0,2.0
2807901020,2017,45.5,19.8,47.3,1174.0,2.0
2807901020,2018,45.1,19.0,43.6,1251.0,2.0
2807901020,2019,45.7,19.4,45.4,1255.0,2.0
2807901020,2020,46.0,19.8,47.5,1261.0,2.0
2807901020,2021,46.5,21.4,47.4,1200.0,1.9
2807901020,2022,45.4,19.6,48.0,1233.0,1.9
2807901021,2015,44.4,18.7,44.1,1707.0,2.0
2807901021,2016,44.8,19.1,44.0,1684.0,2.1
2807901021,2017,45.2,18.9,43.0,1717.0,2.1
2807901021,2018,45.3,18.5,43.7,1706.0,2.1
2807901021,2019,45.6,18.8,42.1,1754.0,2.1
2807901021,2020,46.2,19.3,42.4,1734.0,2.1
2807901021,2021,46.4,19.9,43.7,1734.0,2.0
2807901021,2022,46.8,20.7,44.0,1735.0,2.0
2807901022,2015,43.3,15.5,42.8,1191.0,2.1
2807901022,2016,43.3,15.2,43.5,1194.0,2.0
2807901022,2017,43.9,15.5,46.1,1190.0,2.0
2807901022,2018,43.8,15.0,46.1,1200.0,2.0
2807901022,2019,43.8,15.2,44.1,1254.0,2.0
2807901022,2020,43.9,15.9,46.1,1245.0,2.0
2807901022,2021,43.6,16.4,46.6,1262.0,2.0
2807901022,2022,43.8,16.6,48.8,1280.0,2.0
2807901023,2015,41.6,14.3,46.2,1401.0,2.0
2807901023,2016,42.2,14.4,47.6,1389.0,2.0
2807901023,2017,42.2,14.1,49.0,1339.0,2.0
2807901023,2018,42.3,13.5,47.8,1354.0,2.0
2807901023,2019,42.1,13.2,45.4,1422.0,2.0
2807901023,2020,42.9,14.0,46.9,1375.0,2.0
2807901023,2021,42.7,13.7,50.0,1386.0,1.9
2807901023,2022,42.3,13.5,48.4,1413.0,1.9
2807901024,2015,43.0,16.2,50.5,1236.0,1.9
2807901024,2016,43.0,15.8,49.7,1190.0,1.8
2807901024,2017,42.2,14.1,50.2,1216.0,1.9
2807901024,2018,41.8,13.3,50.1,1267.0,1.9
2807901024,2019,42.1,13.2,48.8,1261.0,1.9
2807901024,2020,42.2,13.3,50.5,1242.0,1.9
2807901024,2021,42.7,12.8,51.0,1210.0,1.8
2807901024,2022,42.5,12.8,52.2,1216.0,1.8
2807901025,2015,43.2,16.3,41.0,935.0,2.2
2807901025,2016,43.5,15.4,42.7,879.0,2.1
2807901025,2017,43.4,16.2,46.3,903.0,2.1
2807901025,2018,43.4,15.7,44.3,918.0,2.0
2807901025,2019,43.0,15.1,40.2,1005.0,2.2
2807901025,2020,42.9,13.6,40.7,987.0,2.1
2807901025,2021,42.7,13.9,41.6,1010.0,2.1
2807901025,2022,42.4,13.5,40.3,1037.0,2.2
2807901026,2015,44.5,17.6,47.3,1382.0,2.0
2807901026,2016,44.8,17.7,49.4,1342.0,1.9
2807901026,2017,45.2,18.0,50.4,1332.0,1.9
2807901026,2018,44.5,17.4,45.3,1393.0,2.0
2807901026,2019,43.9,16.8,45.0,1487.0,2.0
2807901026,2020,43.3,16.3,43.9,1540.0,2.0
2807901026,2021,43.3,16.1,43.2,1506.0,2.0
2807901026,2022,43.4,16.2,44.0,1449.0,2.0
2807901027,2015,42.4,13.9,45.5,1125.0,2.0
2807901027,2016,42.7,13.7,46.6,1119.0,2.0
2807901027,2017,42.5,14.1,47.3,1141.0,2.0
2807901027,2018,43.0,14.6,47.3,1140.0,2.0
2807901027,2019,43.4,14.0,47.0,1134.0,1.9
2807901027,2020,43.1,13.7,46.0,1172.0,2.0
2807901027,2021,42.8,12.7,48.1,1165.0,2.0
2807901027,2022,43.6,14.1,49.7,1132.0,1.9
2807901028,2015,42.0,13.1,45.5,1343.0,2.1
2807901028,2016,41.8,13.4,46.4,1284.0,2.0
2807901028,2017,42.5,13.9,46.9,1264.0,2.0
2807901028,2018,42.1,13.2,47.5,1282.0,2.0
2807901028,2019,42.0,12.8,47.6,1319.0,2.0
2807901028,2020,42.3,12.8,44.5,1344.0,2.1
2807901028,2021,42.8,13.1,44.4,1306.0,2.0
2807901028,2022,43.1,13.2,45.2,1327.0,2.0
2807901029,2015,40.9,12.8,41.1,1339.0,2.2
2807901029,2016,41.2,12.8,42.1,1334.0,2.2
2807901029,2017,41.6,13.1,41.9,1351.0,2.2
2807901029,2018,41.8,12.9,43.4,1362.0,2.1
2807901029,2019,42.1,13.2,41.7,1363.0,2.1
2807901029,2020,42.3,13.6,41.4,1390.0,2.1
2807901029,2021,42.3,13.5,41.1,1390.0,2.2
2807901029,2022,42.6,14.1,43.9,1364.0,2.1
2807901030,2015,41.5,15.3,43.3,1043.0,2.2
2807901030,2016,41.8,15.2,45.6,994.0,2.1
2807901030,2017,42.3,15.5,44.1,991.0,2.1
2807901030,2018,41.7,14.7,45.3,1010.0,2.1
2807901030,2019,41.7,14.1,43.4,1032.0,2.1
2807901030,2020,41.4,12.9,43.5,1047.0,2.2
2807901030,2021,41.8,12.6,46.2,1036.0,2.2
2807901030,2022,41.6,12.8,46.1,1057.0,2.1
2807901031,2015,42.8,14.9,44.6,1131.0,2.1
2807901031,2016,43.3,15.4,46.7,1100.0,2.0
2807901031,2017,42.9,14.9,45.9,1103.0,2.0
2807901031,2018,42.9,15.0,45.3,1108.0,2.0
2807901031,2019,42.4,14.6,44.8,1133.0,2.0
2807901031,2020,42.1,13.8,45.8,1149.0,2.0
2807901031,2021,42.6,13.6,46.3,1114.0,2.0
2807901031,2022,42.2,13.0,47.7,1131.0,2.0
2807901032,2015,41.4,13.4,42.2,1804.0,2.1
2807901032,2016,42.0,13.6,43.0,1790.0,2.1
2807901032,2017,42.0,13.4,44.0,1826.0,2.1
2807901032,2018,41.8,13.2,43.6,1867.0,2.1
2807901032,2019,41.5,12.5,43.4,2040.0,2.1
2807901032,2020,41.5,12.0,41.1,2102.0,2.1
2807901032,2021,41.3,11.8,43.0,2086.0,2.1
2807901032,2022,41.6,12.2,44.2,2087.0,2.1
2807901033,2015,43.2,15.5,47.9,1222.0,1.9
2807901033,2016,42.5,14.0,47.7,1215.0,1.9
2807901033,2017,42.0,12.9,50.5,1237.0,1.9
2807901033,2018,42.1,13.0,50.0,1264.0,2.0
2807901033,2019,42.3,13.1,49.5,1291.0,2.0
2807901033,2020,42.4,13.3,50.2,1268.0,1.9
2807901033,2021,43.4,13.1,50.3,1249.0,1.9
2807901033,2022,42.9,13.0,52.2,1234.0,1.9
2807901034,2015,39.1,9.5,47.1,1561.0,2.2
2807901034,2016,39.4,9.9,45.6,1539.0,2.2
2807901034,2017,39.7,9.7,47.5,1550.0,2.2
2807901034,2018,39.2,9.6,47.7,1569.0,2.2
2807901034,2019,39.5,9.4,46.9,1544.0,2.1
2807901034,2020,39.3,9.2,49.8,1529.0,2.1
2807901034,2021,39.6,8.8,51.9,1472.0,2.0
2807901034,2022,39.3,8.7,49.9,1511.0,2.0
2807901035,2015,41.0,13.7,43.9,1455.0,2.2
2807901035,2016,41.3,14.3,42.8,1422.0,2.2
2807901035,2017,41.5,14.5,43.8,1440.0,2.2
2807901035,2018,41.7,15.2,42.6,1451.0,2.2
2807901035,2019,41.7,14.8,40.3,1448.0,2.2
2807901035,2020,41.6,14.6,42.5,1442.0,2.2
2807901035,2021,42.0,14.5,41.4,1456.0,2.2
2807901035,2022,42.4,15.1,43.4,1439.0,2.2
2807901036,2015,41.7,14.8,49.9,1100.0,1.9
2807901036,2016,41.7,14.2,49.7,1077.0,1.9
2807901036,2017,42.3,13.7,50.7,1068.0,1.9
2807901036,2018,42.2,13.2,50.7,1057.0,1.9
2807901036,2019,42.6,13.3,50.5,1067.0,1.9
2807901036,2020,42.0,12.4,51.6,1107.0,1.9
2807901036,2021,42.0,11.8,53.1,1086.0,1.9
2807901036,2022,41.6,11.3,50.2,1136.0,1.9
2807901037,2015,42.3,14.7,46.1,1110.0,2.1
2807901037,2016,42.9,15.2,44.8,1102.0,2.1
2807901037,2017,43.5,15.7,46.8,1063.0,2.1
2807901037,2018,43.8,15.0,47.7,1059.0,2.1
2807901037,2019,43.3,14.1,45.2,1103.0,2.1
2807901037,2020,43.2,13.8,47.2,1107.0,2.1
2807901037,2021,43.9,14.2,48.9,1011.0,2.0
2807901037,2022,43.2,13.8,50.3,1038.0,2.0
2807901038,2015,40.9,13.3,49.7,1130.0,2.0
2807901038,2016,41.5,13.2,49.6,1119.0,1.9
2807901038,2017,41.2,12.2,50.5,1153.0,1.9
2807901038,2018,41.1,12.0,50.7,1178.0,2.0
2807901038,2019,41.1,12.4,49.7,1195.0,2.0
2807901038,2020,41.4,11.9,50.5,1173.0,1.9
2807901038,2021,41.0,11.5,50.7,1161.0,1.9
2807901038,2022,40.2,10.2,50.1,1260.0,2.0
2807901039,2015,41.9,13.2,43.4,995.0,2.1
2807901039,2016,42.0,13.1,44.5,980.0,2.1
2807901039,2017,42.6,13.8,46.8,942.0,2.0
2807901039,2018,42.3,14.0,45.1,959.0,2.0
2807901039,2019,42.3,14.4,48.9,975.0,2.0
2807901039,2020,42.8,13.9,49.1,958.0,1.9
2807901039,2021,42.6,15.5,49.3,953.0,1.9
2807901039,2022,42.3,15.0,49.4,1031.0,2.0
2807901040,2015,41.2,14.0,46.1,784.0,2.1
2807901040,2016,41.4,14.4,46.1,787.0,2.1
2807901040,2017,41.5,14.3,47.3,788.0,2.1
2807901040,2018,41.6,13.8,45.6,810.0,2.1
2807901040,2019,41.5,13.3,45.1,843.0,2.1
2807901040,2020,42.1,13.1,46.1,800.0,2.1
2807901040,2021,42.2,13.6,43.9,815.0,2.1
2807901040,2022,41.5,12.7,45.3,821.0,2.1
2807901041,2015,42.4,14.5,45.1,968.0,2.1
2807901041,2016,42.5,14.1,45.1,926.0,2.1
2807901041,2017,42.1,13.8,46.4,945.0,2.1
2807901041,2018,41.5,13.2,45.7,968.0,2.1
2807901041,2019,41.1,11.8,46.3,1013.0,2.1
2807901041,2020,41.7,12.7,47.3,967.0,2.0
2807901041,2021,41.8,12.6,47.6,944.0,1.9
2807901041,2022,41.8,12.8,44.9,948.0,1.9
2807901042,2015,42.4,15.7,48.0,1017.0,2.1
2807901042,2016,42.1,15.2,46.4,1029.0,2.1
2807901042,2017,42.8,16.0,47.7,1031.0,2.1
2807901042,2018,42.7,15.6,47.7,1012.0,2.0
2807901042,2019,42.6,15.7,45.2,1032.0,2.0
2807901042,2020,42.5,15.3,46.8,1044.0,2.1
2807901042,2021,42.9,15.3,50.7,1004.0,2.0
2807901042,2022,43.3,16.3,50.0,978.0,1.9
2807901043,2015,40.8,11.6,47.0,1145.0,2.1
2807901043,2016,40.2,11.5,48.8,1138.0,2.1
2807901043,2017,39.6,10.8,47.9,1176.0,2.1
2807901043,2018,39.8,10.3,46.9,1161.0,2.1
2807901043,2019,40.4,10.4,47.9,1160.0,2.1
2807901043,2020,40.5,9.9,45.7,1196.0,2.1
2807901043,2021,40.7,9.8,48.0,1191.0,2.0
2807901043,2022,41.1,10.5,49.5,1145.0,2.0
2807901045,2015,42.6,13.2,45.5,1266.0,2.0
2807901045,2016,42.4,12.8,47.2,1239.0,2.0
2807901045,2017,41.5,12.1,46.2,1303.0,2.0
2807901045,2018,41.4,12.3,45.9,1295.0,2.0
2807901045,2019,41.6,11.8,47.1,1303.0,2.0
2807901045,2020,41.4,11.5,47.3,1303.0,2.0
2807901045,2021,41.5,11.9,47.4,1324.0,2.0
2807901045,2022,42.0,12.9,48.5,1330.0,1.9
2807901046,2015,43.9,16.3,44.7,1505.0,2.0
2807901046,2016,43.7,15.7,46.8,1505.0,2.0
2807901046,2017,43.5,14.6,47.2,1513.0,2.0
2807901046,2018,43.6,15.1,48.2,1522.0,2.0
2807901046,2019,43.5,15.1,46.3,1578.0,2.0
2807901046,2020,43.2,15.1,46.6,1616.0,2.1
2807901046,2021,43.9,15.8,48.6,1549.0,2.0
2807901046,2022,43.6,16.1,49.2,1533.0,2.0
2807901047,2015,39.8,10.7,48.2,2127.0,2.1
2807901047,2016,40.4,10.7,48.3,2098.0,2.0
2807901047,2017,40.5,10.4,48.6,2148.0,2.0
2807901047,2018,40.3,10.4,46.6,2236.0,2.1
2807901047,2019,40.3,9.8,45.2,2234.0,2.1
2807901047,2020,40.8,9.7,47.7,2219.0,2.1
2807901047,2021,40.7,9.5,48.7,2247.0,2.0
2807901047,2022,40.5,9.4,49.8,2189.0,2.0
2807901048,2015,41.4,11.5,48.2,1215.0,2.1
2807901048,2016,41.2,11.0,48.0,1239.0,2.1
2807901048,2017,41.4,11.4,50.7,1226.0,2.1
2807901048,2018,41.0,11.2,50.5,1244.0,2.1
2807901048,2019,41.3,11.9,49.1,1249.0,2.2
2807901048,2020,41.7,12.0,46.1,1262.0,2.2
2807901048,2021,41.8,12.5,46.5,1222.0,2.1
2807901048,2022,41.9,13.1,50.7,1191.0,2.1
2807901049,2015,41.8,14.1,50.5,1267.0,1.9
2807901049,2016,41.5,13.2,49.7,1255.0,1.9
2807901049,2017,42.5,13.8,50.7,1181.0,1.8
2807901049,2018,42.0,12.9,50.7,1198.0,1.8
2807901049,2019,41.8,12.8,50.5,1242.0,1.9
2807901049,2020,41.7,12.5,51.1,1230.0,1.9
2807901049,2021,41.1,12.2,52.0,1263.0,1.9
2807901049,2022,41.3,12.4,54.8,1235.0,1.8
2807901050,2015,40.8,12.8,50.5,1341.0,2.0
2807901050,2016,41.1,12.6,49.7,1283.0,2.0
2807901050,2017,41.5,12.7,50.7,1291.0,2.0
2807901050,2018,42.0,12.9,50.7,1262.0,2.0
2807901050,2019,41.9,12.6,50.5,1332.0,2.0
2807901050,2020,41.9,12.6,50.8,1324.0,2.0
2807901050,2021,42.0,12.8,51.7,1293.0,2.0
2807901050,2022,42.2,12.3,51.2,1280.0,2.0
2807901051,2015,42.0,12.1,50.5,1362.0,1.9
2807901051,2016,41.8,12.3,49.7,1329.0,1.9
2807901051,2017,41.8,11.5,50.7,1312.0,1.8
2807901051,2018,41.7,11.1,50.7,1366.0,1.9
2807901051,2019,41.5,11.0,50.5,1404.0,1.9
2807901051,2020,41.2,10.5,49.6,1429.0,1.9
2807901051,2021,40.9,10.1,50.9,1430.0,1.9
2807901051,2022,40.8,10.1,52.3,1410.0,1.9
2807901053,2015,43.7,15.5,50.5,1285.0,1.9
2807901053,2016,43.3,14.6,49.7,1277.0,1.9
2807901053,2017,44.0,15.0,50.7,1269.0,1.9
2807901053,2018,43.8,14.2,50.7,1299.0,1.9
2807901053,2019,43.9,14.1,50.5,1341.0,1.9
2807901053,2020,43.8,13.4,51.6,1315.0,1.9
2807901053,2021,43.9,14.0,51.8,1292.0,1.9
2807901053,2022,43.9,14.1,51.0,1280.0,1.9
2807901054,2015,44.6,17.7,50.5,886.0,1.9
2807901054,2016,44.2,16.4,49.7,862.0,1.9
2807901054,2017,43.8,15.8,50.7,875.0,1.9
2807901054,2018,43.7,15.4,50.7,891.0,1.9
2807901054,2019,44.1,15.8,50.5,886.0,1.9
2807901054,2020,43.6,15.2,53.9,895.0,1.9
2807901054,2021,43.7,14.9,53.6,859.0,1.9
2807901054,2022,42.7,15.0,54.2,881.0,1.9
2807901055,2015,46.6,22.8,47.8,1007.0,1.9
2807901055,2016,46.5,21.4,46.7,984.0,1.9
2807901055,2017,45.9,20.6,46.5,982.0,1.9
2807901055,2018,45.9,19.6,44.9,995.0,2.0
2807901055,2019,46.0,19.1,45.4,1035.0,1.9
2807901055,2020,45.8,18.9,46.5,1025.0,1.9
2807901055,2021,45.6,18.8,46.1,1021.0,1.9
2807901055,2022,45.5,18.7,47.5,1009.0,1.9
2807901056,2015,46.0,21.3,45.5,839.0,2.1
2807901056,2016,46.1,22.2,46.5,848.0,2.1
2807901056,2017,46.5,22.0,47.6,835.0,2.0
2807901056,2018,46.6,22.1,45.7,823.0,2.0
2807901056,2019,46.3,22.0,45.7,838.0,2.1
2807901056,2020,45.6,21.2,43.9,841.0,2.1
2807901056,2021,46.1,21.6,46.4,894.0,2.0
2807901056,2022,46.8,22.7,48.3,894.0,2.0
2807901057,2015,48.5,29.9,42.1,1440.0,2.0
2807901057,2016,49.1,30.1,44.5,1386.0,2.0
2807901057,2017,49.3,29.8,44.2,1364.0,2.0
2807901057,2018,49.2,28.9,45.6,1389.0,2.0
2807901057,2019,48.5,27.7,44.7,1446.0,2.0
2807901057,2020,49.4,28.6,43.9,1389.0,2.0
2807901057,2021,48.7,27.5,45.5,1400.0,1.9
2807901057,2022,49.4,28.4,47.6,1377.0,1.9
2807901058,2015,45.3,20.8,42.7,674.0,2.0
2807901058,2016,45.7,21.8,42.7,660.0,2.1
2807901058,2017,45.0,20.8,41.9,682.0,2.1
2807901058,2018,44.1,18.9,41.4,710.0,2.1
2807901058,2019,44.6,18.4,42.5,697.0,2.1
2807901058,2020,45.3,19.0,42.6,665.0,2.1
2807901058,2021,44.5,18.6,41.6,717.0,2.2
2807901058,2022,44.8,19.6,40.7,706.0,2.1
2807901059,2015,43.3,16.1,45.6,1420.0,2.0
2807901059,2016,43.8,16.5,45.5,1398.0,1.9
2807901059,2017,44.0,16.7,45.9,1387.0,1.9
2807901059,2018,44.1,16.5,47.6,1422.0,1.9
2807901059,2019,44.1,16.6,46.9,1493.0,2.0
2807901059,2020,44.0,16.3,47.5,1488.0,2.0
2807901059,2021,44.2,17.8,48.9,1506.0,1.9
2807901059,2022,44.5,18.4,48.6,1505.0,1.9
2807901061,2015,44.7,18.8,47.1,766.0,1.9
2807901061,2016,45.3,19.8,48.1,757.0,1.9
2807901061,2017,45.0,18.8,47.5,782.0,2.0
2807901061,2018,44.4,19.6,45.6,793.0,2.0
2807901061,2019,44.0,19.1,46.3,823.0,2.0
2807901061,2020,43.8,19.5,46.3,829.0,2.0
2807901061,2021,43.5,18.8,45.0,834.0,2.0
2807901061,2022,43.7,19.2,45.7,843.0,2.0
2807901062,2015,46.2,19.5,50.5,976.0,1.8
2807901062,2016,46.5,19.9,49.7,973.0,1.8
2807901062,2017,46.0,19.1,50.7,1007.0,1.8
2807901062,2018,46.5,19.5,50.7,1000.0,1.8
2807901062,2019,46.5,19.7,48.8,991.0,1.9
2807901062,2020,46.9,19.8,49.0,972.0,1.8
2807901062,2021,46.2,19.4,50.3,989.0,1.9
2807901062,2022,46.4,20.4,52.1,951.0,1.8
2807901063,2015,45.2,19.3,45.6,735.0,2.0
2807901063,2016,46.0,19.1,43.3,726.0,2.0
2807901063,2017,45.2,17.5,46.9,713.0,1.9
2807901063,2018,45.3,17.6,47.0,711.0,1.9
2807901063,2019,45.1,16.8,44.7,737.0,1.9
2807901063,2020,44.6,15.8,44.0,736.0,2.0
2807901063,2021,45.3,17.1,45.1,735.0,2.0
2807901063,2022,44.8,17.1,43.5,753.0,2.0
2807901064,2015,44.2,16.5,50.5,752.0,1.9
2807901064,2016,44.9,17.4,49.7,728.0,1.8
2807901064,2017,45.9,19.2,50.7,693.0,1.8
2807901064,2018,45.8,18.7,50.7,724.0,1.9
2807901064,2019,45.0,16.9,46.6,779.0,1.9
2807901064,2020,45.6,18.0,47.0,799.0,1.9
2807901064,2021,45.3,17.9,50.0,792.0,1.9
2807901064,2022,45.6,18.4,48.5,798.0,1.9
2807901065,2015,44.2,15.4,44.5,753.0,1.9
2807901065,2016,44.7,15.8,44.2,752.0,1.9
2807901065,2017,44.9,16.0,45.5,756.0,1.9
2807901065,2018,44.1,14.9,46.0,778.0,1.9
2807901065,2019,43.9,15.9,45.2,792.0,1.9
2807901065,2020,44.4,15.9,45.3,762.0,1.9
2807901065,2021,44.2,16.2,43.9,779.0,1.9
2807901065,2022,45.5,18.0,47.3,744.0,1.8
2807901066,2015,43.5,16.5,49.6,1285.0,2.0
2807901066,2016,43.2,16.3,49.7,1279.0,1.9
2807901066,2017,44.1,16.8,50.2,1235.0,1.9
2807901066,2018,43.5,16.3,50.5,1270.0,2.0
2807901066,2019,42.9,15.2,48.4,1339.0,2.0
2807901066,2020,43.7,16.5,50.6,1252.0,1.9
2807901066,2021,44.2,17.0,51.2,1221.0,1.9
2807901066,2022,43.8,16.6,52.8,1268.0,1.9
2807901067,2015,43.6,16.4,47.1,1073.0,1.9
2807901067,2016,43.9,15.7,48.1,1022.0,1.9
2807901067,2017,43.6,15.4,48.8,1048.0,1.9
2807901067,2018,43.5,15.5,49.7,1092.0,1.9
2807901067,2019,43.5,15.0,46.3,1150.0,2.0
2807901067,2020,42.8,14.8,47.4,1181.0,2.0
2807901067,2021,43.4,16.1,46.8,1203.0,2.0
2807901067,2022,43.6,15.8,45.7,1220.0,2.0
2807901068,2015,44.9,17.7,43.7,851.0,2.1
2807901068,2016,45.9,19.3,46.0,797.0,2.0
2807901068,2017,45.3,18.8,47.3,831.0,2.1
2807901068,2018,44.7,18.3,47.3,811.0,2.1
2807901068,2019,45.1,18.6,45.1,829.0,2.0
2807901068,2020,45.7,19.8,47.5,804.0,2.0
2807901068,2021,45.2,19.4,47.4,815.0,2.0
2807901068,2022,44.8,19.3,46.6,829.0,2.1
2807901069,2015,41.3,11.9,50.5,931.0,1.8
2807901069,2016,41.8,12.2,49.7,903.0,1.8
2807901069,2017,41.8,11.4,50.7,907.0,1.8
2807901069,2018,41.5,11.2,50.7,904.0,1.8
2807901069,2019,41.7,10.6,50.5,906.0,1.8
2807901069,2020,41.0,10.6,54.1,932.0,1.8
2807901069,2021,40.3,9.8,54.9,965.0,1.8
2807901069,2022,40.8,10.3,54.1,956.0,1.8
2807901071,2015,45.8,21.5,50.5,703.0,1.9
2807901071,2016,46.2,21.7,49.7,677.0,1.9
2807901071,2017,46.3,21.6,50.7,662.0,1.9
2807901071,2018,45.8,20.1,47.7,690.0,2.0
2807901071,2019,46.2,20.6,50.5,698.0,1.9
2807901071,2020,47.0,21.7,53.0,691.0,1.9
2807901071,2021,46.5,21.4,48.6,724.0,2.0
2807901071,2022,46.8,21.9,46.6,764.0,2.0
2807901072,2015,44.0,15.4,48.7,1481.0,2.0
2807901072,2016,44.1,15.9,49.7,1478.0,1.9
2807901072,2017,44.9,16.9,49.5,1478.0,1.9
2807901072,2018,44.8,17.5,46.4,1497.0,2.0
2807901072,2019,44.9,18.1,44.7,1512.0,2.1
2807901072,2020,45.1,18.3,45.3,1485.0,2.0
2807901072,2021,45.2,17.9,47.4,1507.0,1.9
2807901072,2022,45.0,18.2,48.3,1514.0,1.9
2807901073,2015,44.0,17.3,48.7,1381.0,2.0
2807901073,2016,44.3,16.8,49.0,1409.0,2.0
2807901073,2017,43.8,16.1,46.5,1480.0,2.0
2807901073,2018,43.5,15.5,44.9,1604.0,2.1
2807901073,2019,43.8,15.3,44.1,1685.0,2.1
2807901073,2020,44.2,15.7,44.8,1665.0,2.1
2807901073,2021,43.9,15.6,43.9,1691.0,2.1
2807901073,2022,43.9,16.6,43.5,1741.0,2.1
2807901074,2015,42.2,13.5,50.5,1462.0,1.9
2807901074,2016,42.2,13.8,49.7,1465.0,1.9
2807901074,2017,42.2,13.6,50.7,1539.0,1.9
2807901074,2018,42.6,13.4,49.9,1531.0,1.9
2807901074,2019,43.1,13.5,49.2,1592.0,1.9
2807901074,2020,42.7,13.1,47.5,1677.0,1.9
2807901074,2021,42.5,12.6,46.5,1673.0,2.0
2807901074,2022,42.7,13.2,48.4,1654.0,1.9
2807901075,2015,42.4,13.3,50.5,1323.0,1.8
2807901075,2016,42.8,13.3,49.7,1328.0,1.9
2807901075,2017,42.8,12.8,50.7,1330.0,1.9
2807901075,2018,43.0,12.8,50.7,1355.0,1.9
2807901075,2019,43.1,13.2,50.5,1401.0,1.9
2807901075,2020,43.1,13.0,51.4,1386.0,1.9
2807901075,2021,43.5,12.6,52.0,1370.0,1.9
2807901075,2022,43.5,13.1,50.5,1406.0,1.9
2807901076,2015,43.5,15.4,50.4,1297.0,1.9
2807901076,2016,44.0,16.2,49.7,1284.0,1.9
2807901076,2017,43.6,15.1,50.7,1289.0,1.9
2807901076,2018,43.7,15.4,49.7,1282.0,1.9
2807901076,2019,43.5,14.5,48.0,1329.0,2.0
2807901076,2020,43.8,15.0,49.4,1344.0,2.0
2807901076,2021,43.2,14.9,49.2,1372.0,1.9
2807901076,2022,42.9,15.1,51.9,1400.0,1.9
2807901077,2015,43.3,15.4,47.1,1191.0,2.0
2807901077,2016,43.7,15.7,45.7,1176.0,2.0
2807901077,2017,44.1,16.3,47.0,1197.0,2.0
2807901077,2018,44.1,15.9,46.1,1231.0,2.0
2807901077,2019,43.5,15.3,43.5,1305.0,2.0
2807901077,2020,43.1,14.6,43.7,1318.0,2.0
2807901077,2021,43.4,14.8,45.8,1311.0,2.0
2807901077,2022,44.1,15.5,44.7,1272.0,2.0
2807901079,2015,44.0,16.1,49.7,1353.0,1.9
2807901079,2016,44.0,15.8,48.4,1327.0,1.9
2807901079,2017,43.9,15.5,49.4,1323.0,1.9
2807901079,2018,44.0,15.0,50.7,1344.0,1.9
2807901079,2019,43.4,14.4,48.9,1413.0,1.9
2807901079,2020,43.2,14.2,49.0,1423.0,1.9
2807901079,2021,43.2,13.9,49.5,1427.0,1.9
2807901079,2022,43.1,14.2,52.3,1442.0,1.9
2807901081,2015,43.0,14.6,50.5,1536.0,1.9
2807901081,2016,43.4,14.5,49.7,1485.0,1.9
2807901081,2017,43.3,14.4,50.6,1515.0,1.9
2807901081,2018,43.0,13.7,49.7,1602.0,2.0
2807901081,2019,42.9,13.0,47.6,1635.0,2.0
2807901081,2020,43.0,13.3,46.6,1660.0,2.0
2807901081,2021,43.2,13.6,50.3,1571.0,1.9
2807901081,2022,42.5,13.7,50.9,1590.0,1.9
2807901082,2015,42.0,14.0,48.5,1605.0,1.9
2807901082,2016,42.9,14.2,49.7,1489.0,1.9
2807901082,2017,42.6,13.6,50.7,1502.0,1.9
2807901082,2018,42.5,13.7,50.4,1544.0,1.9
2807901082,2019,43.0,14.3,46.5,1559.0,2.0
2807901082,2020,43.3,14.2,47.2,1575.0,1.9
2807901082,2021,43.8,15.2,47.9,1558.0,1.9
2807901082,2022,43.0,14.2,50.7,1646.0,1.9
2807901084,2015,44.9,20.5,50.5,1361.0,2.0
2807901084,2016,45.1,20.5,49.7,1332.0,1.9
2807901084,2017,45.4,20.4,49.9,1369.0,1.9
2807901084,2018,45.4,20.3,50.1,1431.0,1.9
2807901084,2019,45.3,20.0,48.5,1534.0,2.0
2807901084,2020,45.6,20.5,48.0,1494.0,2.0
2807901084,2021,45.5,20.1,50.0,1536.0,1.9
2807901084,2022,46.0,21.0,50.3,1532.0,1.9
2807901087,2015,41.9,15.6,46.7,1229.0,2.2
2807901087,2016,42.0,16.2,43.1,1222.0,2.3
2807901087,2017,42.2,16.3,43.6,1242.0,2.2
2807901087,2018,42.1,15.5,43.3,1313.0,2.3
2807901087,2019,41.9,15.3,45.1,1387.0,2.3
2807901087,2020,42.6,15.7,43.5,1370.0,2.3
2807901087,2021,42.2,14.8,44.2,1383.0,2.3
2807901087,2022,42.5,14.5,46.8,1399.0,2.2
2807901088,2015,43.6,17.9,47.3,1047.0,2.0
2807901088,2016,43.5,17.7,47.2,1014.0,2.0
2807901088,2017,43.9,18.7,47.0,1026.0,2.0
2807901088,2018,44.3,17.9,48.0,1023.0,2.0
2807901088,2019,43.5,17.4,46.8,1122.0,2.0
2807901088,2020,43.8,16.8,45.9,1117.0,2.0
2807901088,2021,44.0,16.5,48.8,1117.0,1.9
2807901088,2022,43.3,16.1,48.2,1159.0,2.0
2807901089,2015,46.3,24.4,47.4,1349.0,1.9
2807901089,2016,46.8,24.5,46.3,1355.0,1.9
2807901089,2017,46.9,24.4,44.7,1337.0,1.9
2807901089,2018,47.1,25.0,47.0,1375.0,1.9
2807901089,2019,46.4,23.6,47.5,1423.0,1.9
2807901089,2020,45.7,22.6,46.0,1450.0,2.0
2807901089,2021,46.6,23.4,48.4,1392.0,1.9
2807901089,2022,46.6,23.4,46.8,1416.0,1.9
2807901090,2015,43.4,17.6,49.2,700.0,1.9
2807901090,2016,42.9,17.2,47.1,725.0,1.9
2807901090,2017,42.1,16.8,47.1,736.0,1.9
2807901090,2018,41.9,15.5,47.0,788.0,2.0
2807901090,2019,42.0,14.9,47.0,804.0,2.0
2807901090,2020,42.5,15.7,46.6,785.0,1.9
2807901090,2021,43.0,16.5,48.2,794.0,1.9
2807901090,2022,43.7,17.4,46.0,782.0,2.0
2807901091,2015,43.1,15.9,48.0,1059.0,2.0
2807901091,2016,43.1,16.1,47.6,1052.0,2.0
2807901091,2017,42.6,15.2,45.2,1103.0,2.1
2807901091,2018,41.9,14.3,45.9,1174.0,2.1
2807901091,2019,42.3,14.0,48.0,1150.0,2.0
2807901091,2020,43.2,15.2,48.9,1075.0,1.9
2807901091,2021,43.2,15.6,50.3,1041.0,1.9
2807901091,2022,43.7,16.1,51.1,1035.0,1.9
2807901092,2015,43.8,16.9,50.5,711.0,1.9
2807901092,2016,43.5,17.1,49.2,703.0,1.9
2807901092,2017,44.2,17.5,50.7,713.0,1.9
2807901092,2018,43.7,16.9,48.2,762.0,1.9
2807901092,2019,43.6,16.5,47.2,786.0,1.9
2807901092,2020,43.8,17.1,47.9,778.0,1.9
2807901092,2021,43.6,16.9,49.2,780.0,1.9
2807901092,2022,44.2,17.6,53.5,738.0,1.8
2807901093,2015,43.1,15.7,50.5,1386.0,1.9
2807901093,2016,43.2,15.9,49.7,1369.0,1.9
2807901093,2017,43.0,15.5,50.2,1361.0,1.9
2807901093,2018,42.6,15.2,49.2,1448.0,1.9
2807901093,2019,42.8,15.1,48.9,1508.0,1.9
2807901093,2020,42.6,15.2,50.6,1516.0,1.9
2807901093,2021,42.5,14.8,51.9,1503.0,1.9
2807901093,2022,42.6,14.7,52.6,1520.0,1.9
2807901094,2015,43.0,15.5,47.0,1338.0,1.9
2807901094,2016,43.5,15.8,47.6,1301.0,1.9
2807901094,2017,42.8,15.3,49.7,1323.0,1.9
2807901094,2018,42.5,15.2,47.2,1365.0,1.9
2807901094,2019,42.7,14.3,47.5,1447.0,1.9
2807901094,2020,42.9,14.7,49.4,1439.0,1.9
2807901094,2021,42.7,14.7,50.1,1481.0,1.8
2807901094,2022,42.6,14.6,50.6,1496.0,1.9
2807901095,2015,41.4,12.7,48.6,1407.0,1.9
2807901095,2016,42.0,13.6,49.7,1373.0,1.9
2807901095,2017,42.1,13.1,50.3,1411.0,1.9
2807901095,2018,42.6,13.5,50.4,1382.0,1.9
2807901095,2019,42.0,12.8,50.3,1475.0,1.9
2807901095,2020,42.5,12.8,50.1,1457.0,1.9
2807901095,2021,42.5,12.0,49.8,1442.0,1.9
2807901095,2022,42.6,12.0,50.7,1464.0,1.9
2807901096,2015,43.7,15.4,49.2,1019.0,2.0
2807901096,2016,42.9,15.0,48.5,1043.0,2.0
2807901096,2017,43.2,15.3,48.5,1043.0,2.0
2807901096,2018,43.1,15.0,47.3,1061.0,2.0
2807901096,2019,43.1,14.8,47.2,1092.0,2.0
2807901096,2020,42.9,14.4,48.4,1112.0,2.0
2807901096,2021,43.5,14.9,47.2,1068.0,2.0
2807901096,2022,43.2,14.0,48.6,1088.0,2.0
2807901097,2015,43.6,16.4,48.8,1387.0,1.9
2807901097,2016,44.4,17.2,49.0,1325.0,1.9
2807901097,2017,43.6,16.3,47.8,1369.0,1.9
2807901097,2018,43.8,16.9,48.1,1396.0,1.9
2807901097,2019,43.6,16.4,48.5,1455.0,1.9
2807901097,2020,43.4,16.4,50.1,1457.0,1.9
2807901097,2021,43.8,17.4,50.5,1452.0,1.9
2807901097,2022,43.8,17.0,51.7,1420.0,1.8
2807901098,2015,42.4,12.5,50.0,1171.0,1.9
2807901098,2016,42.9,12.7,49.7,1156.0,1.9
2807901098,2017,43.0,12.6,50.5,1148.0,1.9
2807901098,2018,43.5,13.1,50.5,1163.0,1.9
2807901098,2019,43.6,13.0,50.5,1177.0,1.9
2807901098,2020,44.1,12.8,50.3,1151.0,1.8
2807901098,2021,44.1,12.9,51.9,1133.0,1.8
2807901098,2022,43.9,13.3,52.2,1134.0,1.8
2807901099,2015,42.9,14.0,49.8,1134.0,1.9
2807901099,2016,42.6,13.9,49.2,1135.0,1.9
2807901099,2017,42.1,13.9,50.7,1157.0,1.8
2807901099,2018,41.9,13.4,49.9,1210.0,1.9
2807901099,2019,41.4,12.0,49.2,1300.0,1.9
2807901099,2020,41.8,12.7,47.9,1285.0,1.9
2807901099,2021,41.9,13.1,48.6,1271.0,1.9
2807901099,2022,41.9,13.7,51.4,1269.0,1.9
2807901100,2015,42.9,14.3,50.5,1122.0,1.9
2807901100,2016,43.2,14.7,49.7,1085.0,1.8
2807901100,2017,43.1,14.6,50.7,1091.0,1.8
2807901100,2018,42.8,14.2,50.7,1145.0,1.8
2807901100,2019,42.3,13.7,50.5,1213.0,1.8
2807901100,2020,42.9,14.6,53.7,1183.0,1.8
2807901100,2021,42.7,14.8,52.5,1177.0,1.8
2807901100,2022,43.3,15.4,54.2,1165.0,1.8
2807901101,2015,42.4,15.2,50.5,1197.0,1.9
2807901101,2016,42.5,14.3,49.7,1162.0,1.9
2807901101,2017,42.7,14.3,50.7,1177.0,1.9
2807901101,2018,43.0,14.4,49.6,1191.0,1.9
2807901101,2019,42.2,13.6,48.9,1230.0,1.9
2807901101,2020,42.2,13.4,47.9,1215.0,1.9
2807901101,2021,42.5,13.2,49.7,1209.0,1.9
2807901101,2022,42.4,13.0,49.1,1245.0,1.9
2807901102,2015,42.5,15.1,50.5,1145.0,1.9
2807901102,2016,43.2,15.8,49.7,1071.0,1.9
2807901102,2017,42.9,15.7,50.7,1104.0,1.9
2807901102,2018,43.0,15.0,50.7,1131.0,1.9
2807901102,2019,43.0,14.6,50.5,1130.0,1.9
2807901102,2020,42.7,14.6,49.0,1118.0,1.9
2807901102,2021,42.9,14.7,48.9,1114.0,1.9
2807901102,2022,42.5,14.0,49.8,1161.0,1.9
2807901103,2015,47.1,24.8,48.4,1203.0,1.9
2807901103,2016,47.5,25.0,46.6,1232.0,2.0
2807901103,2017,47.4,25.0,46.4,1230.0,2.0
2807901103,2018,46.8,23.0,45.6,1298.0,2.0
2807901103,2019,46.4,22.5,46.4,1370.0,2.0
2807901103,2020,45.8,21.7,45.9,1368.0,2.0
2807901103,2021,45.8,21.9,48.5,1334.0,2.0
2807901103,2022,45.9,21.7,51.3,1331.0,1.9
2807901104,2015,43.3,16.6,50.5,1132.0,1.8
2807901104,2016,43.5,16.3,49.7,1124.0,1.8
2807901104,2017,43.2,15.3,49.8,1133.0,1.8
2807901104,2018,42.8,14.7,49.5,1157.0,1.9
2807901104,2019,42.0,13.6,50.2,1254.0,1.9
2807901104,2020,42.0,13.1,51.1,1235.0,1.9
2807901104,2021,42.0,13.3,51.4,1223.0,1.8
2807901104,2022,41.7,12.8,50.5,1247.0,1.9
2807901105,2015,45.0,18.0,50.5,1133.0,1.8
2807901105,2016,44.6,17.7,49.7,1131.0,1.8
2807901105,2017,44.1,17.2,50.7,1133.0,1.7
2807901105,2018,43.4,15.4,50.7,1207.0,1.7
2807901105,2019,43.7,15.3,50.5,1280.0,1.7
2807901105,2020,43.4,14.7,53.0,1292.0,1.8
2807901105,2021,43.1,14.2,55.6,1260.0,1.7
2807901105,2022,43.3,15.2,55.4,1263.0,1.7
2807901106,2015,47.4,26.1,42.0,1066.0,2.1
2807901106,2016,47.0,25.5,44.5,1064.0,2.1
2807901106,2017,46.7,25.2,44.7,1088.0,2.0
2807901106,2018,46.4,24.2,44.5,1132.0,2.1
2807901106,2019,45.9,22.5,40.3,1194.0,2.1
2807901106,2020,46.2,23.3,42.6,1148.0,2.1
2807901106,2021,46.6,24.5,44.1,1141.0,2.1
2807901106,2022,46.2,24.9,44.5,1154.0,2.1
2807901107,2015,46.9,25.6,43.5,1070.0,2.1
2807901107,2016,46.6,25.8,42.6,1079.0,2.1
2807901107,2017,46.5,25.3,46.5,1097.0,2.1
2807901107,2018,47.8,26.8,45.3,1096.0,2.0
2807901107,2019,47.7,26.1,44.1,1125.0,2.0
2807901107,2020,47.5,25.9,45.4,1129.0,2.0
2807901107,2021,47.1,24.9,44.1,1160.0,2.1
2807901107,2022,46.6,24.8,44.1,1180.0,2.1
2807901108,2015,43.3,17.2,45.1,1289.0,2.1
2807901108,2016,43.5,17.1,44.0,1256.0,2.1
2807901108,2017,43.6,17.3,44.2,1281.0,2.0
2807901108,2018,43.5,16.8,44.7,1334.0,2.1
2807901108,2019,42.7,15.9,41.7,1412.0,2.1
2807901108,2020,43.0,16.6,41.6,1421.0,2.1
2807901108,2021,44.1,17.1,43.5,1374.0,2.0
2807901108,2022,44.1,17.6,45.9,1370.0,2.0
2807901109,2015,44.1,17.8,45.3,876.0,2.1
2807901109,2016,44.2,18.1,44.7,871.0,2.0
2807901109,2017,44.2,17.9,42.7,889.0,2.0
2807901109,2018,44.8,18.8,43.7,906.0,2.0
2807901109,2019,43.9,18.0,43.6,949.0,2.0
2807901109,2020,44.2,18.1,48.4,902.0,1.9
2807901109,2021,44.4,18.2,48.4,912.0,1.9
2807901109,2022,44.0,17.3,45.9,945.0,2.0
2807901110,2015,43.2,16.6,46.5,885.0,2.1
2807901110,2016,43.7,17.2,48.4,849.0,2.0
2807901110,2017,44.0,17.5,48.7,836.0,2.0
2807901110,2018,43.6,16.6,46.7,839.0,2.0
2807901110,2019,43.2,15.4,48.7,904.0,2.0
2807901110,2020,43.7,16.0,45.3,882.0,2.0
2807901110,2021,44.4,17.2,45.3,844.0,2.0
2807901110,2022,44.1,16.5,48.5,838.0,2.0
2807901111,2015,43.4,17.4,50.0,920.0,1.9
2807901111,2016,43.5,18.1,49.5,901.0,1.9
2807901111,2017,43.6,18.0,49.9,910.0,1.9
2807901111,2018,43.4,17.7,50.3,932.0,1.9
2807901111,2019,43.9,17.2,47.5,953.0,1.9
2807901111,2020,44.2,17.9,52.6,916.0,1.8
2807901111,2021,44.2,18.3,54.1,884.0,1.8
2807901111,2022,43.1,16.5,54.2,922.0,1.8
2807901112,2015,43.4,15.6,50.5,1016.0,1.9
2807901112,2016,42.9,15.1,48.8,1013.0,2.0
2807901112,2017,42.9,15.3,49.7,1009.0,1.9
2807901112,2018,43.4,15.6,48.4,994.0,1.9
2807901112,2019,42.4,14.6,47.3,1120.0,2.0
2807901112,2020,42.7,15.0,45.9,1129.0,2.0
2807901112,2021,43.2,15.1,48.9,1118.0,1.9
2807901112,2022,43.2,15.3,49.4,1136.0,1.9
2807901113,2015,42.4,15.1,44.6,1100.0,2.2
2807901113,2016,42.7,15.2,43.1,1077.0,2.2
2807901113,2017,42.6,14.3,46.0,1085.0,2.1
2807901113,2018,42.4,13.9,48.4,1137.0,2.1
2807901113,2019,41.1,12.9,46.0,1234.0,2.2
2807901113,2020,42.1,14.0,42.8,1177.0,2.2
2807901113,2021,41.8,13.4,44.6,1181.0,2.1
2807901113,2022,42.7,14.0,48.2,1131.0,2.0
2807901114,2015,42.9,14.7,49.6,1463.0,2.0
2807901114,2016,43.2,15.1,47.4,1466.0,2.0
2807901114,2017,43.2,14.7,48.6,1488.0,2.0
2807901114,2018,42.8,14.4,48.6,1532.0,2.0
2807901114,2019,42.5,13.5,47.4,1634.0,2.0
2807901114,2020,42.3,13.3,46.5,1651.0,2.0
2807901114,2021,42.1,13.1,48.6,1629.0,2.0
2807901114,2022,42.3,13.2,48.8,1635.0,2.0
2807901115,2015,42.5,14.2,49.2,972.0,2.0
2807901115,2016,42.3,13.1,48.0,963.0,2.0
2807901115,2017,42.3,13.1,48.1,979.0,2.0
2807901115,2018,42.2,13.7,45.9,999.0,2.0
2807901115,2019,42.3,13.7,46.4,1061.0,2.0
2807901115,2020,42.5,13.9,47.5,1080.0,2.0
2807901115,2021,42.9,15.0,46.1,1045.0,2.0
2807901115,2022,43.3,15.8,46.2,1032.0,2.0
2807901116,2015,42.4,13.2,50.5,1248.0,1.9
2807901116,2016,43.1,13.6,49.7,1223.0,1.9
2807901116,2017,42.7,12.5,50.7,1248.0,1.9
2807901116,2018,42.5,12.7,50.7,1302.0,1.9
2807901116,2019,42.4,12.1,49.4,1416.0,1.9
2807901116,2020,42.0,12.4,50.0,1442.0,1.9
2807901116,2021,42.1,12.6,51.4,1426.0,1.9
2807901116,2022,42.2,13.1,54.3,1396.0,1.9
2807901117,2015,43.8,18.0,48.8,1613.0,2.0
2807901117,2016,44.3,18.5,49.3,1533.0,1.9
2807901117,2017,43.9,17.4,48.6,1590.0,2.0
2807901117,2018,44.4,18.1,47.6,1583.0,2.0
2807901117,2019,44.7,17.7,47.9,1632.0,2.0
2807901117,2020,44.0,16.7,46.0,1662.0,2.1
2807901117,2021,44.3,16.4,46.1,1686.0,2.0
2807901117,2022,44.1,15.7,44.2,1686.0,2.0
2807901118,2015,44.2,17.5,47.2,812.0,2.0
2807901118,2016,45.0,17.5,49.7,784.0,1.9
2807901118,2017,45.2,18.7,50.7,764.0,1.8
2807901118,2018,45.4,18.8,50.7,782.0,1.9
2807901118,2019,45.1,18.8,48.6,818.0,1.9
2807901118,2020,44.9,18.4,48.4,828.0,1.9
2807901118,2021,44.0,17.1,46.9,865.0,2.0
2807901118,2022,43.2,15.8,47.5,872.0,1.9
2807901119,2015,42.5,12.3,50.5,1081.0,1.9
2807901119,2016,43.0,12.9,49.7,1035.0,1.9
2807901119,2017,42.9,13.2,50.7,990.0,1.8
2807901119,2018,42.1,13.7,50.7,994.0,1.9
2807901119,2019,42.5,13.7,50.5,983.0,1.9
2807901119,2020,41.7,13.1,52.2,1060.0,2.0
2807901119,2021,41.5,12.7,52.0,1091.0,2.0
2807901119,2022,41.3,12.4,51.5,1070.0,1.9
2807901120,2015,42.4,14.5,50.5,768.0,1.9
2807901120,2016,43.5,15.2,47.6,764.0,1.9
2807901120,2017,43.6,15.8,50.7,754.0,1.9
2807901120,2018,43.6,16.4,50.7,779.0,1.9
2807901120,2019,43.7,17.1,48.1,814.0,1.9
2807901120,2020,43.8,17.3,50.5,803.0,1.9
2807901120,2021,43.3,16.7,50.5,832.0,1.9
2807901120,2022,42.9,16.6,50.8,843.0,1.9
2807901121,2015,44.7,18.4,48.7,1563.0,1.9
2807901121,2016,45.3,19.3,48.8,1542.0,1.9
2807901121,2017,45.6,19.4,50.7,1498.0,1.9
2807901121,2018,45.1,18.2,49.5,1588.0,1.9
2807901121,2019,44.8,17.5,48.8,1662.0,2.0
2807901121,2020,44.3,16.9,47.9,1701.0,2.0
2807901121,2021,43.6,16.6,46.5,1758.0,2.0
2807901121,2022,43.3,16.2,45.7,1807.0,2.0
2807901123,2015,43.5,16.3,46.4,730.0,1.9
2807901123,2016,44.3,17.1,46.5,691.0,1.9
2807901123,2017,44.3,17.0,47.3,712.0,2.0
2807901123,2018,44.2,16.8,46.5,727.0,2.0
2807901123,2019,43.7,17.0,45.1,769.0,2.0
2807901123,2020,43.2,17.3,45.1,786.0,2.0
2807901123,2021,43.9,17.8,42.6,766.0,2.1
2807901123,2022,44.9,19.2,48.9,772.0,1.9
2807901124,2015,44.5,18.5,45.3,703.0,2.0
2807901124,2016,45.6,19.3,49.1,672.0,2.0
2807901124,2017,45.2,19.0,50.0,684.0,2.0
2807901124,2018,44.7,17.9,47.4,705.0,2.0
2807901124,2019,44.9,17.2,46.8,729.0,2.1
2807901124,2020,43.8,17.2,42.7,768.0,2.2
2807901124,2021,43.2,17.1,43.5,770.0,2.1
2807901124,2022,43.7,18.5,44.2,764.0,2.1
2807902001,2015,43.8,17.1,49.0,1108.0,2.0
2807902001,2016,44.3,17.4,48.5,1081.0,1.9
2807902001,2017,44.4,18.0,46.9,1107.0,1.9
2807902001,2018,44.7,18.8,48.6,1084.0,1.9
2807902001,2019,44.7,18.4,48.8,1099.0,1.9
2807902001,2020,45.2,18.1,48.2,1099.0,1.9
2807902001,2021,44.6,17.5,47.3,1127.0,1.9
2807902001,2022,44.6,17.3,45.6,1157.0,1.9
2807902002,2015,46.3,22.3,45.7,1441.0,2.0
2807902002,2016,46.5,22.8,46.6,1458.0,2.0
2807902002,2017,46.8,23.1,45.8,1466.0,2.0
2807902002,2018,46.5,23.4,45.3,1472.0,2.0
2807902002,2019,46.9,23.7,45.6,1473.0,2.0
2807902002,2020,47.6,25.2,44.6,1433.0,2.0
2807902002,2021,48.1,26.1,44.0,1439.0,2.0
2807902002,2022,48.4,26.4,47.2,1436.0,2.0
2807902003,2015,48.3,27.5,24.8,1187.0,2.5
2807902003,2016,48.3,27.0,26.8,1175.0,2.5
2807902003,2017,48.7,27.5,27.3,1189.0,2.4
2807902003,2018,49.2,28.7,28.7,1157.0,2.4
2807902003,2019,49.6,28.8,28.7,1146.0,2.4
2807902003,2020,49.5,28.7,29.6,1156.0,2.4
2807902003,2021,49.5,29.7,29.6,1145.0,2.4
2807902003,2022,49.7,30.2,31.2,1141.0,2.4
2807902004,2015,47.1,25.2,24.5,1015.0,2.6
2807902004,2016,47.2,24.9,24.9,1002.0,2.6
2807902004,2017,46.5,24.7,26.2,1022.0,2.6
2807902004,2018,46.2,24.1,26.1,1037.0,2.6
2807902004,2019,46.2,23.5,28.2,1008.0,2.6
2807902004,2020,46.5,23.1,29.5,985.0,2.6
2807902004,2021,46.2,22.9,29.9,969.0,2.5
2807902004,2022,45.6,22.6,28.4,989.0,2.5
2807902005,2015,47.7,25.9,33.1,771.0,2.3
2807902005,2016,48.6,27.2,35.2,769.0,2.2
2807902005,2017,48.5,27.5,34.6,783.0,2.2
2807902005,2018,48.3,27.2,33.0,801.0,2.3
2807902005,2019,48.4,26.5,34.2,777.0,2.3
2807902005,2020,48.6,26.5,34.3,785.0,2.3
2807902005,2021,48.0,24.6,34.4,788.0,2.3
2807902005,2022,48.4,25.6,33.6,797.0,2.3
2807902006,2015,44.8,17.6,26.4,2195.0,2.5
2807902006,2016,45.4,18.8,26.6,2168.0,2.5
2807902006,2017,45.9,19.1,28.7,2174.0,2.4
2807902006,2018,46.1,20.3,28.1,2172.0,2.4
2807902006,2019,46.4,21.1,28.2,2191.0,2.4
2807902006,2020,46.7,22.1,28.1,2143.0,2.4
2807902006,2021,47.3,23.6,28.0,2118.0,2.4
2807902006,2022,47.6,25.1,30.2,2104.0,2.3
2807902007,2015,49.3,31.9,21.4,728.0,2.7
2807902007,2016,48.5,30.5,21.6,732.0,2.7
2807902007,2017,47.7,28.3,20.2,748.0,2.7
2807902007,2018,47.4,27.6,19.8,761.0,2.7
2807902007,2019,47.3,27.6,19.9,757.0,2.7
2807902007,2020,48.0,27.5,23.3,738.0,2.7
2807902007,2021,47.4,26.3,21.9,750.0,2.7
2807902007,2022,46.6,24.7,23.2,748.0,2.7
2807902008,2015,44.7,20.9,38.4,1670.0,2.2
2807902008,2016,45.1,21.2,38.1,1663.0,2.2
2807902008,2017,45.4,21.4,39.0,1660.0,2.2
2807902008,2018,45.6,21.9,38.2,1655.0,2.2
2807902008,2019,45.4,21.9,37.0,1734.0,2.2
2807902008,2020,46.3,23.4,39.4,1656.0,2.2
2807902008,2021,46.9,24.4,38.3,1621.0,2.1
2807902008,2022,46.6,24.2,39.2,1616.0,2.1
2807902009,2015,40.7,11.1,35.0,1990.0,2.4
2807902009,2016,41.0,11.1,33.3,1954.0,2.4
2807902009,2017,41.8,12.3,32.8,1951.0,2.4
2807902009,2018,42.6,13.1,33.0,1983.0,2.4
2807902009,2019,43.1,14.5,31.8,1974.0,2.4
2807902009,2020,43.8,15.2,33.3,1932.0,2.4
2807902009,2021,44.5,16.4,33.3,1889.0,2.3
2807902009,2022,45.5,17.8,36.1,1870.0,2.2
2807902010,2015,48.5,27.9,31.3,1034.0,2.4
2807902010,2016,47.8,26.5,31.4,1050.0,2.4
2807902010,2017,47.4,25.7,31.3,1045.0,2.4
2807902010,2018,47.1,25.1,29.4,1054.0,2.4
2807902010,2019,47.1,24.8,32.1,1043.0,2.4
2807902010,2020,46.6,24.5,30.4,1037.0,2.4
2807902010,2021,45.9,22.7,28.7,1060.0,2.4
2807902010,2022,46.0,23.0,29.2,1066.0,2.4
2807902011,2015,41.8,16.8,23.2,1205.0,2.7
2807902011,2016,42.1,17.5,23.2,1206.0,2.6
2807902011,2017,42.8,18.3,24.4,1204.0,2.6
2807902011,2018,43.5,19.4,25.9,1208.0,2.6
2807902011,2019,43.7,19.8,24.2,1190.0,2.6
2807902011,2020,43.9,20.0,23.2,1183.0,2.6
2807902011,2021,44.8,21.5,23.1,1178.0,2.6
2807902011,2022,44.6,21.9,24.4,1178.0,2.5
2807902013,2015,48.9,30.0,35.1,1172.0,2.2
2807902013,2016,48.9,30.4,34.6,1182.0,2.3
2807902013,2017,49.6,31.5,36.3,1166.0,2.2
2807902013,2018,49.8,31.7,35.9,1172.0,2.2
2807902013,2019,50.0,32.5,35.1,1195.0,2.2
2807902013,2020,50.4,33.3,36.7,1164.0,2.2
2807902013,2021,50.7,33.5,40.9,1127.0,2.1
2807902013,2022,50.2,32.9,39.1,1150.0,2.1
2807902014,2015,44.6,20.1,41.4,1087.0,2.2
2807902014,2016,45.0,20.8,40.4,1113.0,2.2
2807902014,2017,44.7,20.7,39.9,1132.0,2.2
2807902014,2018,44.6,20.3,39.6,1135.0,2.2
2807902014,2019,44.7,20.6,37.3,1164.0,2.2
2807902014,2020,44.6,20.8,39.5,1168.0,2.2
2807902014,2021,45.2,22.3,39.0,1125.0,2.2
2807902014,2022,45.0,22.0,40.0,1139.0,2.1
2807902015,2015,41.8,17.4,33.0,1606.0,2.5
2807902015,2016,42.1,17.7,31.7,1563.0,2.5
2807902015,2017,42.1,17.3,31.1,1597.0,2.5
2807902015,2018,42.4,17.4,30.8,1600.0,2.5
2807902015,2019,42.7,17.6,30.4,1607.0,2.5
2807902015,2020,43.1,18.2,32.2,1624.0,2.5
2807902015,2021,43.7,18.7,31.7,1609.0,2.5
2807902015,2022,43.7,18.3,33.7,1588.0,2.4
2807902016,2015,46.1,25.4,27.1,1813.0,2.5
2807902016,2016,46.8,26.1,27.4,1765.0,2.5
2807902016,2017,47.6,27.4,29.2,1762.0,2.4
2807902016,2018,47.4,27.0,28.8,1791.0,2.4
2807902016,2019,47.6,27.0,26.7,1806.0,2.5
2807902016,2020,47.8,27.6,27.4,1770.0,2.4
2807902016,2021,47.9,27.9,28.5,1780.0,2.4
2807902016,2022,46.8,26.5,28.6,1917.0,2.4
2807902017,2015,44.7,17.1,23.5,1816.0,2.6
2807902017,2016,45.3,19.2,23.3,1817.0,2.6
2807902017,2017,45.5,20.4,23.3,1830.0,2.6
2807902017,2018,46.4,22.4,23.4,1789.0,2.6
2807902017,2019,46.5,23.5,23.1,1799.0,2.6
2807902017,2020,47.5,25.8,23.7,1755.0,2.6
2807902017,2021,47.7,28.4,22.3,1748.0,2.6
2807902017,2022,48.1,29.1,22.9,1761.0,2.5
2807902018,2015,43.2,18.9,29.1,1979.0,2.5
2807902018,2016,43.8,20.3,29.2,1982.0,2.5
2807902018,2017,43.8,20.5,27.7,2006.0,2.5
2807902018,2018,44.5,21.7,28.9,2008.0,2.5
2807902018,2019,45.2,22.8,30.5,2012.0,2.5
2807902018,2020,46.2,24.2,29.9,2009.0,2.5
2807902018,2021,46.3,23.9,30.8,1989.0,2.4
2807902018,2022,46.7,24.8,32.9,1963.0,2.4
2807902019,2015,43.1,15.6,29.1,1553.0,2.5
2807902019,2016,43.6,16.2,30.7,1546.0,2.5
2807902019,2017,44.1,16.7,31.2,1547.0,2.5
2807902019,2018,44.7,18.0,30.0,1554.0,2.4
2807902019,2019,45.3,19.2,31.7,1551.0,2.4
2807902019,2020,46.4,20.5,31.6,1496.0,2.4
2807902019,2021,47.5,22.4,33.3,1441.0,2.3
2807902019,2022,47.8,23.2,34.8,1464.0,2.3
2807902020,2015,45.4,19.7,34.0,1085.0,2.3
2807902020,2016,45.3,20.4,35.5,1093.0,2.3
2807902020,2017,45.5,20.8,33.4,1118.0,2.3
2807902020,2018,46.2,21.4,34.3,1116.0,2.3
2807902020,2019,46.4,21.7,33.4,1127.0,2.3
2807902020,2020,46.1,21.3,32.9,1108.0,2.3
2807902020,2021,46.2,21.3,32.9,1112.0,2.3
2807902020,2022,46.9,23.1,34.5,1099.0,2.2
2807902021,2015,45.4,22.5,35.3,1115.0,2.2
2807902021,2016,45.7,23.0,36.4,1100.0,2.2
2807902021,2017,45.9,23.1,37.4,1092.0,2.2
2807902021,2018,46.3,23.1,37.9,1072.0,2.1
2807902021,2019,46.2,22.7,40.4,1066.0,2.1
2807902021,2020,45.8,21.3,41.2,1042.0,2.1
2807902021,2021,45.4,21.7,41.6,1052.0,2.1
2807902021,2022,45.6,21.9,41.8,1063.0,2.0
2807902022,2015,44.3,19.0,49.1,975.0,2.0
2807902022,2016,44.6,19.4,46.6,1007.0,2.1
2807902022,2017,44.3,18.6,47.6,1015.0,2.1
2807902022,2018,43.9,18.1,44.3,1026.0,2.1
2807902022,2019,44.3,18.6,44.5,1020.0,2.0
2807902022,2020,44.1,18.3,43.3,1023.0,2.0
2807902022,2021,44.0,18.2,44.4,1035.0,2.0
2807902022,2022,43.9,18.4,44.7,1037.0,2.0
2807902023,2015,46.6,21.8,39.4,1195.0,2.2
2807902023,2016,47.0,22.1,40.8,1164.0,2.1
2807902023,2017,45.7,20.1,41.7,1206.0,2.2
2807902023,2018,45.6,20.5,45.0,1201.0,2.1
2807902023,2019,45.5,20.8,42.4,1202.0,2.1
2807902023,2020,46.6,22.8,42.0,1151.0,2.1
2807902023,2021,47.0,23.2,42.0,1149.0,2.1
2807902023,2022,46.3,23.0,41.5,1181.0,2.1
2807902024,2015,47.4,24.7,44.0,1640.0,2.1
2807902024,2016,46.7,23.8,43.7,1663.0,2.1
2807902024,2017,46.8,23.8,42.5,1687.0,2.1
2807902024,2018,46.5,23.1,41.0,1714.0,2.1
2807902024,2019,47.2,23.9,43.0,1672.0,2.1
2807902024,2020,47.2,23.8,42.5,1661.0,2.1
2807902024,2021,47.5,23.5,42.5,1644.0,2.1
2807902024,2022,47.6,23.6,43.0,1629.0,2.0
2807902025,2015,44.0,18.2,33.2,787.0,2.4
2807902025,2016,43.4,17.2,34.6,789.0,2.4
2807902025,2017,43.2,17.1,35.3,805.0,2.4
2807902025,2018,43.6,18.4,32.9,821.0,2.5
2807902025,2019,43.7,18.7,33.1,807.0,2.4
2807902025,2020,43.9,21.0,35.3,781.0,2.4
2807902025,2021,44.5,22.8,36.1,776.0,2.3
2807902025,2022,44.1,22.7,37.3,807.0,2.3
2807902026,2015,47.2,25.2,39.5,1309.0,2.1
2807902026,2016,47.6,26.3,37.1,1305.0,2.1
2807902026,2017,48.5,27.7,38.7,1255.0,2.1
2807902026,2018,48.6,27.8,43.3,1247.0,2.0
2807902026,2019,48.7,27.3,42.6,1263.0,2.0
2807902026,2020,48.1,26.9,42.3,1280.0,2.0
2807902026,2021,48.2,27.5,43.4,1280.0,2.0
2807902026,2022,48.0,27.4,43.3,1305.0,2.0
2807902027,2015,48.8,25.9,33.6,942.0,2.2
2807902027,2016,49.2,28.2,31.1,957.0,2.2
2807902027,2017,49.2,29.3,31.2,941.0,2.2
2807902027,2018,48.9,29.1,31.1,954.0,2.3
2807902027,2019,48.9,29.7,29.3,983.0,2.3
2807902027,2020,49.6,31.4,29.6,961.0,2.3
2807902027,2021,49.7,32.3,29.8,962.0,2.3
2807902027,2022,49.5,32.8,29.4,967.0,2.3
2807902028,2015,44.7,19.9,50.5,835.0,1.8
2807902028,2016,44.0,18.4,49.7,842.0,1.9
2807902028,2017,43.4,17.2,49.8,858.0,1.9
2807902028,2018,43.4,16.7,49.7,877.0,1.9
2807902028,2019,42.7,15.4,49.7,910.0,1.9
2807902028,2020,43.4,15.4,50.6,888.0,1.9
2807902028,2021,44.5,16.3,51.3,883.0,1.8
2807902028,2022,44.0,16.1,51.1,913.0,1.9
2807902029,2015,42.8,18.2,43.6,720.0,2.1
2807902029,2016,43.0,18.5,42.3,718.0,2.1
2807902029,2017,42.9,18.3,41.6,734.0,2.0
2807902029,2018,42.8,17.0,42.1,747.0,2.1
2807902029,2019,41.9,15.6,39.6,769.0,2.1
2807902029,2020,42.3,15.1,41.0,749.0,2.1
2807902029,2021,43.1,15.0,38.6,738.0,2.1
2807902029,2022,42.2,14.1,40.3,736.0,2.1
2807902030,2015,49.0,27.3,32.1,1318.0,2.3
2807902030,2016,48.7,27.3,32.4,1319.0,2.3
2807902030,2017,48.0,27.5,31.6,1355.0,2.3
2807902030,2018,47.5,26.5,30.6,1380.0,2.4
2807902030,2019,47.9,27.2,29.0,1368.0,2.4
2807902030,2020,48.4,27.7,31.2,1328.0,2.3
2807902030,2021,49.1,28.9,31.5,1271.0,2.2
2807902030,2022,49.0,29.7,34.3,1262.0,2.2
2807902031,2015,46.9,20.9,20.0,1137.0,2.6
2807902031,2016,47.4,23.1,21.9,1120.0,2.6
2807902031,2017,48.1,26.0,22.9,1107.0,2.5
2807902031,2018,48.6,29.3,23.2,1091.0,2.5
2807902031,2019,49.0,31.2,22.0,1111.0,2.5
2807902031,2020,49.3,33.4,23.6,1086.0,2.5
2807902031,2021,49.8,34.4,24.3,1095.0,2.4
2807902031,2022,50.3,35.6,27.8,1096.0,2.4
2807902032,2015,48.8,26.7,28.4,658.0,2.3
2807902032,2016,48.9,27.8,27.9,645.0,2.3
2807902032,2017,48.8,28.6,30.7,637.0,2.3
2807902032,2018,48.4,28.4,29.1,630.0,2.3
2807902032,2019,48.1,27.5,28.0,633.0,2.3
2807902032,2020,48.3,28.1,29.9,620.0,2.2
2807902032,2021,47.9,28.2,31.7,620.0,2.2
2807902032,2022,48.5,29.9,32.7,619.0,2.2
2807902033,2015,46.2,22.5,34.5,1226.0,2.3
2807902033,2016,45.9,22.9,33.7,1210.0,2.3
2807902033,2017,45.5,23.2,35.0,1203.0,2.3
2807902033,2018,44.7,23.1,34.1,1240.0,2.3
2807902033,2019,44.5,22.5,34.6,1274.0,2.3
2807902033,2020,44.6,23.5,36.1,1253.0,2.3
2807902033,2021,44.5,23.6,36.4,1249.0,2.3
2807902033,2022,44.7,24.1,36.2,1252.0,2.2
2807902034,2015,46.6,24.2,31.3,879.0,2.4
2807902034,2016,47.0,24.9,32.7,868.0,2.4
2807902034,2017,46.7,25.3,31.8,876.0,2.4
2807902034,2018,46.8,25.2,31.7,872.0,2.5
2807902034,2019,46.9,25.4,31.3,875.0,2.4
2807902034,2020,46.9,24.5,30.2,870.0,2.4
2807902034,2021,47.0,25.5,31.9,870.0,2.4
2807902034,2022,46.7,24.5,31.9,882.0,2.4
2807902035,2015,47.6,27.4,30.9,974.0,2.4
2807902035,2016,47.3,27.3,29.7,999.0,2.4
2807902035,2017,47.3,26.0,30.8,981.0,2.3
2807902035,2018,46.7,25.0,32.0,987.0,2.3
2807902035,2019,46.2,24.1,32.6,1001.0,2.4
2807902035,2020,46.7,24.5,34.1,982.0,2.3
2807902035,2021,46.1,23.8,36.7,974.0,2.3
2807902035,2022,46.1,24.5,36.5,977.0,2.3
2807902036,2015,47.8,26.5,30.8,950.0,2.3
2807902036,2016,48.5,27.0,31.0,949.0,2.3
2807902036,2017,48.3,26.8,30.0,947.0,2.3
2807902036,2018,48.5,26.9,31.7,940.0,2.3
2807902036,2019,48.8,27.2,33.3,912.0,2.2
2807902036,2020,49.2,27.8,32.9,896.0,2.2
2807902036,2021,48.6,27.5,33.1,920.0,2.2
2807902036,2022,48.2,27.2,31.6,936.0,2.2
2807902037,2015,49.3,30.8,33.8,1181.0,2.3
2807902037,2016,49.1,29.8,34.0,1202.0,2.3
2807902037,2017,48.8,29.1,32.8,1226.0,2.3
2807902037,2018,48.6,28.4,32.1,1235.0,2.3
2807902037,2019,49.0,28.2,32.4,1227.0,2.3
2807902037,2020,49.3,28.1,32.2,1223.0,2.3
2807902037,2021,49.8,28.5,32.8,1199.0,2.3
2807902037,2022,48.5,26.8,30.8,1240.0,2.3
2807902038,2015,52.0,35.4,33.5,1039.0,2.3
2807902038,2016,53.0,35.8,32.7,991.0,2.2
2807902038,2017,51.9,33.5,32.1,1020.0,2.3
2807902038,2018,51.7,32.1,31.8,1033.0,2.3
2807902038,2019,51.3,30.4,33.0,1042.0,2.3
2807902038,2020,51.1,30.6,31.1,1005.0,2.3
2807902038,2021,51.3,30.6,32.5,998.0,2.2
2807902038,2022,50.8,30.3,34.1,993.0,2.1
2807902039,2015,46.3,24.2,38.7,698.0,2.2
2807902039,2016,46.8,24.5,36.9,677.0,2.2
2807902039,2017,45.7,23.6,39.0,702.0,2.2
2807902039,2018,45.8,24.0,38.8,691.0,2.2
2807902039,2019,45.7,24.0,37.6,714.0,2.2
2807902039,2020,45.4,23.9,35.0,737.0,2.2
2807902039,2021,45.4,23.3,33.4,729.0,2.2
2807902039,2022,44.9,23.5,34.6,729.0,2.3
2807902040,2015,47.4,24.9,34.6,1698.0,2.3
2807902040,2016,47.8,26.6,33.8,1699.0,2.3
2807902040,2017,47.8,27.4,34.1,1715.0,2.2
2807902040,2018,47.8,27.5,33.9,1732.0,2.2
2807902040,2019,47.7,26.9,33.9,1747.0,2.2
2807902040,2020,47.6,26.7,33.7,1741.0,2.2
2807902040,2021,48.0,27.6,35.8,1708.0,2.2
2807902040,2022,47.8,27.1,35.5,1673.0,2.1
2807902041,2015,43.0,15.8,42.0,1962.0,2.2
2807902041,2016,43.4,16.3,41.4,1917.0,2.1
2807902041,2017,43.7,16.4,41.4,1920.0,2.1
2807902041,2018,43.4,16.7,41.3,1951.0,2.1
2807902041,2019,43.6,17.1,41.3,2014.0,2.2
2807902041,2020,44.0,17.5,41.5,1994.0,2.2
2807902041,2021,44.5,17.6,42.2,1945.0,2.1
2807902041,2022,44.6,17.7,43.0,1952.0,2.1
2807902042,2015,46.2,24.7,31.0,1797.0,2.4
2807902042,2016,46.0,24.6,31.5,1802.0,2.4
2807902042,2017,46.1,24.3,31.7,1800.0,2.4
2807902042,2018,46.3,24.7,31.7,1813.0,2.4
2807902042,2019,46.1,24.5,32.3,1854.0,2.4
2807902042,2020,46.3,24.9,34.0,1808.0,2.3
2807902042,2021,47.1,26.6,34.6,1736.0,2.3
2807902042,2022,47.1,26.4,35.1,1756.0,2.2
2807902043,2015,47.8,26.0,36.2,1015.0,2.3
2807902043,2016,47.7,25.6,35.2,1025.0,2.3
2807902043,2017,48.0,25.4,35.7,1011.0,2.3
2807902043,2018,48.0,25.0,35.6,1020.0,2.3
2807902043,2019,47.2,24.8,37.6,1026.0,2.3
2807902043,2020,48.1,26.0,36.1,974.0,2.2
2807902043,2021,47.9,25.5,37.0,976.0,2.2
2807902043,2022,47.4,26.0,35.3,986.0,2.3
2807902044,2015,45.3,21.4,31.5,1653.0,2.5
2807902044,2016,44.7,20.3,31.3,1706.0,2.6
2807902044,2017,44.6,19.8,30.4,1706.0,2.6
2807902044,2018,44.6,19.6,29.7,1737.0,2.6
2807902044,2019,44.5,19.5,29.4,1762.0,2.6
2807902044,2020,44.7,20.2,31.1,1711.0,2.5
2807902044,2021,44.7,19.9,30.0,1694.0,2.5
2807902044,2022,44.6,20.0,29.9,1706.0,2.5
2807902045,2015,43.9,19.3,31.9,1070.0,2.6
2807902045,2016,44.6,20.3,30.9,1042.0,2.6
2807902045,2017,44.3,20.0,33.4,1053.0,2.5
2807902045,2018,43.8,18.3,30.8,1107.0,2.6
2807902045,2019,43.0,18.2,29.5,1156.0,2.7
2807902045,2020,42.9,18.1,31.1,1122.0,2.6
2807902045,2021,43.6,18.9,32.9,1073.0,2.5
2807902045,2022,43.3,19.1,32.3,1085.0,2.5
2807902046,2015,42.9,18.1,38.8,1389.0,2.4
2807902046,2016,43.9,19.3,38.2,1329.0,2.2
2807902046,2017,43.8,18.1,40.3,1329.0,2.2
2807902046,2018,44.3,17.5,43.5,1263.0,2.1
2807902046,2019,43.3,16.7,43.3,1302.0,2.2
2807902046,2020,42.5,15.9,45.8,1320.0,2.2
2807902046,2021,43.1,16.6,45.3,1278.0,2.2
2807902046,2022,43.2,16.2,45.9,1276.0,2.2
2807902047,2015,41.7,16.3,38.1,1556.0,2.4
2807902047,2016,41.7,17.0,38.7,1503.0,2.4
2807902047,2017,42.4,17.2,40.9,1503.0,2.3
2807902047,2018,42.1,16.7,40.7,1550.0,2.4
2807902047,2019,42.1,16.0,37.8,1558.0,2.4
2807902047,2020,42.6,16.2,37.3,1503.0,2.4
2807902047,2021,43.1,16.5,38.7,1495.0,2.3
2807902047,2022,43.2,16.6,39.0,1525.0,2.3
2807902048,2015,44.2,19.7,36.3,1145.0,2.4
2807902048,2016,44.9,20.5,37.8,1124.0,2.4
2807902048,2017,44.3,20.5,37.0,1129.0,2.4
2807902048,2018,43.8,19.2,36.3,1149.0,2.4
2807902048,2019,43.6,18.7,36.6,1181.0,2.4
2807902048,2020,43.6,18.2,35.0,1152.0,2.4
2807902048,2021,43.7,18.2,36.6,1146.0,2.3
2807902048,2022,43.6,18.4,34.1,1207.0,2.4
2807902049,2015,40.0,13.3,19.0,1712.0,2.9
2807902049,2016,40.7,14.1,19.6,1715.0,2.8
2807902049,2017,41.3,15.4,20.1,1696.0,2.8
2807902049,2018,41.3,16.0,21.2,1729.0,2.8
2807902049,2019,41.6,16.2,19.4,1723.0,2.8
2807902049,2020,42.1,16.9,21.4,1689.0,2.8
2807902049,2021,42.4,17.2,20.6,1699.0,2.8
2807902049,2022,43.4,18.1,22.9,1676.0,2.7
2807902050,2015,44.5,18.5,37.1,1556.0,2.3
2807902050,2016,44.5,19.0,35.3,1574.0,2.3
2807902050,2017,44.1,19.5,35.9,1597.0,2.3
2807902050,2018,44.4,20.6,37.6,1562.0,2.3
2807902050,2019,44.3,20.1,36.4,1594.0,2.3
2807902050,2020,44.4,20.3,37.8,1549.0,2.3
2807902050,2021,43.8,20.4,38.6,1562.0,2.3
2807902050,2022,43.6,20.2,40.5,1547.0,2.2
2807902051,2015,45.5,22.3,27.9,1669.0,2.5
2807902051,2016,45.6,22.5,27.8,1669.0,2.5
2807902051,2017,46.0,23.7,28.2,1661.0,2.4
2807902051,2018,46.0,23.5,27.7,1696.0,2.4
2807902051,2019,46.6,24.3,28.8,1695.0,2.4
2807902051,2020,45.2,22.8,28.5,1834.0,2.4
2807902051,2021,44.8,22.1,27.6,1893.0,2.5
2807902051,2022,44.6,21.9,29.4,1911.0,2.5
2807902052,2015,37.1,7.5,24.4,1422.0,2.7
2807902052,2016,37.5,7.8,23.8,1424.0,2.7
2807902052,2017,38.1,8.4,23.3,1437.0,2.7
2807902052,2018,38.9,8.7,25.7,1442.0,2.6
2807902052,2019,39.3,8.9,25.6,1505.0,2.6
2807902052,2020,40.2,9.9,26.0,1469.0,2.6
2807902052,2021,40.0,10.2,24.3,1581.0,2.7
2807902052,2022,40.5,10.7,24.8,1664.0,2.6
2807902053,2015,47.9,26.9,31.3,1646.0,2.3
2807902053,2016,47.8,27.4,31.5,1648.0,2.4
2807902053,2017,47.3,27.0,30.2,1651.0,2.4
2807902053,2018,47.4,27.1,29.7,1679.0,2.4
2807902053,2019,47.1,26.6,30.3,1687.0,2.4
2807902053,2020,47.3,27.6,31.2,1632.0,2.3
2807902053,2021,47.8,28.1,32.5,1611.0,2.3
2807902053,2022,48.0,28.6,32.5,1637.0,2.2
2807902054,2015,43.9,18.3,37.2,1163.0,2.3
2807902054,2016,44.5,19.5,39.4,1109.0,2.3
2807902054,2017,43.7,19.0,39.1,1156.0,2.3
2807902054,2018,43.9,19.1,39.1,1150.0,2.3
2807902054,2019,44.3,19.5,36.5,1168.0,2.3
2807902054,2020,44.0,19.5,37.6,1208.0,2.3
2807902054,2021,44.3,19.9,39.3,1162.0,2.2
2807902054,2022,44.7,20.5,41.4,1144.0,2.2
2807902055,2015,48.4,28.8,31.0,1213.0,2.4
2807902055,2016,48.6,28.7,32.9,1190.0,2.3
2807902055,2017,48.2,27.3,33.4,1194.0,2.3
2807902055,2018,47.8,26.7,33.1,1223.0,2.4
2807902055,2019,47.2,26.0,33.5,1248.0,2.4
2807902055,2020,47.5,26.2,34.8,1200.0,2.3
2807902055,2021,47.3,26.0,36.1,1198.0,2.3
2807902055,2022,47.1,26.2,35.2,1203.0,2.3
2807902056,2015,46.7,24.0,38.1,1058.0,2.3
2807902056,2016,46.9,24.0,38.2,1045.0,2.3
2807902056,2017,46.8,23.3,37.4,1077.0,2.3
2807902056,2018,46.4,23.3,38.2,1099.0,2.3
2807902056,2019,46.4,24.3,38.0,1087.0,2.3
2807902056,2020,46.7,23.7,39.3,1060.0,2.2
2807902056,2021,46.6,23.7,41.4,1040.0,2.1
2807902056,2022,46.2,23.3,38.1,1080.0,2.2
2807902057,2015,44.8,21.8,35.6,1424.0,2.4
2807902057,2016,44.1,20.7,35.6,1476.0,2.4
2807902057,2017,44.4,20.2,35.1,1501.0,2.5
2807902057,2018,44.1,19.2,33.5,1519.0,2.5
2807902057,2019,44.1,19.6,32.4,1538.0,2.5
2807902057,2020,44.8,19.7,33.4,1505.0,2.5
2807902057,2021,45.4,20.8,35.0,1451.0,2.4
2807902057,2022,45.0,21.0,35.1,1490.0,2.4
2807902058,2015,45.1,20.5,41.2,1574.0,2.2
2807902058,2016,44.8,20.5,43.0,1558.0,2.2
2807902058,2017,44.8,20.7,41.8,1570.0,2.2
2807902058,2018,44.9,20.7,41.6,1558.0,2.2
2807902058,2019,44.4,20.0,41.5,1610.0,2.2
2807902058,2020,45.1,21.0,41.5,1599.0,2.2
2807902058,2021,45.3,21.6,41.2,1590.0,2.2
2807902058,2022,45.1,21.7,42.6,1582.0,2.1
2807902059,2015,46.9,24.4,37.2,704.0,2.3
2807902059,2016,47.8,25.7,35.4,704.0,2.3
2807902059,2017,48.3,26.5,34.8,686.0,2.3
2807902059,2018,48.4,26.8,35.4,682.0,2.2
2807902059,2019,47.4,25.8,35.3,732.0,2.3
2807902059,2020,47.4,26.3,36.1,707.0,2.2
2807902059,2021,48.3,28.0,36.0,689.0,2.1
2807902059,2022,47.5,26.7,31.9,712.0,2.3
2807902060,2015,48.1,27.4,38.2,1231.0,2.3
2807902060,2016,47.6,27.1,37.5,1263.0,2.3
2807902060,2017,47.3,26.1,36.4,1295.0,2.3
2807902060,2018,47.7,26.5,36.3,1247.0,2.3
2807902060,2019,47.2,26.2,37.2,1270.0,2.3
2807902060,2020,46.9,25.7,37.5,1298.0,2.2
2807902060,2021,46.9,25.4,38.2,1294.0,2.2
2807902060,2022,46.8,26.5,39.2,1293.0,2.2
2807902061,2015,42.8,15.9,47.3,810.0,2.0
2807902061,2016,42.4,16.0,46.7,812.0,2.1
2807902061,2017,43.0,16.0,46.3,802.0,2.0
2807902061,2018,43.5,15.9,44.4,851.0,2.0
2807902061,2019,43.8,15.6,43.9,864.0,2.1
2807902061,2020,43.4,15.2,44.3,880.0,2.0
2807902061,2021,43.7,15.8,46.8,838.0,2.0
2807902061,2022,43.6,15.1,47.1,854.0,2.0
2807902062,2015,43.4,17.8,40.0,1022.0,2.2
2807902062,2016,43.4,17.5,39.6,1023.0,2.3
2807902062,2017,43.5,17.4,41.1,1009.0,2.2
2807902062,2018,43.5,17.3,42.6,1041.0,2.3
2807902062,2019,43.4,17.6,41.4,1038.0,2.2
2807902062,2020,44.0,18.2,42.4,986.0,2.2
2807902062,2021,44.2,18.8,43.6,985.0,2.2
2807902062,2022,43.5,19.2,42.0,1039.0,2.2
2807902063,2015,45.2,20.8,44.7,1556.0,2.1
2807902063,2016,45.2,20.4,44.7,1546.0,2.0
2807902063,2017,45.0,19.9,45.8,1570.0,2.0
2807902063,2018,45.5,19.8,44.4,1563.0,2.0
2807902063,2019,45.5,19.5,45.6,1617.0,2.0
2807902063,2020,45.1,19.5,44.7,1611.0,2.0
2807902063,2021,45.3,19.6,43.7,1621.0,2.0
2807902063,2022,45.1,19.7,44.1,1668.0,2.0
2807902064,2015,47.4,26.3,38.9,1676.0,2.2
2807902064,2016,47.4,26.2,38.6,1683.0,2.2
2807902064,2017,47.0,25.2,37.7,1703.0,2.2
2807902064,2018,47.2,26.0,39.8,1695.0,2.2
2807902064,2019,46.3,24.7,37.5,1750.0,2.2
2807902064,2020,46.4,24.5,40.5,1680.0,2.2
2807902064,2021,47.0,25.0,40.3,1666.0,2.1
2807902064,2022,46.8,25.2,40.9,1674.0,2.1
2807902065,2015,44.2,17.7,49.1,1590.0,2.0
2807902065,2016,44.7,18.2,47.8,1588.0,2.0
2807902065,2017,44.3,17.7,46.2,1676.0,2.1
2807902065,2018,44.5,18.1,44.2,1717.0,2.1
2807902065,2019,44.2,17.7,42.9,1767.0,2.1
2807902065,2020,45.6,19.7,47.7,1525.0,2.0
2807902065,2021,45.8,20.4,50.8,1404.0,1.9
2807902065,2022,46.1,20.9,49.3,1409.0,1.9
2807902066,2015,41.9,14.5,33.8,2612.0,2.4
2807902066,2016,42.3,14.7,35.6,2530.0,2.3
2807902066,2017,42.9,15.6,35.9,2563.0,2.3
2807902066,2018,43.3,16.4,35.1,2550.0,2.3
2807902066,2019,43.3,16.7,34.5,2616.0,2.4
2807902066,2020,43.7,17.2,35.7,2553.0,2.3
2807902066,2021,44.3,18.1,37.8,2459.0,2.2
2807902066,2022,44.4,18.8,37.2,2446.0,2.2
2807902067,2015,40.4,12.5,46.4,1336.0,2.2
2807902067,2016,41.3,12.7,46.5,1315.0,2.1
2807902067,2017,41.8,12.8,48.5,1301.0,2.1
2807902067,2018,41.4,13.1,47.5,1335.0,2.1
2807902067,2019,41.7,13.0,45.2,1382.0,2.2
2807902067,2020,41.6,12.7,43.8,1374.0,2.1
2807902067,2021,41.8,12.6,45.1,1348.0,2.1
2807902067,2022,41.7,13.0,44.0,1367.0,2.1
2807902068,2015,41.8,14.3,39.2,1256.0,2.3
2807902068,2016,42.6,15.5,42.2,1192.0,2.2
2807902068,2017,42.8,16.0,41.3,1220.0,2.2
2807902068,2018,43.6,16.6,44.3,1194.0,2.1
2807902068,2019,44.4,17.0,44.6,1156.0,2.1
2807902068,2020,45.1,17.9,45.1,1088.0,2.0
2807902068,2021,45.7,19.1,45.6,1063.0,2.0
2807902068,2022,44.9,18.0,46.3,1092.0,2.0
2807902069,2015,48.1,25.7,33.0,829.0,2.3
2807902069,2016,48.2,26.2,34.7,823.0,2.2
2807902069,2017,47.9,25.2,34.6,858.0,2.3
2807902069,2018,47.4,24.4,34.9,853.0,2.3
2807902069,2019,46.8,23.1,34.8,869.0,2.3
2807902069,2020,46.7,24.1,32.1,868.0,2.3
2807902069,2021,47.6,24.9,32.6,849.0,2.2
2807902069,2022,46.9,23.7,35.2,873.0,2.3
2807902070,2015,46.6,23.1,36.4,1345.0,2.2
2807902070,2016,46.5,23.4,38.4,1340.0,2.2
2807902070,2017,47.3,24.1,40.1,1312.0,2.2
2807902070,2018,47.3,24.3,41.0,1311.0,2.1
2807902070,2019,47.0,24.1,39.4,1339.0,2.2
2807902070,2020,47.0,24.4,41.0,1305.0,2.1
2807902070,2021,47.0,25.2,39.6,1324.0,2.1
2807902070,2022,47.3,25.9,40.0,1287.0,2.1
2807902071,2015,45.9,21.1,42.1,1404.0,2.1
2807902071,2016,45.8,20.3,40.4,1419.0,2.1
2807902071,2017,45.5,20.0,39.8,1454.0,2.2
2807902071,2018,46.0,21.1,39.5,1443.0,2.2
2807902071,2019,45.7,21.7,39.5,1474.0,2.2
2807902071,2020,45.9,22.3,38.7,1441.0,2.2
2807902071,2021,46.3,23.2,39.9,1386.0,2.2
2807902071,2022,46.8,24.2,41.3,1382.0,2.1
2807902072,2015,45.2,19.9,42.2,1535.0,2.1
2807902072,2016,45.1,20.0,41.2,1550.0,2.1
2807902072,2017,44.8,19.9,42.5,1592.0,2.1
2807902072,2018,45.1,20.8,42.6,1609.0,2.1
2807902072,2019,44.8,20.3,41.6,1674.0,2.1
2807902072,2020,44.9,20.2,44.4,1642.0,2.1
2807902072,2021,45.5,21.3,44.2,1600.0,2.1
2807902072,2022,45.2,20.6,43.5,1624.0,2.1
2807902073,2015,45.1,20.0,38.3,1668.0,2.2
2807902073,2016,44.9,20.3,38.0,1693.0,2.2
2807902073,2017,44.8,20.5,37.2,1752.0,2.2
2807902073,2018,45.1,20.6,39.3,1761.0,2.2
2807902073,2019,44.8,20.0,37.5,1791.0,2.2
2807902073,2020,45.0,20.3,38.4,1777.0,2.1
2807902073,2021,45.2,21.1,40.8,1771.0,2.1
2807902073,2022,45.8,21.8,41.5,1757.0,2.1
2807902074,2015,45.7,22.1,39.0,1763.0,2.2
2807902074,2016,45.8,22.0,41.1,1739.0,2.2
2807902074,2017,45.8,21.9,40.3,1750.0,2.2
2807902074,2018,45.4,21.8,42.0,1784.0,2.2
2807902074,2019,45.4,21.9,40.3,1803.0,2.2
2807902074,2020,46.0,22.1,39.7,1728.0,2.1
2807902074,2021,46.4,23.0,41.8,1727.0,2.1
2807902074,2022,46.1,22.7,43.0,1708.0,2.1
2807902075,2015,41.7,15.3,37.5,1949.0,2.3
2807902075,2016,42.1,15.5,37.8,1953.0,2.3
2807902075,2017,42.3,15.7,37.5,1956.0,2.3
2807902075,2018,42.5,15.9,37.5,1939.0,2.3
2807902075,2019,42.7,15.9,37.1,1966.0,2.3
2807902075,2020,43.3,17.0,38.1,1880.0,2.3
2807902075,2021,43.4,17.1,41.3,1887.0,2.3
2807902075,2022,43.3,16.9,41.2,1887.0,2.3
2807902077,2015,45.7,21.5,37.9,1156.0,2.2
2807902077,2016,46.5,21.9,40.3,1091.0,2.1
2807902077,2017,46.3,21.4,41.7,1094.0,2.1
2807902077,2018,45.5,19.9,40.5,1109.0,2.1
2807902077,2019,46.0,19.8,39.6,1120.0,2.1
2807902077,2020,46.1,19.6,37.8,1128.0,2.2
2807902077,2021,46.6,20.7,37.9,1107.0,2.2
2807902077,2022,46.4,20.5,39.8,1131.0,2.1
2807902078,2015,48.0,26.7,41.4,814.0,2.1
2807902078,2016,48.5,27.1,41.3,800.0,2.1
2807902078,2017,48.4,27.1,43.3,790.0,2.0
2807902078,2018,48.0,24.7,45.0,797.0,2.1
2807902078,2019,47.6,24.1,43.2,808.0,2.1
2807902078,2020,46.8,23.4,40.5,832.0,2.1
2807902078,2021,47.4,24.3,44.9,803.0,2.1
2807902078,2022,46.6,23.0,42.0,862.0,2.1
2807902079,2015,47.8,24.5,37.9,1206.0,2.2
2807902079,2016,48.4,25.5,38.1,1167.0,2.1
2807902079,2017,47.9,25.6,38.6,1175.0,2.1
2807902079,2018,47.9,25.4,38.6,1197.0,2.2
2807902079,2019,47.8,25.6,39.0,1224.0,2.2
2807902079,2020,48.3,26.5,38.6,1203.0,2.2
2807902079,2021,48.4,26.9,40.6,1178.0,2.1
2807902079,2022,48.0,26.6,39.9,1187.0,2.2
2807902080,2015,49.4,29.9,34.3,874.0,2.3
2807902080,2016,49.4,29.9,33.9,886.0,2.3
2807902080,2017,49.2,29.7,35.0,886.0,2.3
2807902080,2018,48.9,29.4,34.9,895.0,2.3
2807902080,2019,49.0,30.1,35.2,895.0,2.3
2807902080,2020,49.0,29.5,35.0,875.0,2.2
2807902080,2021,49.1,29.6,35.6,875.0,2.2
2807902080,2022,49.3,30.3,34.8,874.0,2.2
2807902081,2015,46.5,23.8,44.0,1087.0,2.1
2807902081,2016,46.2,22.7,42.2,1108.0,2.1
2807902081,2017,46.3,22.8,43.7,1094.0,2.1
2807902081,2018,46.0,22.7,44.4,1104.0,2.1
2807902081,2019,47.1,24.2,44.2,1089.0,2.1
2807902081,2020,47.3,24.6,42.9,1085.0,2.1
2807902081,2021,47.0,23.6,43.4,1093.0,2.1
2807902081,2022,46.7,24.0,43.5,1090.0,2.1
2807902082,2015,43.3,17.6,41.4,1249.0,2.2
2807902082,2016,43.4,16.8,41.0,1277.0,2.2
2807902082,2017,44.2,17.9,45.4,1206.0,2.1
2807902082,2018,44.5,18.2,45.6,1197.0,2.1
2807902082,2019,44.1,17.6,45.0,1211.0,2.1
2807902082,2020,43.6,17.2,43.3,1204.0,2.1
2807902082,2021,44.2,17.7,45.5,1155.0,2.1
2807902082,2022,43.7,17.6,46.3,1184.0,2.1
2807902083,2015,37.3,9.7,25.2,1093.0,2.6
2807902083,2016,37.5,9.5,26.7,1108.0,2.6
2807902083,2017,37.5,9.8,24.3,1158.0,2.8
2807902083,2018,38.1,9.6,24.5,1176.0,2.8
2807902083,2019,38.5,10.2,23.8,1206.0,2.8
2807902083,2020,38.0,10.3,24.2,1441.0,2.8
2807902083,2021,38.5,10.1,28.2,1616.0,2.6
2807902083,2022,37.7,9.7,26.6,1950.0,2.6
2807902085,2015,45.8,18.5,18.6,1279.0,2.7
2807902085,2016,46.1,20.7,18.8,1278.0,2.7
2807902085,2017,47.2,23.2,20.3,1271.0,2.7
2807902085,2018,47.7,25.7,19.7,1264.0,2.7
2807902085,2019,48.5,28.6,20.5,1250.0,2.6
2807902085,2020,49.4,32.4,19.9,1225.0,2.6
2807902085,2021,49.3,34.7,20.3,1215.0,2.6
2807902085,2022,49.4,36.6,20.2,1204.0,2.5
2807902086,2015,45.1,19.3,34.2,1305.0,2.4
2807902086,2016,44.9,19.9,33.6,1331.0,2.4
2807902086,2017,45.6,22.1,33.7,1321.0,2.4
2807902086,2018,45.8,23.0,33.9,1340.0,2.4
2807902086,2019,46.3,25.4,34.0,1336.0,2.3
2807902086,2020,46.3,26.2,36.9,1330.0,2.3
2807902086,2021,47.0,27.6,36.6,1302.0,2.3
2807902086,2022,47.8,29.1,36.9,1292.0,2.2
2807902087,2015,43.1,18.8,26.6,2179.0,2.5
2807902087,2016,43.4,19.0,26.8,2211.0,2.5
2807902087,2017,43.5,19.5,26.9,2242.0,2.6
2807902087,2018,44.2,20.6,25.9,2248.0,2.6
2807902087,2019,44.8,21.7,25.5,2242.0,2.6
2807902087,2020,45.3,22.3,27.0,2176.0,2.5
2807902087,2021,46.4,23.9,28.6,2123.0,2.5
2807902087,2022,46.5,24.2,30.4,2141.0,2.4
2807902088,2015,49.2,29.2,36.6,685.0,2.2
2807902088,2016,48.9,28.6,35.4,682.0,2.2
2807902088,2017,48.4,28.5,36.9,688.0,2.2
2807902088,2018,48.5,28.3,35.7,697.0,2.2
2807902088,2019,48.8,27.7,34.9,682.0,2.2
2807902088,2020,47.6,26.1,35.3,677.0,2.2
2807902088,2021,47.1,25.4,35.1,678.0,2.2
2807902088,2022,46.2,24.7,35.2,700.0,2.3
2807902089,2015,46.8,27.1,30.8,1125.0,2.4
2807902089,2016,47.3,28.5,30.2,1111.0,2.4
2807902089,2017,47.4,30.0,29.5,1101.0,2.4
2807902089,2018,47.7,30.9,30.0,1121.0,2.4
2807902089,2019,47.7,30.9,30.5,1118.0,2.4
2807902089,2020,48.3,31.6,31.1,1086.0,2.4
2807902089,2021,48.9,32.7,31.8,1097.0,2.4
2807902089,2022,48.9,32.9,32.6,1078.0,2.3
2807902090,2015,41.0,12.3,25.7,1904.0,2.7
2807902090,2016,41.9,13.2,25.4,1874.0,2.7
2807902090,2017,42.4,14.0,25.8,1867.0,2.7
2807902090,2018,43.3,14.7,26.3,1830.0,2.6
2807902090,2019,43.6,15.3,26.7,1838.0,2.6
2807902090,2020,44.0,16.0,26.2,1819.0,2.6
2807902090,2021,44.2,16.3,26.5,1803.0,2.6
2807902090,2022,45.1,18.1,27.8,1777.0,2.5
2807902091,2015,44.6,21.6,29.4,1178.0,2.5
2807902091,2016,45.4,23.3,27.5,1184.0,2.5
2807902091,2017,46.3,24.3,28.8,1171.0,2.4
2807902091,2018,46.7,24.6,30.6,1163.0,2.4
2807902091,2019,47.2,26.1,30.7,1155.0,2.3
2807902091,2020,47.3,26.5,29.1,1133.0,2.3
2807902091,2021,47.7,27.3,30.8,1123.0,2.3
2807902091,2022,47.5,27.7,33.4,1112.0,2.3
2807902092,2015,48.5,26.9,33.8,1899.0,2.3
2807902092,2016,48.6,27.6,33.3,1915.0,2.3
2807902092,2017,49.2,29.2,34.1,1885.0,2.3
2807902092,2018,49.1,29.4,34.2,1885.0,2.3
2807902092,2019,48.8,29.5,33.8,1889.0,2.3
2807902092,2020,49.1,30.0,33.7,1864.0,2.3
2807902092,2021,49.4,30.5,34.0,1852.0,2.3
2807902092,2022,49.4,30.7,34.9,1855.0,2.2
2807902093,2015,41.9,10.9,20.3,1512.0,2.7
2807902093,2016,42.4,11.8,19.6,1507.0,2.7
2807902093,2017,43.0,12.2,19.2,1505.0,2.7
2807902093,2018,43.6,13.2,19.9,1496.0,2.7
2807902093,2019,43.8,14.4,19.0,1521.0,2.7
2807902093,2020,44.4,16.3,21.1,1495.0,2.7
2807902093,2021,45.0,18.7,21.9,1488.0,2.7
2807902093,2022,45.8,22.0,21.3,1467.0,2.6
2807902094,2015,43.3,18.1,15.5,1779.0,2.9
2807902094,2016,43.8,19.8,16.0,1786.0,2.9
2807902094,2017,44.9,22.4,17.0,1770.0,2.9
2807902094,2018,45.7,24.0,16.7,1741.0,2.8
2807902094,2019,46.2,25.9,16.8,1743.0,2.8
2807902094,2020,47.3,28.5,17.8,1708.0,2.8
2807902094,2021,48.2,30.3,17.6,1705.0,2.8
2807902094,2022,48.9,32.9,18.9,1698.0,2.7
2807902095,2015,40.3,13.1,30.7,1654.0,2.4
2807902095,2016,40.6,13.0,31.0,1658.0,2.4
2807902095,2017,40.9,12.9,32.0,1670.0,2.4
2807902095,2018,41.4,13.2,33.1,1656.0,2.4
2807902095,2019,41.8,14.0,32.8,1657.0,2.4
2807902095,2020,42.4,14.7,32.7,1684.0,2.4
2807902095,2021,42.6,15.3,32.2,1708.0,2.4
2807902095,2022,43.2,15.9,30.6,1710.0,2.4
2807902096,2015,39.3,9.6,18.9,1732.0,2.9
2807902096,2016,40.0,10.1,18.4,1730.0,2.9
2807902096,2017,40.8,10.8,19.9,1720.0,2.8
2807902096,2018,41.6,11.6,18.9,1709.0,2.8
2807902096,2019,42.3,12.9,19.3,1701.0,2.8
2807902096,2020,42.8,14.3,18.2,1711.0,2.8
2807902096,2021,43.3,15.5,18.9,1696.0,2.8
2807902096,2022,44.5,17.4,21.3,1689.0,2.7
2807902097,2015,36.9,7.5,25.5,2724.0,2.6
2807902097,2016,37.5,7.6,26.4,2751.0,2.6
2807902097,2017,36.1,5.7,24.9,1140.0,2.6
2807902097,2018,36.7,6.2,23.5,1164.0,2.7
2807902097,2019,37.5,6.9,24.1,1154.0,2.7
2807902097,2020,38.4,8.5,25.4,1120.0,2.7
2807902097,2021,39.1,8.8,25.5,1136.0,2.7
2807902097,2022,39.4,8.9,27.1,1131.0,2.6
2807902098,2015,35.0,4.9,27.5,1261.0,2.5
2807902098,2016,35.6,5.0,28.9,1272.0,2.4
2807902098,2017,35.9,5.8,29.9,1250.0,2.4
2807902098,2018,36.2,6.1,29.7,1263.0,2.4
2807902098,2019,36.8,7.1,26.6,1312.0,2.5
2807902098,2020,37.6,7.3,28.9,1233.0,2.4
2807902098,2021,37.6,7.5,27.7,1260.0,2.4
2807902098,2022,38.2,7.9,29.1,1293.0,2.3
2807902099,2015,34.2,4.6,27.9,2862.0,2.5
2807902099,2016,34.1,4.8,26.0,3164.0,2.5
2807902099,2017,31.9,3.3,25.5,1887.0,2.6
2807902099,2018,32.4,3.6,24.1,2018.0,2.7
2807902099,2019,33.2,3.9,24.2,2003.0,2.7
2807902099,2020,34.0,4.3,25.3,2004.0,2.7
2807902099,2021,34.6,4.4,27.0,2012.0,2.6
2807902099,2022,35.0,4.8,27.4,2049.0,2.6
2807902100,2015,37.2,6.5,31.1,1413.0,2.5
2807902100,2016,38.0,6.7,31.7,1378.0,2.5
2807902100,2017,38.3,7.5,31.9,1439.0,2.5
2807902100,2018,38.0,7.3,31.0,1570.0,2.5
2807902100,2019,38.6,7.9,30.0,1604.0,2.5
2807902100,2020,39.2,8.2,28.4,1623.0,2.5
2807902100,2021,39.9,8.6,29.3,1616.0,2.5
2807902100,2022,40.2,9.3,31.0,1682.0,2.4
2807902101,2015,33.0,3.9,28.5,1498.0,2.5
2807902101,2016,33.3,4.0,27.0,1550.0,2.5
2807902101,2017,33.9,4.4,28.2,1574.0,2.5
2807902101,2018,34.3,5.0,26.6,1591.0,2.6
2807902101,2019,35.0,5.7,24.9,1629.0,2.6
2807902101,2020,35.6,6.1,24.8,1638.0,2.6
2807902101,2021,36.4,6.7,25.7,1618.0,2.6
2807902101,2022,36.8,7.3,26.2,1609.0,2.6
2807902102,2015,38.1,6.1,19.3,1754.0,2.9
2807902102,2016,38.3,6.4,17.8,1808.0,3.0
2807902102,2017,39.4,7.5,17.6,1789.0,2.9
2807902102,2018,40.2,8.8,16.9,1800.0,2.9
2807902102,2019,41.5,10.0,17.5,1778.0,2.9
2807902102,2020,42.0,11.0,18.9,1753.0,2.9
2807902102,2021,42.6,12.1,19.9,1723.0,2.8
2807902102,2022,43.0,13.3,21.5,1710.0,2.8
2807902103,2015,33.8,5.2,30.5,2364.0,2.4
2807902103,2016,33.8,5.2,29.1,2493.0,2.5
2807902103,2017,34.2,5.6,28.3,2591.0,2.5
2807902103,2018,34.7,6.0,27.9,2621.0,2.5
2807902103,2019,35.4,7.1,28.6,2649.0,2.5
2807902103,2020,36.0,7.5,29.6,2534.0,2.5
2807902103,2021,36.5,8.1,29.9,2572.0,2.4
2807902103,2022,37.2,8.8,32.1,2539.0,2.4
2807902104,2015,34.7,5.3,33.9,2490.0,2.3
2807902104,2016,35.3,6.0,33.6,2516.0,2.3
2807902104,2017,35.7,6.6,33.2,2573.0,2.3
2807902104,2018,36.1,7.0,32.5,2625.0,2.4
2807902104,2019,36.9,7.3,33.4,2655.0,2.4
2807902104,2020,37.6,8.0,32.1,2613.0,2.4
2807902104,2021,38.3,9.0,34.0,2574.0,2.4
2807902104,2022,38.8,10.7,28.8,1382.0,2.5
2807902105,2015,36.1,9.4,30.1,2484.0,2.5
2807902105,2016,35.8,9.8,29.5,2569.0,2.5
2807902105,2017,36.2,10.0,29.4,2650.0,2.6
2807902105,2018,36.7,10.1,27.7,2681.0,2.6
2807902105,2019,37.1,10.3,27.5,2749.0,2.6
2807902105,2020,36.4,9.4,26.8,3122.0,2.6
2807902105,2021,36.8,9.8,26.7,3223.0,2.6
2807902105,2022,39.6,13.6,31.0,1665.0,2.5
2807902106,2015,35.9,6.9,27.1,2324.0,2.6
2807902106,2016,36.3,6.9,26.2,2373.0,2.6
2807902106,2017,37.2,7.5,27.2,2346.0,2.6
2807902106,2018,37.9,8.0,26.7,2396.0,2.6
2807902106,2019,38.4,8.5,26.8,2424.0,2.6
2807902106,2020,39.0,8.9,26.4,2378.0,2.6
2807902106,2021,39.6,9.4,28.1,2335.0,2.5
2807902106,2022,40.4,10.3,29.4,2338.0,2.5
2807902107,2015,44.7,19.0,28.5,1285.0,2.5
2807902107,2016,45.1,19.5,29.5,1281.0,2.5
2807902107,2017,45.3,19.6,28.7,1294.0,2.5
2807902107,2018,45.2,19.8,29.2,1296.0,2.5
2807902107,2019,44.9,19.4,28.1,1333.0,2.5
2807902107,2020,45.1,20.5,29.3,1310.0,2.5
2807902107,2021,45.4,21.2,29.3,1310.0,2.5
2807902107,2022,45.5,22.9,27.5,1331.0,2.5
2807902108,2015,43.3,16.0,30.4,996.0,2.4
2807902108,2016,43.9,17.1,30.1,987.0,2.4
2807902108,2017,44.7,17.9,30.4,993.0,2.4
2807902108,2018,45.4,19.4,29.3,1000.0,2.4
2807902108,2019,45.8,19.6,30.6,1004.0,2.4
2807902108,2020,46.4,20.5,33.1,985.0,2.4
2807902108,2021,47.3,21.7,33.0,975.0,2.3
2807902108,2022,48.0,23.2,35.3,967.0,2.3
2807902109,2015,43.1,16.8,32.5,1461.0,2.3
2807902109,2016,43.5,17.8,32.4,1475.0,2.4
2807902109,2017,44.3,18.8,32.8,1478.0,2.3
2807902109,2018,44.6,19.0,32.8,1474.0,2.3
2807902109,2019,44.8,19.1,32.9,1498.0,2.4
2807902109,2020,45.4,19.8,34.7,1448.0,2.3
2807902109,2021,46.0,20.3,35.3,1426.0,2.3
2807902109,2022,46.2,21.2,38.0,1411.0,2.2
2807902110,2015,34.3,5.7,26.9,1563.0,2.5
2807902110,2016,34.8,5.7,29.3,1581.0,2.5
2807902110,2017,35.8,6.1,28.6,1576.0,2.5
2807902110,2018,36.4,6.4,29.2,1617.0,2.5
2807902110,2019,37.1,7.2,27.5,1642.0,2.5
2807902110,2020,37.8,7.5,28.8,1603.0,2.5
2807902110,2021,38.2,7.8,28.9,1608.0,2.5
2807902110,2022,39.1,8.7,29.3,1593.0,2.5
2807902111,2015,,,,,
2807902111,2016,,,,,
2807902111,2017,38.1,7.4,28.1,1357.0,2.4
2807902111,2018,38.6,7.4,29.2,1349.0,2.3
2807902111,2019,39.2,7.8,28.8,1340.0,2.4
2807902111,2020,39.8,8.3,29.7,1343.0,2.4
2807902111,2021,40.7,8.9,31.6,1308.0,2.3
2807902111,2022,41.2,9.5,32.0,1319.0,2.3
2807902112,2015,,,,,
2807902112,2016,,,,,
2807902112,2017,39.3,10.1,27.5,1617.0,2.6
2807902112,2018,40.0,11.1,26.6,1611.0,2.7
2807902112,2019,40.6,11.6,26.5,1611.0,2.7
2807902112,2020,41.2,12.1,26.8,1567.0,2.6
2807902112,2021,41.9,13.1,29.1,1522.0,2.6
2807902112,2022,42.8,14.3,28.9,1519.0,2.5
2807902113,2015,,,,,
2807902113,2016,,,,,
2807902113,2017,,,,,
2807902113,2018,,,,,
2807902113,2019,,,,,
2807902113,2020,,,,,
2807902113,2021,,,,,
2807902113,2022,34.6,6.7,24.7,1639.0,2.8
2807902114,2015,,,,,
2807902114,2016,,,,,
2807902114,2017,,,,,
2807902114,2018,,,,,
2807902114,2019,,,,,
2807902114,2020,,,,,
2807902114,2021,,,,,
2807902114,2022,38.9,8.1,41.4,1156.0,2.1
2807903001,2015,43.1,13.5,24.9,1728.0,2.5
2807903001,2016,44.0,15.4,26.0,1720.0,2.5
2807903001,2017,44.4,16.3,26.1,1734.0,2.5
2807903001,2018,45.5,18.7,26.4,1727.0,2.5
2807903001,2019,45.9,20.3,27.0,1743.0,2.5
2807903001,2020,46.9,22.1,27.8,1692.0,2.5
2807903001,2021,47.7,24.2,28.3,1677.0,2.4
2807903001,2022,48.5,26.4,27.9,1673.0,2.4
2807903002,2015,45.6,21.6,40.4,948.0,2.2
2807903002,2016,45.9,22.5,39.8,936.0,2.2
2807903002,2017,46.3,22.2,37.7,933.0,2.2
2807903002,2018,45.6,20.2,39.8,917.0,2.2
2807903002,2019,46.2,21.3,39.2,912.0,2.2
2807903002,2020,46.3,21.5,40.8,896.0,2.2
2807903002,2021,46.1,21.8,40.8,904.0,2.1
2807903002,2022,45.6,21.0,42.0,918.0,2.1
2807903003,2015,47.4,26.3,36.8,897.0,2.3
2807903003,2016,47.9,26.6,34.8,891.0,2.3
2807903003,2017,47.6,25.7,34.7,909.0,2.3
2807903003,2018,47.6,26.3,34.8,921.0,2.3
2807903003,2019,47.8,25.9,36.3,933.0,2.3
2807903003,2020,47.8,26.6,36.6,905.0,2.3
2807903003,2021,47.1,25.5,35.1,913.0,2.3
2807903003,2022,47.1,25.7,33.9,912.0,2.3
2807903004,2015,44.1,20.0,42.2,1031.0,2.2
2807903004,2016,45.0,21.7,43.1,1014.0,2.1
2807903004,2017,44.4,20.5,43.6,1028.0,2.2
2807903004,2018,45.5,20.9,43.8,994.0,2.1
2807903004,2019,44.9,19.4,42.5,1042.0,2.1
2807903004,2020,45.6,19.5,42.9,1030.0,2.1
2807903004,2021,45.8,19.9,43.8,1001.0,2.1
2807903004,2022,45.4,21.0,46.6,998.0,2.0
2807903005,2015,45.3,20.7,39.6,728.0,2.2
2807903005,2016,45.1,20.3,39.3,747.0,2.2
2807903005,2017,45.9,21.9,39.2,717.0,2.2
2807903005,2018,46.6,22.5,40.5,693.0,2.1
2807903005,2019,46.4,21.7,41.8,716.0,2.1
2807903005,2020,45.9,20.3,40.8,718.0,2.1
2807903005,2021,45.9,20.9,39.8,702.0,2.1
2807903005,2022,45.4,20.5,43.5,694.0,2.0
2807903006,2015,49.2,28.6,31.4,2126.0,2.4
2807903006,2016,49.4,29.6,31.5,2122.0,2.3
2807903006,2017,50.0,31.5,32.7,2056.0,2.3
2807903006,2018,50.1,32.5,32.4,2106.0,2.3
2807903006,2019,50.3,33.4,31.4,2080.0,2.3
2807903006,2020,50.9,35.2,32.9,2014.0,2.2
2807903006,2021,51.5,36.0,33.3,1981.0,2.2
2807903006,2022,51.2,35.8,33.4,2018.0,2.2
2807903007,2015,44.8,20.1,46.9,920.0,2.0
2807903007,2016,44.6,19.3,44.3,920.0,2.1
2807903007,2017,45.6,20.1,47.0,919.0,2.0
2807903007,2018,44.8,18.3,46.3,957.0,2.0
2807903007,2019,44.5,18.7,46.6,969.0,2.0
2807903007,2020,44.5,18.4,47.8,938.0,2.0
2807903007,2021,44.4,17.8,48.3,939.0,2.0
2807903007,2022,43.9,16.6,47.6,975.0,2.1
2807903008,2015,47.8,28.0,41.3,1072.0,2.1
2807903008,2016,47.9,28.0,41.2,1071.0,2.1
2807903008,2017,47.7,27.6,40.1,1080.0,2.1
2807903008,2018,47.4,27.0,40.7,1081.0,2.1
2807903008,2019,47.8,27.6,41.7,1073.0,2.1
2807903008,2020,48.0,27.5,42.2,1065.0,2.0
2807903008,2021,47.2,26.6,42.1,1079.0,2.1
2807903008,2022,47.6,27.8,44.2,1057.0,2.0
2807903009,2015,48.6,28.5,36.3,987.0,2.3
2807903009,2016,49.3,30.6,38.9,953.0,2.2
2807903009,2017,49.1,30.8,39.7,971.0,2.2
2807903009,2018,49.4,31.2,39.1,979.0,2.3
2807903009,2019,49.4,31.1,36.0,975.0,2.3
2807903009,2020,48.9,31.0,37.0,975.0,2.2
2807903009,2021,49.1,31.3,38.2,980.0,2.2
2807903009,2022,48.5,30.8,38.2,999.0,2.2
2807903010,2015,47.7,27.8,34.0,1029.0,2.3
2807903010,2016,48.0,28.5,38.0,1024.0,2.2
2807903010,2017,48.2,29.1,38.5,1018.0,2.2
2807903010,2018,48.4,28.9,38.3,1031.0,2.2
2807903010,2019,48.7,30.2,37.7,1038.0,2.2
2807903010,2020,49.6,31.6,38.0,1023.0,2.2
2807903010,2021,50.0,32.5,37.4,1022.0,2.2
2807903010,2022,50.3,33.0,36.5,1025.0,2.1
2807903011,2015,47.8,24.3,34.4,1068.0,2.3
2807903011,2016,47.5,24.2,35.9,1064.0,2.2
2807903011,2017,46.6,23.1,33.1,1065.0,2.3
2807903011,2018,46.2,23.5,33.3,1076.0,2.3
2807903011,2019,46.2,23.2,34.2,1097.0,2.3
2807903011,2020,46.5,24.2,36.1,1056.0,2.2
2807903011,2021,47.1,24.8,36.8,1021.0,2.2
2807903011,2022,46.7,25.1,38.1,1036.0,2.1
2807903012,2015,45.3,21.1,35.6,1003.0,2.3
2807903012,2016,45.3,22.1,35.4,1006.0,2.3
2807903012,2017,45.8,22.8,35.4,1017.0,2.3
2807903012,2018,46.3,23.4,35.7,1024.0,2.3
2807903012,2019,46.6,23.1,36.8,1004.0,2.3
2807903012,2020,47.1,23.6,35.6,1000.0,2.3
2807903012,2021,47.6,24.8,37.7,976.0,2.2
2807903012,2022,47.6,25.3,38.6,1007.0,2.2
2807903013,2015,45.3,24.2,31.9,1060.0,2.4
2807903013,2016,46.1,25.7,35.1,1029.0,2.3
2807903013,2017,46.6,25.9,37.6,1006.0,2.2
2807903013,2018,46.6,25.2,36.1,1020.0,2.3
2807903013,2019,46.4,24.9,36.9,1042.0,2.3
2807903013,2020,46.8,26.0,38.0,1011.0,2.2
2807903013,2021,46.8,25.6,39.4,1006.0,2.2
2807903013,2022,46.7,24.4,39.2,1006.0,2.2
2807903014,2015,43.9,20.6,31.3,1279.0,2.4
2807903014,2016,44.5,20.8,32.0,1272.0,2.4
2807903014,2017,44.9,21.6,32.1,1251.0,2.4
2807903014,2018,44.6,21.1,32.5,1273.0,2.4
2807903014,2019,45.0,21.8,33.0,1291.0,2.4
2807903014,2020,45.1,22.1,32.6,1260.0,2.4
2807903014,2021,46.1,23.5,33.7,1236.0,2.3
2807903014,2022,46.3,23.5,35.8,1228.0,2.3
2807903015,2015,47.8,25.5,31.4,1035.0,2.4
2807903015,2016,48.1,26.5,31.6,1001.0,2.3
2807903015,2017,47.4,24.8,34.5,1026.0,2.3
2807903015,2018,47.4,24.4,35.2,1052.0,2.3
2807903015,2019,47.1,24.0,33.0,1088.0,2.4
2807903015,2020,47.7,25.7,34.5,1027.0,2.3
2807903015,2021,48.0,25.4,35.2,989.0,2.3
2807903015,2022,46.8,24.7,35.6,1047.0,2.3
2807903016,2015,44.7,20.3,39.0,783.0,2.2
2807903016,2016,45.2,20.6,40.7,788.0,2.2
2807903016,2017,44.6,19.1,41.4,807.0,2.2
2807903016,2018,44.6,19.0,42.3,814.0,2.2
2807903016,2019,44.2,18.0,42.3,823.0,2.2
2807903016,2020,44.3,17.6,42.4,824.0,2.2
2807903016,2021,44.0,18.3,41.2,840.0,2.2
2807903016,2022,45.2,19.9,42.2,809.0,2.1
2807903017,2015,48.5,29.2,32.0,1226.0,2.3
2807903017,2016,48.9,29.7,33.6,1213.0,2.3
2807903017,2017,48.5,29.2,31.7,1226.0,2.3
2807903017,2018,48.2,28.7,31.7,1234.0,2.3
2807903017,2019,47.9,28.1,30.8,1251.0,2.3
2807903017,2020,48.6,28.6,32.0,1210.0,2.3
2807903017,2021,49.0,29.1,32.0,1183.0,2.3
2807903017,2022,48.5,29.2,32.0,1200.0,2.3
2807903018,2015,49.3,30.4,41.0,1873.0,2.1
2807903018,2016,48.7,29.5,40.2,1888.0,2.1
2807903018,2017,49.3,30.3,39.6,1889.0,2.1
2807903018,2018,49.8,31.5,41.1,1839.0,2.1
2807903018,2019,49.7,31.1,41.7,1839.0,2.1
2807903018,2020,49.2,29.9,41.2,1847.0,2.1
2807903018,2021,49.4,30.2,43.9,1824.0,2.0
2807903018,2022,49.5,30.6,42.9,1812.0,2.0
2807903019,2015,48.5,31.3,28.7,1900.0,2.4
2807903019,2016,48.6,31.5,28.9,1888.0,2.4
2807903019,2017,49.0,31.9,30.3,1881.0,2.4
2807903019,2018,49.6,32.6,30.6,1860.0,2.3
2807903019,2019,50.1,33.6,30.9,1867.0,2.3
2807903019,2020,50.1,32.9,32.5,1849.0,2.3
2807903019,2021,50.8,33.6,33.7,1814.0,2.3
2807903019,2022,50.8,33.4,34.9,1806.0,2.3
2807903020,2015,48.6,27.9,43.1,1277.0,2.1
2807903020,2016,48.4,28.2,43.7,1288.0,2.1
2807903020,2017,47.8,27.5,41.4,1310.0,2.1
2807903020,2018,47.9,27.4,43.6,1286.0,2.1
2807903020,2019,47.2,25.7,42.8,1306.0,2.1
2807903020,2020,47.6,25.9,44.7,1245.0,2.1
2807903020,2021,46.7,24.4,44.3,1257.0,2.1
2807903020,2022,46.2,23.5,43.0,1300.0,2.1
2807903021,2015,45.5,22.3,37.6,1676.0,2.2
2807903021,2016,46.0,22.9,38.8,1667.0,2.2
2807903021,2017,45.6,22.6,37.9,1727.0,2.3
2807903021,2018,45.8,22.5,38.4,1717.0,2.2
2807903021,2019,46.0,22.9,39.2,1689.0,2.2
2807903021,2020,46.5,23.2,40.3,1623.0,2.1
2807903021,2021,46.6,23.5,41.2,1640.0,2.1
2807903021,2022,45.0,21.6,42.4,1867.0,2.1
2807903022,2015,45.8,22.2,38.8,1110.0,2.2
2807903022,2016,46.3,22.7,40.8,1072.0,2.2
2807903022,2017,46.7,22.7,41.6,1051.0,2.1
2807903022,2018,46.2,22.7,41.3,1051.0,2.1
2807903022,2019,45.9,22.2,44.3,1067.0,2.2
2807903022,2020,46.1,22.1,42.7,1020.0,2.1
2807903022,2021,46.6,22.5,44.1,1007.0,2.0
2807903022,2022,45.4,21.0,41.4,1074.0,2.1
2807903023,2015,46.2,22.6,36.0,963.0,2.2
2807903023,2016,46.3,23.0,36.1,979.0,2.2
2807903023,2017,46.3,23.0,37.3,1000.0,2.2
2807903023,2018,47.0,23.2,37.7,983.0,2.2
2807903023,2019,47.6,25.3,37.4,960.0,2.2
2807903023,2020,48.2,26.2,38.7,925.0,2.1
2807903023,2021,47.7,26.3,38.4,956.0,2.1
2807903023,2022,47.6,27.4,37.9,943.0,2.1
2807903024,2015,46.9,26.3,31.5,1217.0,2.3
2807903024,2016,46.8,26.1,32.8,1246.0,2.4
2807903024,2017,47.2,26.8,33.7,1205.0,2.3
2807903024,2018,47.0,27.2,31.6,1241.0,2.4
2807903024,2019,47.8,28.1,33.0,1216.0,2.3
2807903024,2020,48.1,28.4,34.0,1196.0,2.3
2807903024,2021,48.0,28.7,33.5,1209.0,2.3
2807903024,2022,48.3,28.9,31.1,1221.0,2.3
2807903025,2015,41.7,15.9,38.3,2176.0,2.2
2807903025,2016,41.9,16.3,38.3,2214.0,2.2
2807903025,2017,40.9,15.2,36.9,2491.0,2.2
2807903025,2018,40.6,15.1,35.0,2567.0,2.3
2807903025,2019,41.0,15.4,35.4,2670.0,2.3
2807903025,2020,41.2,16.1,35.2,2685.0,2.2
2807903025,2021,41.8,16.9,35.7,2728.0,2.2
2807903025,2022,44.9,19.4,42.7,1380.0,2.0
2807903026,2015,46.2,22.2,35.1,1728.0,2.3
2807903026,2016,46.6,23.1,35.5,1728.0,2.2
2807903026,2017,46.7,23.6,36.1,1716.0,2.2
2807903026,2018,46.5,23.2,35.3,1732.0,2.3
2807903026,2019,46.6,23.4,34.4,1732.0,2.3
2807903026,2020,46.9,23.9,35.7,1712.0,2.2
2807903026,2021,47.1,23.4,34.9,1706.0,2.2
2807903026,2022,47.3,23.4,36.8,1688.0,2.2
2807903027,2015,45.2,22.5,32.0,1255.0,2.3
2807903027,2016,45.7,23.2,33.3,1218.0,2.3
2807903027,2017,45.8,23.5,33.0,1206.0,2.3
2807903027,2018,45.6,23.1,34.0,1223.0,2.3
2807903027,2019,45.6,23.1,32.7,1223.0,2.3
2807903027,2020,45.7,23.7,34.8,1195.0,2.3
2807903027,2021,45.8,23.5,35.2,1177.0,2.2
2807903027,2022,46.0,23.7,34.0,1213.0,2.2
2807903028,2015,43.1,17.7,28.4,1468.0,2.5
2807903028,2016,43.4,18.8,28.0,1476.0,2.5
2807903028,2017,44.0,20.1,30.3,1480.0,2.4
2807903028,2018,43.9,20.9,30.4,1500.0,2.4
2807903028,2019,44.6,22.1,31.4,1472.0,2.4
2807903028,2020,44.8,22.8,31.9,1477.0,2.4
2807903028,2021,45.1,23.6,32.8,1454.0,2.4
2807903028,2022,45.1,24.5,33.1,1439.0,2.3
2807903029,2015,42.6,16.4,27.1,1481.0,2.7
2807903029,2016,43.2,17.7,27.2,1481.0,2.6
2807903029,2017,43.5,18.9,28.3,1472.0,2.6
2807903029,2018,44.3,21.0,27.5,1451.0,2.6
2807903029,2019,43.7,21.4,26.3,1615.0,2.6
2807903029,2020,44.4,22.7,26.4,1563.0,2.6
2807903029,2021,44.7,23.5,27.1,1580.0,2.6
2807903029,2022,45.2,24.3,28.4,1602.0,2.5
2807903030,2015,50.1,36.8,16.5,777.0,2.7
2807903030,2016,51.0,39.1,16.9,772.0,2.7
2807903030,2017,50.3,39.0,17.7,775.0,2.7
2807903030,2018,51.3,40.6,18.1,758.0,2.7
2807903030,2019,51.0,40.6,17.8,779.0,2.8
2807903030,2020,51.1,41.2,18.2,776.0,2.8
2807903030,2021,51.4,40.8,18.1,774.0,2.7
2807903030,2022,51.1,39.6,19.0,791.0,2.8
2807903031,2015,48.5,28.7,31.2,1125.0,2.5
2807903031,2016,48.8,28.5,32.7,1108.0,2.4
2807903031,2017,47.8,26.5,31.2,1122.0,2.4
2807903031,2018,47.9,26.9,32.3,1107.0,2.4
2807903031,2019,47.3,25.8,32.9,1112.0,2.4
2807903031,2020,47.5,26.1,32.6,1108.0,2.4
2807903031,2021,47.6,26.7,34.6,1094.0,2.4
2807903031,2022,47.5,27.2,34.3,1098.0,2.4
2807903032,2015,50.4,35.3,32.4,1038.0,2.3
2807903032,2016,50.4,34.9,32.5,1037.0,2.3
2807903032,2017,49.9,34.1,32.2,1066.0,2.3
2807903032,2018,50.2,34.0,33.0,1077.0,2.3
2807903032,2019,50.5,33.8,33.3,1096.0,2.3
2807903032,2020,50.2,33.2,34.2,1092.0,2.3
2807903032,2021,50.7,33.6,35.8,1055.0,2.3
2807903032,2022,50.2,32.4,35.7,1043.0,2.2
2807903033,2015,47.6,26.5,27.4,1533.0,2.6
2807903033,2016,47.8,26.1,26.1,1542.0,2.6
2807903033,2017,48.0,27.4,26.0,1553.0,2.6
2807903033,2018,48.1,27.7,27.2,1510.0,2.5
2807903033,2019,48.4,28.2,28.9,1509.0,2.5
2807903033,2020,48.6,29.3,30.1,1500.0,2.5
2807903033,2021,49.2,30.4,29.1,1446.0,2.4
2807903033,2022,49.6,31.3,30.3,1433.0,2.4
2807903034,2015,46.9,26.3,22.4,1408.0,2.8
2807903034,2016,47.0,26.0,22.1,1406.0,2.7
2807903034,2017,47.8,27.0,20.7,1388.0,2.7
2807903034,2018,47.7,26.7,22.9,1406.0,2.7
2807903034,2019,47.9,28.1,22.7,1396.0,2.7
2807903034,2020,47.9,28.6,23.0,1386.0,2.7
2807903034,2021,48.0,29.2,25.5,1361.0,2.7
2807903034,2022,47.8,29.8,24.6,1358.0,2.7
2807903035,2015,49.0,31.2,26.4,1117.0,2.6
2807903035,2016,48.9,31.3,25.2,1136.0,2.6
2807903035,2017,49.0,30.7,24.6,1143.0,2.6
2807903035,2018,48.4,29.1,23.7,1150.0,2.6
2807903035,2019,48.1,28.6,23.8,1176.0,2.6
2807903035,2020,47.8,28.0,24.6,1163.0,2.6
2807903035,2021,47.9,28.4,26.1,1157.0,2.6
2807903035,2022,48.5,29.1,27.5,1129.0,2.5
2807903036,2015,46.1,29.5,21.6,945.0,2.9
2807903036,2016,46.4,29.6,20.1,964.0,3.0
2807903036,2017,46.8,29.8,21.1,944.0,2.9
2807903036,2018,46.7,29.0,19.7,959.0,3.0
2807903036,2019,47.0,29.1,19.0,947.0,3.0
2807903036,2020,47.7,29.5,22.1,901.0,2.8
2807903036,2021,47.8,28.9,21.2,903.0,2.9
2807903036,2022,48.2,29.7,20.9,896.0,2.8
2807903037,2015,45.0,26.7,15.7,1378.0,3.0
2807903037,2016,45.2,27.5,17.0,1360.0,3.0
2807903037,2017,45.7,28.4,16.4,1365.0,3.0
2807903037,2018,45.8,28.3,16.1,1377.0,3.0
2807903037,2019,46.2,29.4,15.7,1365.0,3.0
2807903037,2020,46.7,30.2,17.4,1350.0,2.9
2807903037,2021,47.1,31.0,17.2,1344.0,2.9
2807903037,2022,47.7,32.5,18.1,1321.0,2.9
2807903038,2015,47.1,32.9,14.6,1114.0,3.1
2807903038,2016,47.4,34.1,14.8,1110.0,3.0
2807903038,2017,48.0,35.3,15.9,1088.0,3.0
2807903038,2018,49.1,36.7,16.3,1065.0,2.9
2807903038,2019,49.2,37.1,17.7,1060.0,2.9
2807903038,2020,49.4,37.3,19.4,1056.0,2.9
2807903038,2021,50.1,37.9,19.5,1041.0,2.8
2807903038,2022,49.9,37.1,20.4,1048.0,2.8
2807903039,2015,46.2,29.8,14.8,870.0,3.0
2807903039,2016,47.2,31.5,16.4,860.0,2.9
2807903039,2017,47.2,32.0,16.0,866.0,3.0
2807903039,2018,47.3,31.8,19.3,861.0,2.9
2807903039,2019,47.8,32.0,20.7,863.0,2.9
2807903039,2020,48.4,32.5,20.0,837.0,2.8
2807903039,2021,48.9,32.8,20.6,832.0,2.9
2807903039,2022,48.4,32.3,21.3,841.0,2.8
2807903040,2015,47.5,31.3,17.4,777.0,2.9
2807903040,2016,48.3,32.5,17.1,779.0,2.9
2807903040,2017,48.1,32.8,17.2,783.0,2.9
2807903040,2018,48.9,34.0,19.2,782.0,2.9
2807903040,2019,49.7,34.6,18.2,774.0,2.9
2807903040,2020,49.9,34.1,18.6,774.0,2.9
2807903040,2021,49.8,34.3,19.7,755.0,2.9
2807903040,2022,49.1,33.4,19.7,776.0,2.9
2807903041,2015,46.3,26.6,30.6,1190.0,2.5
2807903041,2016,46.1,26.5,31.4,1196.0,2.5
2807903041,2017,46.1,27.2,30.3,1209.0,2.5
2807903041,2018,47.0,27.8,29.4,1202.0,2.5
2807903041,2019,47.4,27.8,31.5,1203.0,2.5
2807903041,2020,47.4,27.2,32.9,1169.0,2.4
2807903041,2021,48.0,28.6,33.8,1146.0,2.4
2807903041,2022,48.2,28.4,34.1,1142.0,2.4
2807903042,2015,50.2,32.7,33.6,1118.0,2.4
2807903042,2016,49.8,31.6,34.3,1116.0,2.4
2807903042,2017,49.0,30.0,32.5,1145.0,2.4
2807903042,2018,48.3,28.2,32.2,1179.0,2.4
2807903042,2019,48.0,27.3,31.2,1187.0,2.4
2807903042,2020,47.4,26.7,31.7,1172.0,2.4
2807903042,2021,47.5,26.5,33.8,1154.0,2.4
2807903042,2022,47.2,26.8,33.8,1138.0,2.4
2807903044,2015,48.9,28.0,31.4,1086.0,2.4
2807903044,2016,48.0,26.2,30.6,1108.0,2.4
2807903044,2017,47.5,25.8,29.9,1118.0,2.5
2807903044,2018,46.9,25.0,30.7,1119.0,2.5
2807903044,2019,47.2,25.7,31.6,1111.0,2.5
2807903044,2020,46.6,25.7,30.2,1133.0,2.5
2807903044,2021,46.3,25.9,31.3,1143.0,2.5
2807903044,2022,46.1,26.3,29.2,1142.0,2.5
2807903045,2015,48.1,30.3,20.3,1071.0,2.7
2807903045,2016,49.1,32.0,22.9,1042.0,2.6
2807903045,2017,49.6,33.6,23.4,1035.0,2.6
2807903045,2018,50.1,34.7,23.0,1033.0,2.6
2807903045,2019,50.4,35.8,21.1,1026.0,2.6
2807903045,2020,51.0,36.3,24.1,990.0,2.5
2807903045,2021,50.9,36.4,26.7,980.0,2.5
2807903045,2022,50.7,36.2,26.3,979.0,2.5
2807903046,2015,45.5,27.0,25.1,890.0,2.6
2807903046,2016,45.5,27.6,23.0,900.0,2.7
2807903046,2017,45.4,27.8,22.7,910.0,2.7
2807903046,2018,46.0,29.3,22.8,898.0,2.7
2807903046,2019,46.2,30.3,22.9,895.0,2.7
2807903046,2020,46.2,29.4,24.0,892.0,2.7
2807903046,2021,46.6,29.3,24.4,891.0,2.6
2807903046,2022,46.7,29.0,23.3,909.0,2.6
2807903047,2015,45.3,24.1,33.1,1525.0,2.4
2807903047,2016,45.8,24.3,34.4,1482.0,2.4
2807903047,2017,45.7,24.6,33.3,1510.0,2.4
2807903047,2018,45.5,23.7,35.1,1559.0,2.4
2807903047,2019,45.1,22.4,34.1,1587.0,2.4
2807903047,2020,45.3,22.4,33.2,1563.0,2.4
2807903047,2021,45.3,22.4,32.9,1565.0,2.4
2807903047,2022,45.7,23.0,33.0,1565.0,2.4
2807903048,2015,45.8,24.5,31.1,1071.0,2.5
2807903048,2016,45.8,24.4,30.7,1071.0,2.5
2807903048,2017,46.2,24.5,32.4,1027.0,2.5
2807903048,2018,45.6,23.9,30.5,1048.0,2.5
2807903048,2019,45.4,23.5,33.8,1062.0,2.4
2807903048,2020,45.7,24.1,35.8,1066.0,2.4
2807903048,2021,45.0,23.5,33.4,1089.0,2.4
2807903048,2022,45.0,23.6,35.1,1092.0,2.4
2807903049,2015,48.4,27.9,26.2,1797.0,2.5
2807903049,2016,48.1,27.8,27.7,1780.0,2.5
2807903049,2017,48.0,27.5,29.2,1790.0,2.5
2807903049,2018,47.8,27.8,28.6,1807.0,2.5
2807903049,2019,47.4,27.9,27.4,1843.0,2.5
2807903049,2020,47.5,28.0,26.2,1821.0,2.5
2807903049,2021,47.3,27.6,26.6,1821.0,2.5
2807903049,2022,47.8,28.5,25.1,1809.0,2.5
2807903050,2015,47.9,25.8,43.0,1332.0,2.1
2807903050,2016,47.8,25.2,42.3,1324.0,2.0
2807903050,2017,47.2,24.7,41.9,1371.0,2.1
2807903050,2018,47.0,24.7,41.9,1379.0,2.1
2807903050,2019,47.5,24.9,43.7,1368.0,2.1
2807903050,2020,47.6,25.5,45.3,1335.0,2.0
2807903050,2021,47.6,25.9,45.2,1356.0,2.0
2807903050,2022,47.3,25.6,45.0,1372.0,2.1
2807903051,2015,45.4,23.3,31.2,1165.0,2.5
2807903051,2016,45.8,23.8,32.1,1145.0,2.5
2807903051,2017,46.7,25.1,33.1,1106.0,2.4
2807903051,2018,46.5,26.0,32.3,1100.0,2.5
2807903051,2019,46.4,25.8,31.5,1124.0,2.5
2807903051,2020,47.5,26.5,32.9,1075.0,2.4
2807903051,2021,48.0,26.6,33.3,1066.0,2.4
2807903051,2022,47.5,25.5,35.5,1100.0,2.4
2807903052,2015,45.4,21.7,30.4,943.0,2.4
2807903052,2016,44.5,20.8,30.6,970.0,2.4
2807903052,2017,44.3,20.8,30.6,996.0,2.5
2807903052,2018,43.9,20.6,27.6,1010.0,2.5
2807903052,2019,44.1,21.4,30.3,1024.0,2.5
2807903052,2020,44.1,22.6,33.1,989.0,2.4
2807903052,2021,44.8,23.6,34.4,985.0,2.4
2807903052,2022,45.2,24.5,33.4,986.0,2.4
2807903053,2015,45.1,23.0,33.3,1411.0,2.4
2807903053,2016,45.3,23.0,35.0,1394.0,2.4
2807903053,2017,45.3,23.1,34.1,1395.0,2.4
2807903053,2018,45.9,24.2,32.5,1369.0,2.4
2807903053,2019,45.1,23.5,30.4,1419.0,2.4
2807903053,2020,45.1,23.6,31.8,1367.0,2.4
2807903053,2021,45.1,23.3,31.6,1333.0,2.3
2807903053,2022,44.7,22.7,32.2,1386.0,2.4
2807903054,2015,47.4,26.3,35.3,1299.0,2.4
2807903054,2016,47.7,26.7,34.9,1289.0,2.3
2807903054,2017,47.7,27.0,33.1,1328.0,2.4
2807903054,2018,47.9,27.4,34.8,1323.0,2.4
2807903054,2019,47.4,26.8,34.6,1351.0,2.4
2807903054,2020,47.7,26.7,34.3,1321.0,2.4
2807903054,2021,48.4,27.6,36.6,1282.0,2.3
2807903054,2022,48.4,27.9,34.8,1307.0,2.3
2807903055,2015,45.9,22.7,49.6,921.0,2.0
2807903055,2016,46.3,23.4,49.1,880.0,2.0
2807903055,2017,46.1,22.0,49.7,891.0,1.9
2807903055,2018,46.0,21.1,49.3,951.0,2.0
2807903055,2019,45.6,21.3,47.7,924.0,2.0
2807903055,2020,46.0,22.5,46.1,942.0,2.0
2807903055,2021,46.4,23.1,46.6,899.0,2.0
2807903055,2022,46.5,23.1,45.4,935.0,2.0
2807903056,2015,45.2,24.8,30.0,1106.0,2.5
2807903056,2016,45.0,24.6,29.3,1120.0,2.5
2807903056,2017,44.8,24.8,28.0,1135.0,2.5
2807903056,2018,45.2,25.1,27.6,1094.0,2.5
2807903056,2019,44.6,23.5,29.0,1129.0,2.5
2807903056,2020,44.5,23.0,27.8,1133.0,2.6
2807903056,2021,44.6,22.9,27.8,1135.0,2.6
2807903056,2022,44.6,23.3,30.9,1101.0,2.5
2807903057,2015,47.3,25.0,35.4,1027.0,2.3
2807903057,2016,46.9,24.2,33.9,1064.0,2.3
2807903057,2017,46.8,25.0,34.7,1066.0,2.4
2807903057,2018,46.4,24.9,38.1,1063.0,2.4
2807903057,2019,45.9,24.0,37.2,1078.0,2.4
2807903057,2020,46.2,25.1,35.2,1050.0,2.4
2807903057,2021,46.8,26.0,37.3,1036.0,2.3
2807903057,2022,46.3,25.7,34.7,1076.0,2.4
2807903058,2015,46.1,24.0,43.3,1221.0,2.1
2807903058,2016,45.9,23.7,43.2,1235.0,2.1
2807903058,2017,46.5,24.7,42.5,1225.0,2.1
2807903058,2018,46.3,24.6,41.8,1228.0,2.1
2807903058,2019,45.6,23.1,42.5,1267.0,2.1
2807903058,2020,46.4,23.9,41.9,1218.0,2.1
2807903058,2021,46.7,24.2,43.9,1171.0,2.0
2807903058,2022,46.8,24.5,43.8,1188.0,2.1
2807903059,2015,45.3,23.4,35.1,1163.0,2.3
2807903059,2016,45.7,23.9,37.4,1137.0,2.3
2807903059,2017,45.4,23.8,38.1,1146.0,2.3
2807903059,2018,45.7,24.0,36.9,1160.0,2.3
2807903059,2019,46.1,24.1,34.0,1145.0,2.4
2807903059,2020,46.3,24.5,37.7,1121.0,2.3
2807903059,2021,45.8,23.9,38.2,1121.0,2.3
2807903059,2022,45.6,23.4,37.2,1129.0,2.3
2807903060,2015,44.8,23.9,41.5,745.0,2.1
2807903060,2016,45.0,24.5,44.2,721.0,2.1
2807903060,2017,44.8,24.0,42.5,721.0,2.0
2807903060,2018,44.3,23.5,43.8,724.0,2.1
2807903060,2019,43.8,22.7,41.9,736.0,2.1
2807903060,2020,43.3,21.4,41.5,768.0,2.1
2807903060,2021,44.1,21.5,37.4,766.0,2.1
2807903060,2022,43.4,20.5,37.7,795.0,2.2
2807903061,2015,45.9,23.6,45.6,907.0,2.1
2807903061,2016,45.7,23.3,47.0,889.0,2.0
2807903061,2017,46.2,23.6,49.5,880.0,2.0
2807903061,2018,46.7,24.7,47.8,862.0,2.0
2807903061,2019,47.0,26.1,46.3,861.0,2.0
2807903061,2020,47.9,26.3,48.4,836.0,2.0
2807903061,2021,47.5,26.5,50.0,843.0,1.9
2807903061,2022,47.6,27.2,48.9,853.0,1.9
2807903062,2015,48.3,27.3,34.1,651.0,2.2
2807903062,2016,49.0,28.6,36.8,626.0,2.2
2807903062,2017,,,,,
2807903062,2018,,,,,
2807903062,2019,,,,,
2807903062,2020,,,,,
2807903062,2021,,,,,
2807903062,2022,,,,,
2807903063,2015,45.0,20.2,32.2,777.0,2.4
2807903063,2016,46.1,21.6,33.8,795.0,2.4
2807903063,2017,45.7,21.3,34.7,778.0,2.3
2807903063,2018,45.5,20.5,34.0,787.0,2.3
2807903063,2019,45.0,20.5,36.8,808.0,2.3
2807903063,2020,45.3,21.9,35.8,798.0,2.3
2807903063,2021,45.5,22.6,37.3,778.0,2.3
2807903063,2022,45.7,23.6,38.7,776.0,2.3
2807903064,2015,47.3,26.0,30.8,971.0,2.5
2807903064,2016,47.4,26.8,29.6,955.0,2.5
2807903064,2017,47.4,27.2,29.9,956.0,2.5
2807903064,2018,46.8,26.6,30.5,974.0,2.5
2807903064,2019,47.0,26.9,27.7,979.0,2.5
2807903064,2020,47.1,26.8,29.4,966.0,2.5
2807903064,2021,47.9,28.1,31.8,932.0,2.4
2807903064,2022,48.0,29.4,31.2,941.0,2.4
2807903065,2015,46.5,24.5,33.0,717.0,2.5
2807903065,2016,46.4,24.6,31.3,741.0,2.6
2807903065,2017,47.1,25.6,34.5,1377.0,2.4
2807903065,2018,46.4,24.8,34.3,1434.0,2.4
2807903065,2019,46.3,24.9,33.6,1476.0,2.4
2807903065,2020,46.3,24.7,34.3,1435.0,2.4
2807903065,2021,46.1,24.5,33.9,1473.0,2.4
2807903065,2022,46.1,24.5,32.6,1460.0,2.4
2807903066,2015,46.7,25.8,32.4,883.0,2.4
2807903066,2016,46.8,26.2,34.9,874.0,2.3
2807903066,2017,46.6,25.7,35.3,886.0,2.4
2807903066,2018,46.6,24.9,35.8,896.0,2.4
2807903066,2019,47.7,26.8,36.9,876.0,2.3
2807903066,2020,47.6,26.1,36.6,874.0,2.3
2807903066,2021,47.2,25.3,36.3,880.0,2.3
2807903066,2022,47.0,24.8,35.1,903.0,2.3
2807903067,2015,45.3,23.6,34.5,1184.0,2.4
2807903067,2016,45.7,24.6,35.3,1148.0,2.4
2807903067,2017,45.6,24.4,33.7,1207.0,2.4
2807903067,2018,45.9,25.0,33.4,1210.0,2.4
2807903067,2019,45.9,24.1,31.8,1275.0,2.5
2807903067,2020,46.7,25.4,34.8,1203.0,2.4
2807903067,2021,46.6,26.0,37.0,1198.0,2.3
2807903067,2022,46.4,26.3,35.1,1205.0,2.3
2807903069,2015,42.5,16.3,36.9,834.0,2.7
2807903069,2016,43.5,17.4,36.1,799.0,2.6
2807903069,2017,43.5,17.9,37.2,817.0,2.6
2807903069,2018,43.7,18.3,36.3,814.0,2.5
2807903069,2019,44.1,17.7,35.0,824.0,2.6
2807903069,2020,43.9,18.3,34.4,803.0,2.6
2807903069,2021,43.9,18.3,33.9,819.0,2.6
2807903069,2022,43.8,17.9,31.8,828.0,2.7
2807903070,2015,44.2,18.7,33.8,769.0,2.6
2807903070,2016,44.3,19.4,36.1,761.0,2.5
2807903070,2017,44.6,19.7,35.9,755.0,2.5
2807903070,2018,44.5,19.8,38.4,761.0,2.5
2807903070,2019,44.9,20.4,35.8,737.0,2.5
2807903070,2020,45.2,21.2,37.3,709.0,2.4
2807903070,2021,45.8,23.1,39.2,683.0,2.4
2807903070,2022,46.4,23.6,37.3,686.0,2.4
2807903071,2015,45.7,23.0,38.5,1461.0,2.4
2807903071,2016,45.3,23.0,35.9,1486.0,2.4
2807903071,2017,45.2,23.5,37.2,1475.0,2.4
2807903071,2018,46.2,24.9,34.3,1436.0,2.4
2807903071,2019,46.3,25.1,35.3,1436.0,2.4
2807903071,2020,46.8,25.3,36.4,1376.0,2.3
2807903071,2021,47.1,25.8,38.7,1382.0,2.3
2807903071,2022,48.1,27.2,39.8,1374.0,2.3
2807903073,2015,48.7,28.4,30.7,1600.0,2.4
2807903073,2016,48.7,28.5,29.7,1579.0,2.4
2807903073,2017,48.8,29.2,30.3,1592.0,2.4
2807903073,2018,48.6,28.2,30.6,1615.0,2.4
2807903073,2019,48.0,27.4,29.9,1635.0,2.5
2807903073,2020,48.2,27.6,32.2,1603.0,2.4
2807903073,2021,47.6,27.5,30.5,1632.0,2.5
2807903073,2022,47.4,27.5,30.1,1623.0,2.5
2807903074,2015,51.8,35.3,32.5,1127.0,2.4
2807903074,2016,51.4,34.6,32.4,1136.0,2.4
2807903074,2017,51.3,33.5,34.2,1120.0,2.4
2807903074,2018,49.6,30.8,32.1,1166.0,2.5
2807903074,2019,49.3,30.2,33.4,1146.0,2.4
2807903074,2020,49.1,30.1,33.8,1130.0,2.4
2807903074,2021,48.4,29.4,32.9,1140.0,2.4
2807903074,2022,49.0,30.5,31.8,1097.0,2.4
2807903076,2015,52.8,39.7,25.0,1084.0,2.6
2807903076,2016,52.6,38.5,26.1,1078.0,2.5
2807903076,2017,52.0,36.1,26.1,1082.0,2.5
2807903076,2018,52.6,36.2,25.4,1053.0,2.5
2807903076,2019,52.4,36.0,24.2,1053.0,2.5
2807903076,2020,51.7,33.9,26.3,1028.0,2.5
2807903076,2021,51.2,33.3,28.4,1021.0,2.4
2807903076,2022,50.6,32.1,27.8,1025.0,2.4
2807903077,2015,46.9,27.5,30.3,1603.0,2.6
2807903077,2016,46.9,28.8,30.9,1613.0,2.6
2807903077,2017,47.0,28.5,32.2,1595.0,2.6
2807903077,2018,47.3,28.7,31.1,1563.0,2.6
2807903077,2019,47.3,28.4,29.7,1600.0,2.6
2807903077,2020,47.3,27.6,31.2,1601.0,2.6
2807903077,2021,47.5,27.4,31.4,1594.0,2.6
2807903077,2022,47.7,27.7,30.1,1598.0,2.6
2807903078,2015,46.3,29.1,27.3,1504.0,2.7
2807903078,2016,46.7,29.0,26.7,1491.0,2.7
2807903078,2017,46.2,27.7,25.6,1526.0,2.7
2807903078,2018,46.2,27.1,27.1,1539.0,2.7
2807903078,2019,46.2,27.1,27.0,1545.0,2.8
2807903078,2020,46.7,27.6,27.8,1496.0,2.7
2807903078,2021,46.9,27.6,28.1,1492.0,2.7
2807903078,2022,47.1,27.1,28.9,1483.0,2.6
2807903079,2015,48.1,28.6,37.6,1257.0,2.3
2807903079,2016,48.2,28.4,35.9,1259.0,2.3
2807903079,2017,47.9,28.4,36.0,1279.0,2.3
2807903079,2018,47.5,28.2,37.1,1279.0,2.3
2807903079,2019,47.3,28.4,36.6,1312.0,2.3
2807903079,2020,47.1,28.2,37.0,1261.0,2.3
2807903079,2021,47.2,28.6,36.8,1252.0,2.3
2807903079,2022,47.5,28.7,36.9,1264.0,2.2
2807903080,2015,44.0,21.7,20.7,1772.0,2.9
2807903080,2016,44.9,23.6,20.7,1740.0,2.9
2807903080,2017,44.7,24.1,20.9,1782.0,2.9
2807903080,2018,44.9,24.3,22.8,1763.0,2.9
2807903080,2019,44.9,24.9,23.4,1765.0,2.9
2807903080,2020,45.1,25.7,22.7,1762.0,2.9
2807903080,2021,45.4,26.1,24.1,1746.0,2.8
2807903080,2022,45.3,26.1,25.2,1762.0,2.8
2807903081,2015,44.5,26.3,16.6,1850.0,3.1
2807903081,2016,45.0,26.6,16.8,1823.0,3.1
2807903081,2017,45.8,27.9,16.1,1800.0,3.1
2807903081,2018,45.6,28.2,15.7,1827.0,3.1
2807903081,2019,46.0,28.4,17.7,1835.0,3.1
2807903081,2020,46.4,29.0,17.9,1823.0,3.1
2807903081,2021,46.6,29.2,18.6,1817.0,3.1
2807903081,2022,47.0,29.6,20.1,1825.0,3.0
2807903082,2015,44.1,24.0,15.2,1477.0,3.0
2807903082,2016,44.1,25.0,14.9,1472.0,3.0
2807903082,2017,44.3,25.2,16.9,1476.0,3.0
2807903082,2018,44.7,25.6,17.2,1462.0,2.9
2807903082,2019,45.2,26.3,17.1,1466.0,2.9
2807903082,2020,45.3,26.1,19.4,1453.0,2.9
2807903082,2021,46.0,26.4,18.0,1424.0,2.9
2807903082,2022,45.7,26.1,21.6,1399.0,2.9
2807903084,2015,43.1,19.7,25.5,1550.0,2.8
2807903084,2016,44.0,21.3,24.5,1535.0,2.8
2807903084,2017,43.9,21.3,24.7,1539.0,2.8
2807903084,2018,43.7,21.3,23.6,1568.0,2.9
2807903084,2019,44.1,21.8,24.8,1531.0,2.8
2807903084,2020,44.6,22.4,27.1,1498.0,2.7
2807903084,2021,44.6,23.3,26.7,1488.0,2.7
2807903084,2022,44.8,23.8,25.7,1521.0,2.7
2807903085,2015,47.3,29.9,25.8,824.0,2.7
2807903085,2016,47.4,30.9,27.0,823.0,2.6
2807903085,2017,47.6,31.7,27.7,826.0,2.6
2807903085,2018,47.3,30.8,28.0,822.0,2.6
2807903085,2019,48.7,32.7,30.4,831.0,2.6
2807903085,2020,48.4,32.7,32.6,826.0,2.5
2807903085,2021,48.6,33.1,32.0,837.0,2.5
2807903085,2022,48.2,32.7,31.6,848.0,2.5
2807903086,2015,45.5,24.3,33.7,1009.0,2.5
2807903086,2016,45.4,25.0,30.9,1015.0,2.5
2807903086,2017,45.5,25.9,33.1,1031.0,2.4
2807903086,2018,45.5,25.7,33.4,1058.0,2.5
2807903086,2019,45.8,25.8,34.4,1075.0,2.5
2807903086,2020,46.4,26.6,34.5,1046.0,2.4
2807903086,2021,46.6,26.9,36.5,1028.0,2.4
2807903086,2022,46.9,26.3,35.6,1025.0,2.4
2807903087,2015,45.7,27.3,25.2,1705.0,2.7
2807903087,2016,45.0,26.4,25.1,1724.0,2.8
2807903087,2017,45.2,27.5,26.3,1722.0,2.7
2807903087,2018,45.3,27.4,25.8,1746.0,2.7
2807903087,2019,45.5,27.5,26.4,1755.0,2.7
2807903087,2020,46.1,27.9,27.3,1736.0,2.7
2807903087,2021,46.3,28.1,28.0,1689.0,2.7
2807903087,2022,47.0,28.4,27.1,1667.0,2.6
2807903088,2015,46.4,24.2,31.9,641.0,2.4
2807903088,2016,47.4,25.2,32.8,620.0,2.3
2807903088,2017,46.6,23.7,34.9,636.0,2.3
2807903088,2018,46.0,23.4,34.4,650.0,2.4
2807903088,2019,46.3,24.7,33.9,651.0,2.4
2807903088,2020,46.0,25.0,32.0,652.0,2.4
2807903088,2021,45.3,24.2,29.5,661.0,2.5
2807903088,2022,45.9,25.2,34.7,632.0,2.3
2807903089,2015,46.8,25.7,17.4,1949.0,2.8
2807903089,2016,47.5,27.3,16.4,1949.0,2.8
2807903089,2017,48.1,28.4,17.9,1924.0,2.8
2807903089,2018,48.8,30.3,18.5,1883.0,2.7
2807903089,2019,49.3,30.8,19.7,1861.0,2.7
2807903089,2020,50.2,33.5,21.0,1814.0,2.6
2807903089,2021,50.6,35.3,22.2,1783.0,2.6
2807903089,2022,50.7,36.1,23.3,1770.0,2.6
2807903090,2015,47.4,30.2,10.6,1186.0,3.0
2807903090,2016,48.0,32.3,11.4,1178.0,2.9
2807903090,2017,48.3,34.4,12.5,1156.0,2.9
2807903090,2018,48.7,35.8,11.7,1163.0,2.9
2807903090,2019,49.1,37.2,14.4,1154.0,2.9
2807903090,2020,49.6,38.9,13.7,1140.0,2.8
2807903090,2021,50.2,39.9,13.8,1126.0,2.8
2807903090,2022,51.4,42.7,15.1,1092.0,2.7
2807903091,2015,46.8,28.7,13.3,1698.0,3.0
2807903091,2016,47.8,30.7,13.2,1664.0,2.9
2807903091,2017,48.5,32.8,12.3,1650.0,2.9
2807903091,2018,48.9,34.7,14.3,1648.0,2.9
2807903091,2019,49.4,35.7,14.6,1645.0,2.9
2807903091,2020,50.0,37.4,15.7,1606.0,2.8
2807903091,2021,50.0,38.0,18.0,1601.0,2.8
2807903091,2022,50.3,37.9,19.7,1606.0,2.8
2807903092,2015,44.1,21.0,22.1,2085.0,2.7
2807903092,2016,44.3,22.1,23.8,2149.0,2.7
2807903092,2017,44.8,23.3,24.0,2194.0,2.7
2807903092,2018,45.0,24.2,23.6,2200.0,2.7
2807903092,2019,45.6,25.5,23.7,2174.0,2.6
2807903092,2020,45.4,25.8,23.4,2189.0,2.7
2807903092,2021,45.9,26.8,23.2,2183.0,2.6
2807903092,2022,46.0,27.0,24.7,2192.0,2.6
2807903093,2015,49.7,38.1,14.5,1187.0,2.8
2807903093,2016,49.8,38.6,14.3,1183.0,2.8
2807903093,2017,50.2,39.7,15.0,1173.0,2.8
2807903093,2018,49.9,39.8,14.6,1205.0,2.8
2807903093,2019,50.4,41.0,13.7,1206.0,2.9
2807903093,2020,50.4,40.2,15.6,1192.0,2.8
2807903093,2021,50.8,40.5,16.6,1192.0,2.8
2807903093,2022,51.3,40.9,18.9,1167.0,2.7
2807903094,2015,48.2,31.7,16.2,776.0,2.9
2807903094,2016,48.3,32.8,13.3,786.0,3.0
2807903094,2017,48.3,32.9,13.6,780.0,3.0
2807903094,2018,48.7,34.0,12.5,789.0,3.0
2807903094,2019,49.0,33.8,12.8,810.0,3.0
2807903094,2020,49.3,34.2,15.2,784.0,2.9
2807903094,2021,49.4,34.4,14.8,781.0,2.9
2807903094,2022,49.2,34.6,13.7,786.0,2.9
2807903095,2015,44.9,20.6,26.4,1915.0,2.5
2807903095,2016,45.0,20.8,26.8,1925.0,2.5
2807903095,2017,45.7,21.4,26.9,1927.0,2.5
2807903095,2018,46.3,22.6,26.8,1941.0,2.5
2807903095,2019,46.9,23.8,26.9,1927.0,2.5
2807903095,2020,47.4,24.4,28.0,1882.0,2.5
2807903095,2021,48.1,24.9,29.3,1845.0,2.4
2807903095,2022,48.5,25.9,29.8,1841.0,2.4
2807903096,2015,41.4,12.7,27.2,2000.0,2.6
2807903096,2016,42.0,13.5,27.2,2001.0,2.6
2807903096,2017,42.7,14.0,27.5,1995.0,2.6
2807903096,2018,43.3,15.0,27.1,1998.0,2.6
2807903096,2019,43.9,15.8,27.4,1979.0,2.5
2807903096,2020,44.1,16.8,29.2,1969.0,2.5
2807903096,2021,44.7,18.3,29.8,1954.0,2.5
2807903096,2022,45.2,20.1,31.0,1944.0,2.4
2807903097,2015,40.9,13.4,24.6,2492.0,2.6
2807903097,2016,41.3,13.7,25.1,2531.0,2.6
2807903097,2017,39.1,10.3,19.8,1281.0,2.8
2807903097,2018,39.4,10.6,21.6,1294.0,2.7
2807903097,2019,40.1,11.2,22.7,1293.0,2.7
2807903097,2020,40.5,12.3,22.4,1274.0,2.6
2807903097,2021,41.1,13.5,21.5,1276.0,2.6
2807903097,2022,41.2,14.1,23.5,1292.0,2.6
2807903098,2015,40.7,12.1,35.4,1824.0,2.3
2807903098,2016,40.9,12.0,35.2,1815.0,2.3
2807903098,2017,41.7,13.1,35.4,1796.0,2.3
2807903098,2018,42.2,13.5,33.9,1788.0,2.3
2807903098,2019,42.1,14.2,33.2,1822.0,2.3
2807903098,2020,42.4,15.2,33.4,1797.0,2.3
2807903098,2021,42.7,15.5,34.7,1863.0,2.3
2807903098,2022,42.9,16.0,35.5,1911.0,2.2
2807903099,2015,45.1,21.3,39.8,1263.0,2.1
2807903099,2016,44.5,21.0,38.4,1297.0,2.2
2807903099,2017,44.6,22.2,38.5,1290.0,2.1
2807903099,2018,44.8,22.8,38.1,1298.0,2.2
2807903099,2019,45.0,22.8,37.6,1296.0,2.1
2807903099,2020,45.2,22.8,39.2,1319.0,2.1
2807903099,2021,45.0,23.0,39.8,1353.0,2.1
2807903099,2022,44.8,22.4,39.9,1395.0,2.1
2807903100,2015,,,,,
2807903100,2016,,,,,
2807903100,2017,45.1,19.2,26.7,1232.0,2.5
2807903100,2018,45.4,19.4,27.4,1230.0,2.5
2807903100,2019,45.6,19.3,28.2,1229.0,2.4
2807903100,2020,45.8,20.4,29.0,1211.0,2.4
2807903100,2021,46.6,21.8,31.9,1188.0,2.4
2807903100,2022,47.2,22.4,29.9,1179.0,2.4
2807903101,2015,,,,,
2807903101,2016,,,,,
2807903101,2017,,,,,
2807903101,2018,,,,,
2807903101,2019,,,,,
2807903101,2020,,,,,
2807903101,2021,,,,,
2807903101,2022,39.3,15.0,29.2,1391.0,2.5
2807904001,2015,43.8,19.9,50.5,946.0,1.9
2807904001,2016,44.8,21.2,49.7,912.0,1.9
2807904001,2017,44.3,20.8,50.7,973.0,1.9
2807904001,2018,44.5,20.2,50.4,1010.0,2.0
2807904001,2019,44.8,20.9,49.8,1026.0,2.0
2807904001,2020,45.2,20.9,49.9,1004.0,2.0
2807904001,2021,44.8,21.2,45.9,1073.0,2.1
2807904001,2022,45.3,22.6,48.3,1074.0,2.0
2807904002,2015,45.5,22.4,36.7,1084.0,2.5
2807904002,2016,46.1,23.3,37.4,1014.0,2.4
2807904002,2017,46.0,23.7,38.3,1059.0,2.4
2807904002,2018,46.2,24.8,39.4,1044.0,2.4
2807904002,2019,46.6,25.3,38.7,1056.0,2.4
2807904002,2020,46.9,25.6,37.4,1029.0,2.4
2807904002,2021,47.0,26.2,35.6,1020.0,2.4
2807904002,2022,47.2,26.1,37.5,1012.0,2.3
2807904003,2015,44.5,21.0,43.4,801.0,2.2
2807904003,2016,45.2,21.1,44.4,783.0,2.2
2807904003,2017,45.0,21.1,44.5,798.0,2.2
2807904003,2018,45.5,22.4,42.7,778.0,2.2
2807904003,2019,45.0,22.0,41.3,814.0,2.3
2807904003,2020,44.8,22.1,41.6,793.0,2.2
2807904003,2021,45.0,22.6,41.6,805.0,2.2
2807904003,2022,46.1,23.8,41.1,817.0,2.2
2807904004,2015,45.8,23.9,42.6,821.0,2.3
2807904004,2016,46.7,25.0,43.3,792.0,2.2
2807904004,2017,46.8,24.3,43.8,812.0,2.2
2807904004,2018,46.3,24.9,39.6,868.0,2.3
2807904004,2019,45.4,23.2,38.5,935.0,2.4
2807904004,2020,45.5,23.3,40.8,883.0,2.3
2807904004,2021,46.4,23.5,42.9,893.0,2.3
2807904004,2022,46.9,23.2,42.0,914.0,2.3
2807904005,2015,45.7,22.2,38.7,799.0,2.3
2807904005,2016,44.7,22.0,35.1,833.0,2.4
2807904005,2017,43.9,21.6,36.2,856.0,2.4
2807904005,2018,44.5,22.4,36.3,849.0,2.4
2807904005,2019,44.9,23.2,37.7,839.0,2.4
2807904005,2020,45.5,24.1,37.6,802.0,2.4
2807904005,2021,45.4,24.4,38.2,804.0,2.3
2807904005,2022,45.8,24.1,41.5,780.0,2.3
2807904006,2015,45.9,22.8,41.5,914.0,2.2
2807904006,2016,45.6,22.4,41.3,912.0,2.2
2807904006,2017,45.7,22.9,41.9,920.0,2.3
2807904006,2018,45.3,22.8,38.8,951.0,2.3
2807904006,2019,45.9,25.4,40.8,918.0,2.3
2807904006,2020,46.8,27.0,43.9,847.0,2.2
2807904006,2021,46.3,24.9,43.8,885.0,2.2
2807904006,2022,45.6,24.8,44.2,952.0,2.2
2807904007,2015,44.9,22.7,44.8,1288.0,2.1
2807904007,2016,43.9,21.4,43.1,1301.0,2.2
2807904007,2017,43.4,20.5,44.5,1364.0,2.2
2807904007,2018,43.9,21.3,45.1,1341.0,2.2
2807904007,2019,44.3,21.2,45.7,1328.0,2.1
2807904007,2020,43.7,20.2,47.0,1317.0,2.1
2807904007,2021,43.3,19.7,46.8,1394.0,2.1
2807904007,2022,44.1,21.2,48.0,1343.0,2.1
2807904008,2015,43.4,19.8,49.9,1130.0,2.1
2807904008,2016,44.1,20.5,48.8,1072.0,2.1
2807904008,2017,44.6,20.9,49.4,1110.0,2.0
2807904008,2018,44.1,20.0,48.4,1128.0,2.1
2807904008,2019,44.1,20.5,47.4,1122.0,2.1
2807904008,2020,44.8,21.2,49.4,1054.0,2.1
2807904008,2021,45.0,21.5,48.3,1040.0,2.1
2807904008,2022,43.4,19.5,52.1,1088.0,2.0
2807904009,2015,46.1,26.4,31.3,1738.0,2.7
2807904009,2016,46.8,26.2,30.6,1754.0,2.6
2807904009,2017,46.8,27.2,30.1,1760.0,2.6
2807904009,2018,46.7,27.1,31.2,1765.0,2.6
2807904009,2019,47.0,27.9,30.1,1790.0,2.7
2807904009,2020,47.0,27.5,29.7,1785.0,2.7
2807904009,2021,47.5,28.5,28.5,1760.0,2.6
2807904009,2022,47.8,28.9,30.6,1694.0,2.6
2807904010,2015,43.8,21.4,33.9,738.0,2.6
2807904010,2016,43.1,21.1,34.3,755.0,2.6
2807904010,2017,42.3,20.8,35.0,759.0,2.7
2807904010,2018,42.4,20.2,33.6,787.0,2.7
2807904010,2019,42.4,19.5,35.3,800.0,2.7
2807904010,2020,42.9,18.9,35.0,780.0,2.7
2807904010,2021,43.8,20.4,34.8,764.0,2.6
2807904010,2022,43.4,20.5,35.0,766.0,2.6
2807904011,2015,44.2,19.4,39.6,1442.0,2.4
2807904011,2016,44.0,19.7,38.9,1424.0,2.4
2807904011,2017,43.9,19.5,38.6,1434.0,2.4
2807904011,2018,44.0,19.6,38.6,1441.0,2.4
2807904011,2019,43.8,19.7,38.0,1466.0,2.4
2807904011,2020,44.2,20.1,37.4,1421.0,2.4
2807904011,2021,44.1,20.6,38.2,1433.0,2.4
2807904011,2022,44.8,21.9,40.0,1418.0,2.3
2807904012,2015,45.9,22.8,38.4,1235.0,2.4
2807904012,2016,45.1,21.8,35.2,1252.0,2.4
2807904012,2017,45.4,22.3,34.9,1271.0,2.4
2807904012,2018,46.0,22.6,36.9,1241.0,2.4
2807904012,2019,46.0,22.9,35.7,1251.0,2.4
2807904012,2020,45.9,23.1,38.7,1208.0,2.4
2807904012,2021,46.4,23.3,39.2,1219.0,2.3
2807904012,2022,46.6,24.9,37.2,1248.0,2.4
2807904013,2015,44.6,20.5,30.4,973.0,2.5
2807904013,2016,44.4,20.8,30.4,962.0,2.5
2807904013,2017,45.1,21.2,32.1,955.0,2.4
2807904013,2018,45.3,21.5,32.4,934.0,2.4
2807904013,2019,46.7,23.7,35.2,902.0,2.4
2807904013,2020,46.0,22.8,33.1,899.0,2.4
2807904013,2021,46.1,23.4,33.4,896.0,2.4
2807904013,2022,46.6,23.5,36.1,877.0,2.4
2807904014,2015,45.1,24.1,39.6,1174.0,2.3
2807904014,2016,45.3,24.0,39.3,1177.0,2.3
2807904014,2017,45.5,23.3,38.6,1205.0,2.3
2807904014,2018,45.4,23.1,37.4,1222.0,2.4
2807904014,2019,45.5,23.7,35.1,1247.0,2.4
2807904014,2020,45.4,23.0,37.5,1224.0,2.4
2807904014,2021,45.3,23.4,38.3,1239.0,2.4
2807904014,2022,46.4,25.7,40.3,1185.0,2.3
2807904015,2015,46.2,23.7,35.7,1275.0,2.3
2807904015,2016,46.7,24.7,37.6,1259.0,2.3
2807904015,2017,47.0,24.8,36.4,1272.0,2.3
2807904015,2018,47.2,25.5,34.4,1269.0,2.3
2807904015,2019,47.3,25.4,33.9,1252.0,2.3
2807904015,2020,47.4,24.9,36.4,1226.0,2.3
2807904015,2021,46.9,25.5,36.1,1235.0,2.3
2807904015,2022,46.8,25.5,37.2,1261.0,2.3
2807904016,2015,43.8,21.2,42.1,1309.0,2.3
2807904016,2016,44.1,21.7,41.6,1318.0,2.2
2807904016,2017,44.1,22.0,42.2,1344.0,2.2
2807904016,2018,44.4,22.2,41.9,1372.0,2.2
2807904016,2019,44.6,22.3,40.4,1390.0,2.3
2807904016,2020,44.2,22.2,40.0,1385.0,2.3
2807904016,2021,44.3,22.3,41.6,1374.0,2.2
2807904016,2022,43.9,22.6,44.3,1371.0,2.2
2807904017,2015,45.7,23.0,39.9,1273.0,2.2
2807904017,2016,46.2,24.2,38.2,1262.0,2.2
2807904017,2017,45.6,23.5,35.8,1331.0,2.3
2807904017,2018,46.0,24.0,37.3,1302.0,2.3
2807904017,2019,45.2,23.7,38.1,1344.0,2.3
2807904017,2020,45.8,25.0,37.8,1313.0,2.3
2807904017,2021,46.4,25.4,39.5,1306.0,2.2
2807904017,2022,46.2,26.0,39.6,1310.0,2.2
2807904018,2015,47.9,27.8,38.9,1217.0,2.2
2807904018,2016,47.8,27.9,39.1,1225.0,2.2
2807904018,2017,47.8,27.1,39.7,1221.0,2.2
2807904018,2018,47.8,27.1,40.9,1214.0,2.2
2807904018,2019,47.9,27.0,40.3,1250.0,2.2
2807904018,2020,47.8,27.0,39.9,1206.0,2.2
2807904018,2021,47.0,26.5,38.5,1229.0,2.2
2807904018,2022,46.9,26.4,39.0,1229.0,2.2
2807904019,2015,45.6,23.7,39.1,714.0,2.2
2807904019,2016,45.8,24.0,37.7,691.0,2.3
2807904019,2017,45.6,23.0,36.9,687.0,2.2
2807904019,2018,45.0,22.6,34.4,736.0,2.3
2807904019,2019,44.5,22.4,36.0,736.0,2.3
2807904019,2020,45.2,24.3,37.7,699.0,2.2
2807904019,2021,44.5,22.2,34.9,711.0,2.2
2807904019,2022,45.1,23.4,40.9,713.0,2.2
2807904020,2015,46.0,21.9,38.9,723.0,2.1
2807904020,2016,46.0,23.3,38.9,712.0,2.1
2807904020,2017,45.9,23.5,39.8,712.0,2.1
2807904020,2018,46.3,24.3,40.0,728.0,2.1
2807904020,2019,45.6,24.2,38.5,781.0,2.2
2807904020,2020,46.1,24.0,38.0,759.0,2.2
2807904020,2021,45.8,24.4,41.1,762.0,2.1
2807904020,2022,45.4,24.4,40.9,770.0,2.1
2807904021,2015,44.6,21.6,41.8,848.0,2.2
2807904021,2016,45.2,24.2,43.1,838.0,2.2
2807904021,2017,45.1,23.7,41.2,870.0,2.2
2807904021,2018,45.5,24.3,41.5,863.0,2.2
2807904021,2019,45.8,24.4,42.8,861.0,2.2
2807904021,2020,45.4,23.3,41.0,850.0,2.2
2807904021,2021,45.4,23.0,42.2,848.0,2.2
2807904021,2022,45.1,22.0,41.3,838.0,2.2
2807904023,2015,47.5,25.1,42.3,817.0,2.1
2807904023,2016,47.7,25.7,42.4,793.0,2.1
2807904023,2017,47.3,25.1,44.6,820.0,2.0
2807904023,2018,46.1,23.5,40.8,855.0,2.1
2807904023,2019,45.6,23.4,43.4,873.0,2.1
2807904023,2020,46.1,24.4,46.7,831.0,2.0
2807904023,2021,46.3,25.0,45.4,824.0,2.0
2807904023,2022,46.2,25.3,44.4,855.0,2.1
2807904024,2015,44.7,21.2,46.2,1273.0,2.1
2807904024,2016,44.6,20.5,44.6,1279.0,2.1
2807904024,2017,44.7,20.5,46.1,1315.0,2.1
2807904024,2018,44.6,20.6,44.1,1300.0,2.1
2807904024,2019,44.7,21.2,43.4,1304.0,2.1
2807904024,2020,45.0,20.9,43.9,1251.0,2.1
2807904024,2021,45.0,20.7,44.5,1260.0,2.1
2807904024,2022,44.3,19.6,45.0,1273.0,2.0
2807904025,2015,45.7,25.7,48.9,867.0,2.0
2807904025,2016,45.6,26.3,48.4,868.0,1.9
2807904025,2017,44.9,24.4,48.3,930.0,2.0
2807904025,2018,45.6,25.3,48.6,915.0,2.0
2807904025,2019,45.8,24.9,49.2,943.0,2.0
2807904025,2020,45.3,24.1,47.8,913.0,2.0
2807904025,2021,45.2,23.7,44.0,902.0,2.1
2807904025,2022,45.3,25.1,46.0,898.0,2.0
2807904026,2015,45.4,22.9,40.1,841.0,2.3
2807904026,2016,46.2,24.3,39.3,819.0,2.3
2807904026,2017,46.6,24.4,38.9,820.0,2.2
2807904026,2018,46.9,26.4,39.2,814.0,2.2
2807904026,2019,47.1,26.8,38.2,806.0,2.2
2807904026,2020,46.5,25.6,40.1,843.0,2.3
2807904026,2021,46.6,25.3,38.0,855.0,2.2
2807904026,2022,47.0,26.2,38.3,869.0,2.2
2807904027,2015,44.0,19.6,36.8,1485.0,2.4
2807904027,2016,44.1,19.8,36.0,1467.0,2.3
2807904027,2017,43.9,19.0,36.5,1519.0,2.3
2807904027,2018,44.0,19.3,35.3,1554.0,2.3
2807904027,2019,43.8,19.3,36.3,1583.0,2.3
2807904027,2020,44.6,21.0,38.6,1432.0,2.2
2807904027,2021,43.5,19.7,36.3,1474.0,2.3
2807904027,2022,43.3,19.7,36.5,1530.0,2.3
2807904028,2015,44.7,19.6,43.7,1366.0,2.1
2807904028,2016,44.8,20.4,42.7,1345.0,2.1
2807904028,2017,44.7,20.3,41.6,1405.0,2.1
2807904028,2018,44.2,19.7,41.6,1454.0,2.2
2807904028,2019,44.1,19.5,42.5,1476.0,2.1
2807904028,2020,44.9,20.1,41.6,1405.0,2.1
2807904028,2021,45.1,21.2,41.0,1389.0,2.1
2807904028,2022,44.7,21.3,41.6,1421.0,2.1
2807904029,2015,45.2,25.0,37.5,1386.0,2.2
2807904029,2016,45.1,24.8,35.4,1414.0,2.3
2807904029,2017,45.3,25.0,34.8,1452.0,2.3
2807904029,2018,45.7,26.1,35.1,1449.0,2.3
2807904029,2019,46.2,26.9,36.4,1405.0,2.3
2807904029,2020,46.7,27.9,36.3,1367.0,2.3
2807904029,2021,46.0,26.4,35.7,1396.0,2.3
2807904029,2022,46.0,27.1,36.9,1396.0,2.3
2807904030,2015,46.8,26.6,36.9,1389.0,2.4
2807904030,2016,46.5,26.0,37.7,1393.0,2.3
2807904030,2017,46.8,26.4,39.9,1366.0,2.3
2807904030,2018,46.5,26.4,39.2,1351.0,2.3
2807904030,2019,46.5,26.3,39.1,1379.0,2.3
2807904030,2020,46.4,25.4,40.1,1352.0,2.3
2807904030,2021,46.3,25.1,41.0,1369.0,2.2
2807904030,2022,46.2,25.3,40.3,1387.0,2.3
2807904031,2015,45.4,25.1,36.2,862.0,2.4
2807904031,2016,44.9,22.9,34.8,869.0,2.4
2807904031,2017,44.8,22.5,35.7,890.0,2.4
2807904031,2018,45.1,23.8,35.0,891.0,2.4
2807904031,2019,45.4,24.0,34.6,878.0,2.4
2807904031,2020,45.8,24.3,35.5,855.0,2.4
2807904031,2021,46.4,25.1,36.6,841.0,2.4
2807904031,2022,46.0,24.5,36.0,874.0,2.4
2807904032,2015,45.9,23.8,36.8,798.0,2.3
2807904032,2016,46.4,24.3,38.9,777.0,2.2
2807904032,2017,46.1,24.7,41.8,793.0,2.2
2807904032,2018,45.8,24.6,42.5,773.0,2.2
2807904032,2019,45.6,23.8,38.7,800.0,2.2
2807904032,2020,45.4,22.5,38.4,795.0,2.2
2807904032,2021,45.2,21.9,39.1,794.0,2.2
2807904032,2022,44.8,21.6,40.2,835.0,2.2
2807904033,2015,47.6,25.6,38.0,1037.0,2.2
2807904033,2016,47.9,26.2,37.8,1013.0,2.2
2807904033,2017,47.8,26.6,39.1,1019.0,2.2
2807904033,2018,47.9,27.0,38.2,1029.0,2.2
2807904033,2019,47.1,25.5,36.6,1044.0,2.2
2807904033,2020,46.9,25.0,38.5,1014.0,2.2
2807904033,2021,46.4,24.7,36.5,1059.0,2.3
2807904033,2022,46.0,24.7,35.0,1078.0,2.3
2807904034,2015,46.3,24.0,35.6,1540.0,2.4
2807904034,2016,46.4,24.0,35.4,1529.0,2.3
2807904034,2017,45.7,24.1,35.6,1574.0,2.3
2807904034,2018,45.7,23.9,33.1,1588.0,2.4
2807904034,2019,45.3,23.5,33.6,1584.0,2.4
2807904034,2020,44.9,22.6,35.6,1566.0,2.3
2807904034,2021,44.6,22.2,33.4,1578.0,2.4
2807904034,2022,44.0,21.6,35.4,1591.0,2.3
2807904035,2015,43.9,18.9,37.6,1453.0,2.2
2807904035,2016,44.1,19.1,40.9,1409.0,2.1
2807904035,2017,44.0,18.7,39.3,1438.0,2.2
2807904035,2018,44.2,19.2,37.4,1481.0,2.2
2807904035,2019,44.1,19.6,39.2,1472.0,2.2
2807904035,2020,44.2,19.9,38.5,1424.0,2.2
2807904035,2021,44.0,19.9,40.3,1440.0,2.2
2807904035,2022,44.2,20.9,39.6,1449.0,2.1
2807904036,2015,46.7,25.2,35.8,767.0,2.3
2807904036,2016,45.8,23.6,37.5,772.0,2.4
2807904036,2017,46.4,25.4,34.3,749.0,2.4
2807904036,2018,47.5,26.7,39.4,711.0,2.3
2807904036,2019,47.0,25.9,38.5,717.0,2.3
2807904036,2020,47.2,26.0,35.7,724.0,2.3
2807904036,2021,47.1,26.8,38.3,706.0,2.3
2807904036,2022,47.2,26.3,37.0,699.0,2.3
2807904037,2015,46.3,23.8,39.6,770.0,2.1
2807904037,2016,45.8,23.4,41.8,777.0,2.1
2807904037,2017,44.9,22.3,39.9,793.0,2.2
2807904037,2018,45.0,22.0,39.5,808.0,2.2
2807904037,2019,44.9,21.7,37.1,812.0,2.2
2807904037,2020,45.0,22.2,40.4,797.0,2.1
2807904037,2021,45.8,22.7,37.4,816.0,2.2
2807904037,2022,46.2,23.9,38.0,800.0,2.1
2807904038,2015,46.4,22.9,40.8,998.0,2.2
2807904038,2016,46.4,23.6,39.1,1002.0,2.2
2807904038,2017,46.1,22.1,40.2,1007.0,2.2
2807904038,2018,46.1,22.8,40.1,1028.0,2.2
2807904038,2019,46.5,23.6,41.1,1019.0,2.2
2807904038,2020,47.6,25.1,39.6,1013.0,2.1
2807904038,2021,46.5,24.2,37.0,1058.0,2.2
2807904038,2022,45.9,23.6,38.7,1071.0,2.2
2807904039,2015,44.7,21.1,42.7,811.0,2.2
2807904039,2016,45.4,22.0,42.6,819.0,2.2
2807904039,2017,46.0,22.7,43.3,783.0,2.1
2807904039,2018,46.5,23.8,43.1,768.0,2.1
2807904039,2019,46.8,25.1,42.9,774.0,2.2
2807904039,2020,47.5,26.2,43.7,752.0,2.1
2807904039,2021,46.8,26.3,43.2,769.0,2.1
2807904039,2022,47.2,27.0,43.1,767.0,2.1
2807904040,2015,47.2,26.2,34.7,772.0,2.4
2807904040,2016,47.2,26.5,31.6,791.0,2.5
2807904040,2017,47.8,27.1,33.5,772.0,2.5
2807904040,2018,46.2,24.7,32.8,797.0,2.5
2807904040,2019,47.0,26.1,34.2,786.0,2.5
2807904040,2020,48.0,26.8,34.9,760.0,2.4
2807904040,2021,48.1,28.1,34.3,759.0,2.4
2807904040,2022,48.2,29.1,36.7,754.0,2.3
2807904041,2015,46.9,25.3,37.1,929.0,2.2
2807904041,2016,46.1,23.9,39.1,948.0,2.2
2807904041,2017,45.4,23.6,36.2,985.0,2.3
2807904041,2018,45.8,24.0,35.2,968.0,2.2
2807904041,2019,45.5,22.9,35.4,1004.0,2.3
2807904041,2020,46.6,23.9,36.0,959.0,2.2
2807904041,2021,47.5,24.5,36.1,948.0,2.2
2807904041,2022,47.8,25.6,38.7,927.0,2.1
2807904042,2015,48.4,27.9,29.5,1296.0,2.6
2807904042,2016,47.5,26.3,28.2,1346.0,2.6
2807904042,2017,47.3,26.4,30.1,1360.0,2.6
2807904042,2018,47.5,26.5,31.6,1353.0,2.6
2807904042,2019,47.3,26.3,29.9,1364.0,2.6
2807904042,2020,46.9,25.6,30.2,1380.0,2.6
2807904042,2021,47.1,26.7,30.8,1378.0,2.6
2807904042,2022,46.5,25.5,30.6,1376.0,2.6
2807904043,2015,43.8,20.2,29.4,1341.0,2.6
2807904043,2016,44.2,21.0,31.1,1296.0,2.6
2807904043,2017,44.5,21.3,30.3,1320.0,2.6
2807904043,2018,43.8,20.8,28.4,1383.0,2.6
2807904043,2019,44.7,21.7,30.1,1336.0,2.6
2807904043,2020,44.2,21.0,29.1,1348.0,2.6
2807904043,2021,44.3,20.2,28.1,1346.0,2.6
2807904043,2022,44.3,20.2,28.2,1343.0,2.6
2807904044,2015,44.1,22.0,32.7,1503.0,2.5
2807904044,2016,44.0,22.8,33.0,1522.0,2.5
2807904044,2017,44.3,23.3,33.8,1521.0,2.5
2807904044,2018,44.4,23.9,34.6,1523.0,2.4
2807904044,2019,44.1,23.0,32.8,1581.0,2.5
2807904044,2020,44.8,23.5,32.6,1542.0,2.5
2807904044,2021,44.4,22.6,31.0,1579.0,2.6
2807904044,2022,44.3,22.2,30.8,1630.0,2.6
2807904045,2015,46.0,23.7,42.6,1398.0,2.1
2807904045,2016,46.2,24.4,41.7,1375.0,2.1
2807904045,2017,45.8,23.7,44.6,1387.0,2.1
2807904045,2018,44.9,22.7,43.1,1427.0,2.1
2807904045,2019,45.0,22.2,43.5,1444.0,2.1
2807904045,2020,45.6,23.1,43.1,1410.0,2.1
2807904045,2021,46.4,24.0,42.9,1369.0,2.1
2807904045,2022,46.1,23.0,43.7,1412.0,2.1
2807904046,2015,47.5,26.6,32.8,689.0,2.4
2807904046,2016,49.0,28.7,31.4,647.0,2.3
2807904046,2017,49.2,29.1,32.1,660.0,2.3
2807904046,2018,49.3,29.0,33.1,668.0,2.3
2807904046,2019,49.0,29.6,34.8,658.0,2.3
2807904046,2020,49.5,29.2,35.3,640.0,2.2
2807904046,2021,51.1,31.9,37.0,609.0,2.2
2807904046,2022,50.1,30.8,37.4,608.0,2.1
2807904047,2015,47.5,27.2,31.1,1123.0,2.4
2807904047,2016,48.3,29.4,31.2,1108.0,2.3
2807904047,2017,48.4,30.2,31.1,1131.0,2.4
2807904047,2018,48.7,31.3,31.1,1117.0,2.4
2807904047,2019,49.5,32.7,32.3,1079.0,2.3
2807904047,2020,49.6,32.5,32.1,1092.0,2.3
2807904047,2021,50.6,33.7,33.6,1059.0,2.3
2807904047,2022,50.2,33.5,34.0,1056.0,2.3
2807904048,2015,45.4,20.5,38.4,935.0,2.3
2807904048,2016,45.5,21.1,34.9,964.0,2.4
2807904048,2017,45.6,21.4,38.0,960.0,2.3
2807904048,2018,45.1,20.5,38.4,974.0,2.2
2807904048,2019,44.9,20.5,37.4,981.0,2.3
2807904048,2020,45.8,21.7,37.3,940.0,2.2
2807904048,2021,46.1,22.8,38.0,957.0,2.2
2807904048,2022,46.3,23.7,39.8,959.0,2.2
2807904049,2015,45.5,21.7,44.7,1344.0,2.1
2807904049,2016,45.6,21.9,43.0,1315.0,2.1
2807904049,2017,45.0,21.0,42.2,1326.0,2.1
2807904049,2018,45.1,21.0,44.1,1361.0,2.1
2807904049,2019,45.3,21.5,43.1,1377.0,2.1
2807904049,2020,45.5,21.8,43.7,1342.0,2.1
2807904049,2021,45.7,22.1,44.5,1323.0,2.0
2807904049,2022,46.1,22.6,46.8,1316.0,2.0
2807904050,2015,45.8,21.5,37.2,673.0,2.2
2807904050,2016,46.1,21.8,38.9,646.0,2.2
2807904050,2017,44.5,20.3,36.2,666.0,2.3
2807904050,2018,44.5,19.9,35.4,699.0,2.3
2807904050,2019,44.6,20.9,33.6,708.0,2.3
2807904050,2020,43.6,19.9,36.6,714.0,2.3
2807904050,2021,44.6,21.4,36.8,683.0,2.2
2807904050,2022,43.1,20.1,38.5,735.0,2.3
2807904051,2015,44.9,21.3,36.7,1242.0,2.2
2807904051,2016,45.0,21.6,37.0,1206.0,2.2
2807904051,2017,45.1,21.9,38.3,1213.0,2.2
2807904051,2018,44.3,20.1,37.8,1274.0,2.2
2807904051,2019,43.7,20.1,36.5,1323.0,2.3
2807904051,2020,43.6,19.9,36.9,1295.0,2.2
2807904051,2021,43.5,19.9,38.3,1277.0,2.2
2807904051,2022,43.2,18.5,37.9,1332.0,2.2
2807904052,2015,46.0,24.0,40.4,1107.0,2.2
2807904052,2016,45.9,23.6,38.6,1085.0,2.2
2807904052,2017,45.3,22.9,40.9,1086.0,2.2
2807904052,2018,45.7,23.2,39.2,1098.0,2.2
2807904052,2019,45.9,23.3,37.7,1097.0,2.2
2807904052,2020,46.0,23.4,37.9,1092.0,2.2
2807904052,2021,45.9,23.3,39.2,1096.0,2.2
2807904052,2022,46.2,23.4,40.2,1078.0,2.1
2807904053,2015,48.8,28.5,43.2,1145.0,2.1
2807904053,2016,48.4,27.5,41.4,1134.0,2.1
2807904053,2017,48.7,27.5,40.4,1172.0,2.1
2807904053,2018,48.2,26.7,41.8,1196.0,2.1
2807904053,2019,48.2,26.7,41.6,1212.0,2.1
2807904053,2020,48.2,26.5,41.4,1200.0,2.1
2807904053,2021,48.8,27.1,40.4,1190.0,2.1
2807904053,2022,48.6,27.7,40.0,1208.0,2.1
2807904054,2015,48.3,28.6,31.4,1253.0,2.4
2807904054,2016,48.6,28.6,31.2,1225.0,2.4
2807904054,2017,48.3,27.5,30.2,1221.0,2.4
2807904054,2018,48.0,26.8,29.8,1252.0,2.4
2807904054,2019,47.8,26.5,30.5,1274.0,2.4
2807904054,2020,48.3,27.2,30.3,1256.0,2.4
2807904054,2021,48.5,28.1,31.8,1260.0,2.4
2807904054,2022,48.1,27.6,31.8,1271.0,2.4
2807904055,2015,47.1,25.6,38.8,1578.0,2.1
2807904055,2016,47.1,26.2,39.2,1593.0,2.2
2807904055,2017,46.6,25.7,38.0,1603.0,2.1
2807904055,2018,47.1,25.9,37.8,1607.0,2.2
2807904055,2019,47.0,25.3,38.2,1640.0,2.2
2807904055,2020,46.9,24.9,39.9,1622.0,2.1
2807904055,2021,47.0,26.2,38.5,1603.0,2.1
2807904055,2022,46.9,26.0,37.6,1638.0,2.2
2807904056,2015,46.6,26.7,35.5,1443.0,2.3
2807904056,2016,46.3,26.6,35.8,1457.0,2.3
2807904056,2017,46.2,26.8,36.4,1483.0,2.3
2807904056,2018,46.2,26.6,37.1,1501.0,2.3
2807904056,2019,46.3,26.2,37.6,1522.0,2.3
2807904056,2020,46.5,26.5,37.4,1477.0,2.3
2807904056,2021,46.2,26.0,37.4,1465.0,2.2
2807904056,2022,45.9,25.1,37.1,1529.0,2.2
2807904057,2015,47.1,24.8,41.8,1118.0,2.2
2807904057,2016,47.5,25.7,43.1,1121.0,2.1
2807904057,2017,47.5,25.2,41.3,1152.0,2.2
2807904057,2018,47.6,25.6,43.1,1135.0,2.2
2807904057,2019,46.9,24.7,41.1,1144.0,2.2
2807904057,2020,46.7,25.3,43.4,1103.0,2.1
2807904057,2021,45.7,24.0,43.7,1139.0,2.1
2807904057,2022,45.7,24.3,42.4,1141.0,2.1
2807904058,2015,43.8,20.5,37.8,1314.0,2.3
2807904058,2016,44.7,21.3,39.4,1281.0,2.2
2807904058,2017,45.0,21.0,38.5,1301.0,2.2
2807904058,2018,45.3,21.5,39.8,1305.0,2.2
2807904058,2019,45.4,21.2,41.3,1275.0,2.2
2807904058,2020,45.7,21.8,40.5,1241.0,2.2
2807904058,2021,45.9,22.5,41.6,1247.0,2.2
2807904058,2022,46.1,23.2,42.3,1238.0,2.2
2807904060,2015,47.9,27.2,39.5,1314.0,2.2
2807904060,2016,47.5,27.0,39.1,1309.0,2.2
2807904060,2017,47.2,25.7,38.7,1319.0,2.2
2807904060,2018,46.8,25.0,40.2,1347.0,2.3
2807904060,2019,47.0,24.7,39.6,1350.0,2.3
2807904060,2020,47.6,25.4,41.5,1300.0,2.2
2807904060,2021,47.4,25.1,41.9,1331.0,2.2
2807904060,2022,47.5,26.8,39.8,1314.0,2.2
2807904061,2015,47.0,25.0,30.9,1363.0,2.5
2807904061,2016,46.7,25.8,29.8,1390.0,2.5
2807904061,2017,46.4,24.9,30.8,1424.0,2.5
2807904061,2018,46.2,25.2,32.2,1458.0,2.5
2807904061,2019,46.8,26.1,34.0,1441.0,2.5
2807904061,2020,47.2,27.1,34.0,1415.0,2.5
2807904061,2021,46.6,26.3,32.6,1432.0,2.5
2807904061,2022,46.9,27.1,34.1,1419.0,2.5
2807904062,2015,47.5,25.8,38.7,1227.0,2.2
2807904062,2016,47.6,25.8,37.6,1199.0,2.2
2807904062,2017,46.5,24.2,36.9,1235.0,2.3
2807904062,2018,45.9,23.2,36.9,1274.0,2.3
2807904062,2019,45.6,22.8,36.6,1287.0,2.3
2807904062,2020,45.5,23.0,37.1,1261.0,2.3
2807904062,2021,45.6,23.3,36.5,1279.0,2.3
2807904062,2022,45.8,23.2,36.8,1283.0,2.3
2807904063,2015,44.8,20.9,35.1,1506.0,2.4
2807904063,2016,44.9,21.3,35.2,1538.0,2.4
2807904063,2017,44.8,21.5,34.9,1571.0,2.4
2807904063,2018,44.6,21.3,35.0,1595.0,2.4
2807904063,2019,45.2,21.8,34.7,1563.0,2.4
2807904063,2020,45.4,21.9,34.6,1547.0,2.4
2807904063,2021,45.9,22.9,36.7,1501.0,2.3
2807904063,2022,45.4,23.3,38.3,1476.0,2.3
2807904064,2015,46.9,26.9,39.8,1020.0,2.1
2807904064,2016,47.4,27.3,39.4,1017.0,2.2
2807904064,2017,46.7,27.4,38.0,1089.0,2.2
2807904064,2018,47.0,27.0,37.3,1076.0,2.2
2807904064,2019,46.0,25.0,38.1,1143.0,2.2
2807904064,2020,46.6,26.6,37.5,1103.0,2.2
2807904064,2021,46.3,26.3,37.2,1085.0,2.2
2807904064,2022,46.5,26.4,40.0,1091.0,2.1
2807904065,2015,46.4,25.1,35.8,1582.0,2.3
2807904065,2016,46.4,24.8,37.6,1623.0,2.3
2807904065,2017,46.7,25.4,38.8,1621.0,2.2
2807904065,2018,47.0,26.0,39.5,1611.0,2.2
2807904065,2019,47.0,25.5,40.0,1615.0,2.2
2807904065,2020,47.3,25.8,41.8,1577.0,2.2
2807904065,2021,46.9,24.8,40.3,1619.0,2.2
2807904065,2022,46.6,24.7,41.0,1610.0,2.2
2807904067,2015,47.4,25.4,40.5,1061.0,2.1
2807904067,2016,47.8,25.5,40.0,1060.0,2.1
2807904067,2017,47.7,25.5,39.2,1102.0,2.1
2807904067,2018,47.2,25.2,39.9,1112.0,2.2
2807904067,2019,46.9,25.3,41.5,1131.0,2.1
2807904067,2020,46.8,25.6,43.2,1099.0,2.1
2807904067,2021,47.1,25.6,42.8,1120.0,2.1
2807904067,2022,47.0,25.3,41.6,1118.0,2.1
2807904068,2015,48.1,26.8,34.1,976.0,2.3
2807904068,2016,47.5,26.4,33.0,991.0,2.3
2807904068,2017,47.4,26.4,36.0,975.0,2.3
2807904068,2018,47.4,26.2,35.7,979.0,2.3
2807904068,2019,46.9,25.1,36.8,1001.0,2.3
2807904068,2020,46.8,26.0,39.8,992.0,2.2
2807904068,2021,47.0,25.9,39.2,984.0,2.2
2807904068,2022,46.2,25.0,38.0,1028.0,2.3
2807904069,2015,46.7,24.9,36.6,1477.0,2.3
2807904069,2016,46.1,23.7,36.1,1517.0,2.3
2807904069,2017,46.2,24.0,37.0,1511.0,2.3
2807904069,2018,46.4,24.1,37.3,1524.0,2.3
2807904069,2019,46.0,23.3,37.0,1539.0,2.3
2807904069,2020,45.4,22.8,37.9,1524.0,2.3
2807904069,2021,45.8,23.5,37.8,1500.0,2.3
2807904069,2022,45.6,22.9,37.0,1541.0,2.3
2807904070,2015,46.8,24.2,35.0,1172.0,2.3
2807904070,2016,47.1,23.8,36.3,1145.0,2.2
2807904070,2017,47.1,23.9,36.0,1150.0,2.3
2807904070,2018,46.5,22.7,34.9,1183.0,2.3
2807904070,2019,46.7,22.5,35.4,1203.0,2.3
2807904070,2020,47.2,24.3,36.0,1173.0,2.2
2807904070,2021,46.8,24.2,33.5,1174.0,2.3
2807904070,2022,46.4,24.3,36.1,1189.0,2.2
2807904071,2015,44.1,20.0,31.3,1159.0,2.6
2807904071,2016,44.0,19.3,31.0,1147.0,2.5
2807904071,2017,43.8,18.6,32.0,1167.0,2.5
2807904071,2018,43.8,18.3,33.0,1164.0,2.5
2807904071,2019,44.1,19.1,32.2,1177.0,2.5
2807904071,2020,45.0,20.8,31.6,1123.0,2.4
2807904071,2021,44.6,20.4,32.8,1114.0,2.4
2807904071,2022,45.0,20.6,35.4,1089.0,2.3
2807904072,2015,48.3,28.6,27.1,695.0,2.4
2807904072,2016,48.2,28.6,29.0,697.0,2.4
2807904072,2017,47.0,26.3,27.5,693.0,2.4
2807904072,2018,47.1,26.3,29.6,700.0,2.4
2807904072,2019,47.5,27.3,27.0,706.0,2.4
2807904072,2020,47.4,26.6,27.7,708.0,2.4
2807904072,2021,48.7,27.7,30.5,660.0,2.3
2807904072,2022,48.7,27.9,31.0,674.0,2.3
2807904073,2015,49.2,33.0,34.5,1371.0,2.4
2807904073,2016,49.3,32.4,33.5,1380.0,2.5
2807904073,2017,49.1,31.7,33.3,1388.0,2.4
2807904073,2018,49.2,31.0,33.2,1370.0,2.4
2807904073,2019,49.5,30.6,33.5,1358.0,2.4
2807904073,2020,49.4,30.9,34.6,1340.0,2.4
2807904073,2021,48.2,29.0,33.6,1383.0,2.4
2807904073,2022,48.2,28.4,33.6,1393.0,2.4
2807904074,2015,48.9,29.5,29.3,1089.0,2.4
2807904074,2016,48.8,28.9,29.7,1100.0,2.4
2807904074,2017,48.7,29.3,29.3,1104.0,2.4
2807904074,2018,49.6,29.2,30.9,1088.0,2.3
2807904074,2019,49.1,28.3,33.3,1087.0,2.3
2807904074,2020,48.5,29.0,33.8,1079.0,2.3
2807904074,2021,48.7,28.9,32.4,1075.0,2.3
2807904074,2022,49.1,29.5,33.2,1074.0,2.3
2807904075,2015,50.0,31.7,19.2,923.0,2.7
2807904075,2016,50.0,31.3,17.4,928.0,2.7
2807904075,2017,49.7,30.6,19.4,952.0,2.7
2807904075,2018,48.8,29.5,18.9,982.0,2.8
2807904075,2019,47.9,28.0,18.5,998.0,2.8
2807904075,2020,48.5,28.4,19.8,980.0,2.8
2807904075,2021,48.5,27.7,22.4,962.0,2.7
2807904075,2022,47.7,26.7,23.8,976.0,2.7
2807904076,2015,47.7,28.5,16.4,938.0,3.1
2807904076,2016,47.9,28.1,15.7,947.0,3.1
2807904076,2017,48.6,28.5,16.1,923.0,3.0
2807904076,2018,48.4,28.6,17.9,937.0,3.0
2807904076,2019,49.3,29.6,17.1,920.0,3.0
2807904076,2020,50.1,30.4,18.6,882.0,2.9
2807904076,2021,49.6,30.1,20.8,886.0,2.9
2807904076,2022,50.0,30.1,18.4,890.0,2.9
2807904077,2015,50.1,35.5,17.3,1074.0,2.9
2807904077,2016,50.0,34.9,16.4,1097.0,2.9
2807904077,2017,50.0,34.5,18.0,1081.0,2.9
2807904077,2018,49.6,33.4,19.3,1071.0,2.9
2807904077,2019,49.5,32.7,19.7,1097.0,2.9
2807904077,2020,49.3,31.5,20.8,1079.0,2.9
2807904077,2021,49.2,30.3,20.0,1078.0,2.9
2807904077,2022,48.8,28.8,20.9,1078.0,2.9
2807904078,2015,46.9,27.8,19.2,683.0,3.0
2807904078,2016,48.3,29.7,21.7,663.0,2.9
2807904078,2017,48.4,29.5,20.4,662.0,2.9
2807904078,2018,47.9,28.7,17.8,677.0,2.9
2807904078,2019,47.8,28.6,20.7,686.0,3.0
2807904078,2020,47.5,29.2,23.0,682.0,2.9
2807904078,2021,47.4,28.6,20.1,675.0,2.9
2807904078,2022,47.6,28.5,20.7,671.0,2.8
2807904079,2015,49.0,28.6,20.3,1093.0,2.9
2807904079,2016,48.7,28.5,18.1,1112.0,2.9
2807904079,2017,48.3,27.9,19.2,1124.0,2.9
2807904079,2018,48.8,28.8,19.7,1130.0,2.9
2807904079,2019,48.7,28.0,20.6,1107.0,2.9
2807904079,2020,48.4,27.9,21.1,1095.0,2.9
2807904079,2021,49.2,28.9,21.5,1063.0,2.8
2807904079,2022,48.9,29.7,20.9,1076.0,2.8
2807904080,2015,47.0,25.5,18.1,776.0,3.1
2807904080,2016,46.9,25.0,19.7,773.0,3.1
2807904080,2017,47.3,25.2,21.3,754.0,3.0
2807904080,2018,47.0,25.0,22.2,741.0,3.0
2807904080,2019,46.9,24.6,22.9,740.0,3.0
2807904080,2020,47.4,26.2,23.2,733.0,2.9
2807904080,2021,47.4,25.2,22.5,722.0,2.9
2807904080,2022,47.0,25.2,23.9,737.0,2.9
2807904081,2015,49.8,31.2,20.9,1068.0,2.9
2807904081,2016,49.3,30.2,19.4,1085.0,3.0
2807904081,2017,49.7,30.3,19.5,1086.0,2.9
2807904081,2018,50.0,30.0,20.7,1085.0,2.9
2807904081,2019,49.8,29.5,21.2,1088.0,2.9
2807904081,2020,49.8,29.4,20.5,1070.0,2.9
2807904081,2021,49.3,28.4,21.6,1062.0,2.9
2807904081,2022,48.9,28.8,20.9,1039.0,2.8
2807904082,2015,48.1,29.5,21.7,835.0,2.7
2807904082,2016,48.0,29.1,23.5,821.0,2.6
2807904082,2017,47.6,28.7,24.1,844.0,2.6
2807904082,2018,47.3,27.8,24.1,820.0,2.6
2807904082,2019,46.5,26.4,23.5,835.0,2.7
2807904082,2020,46.4,25.5,24.7,843.0,2.6
2807904082,2021,46.5,26.0,25.2,845.0,2.6
2807904082,2022,46.4,25.2,25.3,852.0,2.6
2807904083,2015,46.0,24.4,27.6,726.0,2.6
2807904083,2016,46.0,24.6,28.8,724.0,2.6
2807904083,2017,45.3,23.8,26.6,730.0,2.6
2807904083,2018,45.0,23.2,26.7,745.0,2.7
2807904083,2019,44.6,22.8,25.4,760.0,2.7
2807904083,2020,44.5,22.5,25.8,756.0,2.6
2807904083,2021,44.4,22.1,26.0,760.0,2.6
2807904083,2022,44.1,22.8,26.6,762.0,2.6
2807904084,2015,48.1,29.7,28.7,834.0,2.6
2807904084,2016,48.5,30.1,28.8,818.0,2.6
2807904084,2017,49.2,31.0,29.8,798.0,2.5
2807904084,2018,48.8,30.7,28.5,806.0,2.6
2807904084,2019,48.5,29.2,28.1,818.0,2.6
2807904084,2020,48.8,30.0,28.6,789.0,2.5
2807904084,2021,48.6,29.4,29.6,775.0,2.5
2807904084,2022,48.4,28.8,27.5,772.0,2.5
2807904085,2015,42.5,18.7,38.1,1887.0,2.2
2807904085,2016,42.5,18.5,37.2,1915.0,2.3
2807904085,2017,42.7,18.3,37.9,1928.0,2.2
2807904085,2018,42.9,18.4,36.7,1973.0,2.3
2807904085,2019,42.8,18.0,36.6,2024.0,2.3
2807904085,2020,42.0,16.3,37.5,2150.0,2.2
2807904085,2021,41.6,15.6,37.5,2244.0,2.2
2807904085,2022,41.6,15.8,37.8,2336.0,2.3
2807904086,2015,42.7,19.6,41.7,2485.0,2.2
2807904086,2016,42.8,19.5,42.0,2484.0,2.2
2807904086,2017,45.8,24.3,45.0,1397.0,2.1
2807904086,2018,45.8,23.6,42.7,1418.0,2.1
2807904086,2019,45.3,23.1,42.5,1496.0,2.1
2807904086,2020,45.3,23.0,42.8,1482.0,2.1
2807904086,2021,46.0,24.6,43.6,1465.0,2.1
2807904086,2022,46.2,25.4,44.6,1503.0,2.1
2807904087,2015,44.9,21.5,42.5,2318.0,2.1
2807904087,2016,44.9,21.0,42.9,2277.0,2.1
2807904087,2017,44.5,20.7,43.5,2388.0,2.1
2807904087,2018,44.7,20.4,43.7,2390.0,2.1
2807904087,2019,44.8,20.3,40.2,2476.0,2.1
2807904087,2020,44.9,20.6,40.3,2413.0,2.1
2807904087,2021,45.1,21.2,41.8,2354.0,2.1
2807904087,2022,44.2,19.8,42.4,2399.0,2.1
2807904088,2015,47.1,25.5,41.0,1948.0,2.1
2807904088,2016,47.3,26.0,41.7,1958.0,2.1
2807904088,2017,47.2,25.8,43.2,1991.0,2.1
2807904088,2018,47.0,26.0,43.9,1999.0,2.1
2807904088,2019,46.5,25.4,42.8,2055.0,2.1
2807904088,2020,46.9,26.2,43.2,1963.0,2.1
2807904088,2021,46.4,25.7,42.4,1952.0,2.1
2807904088,2022,45.8,24.5,42.1,2042.0,2.1
2807904089,2015,46.6,22.7,38.1,745.0,2.1
2807904089,2016,46.0,22.5,37.5,759.0,2.2
2807904089,2017,46.1,22.4,37.4,774.0,2.1
2807904089,2018,46.4,22.3,37.8,779.0,2.1
2807904089,2019,46.8,22.8,40.1,755.0,2.1
2807904089,2020,47.2,23.8,43.6,726.0,2.0
2807904089,2021,46.5,22.9,46.0,728.0,2.0
2807904089,2022,46.2,22.2,44.1,751.0,2.0
2807904090,2015,44.1,19.5,45.3,1208.0,2.1
2807904090,2016,44.2,18.9,43.7,1179.0,2.1
2807904090,2017,44.0,17.8,44.3,1199.0,2.1
2807904090,2018,43.9,18.5,45.1,1223.0,2.1
2807904090,2019,43.9,18.6,43.6,1223.0,2.1
2807904090,2020,43.9,18.8,42.6,1240.0,2.1
2807904090,2021,43.9,19.7,43.1,1247.0,2.1
2807904090,2022,44.7,21.4,45.4,1212.0,2.1
2807904091,2015,44.3,19.2,50.5,1399.0,1.9
2807904091,2016,44.1,19.4,49.7,1364.0,1.9
2807904091,2017,43.4,18.6,49.9,1433.0,1.9
2807904091,2018,43.4,18.4,49.5,1492.0,2.0
2807904091,2019,42.9,17.2,48.4,1517.0,2.0
2807904091,2020,43.1,17.2,49.1,1460.0,1.9
2807904091,2021,43.0,17.6,49.8,1482.0,1.9
2807904091,2022,43.3,17.9,49.7,1525.0,1.9
2807904092,2015,46.6,25.4,48.1,904.0,1.9
2807904092,2016,46.6,25.4,46.0,892.0,2.0
2807904092,2017,46.0,25.3,46.6,914.0,2.0
2807904092,2018,45.8,25.2,46.1,944.0,2.0
2807904092,2019,45.5,24.2,44.9,955.0,2.0
2807904092,2020,46.2,25.3,45.2,924.0,2.0
2807904092,2021,46.8,25.7,45.5,922.0,2.0
2807904092,2022,45.9,24.4,47.2,946.0,1.9
2807904093,2015,44.2,18.7,43.8,1065.0,2.1
2807904093,2016,44.1,19.2,41.1,1040.0,2.1
2807904093,2017,43.3,18.3,41.4,1100.0,2.1
2807904093,2018,43.1,17.7,40.4,1117.0,2.2
2807904093,2019,43.1,17.7,40.5,1133.0,2.2
2807904093,2020,41.9,16.5,39.1,1240.0,2.2
2807904093,2021,42.4,16.9,39.8,1227.0,2.2
2807904093,2022,42.1,16.9,38.7,1254.0,2.2
2807904094,2015,48.0,28.3,35.6,1313.0,2.3
2807904094,2016,48.3,28.8,36.0,1320.0,2.3
2807904094,2017,47.8,28.6,35.8,1329.0,2.3
2807904094,2018,47.0,27.9,36.1,1394.0,2.3
2807904094,2019,46.4,26.9,35.2,1418.0,2.4
2807904094,2020,47.0,27.3,35.0,1376.0,2.3
2807904094,2021,46.8,26.7,35.6,1403.0,2.3
2807904094,2022,46.5,27.2,36.0,1447.0,2.3
2807904095,2015,45.6,23.5,44.9,643.0,2.0
2807904095,2016,45.1,22.2,45.0,650.0,2.0
2807904095,2017,44.1,21.4,47.9,677.0,2.0
2807904095,2018,44.0,21.7,45.6,687.0,2.0
2807904095,2019,43.8,21.1,47.9,688.0,2.0
2807904095,2020,43.9,20.4,50.0,697.0,2.0
2807904095,2021,43.8,21.2,50.6,681.0,1.9
2807904095,2022,,,,,
2807904096,2015,43.7,22.8,35.2,766.0,2.5
2807904096,2016,43.6,23.3,33.2,763.0,2.5
2807904096,2017,43.8,22.6,36.6,784.0,2.5
2807904096,2018,44.4,22.4,36.0,809.0,2.5
2807904096,2019,44.7,22.5,34.6,803.0,2.4
2807904096,2020,46.0,25.1,33.5,761.0,2.4
2807904096,2021,45.6,24.8,34.0,763.0,2.4
2807904096,2022,43.8,21.6,42.1,1491.0,2.2
2807904097,2015,43.2,19.3,40.7,977.0,2.4
2807904097,2016,43.1,19.1,38.6,974.0,2.4
2807904097,2017,42.9,19.4,39.1,989.0,2.4
2807904097,2018,43.3,19.7,39.7,997.0,2.4
2807904097,2019,43.2,19.8,38.2,1011.0,2.4
2807904097,2020,42.8,19.7,39.7,997.0,2.4
2807904097,2021,43.0,19.6,36.1,1029.0,2.5
2807904097,2022,42.6,19.1,39.3,1044.0,2.4
2807904098,2015,46.8,27.2,31.0,1290.0,2.5
2807904098,2016,47.0,27.4,30.7,1264.0,2.5
2807904098,2017,47.3,28.0,30.4,1286.0,2.5
2807904098,2018,47.2,28.3,29.3,1324.0,2.6
2807904098,2019,47.8,29.4,29.9,1318.0,2.5
2807904098,2020,48.0,29.3,29.5,1289.0,2.5
2807904098,2021,47.9,29.5,29.4,1280.0,2.4
2807904098,2022,47.8,29.7,31.5,1306.0,2.4
2807904099,2015,44.4,23.8,38.9,1148.0,2.4
2807904099,2016,45.4,24.9,36.8,1081.0,2.3
2807904099,2017,46.0,25.4,40.7,1075.0,2.2
2807904099,2018,45.8,25.1,38.6,1078.0,2.3
2807904099,2019,45.9,24.5,34.8,1084.0,2.3
2807904099,2020,46.5,24.9,38.5,1055.0,2.2
2807904099,2021,46.9,26.3,38.7,1042.0,2.2
2807904099,2022,46.2,25.6,38.4,1096.0,2.3
2807904100,2015,48.8,29.8,33.4,755.0,2.4
2807904100,2016,48.0,28.4,29.4,792.0,2.5
2807904100,2017,48.2,28.2,31.4,790.0,2.4
2807904100,2018,46.9,26.7,33.0,765.0,2.4
2807904100,2019,47.4,26.3,32.0,753.0,2.4
2807904100,2020,47.4,27.4,35.6,733.0,2.3
2807904100,2021,47.0,27.3,34.7,730.0,2.3
2807904100,2022,46.2,25.5,32.8,748.0,2.4
2807904101,2015,44.8,21.5,45.4,841.0,2.0
2807904101,2016,45.9,23.0,47.7,807.0,2.0
2807904101,2017,45.2,21.7,47.2,851.0,2.0
2807904101,2018,45.4,22.0,46.8,864.0,2.0
2807904101,2019,45.2,22.7,43.9,859.0,2.0
2807904101,2020,45.3,22.0,43.2,856.0,2.0
2807904101,2021,46.1,23.6,47.3,829.0,1.9
2807904101,2022,44.4,21.1,45.4,874.0,2.0
2807904102,2015,43.4,20.2,45.6,1057.0,2.1
2807904102,2016,44.2,21.2,47.1,1012.0,2.0
2807904102,2017,43.7,20.6,49.5,1041.0,2.0
2807904102,2018,43.3,20.0,45.1,1068.0,2.1
2807904102,2019,43.1,19.8,44.4,1110.0,2.1
2807904102,2020,43.7,20.2,45.6,1054.0,2.1
2807904102,2021,44.0,21.3,46.6,1057.0,2.0
2807904102,2022,43.6,21.5,46.2,1081.0,2.1
2807904103,2015,45.8,26.2,45.2,1168.0,2.0
2807904103,2016,45.5,24.9,45.6,1181.0,2.0
2807904103,2017,45.0,24.2,43.9,1230.0,2.1
2807904103,2018,46.3,25.3,46.2,1204.0,2.0
2807904103,2019,45.9,24.6,46.7,1252.0,2.0
2807904103,2020,47.0,25.9,46.9,1190.0,2.0
2807904103,2021,47.0,26.4,49.0,1192.0,1.9
2807904103,2022,46.8,25.5,48.0,1227.0,1.9
2807904104,2015,45.3,24.0,41.1,1122.0,2.2
2807904104,2016,45.3,24.5,42.6,1145.0,2.2
2807904104,2017,44.8,24.1,41.1,1143.0,2.2
2807904104,2018,45.3,24.8,38.9,1127.0,2.2
2807904104,2019,46.0,24.9,41.5,1102.0,2.1
2807904104,2020,45.9,23.9,40.3,1125.0,2.1
2807904104,2021,45.8,23.7,40.8,1153.0,2.2
2807904104,2022,46.4,25.3,41.7,1141.0,2.2
2807904105,2015,46.0,24.0,35.3,1067.0,2.2
2807904105,2016,45.8,23.4,36.3,1093.0,2.2
2807904105,2017,45.6,23.6,36.2,1111.0,2.2
2807904105,2018,45.6,23.1,37.5,1119.0,2.2
2807904105,2019,45.2,22.4,36.7,1124.0,2.3
2807904105,2020,45.8,23.7,39.0,1079.0,2.2
2807904105,2021,45.8,24.0,39.7,1061.0,2.2
2807904105,2022,46.1,25.5,38.2,1084.0,2.2
2807904106,2015,44.7,21.4,39.2,1046.0,2.1
2807904106,2016,45.1,22.8,39.5,1057.0,2.1
2807904106,2017,45.8,23.5,39.9,1053.0,2.1
2807904106,2018,46.1,23.4,40.3,1046.0,2.1
2807904106,2019,45.8,23.2,39.1,1067.0,2.1
2807904106,2020,46.1,23.3,37.2,1056.0,2.1
2807904106,2021,45.9,23.7,40.2,1053.0,2.1
2807904106,2022,45.0,22.6,39.8,1105.0,2.2
2807904107,2015,45.7,21.5,37.6,662.0,2.4
2807904107,2016,45.2,21.1,35.1,672.0,2.4
2807904107,2017,46.4,23.1,35.7,696.0,2.4
2807904107,2018,45.1,21.5,34.4,711.0,2.4
2807904107,2019,44.3,20.9,33.6,729.0,2.4
2807904107,2020,44.9,20.9,32.3,718.0,2.4
2807904107,2021,44.6,21.4,32.2,735.0,2.4
2807904107,2022,44.9,22.4,32.5,724.0,2.5
2807904108,2015,44.3,22.4,40.0,988.0,2.2
2807904108,2016,45.0,23.2,41.8,951.0,2.1
2807904108,2017,44.8,22.2,43.6,994.0,2.1
2807904108,2018,44.7,21.9,42.0,984.0,2.2
2807904108,2019,43.7,21.0,40.5,975.0,2.2
2807904108,2020,44.3,21.7,41.3,929.0,2.2
2807904108,2021,44.5,21.1,41.2,930.0,2.1
2807904108,2022,44.2,21.8,42.8,935.0,2.1
2807904109,2015,44.9,23.4,35.0,1600.0,2.4
2807904109,2016,45.2,24.1,36.0,1588.0,2.3
2807904109,2017,45.3,23.3,35.4,1646.0,2.4
2807904109,2018,45.1,23.9,35.5,1664.0,2.4
2807904109,2019,45.2,24.1,36.8,1687.0,2.4
2807904109,2020,45.2,24.3,37.6,1652.0,2.4
2807904109,2021,45.4,24.8,37.5,1644.0,2.4
2807904109,2022,46.0,25.6,39.2,1590.0,2.3
2807904110,2015,45.6,21.8,39.0,1107.0,2.2
2807904110,2016,45.3,21.3,36.9,1108.0,2.3
2807904110,2017,44.8,21.8,37.6,1134.0,2.3
2807904110,2018,45.4,22.2,38.7,1136.0,2.3
2807904110,2019,45.2,22.9,35.1,1164.0,2.3
2807904110,2020,45.3,23.5,37.1,1125.0,2.3
2807904110,2021,45.0,23.8,36.3,1101.0,2.2
2807904110,2022,44.8,23.7,39.1,1130.0,2.2
2807904111,2015,44.7,22.4,31.2,1776.0,2.5
2807904111,2016,44.7,22.9,30.8,1741.0,2.5
2807904111,2017,44.5,22.8,30.7,1776.0,2.6
2807904111,2018,44.2,22.2,31.1,1792.0,2.6
2807904111,2019,44.1,21.7,30.4,1781.0,2.6
2807904111,2020,44.3,22.2,31.2,1763.0,2.6
2807904111,2021,44.7,22.9,32.5,1733.0,2.5
2807904111,2022,45.1,23.2,29.4,1760.0,2.6
2807904112,2015,46.7,25.6,42.0,1222.0,2.2
2807904112,2016,46.7,26.6,42.4,1214.0,2.2
2807904112,2017,46.5,25.9,44.2,1247.0,2.2
2807904112,2018,46.7,26.4,44.6,1226.0,2.2
2807904112,2019,45.9,25.1,40.7,1243.0,2.2
2807904112,2020,45.7,25.1,43.1,1221.0,2.1
2807904112,2021,44.9,23.3,42.9,1225.0,2.2
2807904112,2022,45.1,23.8,44.0,1240.0,2.2
2807904113,2015,46.7,27.2,37.0,1116.0,2.4
2807904113,2016,47.5,28.4,38.0,1085.0,2.3
2807904113,2017,47.0,27.4,39.2,1102.0,2.3
2807904113,2018,46.1,26.1,40.4,1104.0,2.2
2807904113,2019,45.6,25.2,37.3,1147.0,2.3
2807904113,2020,45.5,24.9,38.7,1120.0,2.3
2807904113,2021,45.2,24.3,38.9,1109.0,2.2
2807904113,2022,44.7,23.5,37.2,1148.0,2.3
2807904114,2015,44.7,22.6,27.6,1454.0,2.9
2807904114,2016,44.6,23.1,27.5,1446.0,2.9
2807904114,2017,44.9,24.1,27.7,1413.0,2.9
2807904114,2018,45.2,24.8,29.0,1431.0,2.8
2807904114,2019,45.9,25.8,29.6,1439.0,2.8
2807904114,2020,46.1,26.2,31.0,1413.0,2.7
2807904114,2021,46.3,26.8,34.1,1398.0,2.6
2807904114,2022,46.4,27.4,39.0,1374.0,2.5
2807904115,2015,45.5,23.7,25.5,1767.0,3.0
2807904115,2016,45.6,24.3,23.4,1779.0,3.0
2807904115,2017,46.7,26.3,24.3,1796.0,3.0
2807904115,2018,46.7,26.6,23.8,1797.0,3.0
2807904115,2019,46.6,26.4,25.7,1797.0,3.0
2807904115,2020,47.1,27.2,25.4,1749.0,2.9
2807904115,2021,47.1,27.8,27.7,1751.0,2.9
2807904115,2022,47.3,29.0,27.7,1709.0,2.8
2807904116,2015,43.2,20.2,41.3,890.0,2.4
2807904116,2016,43.6,20.6,40.8,895.0,2.4
2807904116,2017,43.3,19.8,43.2,909.0,2.3
2807904116,2018,43.2,20.9,42.2,889.0,2.3
2807904116,2019,44.0,22.5,41.9,836.0,2.3
2807904116,2020,44.1,22.0,42.1,836.0,2.3
2807904116,2021,44.0,21.2,40.0,868.0,2.4
2807904116,2022,44.3,21.7,39.9,862.0,2.3
2807904117,2015,46.3,23.5,35.7,829.0,2.4
2807904117,2016,45.6,22.6,33.7,827.0,2.4
2807904117,2017,45.5,23.0,33.8,830.0,2.4
2807904117,2018,45.6,23.2,35.9,835.0,2.4
2807904117,2019,44.8,22.4,36.4,835.0,2.5
2807904117,2020,44.7,21.8,36.3,844.0,2.5
2807904117,2021,44.8,23.4,35.6,869.0,2.5
2807904117,2022,44.8,23.4,37.0,834.0,2.5
2807904118,2015,45.3,23.0,36.7,777.0,2.5
2807904118,2016,44.7,22.6,32.2,755.0,2.6
2807904118,2017,44.6,22.5,34.8,755.0,2.6
2807904118,2018,45.4,22.6,32.4,757.0,2.7
2807904118,2019,45.8,23.5,36.7,763.0,2.5
2807904118,2020,45.5,23.3,39.7,774.0,2.5
2807904118,2021,45.7,24.3,35.3,791.0,2.6
2807904118,2022,45.9,24.8,36.4,796.0,2.6
2807904119,2015,45.3,22.5,39.9,1284.0,2.4
2807904119,2016,46.1,22.9,39.9,1273.0,2.3
2807904119,2017,45.7,23.3,41.7,1303.0,2.3
2807904119,2018,46.4,23.9,41.3,1283.0,2.3
2807904119,2019,46.4,25.6,39.8,1307.0,2.3
2807904119,2020,46.8,25.5,41.0,1269.0,2.3
2807904119,2021,47.7,26.8,41.4,1271.0,2.3
2807904119,2022,47.2,26.4,40.8,1339.0,2.3
2807904120,2015,44.2,22.4,28.6,954.0,2.7
2807904120,2016,44.8,23.2,29.7,927.0,2.7
2807904120,2017,44.7,23.4,31.3,913.0,2.6
2807904120,2018,44.2,22.8,29.3,969.0,2.8
2807904120,2019,44.3,23.2,29.4,971.0,2.7
2807904120,2020,44.0,23.3,28.2,981.0,2.9
2807904120,2021,45.8,25.3,30.3,889.0,2.7
2807904120,2022,44.5,22.8,29.5,920.0,2.8
2807904121,2015,44.8,22.4,35.2,1150.0,2.5
2807904121,2016,44.9,22.4,35.7,1168.0,2.5
2807904121,2017,44.2,21.8,35.3,1202.0,2.6
2807904121,2018,44.2,22.4,34.4,1181.0,2.6
2807904121,2019,44.6,23.2,35.0,1173.0,2.6
2807904121,2020,44.6,23.1,34.8,1199.0,2.6
2807904121,2021,45.6,24.1,33.9,1150.0,2.5
2807904121,2022,45.1,24.3,33.6,1168.0,2.6
2807904123,2015,44.7,22.8,39.3,1392.0,2.3
2807904123,2016,44.7,22.8,38.9,1370.0,2.3
2807904123,2017,44.4,21.8,40.9,1390.0,2.2
2807904123,2018,43.9,21.5,41.2,1408.0,2.2
2807904123,2019,43.2,20.6,40.6,1487.0,2.3
2807904123,2020,42.9,20.5,37.5,1501.0,2.3
2807904123,2021,43.2,20.9,38.9,1465.0,2.3
2807904123,2022,42.8,20.8,39.1,1474.0,2.3
2807904124,2015,42.7,19.3,50.5,967.0,1.9
2807904124,2016,43.7,21.3,49.7,909.0,1.9
2807904124,2017,43.3,19.5,50.7,938.0,1.9
2807904124,2018,43.0,19.2,50.7,969.0,1.9
2807904124,2019,42.5,18.9,50.5,984.0,2.0
2807904124,2020,43.1,19.5,54.4,957.0,2.0
2807904124,2021,42.6,18.9,54.2,998.0,2.0
2807904124,2022,42.2,18.6,55.3,1030.0,1.9
2807904126,2015,46.1,26.5,38.6,1422.0,2.4
2807904126,2016,46.1,26.3,36.0,1426.0,2.4
2807904126,2017,45.9,25.9,36.5,1469.0,2.5
2807904126,2018,46.1,25.9,35.7,1508.0,2.5
2807904126,2019,46.3,26.4,34.0,1498.0,2.4
2807904126,2020,45.8,26.0,36.5,1463.0,2.4
2807904126,2021,45.3,25.3,38.3,1456.0,2.3
2807904126,2022,45.8,25.9,41.5,1416.0,2.3
2807904127,2015,45.2,23.6,41.8,966.0,2.2
2807904127,2016,45.8,24.6,42.1,955.0,2.2
2807904127,2017,45.5,24.4,44.4,967.0,2.2
2807904127,2018,44.8,23.9,43.6,978.0,2.2
2807904127,2019,44.6,23.2,44.9,979.0,2.1
2807904127,2020,44.7,23.7,48.6,947.0,2.1
2807904127,2021,43.2,23.0,47.7,1023.0,2.0
2807904127,2022,42.0,21.3,49.0,1022.0,2.0
2807904128,2015,42.1,19.6,43.7,1045.0,2.2
2807904128,2016,42.7,19.7,43.8,987.0,2.1
2807904128,2017,42.4,19.5,43.4,1030.0,2.2
2807904128,2018,41.5,18.5,43.7,1059.0,2.2
2807904128,2019,41.0,17.0,41.6,1114.0,2.2
2807904128,2020,41.5,18.5,44.2,1022.0,2.1
2807904128,2021,41.0,17.6,43.5,1005.0,2.2
2807904128,2022,42.3,20.3,42.7,1771.0,2.1
2807904129,2015,46.6,24.9,43.3,719.0,2.0
2807904129,2016,47.2,25.8,42.7,698.0,2.1
2807904129,2017,46.5,25.6,46.1,716.0,2.1
2807904129,2018,45.4,24.0,44.5,755.0,2.2
2807904129,2019,45.5,24.5,44.9,751.0,2.1
2807904129,2020,45.5,24.8,44.4,702.0,2.1
2807904129,2021,44.8,24.6,40.6,721.0,2.1
2807904129,2022,,,,,
2807904130,2015,41.4,18.0,42.7,798.0,2.4
2807904130,2016,41.5,18.4,40.8,756.0,2.4
2807904130,2017,41.4,17.1,41.4,779.0,2.4
2807904130,2018,41.3,17.8,37.8,835.0,2.6
2807904130,2019,41.5,17.9,39.5,829.0,2.5
2807904130,2020,42.6,18.6,38.9,760.0,2.4
2807904130,2021,42.6,19.9,39.4,754.0,2.4
2807904130,2022,42.5,19.1,41.8,740.0,2.3
2807904131,2015,,,,,
2807904131,2016,,,,,
2807904131,2017,39.0,13.6,36.8,1110.0,2.3
2807904131,2018,39.9,15.1,38.3,1129.0,2.3
2807904131,2019,39.7,14.2,36.8,1205.0,2.4
2807904131,2020,40.3,15.0,34.2,1170.0,2.4
2807904131,2021,40.9,15.3,33.1,1181.0,2.4
2807904131,2022,41.0,15.6,33.5,1222.0,2.3
2807905001,2015,45.4,24.3,25.5,1053.0,3.0
2807905001,2016,45.0,24.0,25.5,1062.0,3.0
2807905001,2017,44.4,22.9,25.4,1080.0,3.0
2807905001,2018,44.5,23.0,25.0,1094.0,3.1
2807905001,2019,44.2,23.6,27.0,1094.0,3.1
2807905001,2020,44.7,23.5,28.7,1076.0,3.0
2807905001,2021,45.3,23.8,27.3,1075.0,3.0
2807905001,2022,45.5,24.1,26.8,1099.0,3.0
2807905002,2015,43.3,19.3,26.5,1547.0,3.1
2807905002,2016,43.3,19.8,27.5,1508.0,3.1
2807905002,2017,43.2,19.7,28.8,1528.0,3.1
2807905002,2018,43.1,19.9,26.8,1562.0,3.1
2807905002,2019,43.6,20.4,26.9,1569.0,3.0
2807905002,2020,43.6,20.4,25.9,1536.0,3.0
2807905002,2021,44.3,21.1,28.8,1513.0,2.9
2807905002,2022,44.7,21.6,28.3,1516.0,3.0
2807905003,2015,43.7,20.8,32.4,1832.0,2.8
2807905003,2016,43.8,21.2,33.3,1781.0,2.7
2807905003,2017,43.5,20.6,31.5,1854.0,2.8
2807905003,2018,43.2,19.9,30.1,1933.0,2.9
2807905003,2019,43.4,20.1,30.1,1953.0,2.8
2807905003,2020,43.7,20.1,30.5,1904.0,2.8
2807905003,2021,44.0,20.3,31.2,1910.0,2.7
2807905003,2022,43.6,20.4,30.6,1950.0,2.8
2807905004,2015,43.7,19.6,29.2,1372.0,2.8
2807905004,2016,43.6,20.0,28.9,1407.0,2.8
2807905004,2017,44.0,20.7,29.5,1452.0,2.8
2807905004,2018,44.7,21.9,27.6,1468.0,2.8
2807905004,2019,44.1,21.1,27.8,1494.0,2.8
2807905004,2020,44.2,21.3,28.6,1484.0,2.8
2807905004,2021,44.6,22.2,28.9,1490.0,2.9
2807905004,2022,45.2,23.1,29.5,1450.0,2.8
2807905005,2015,44.8,23.0,22.3,1332.0,2.9
2807905005,2016,45.2,23.7,22.0,1332.0,2.9
2807905005,2017,45.3,23.6,22.8,1323.0,2.9
2807905005,2018,45.3,23.1,21.7,1349.0,3.0
2807905005,2019,45.2,22.8,21.1,1374.0,3.0
2807905005,2020,45.4,23.1,21.9,1394.0,2.9
2807905005,2021,45.2,23.3,21.3,1406.0,3.0
2807905005,2022,44.5,22.5,20.8,1451.0,3.1
2807905006,2015,42.8,20.0,18.6,1232.0,3.2
2807905006,2016,42.6,20.1,20.4,1216.0,3.1
2807905006,2017,41.7,19.3,19.4,1280.0,3.2
2807905006,2018,41.5,19.0,17.4,1355.0,3.3
2807905006,2019,42.6,19.7,18.5,1335.0,3.3
2807905006,2020,43.1,20.4,18.6,1311.0,3.2
2807905006,2021,43.5,20.5,20.5,1269.0,3.1
2807905006,2022,43.3,21.1,21.9,1246.0,3.0
2807905007,2015,44.6,24.0,21.9,1867.0,2.9
2807905007,2016,44.9,24.4,22.0,1860.0,2.9
2807905007,2017,45.3,25.4,22.5,1848.0,2.9
2807905007,2018,45.3,25.2,23.2,1875.0,2.9
2807905007,2019,46.0,26.4,22.6,1866.0,2.9
2807905007,2020,46.0,26.0,23.7,1866.0,2.9
2807905007,2021,46.0,26.0,24.8,1827.0,2.9
2807905007,2022,46.2,25.9,25.7,1814.0,2.8
2807905008,2015,41.3,18.1,21.1,1428.0,3.3
2807905008,2016,41.2,17.5,20.5,1446.0,3.3
2807905008,2017,41.2,17.1,21.2,1495.0,3.3
2807905008,2018,41.5,18.1,22.3,1485.0,3.2
2807905008,2019,41.5,17.8,22.6,1491.0,3.2
2807905008,2020,41.4,17.6,20.6,1468.0,3.3
2807905008,2021,42.2,19.6,20.5,1505.0,3.2
2807905008,2022,41.4,18.7,20.4,1527.0,3.3
2807905009,2015,43.3,21.8,24.2,1163.0,2.8
2807905009,2016,43.6,22.1,24.0,1139.0,2.8
2807905009,2017,44.1,23.1,24.9,1145.0,2.8
2807905009,2018,44.1,22.6,24.9,1139.0,2.8
2807905009,2019,44.2,22.8,24.0,1176.0,2.9
2807905009,2020,44.1,22.3,25.6,1160.0,2.8
2807905009,2021,44.2,23.1,25.8,1184.0,2.9
2807905009,2022,44.5,23.7,26.5,1166.0,2.8
2807905010,2015,41.6,17.4,40.6,900.0,2.3
2807905010,2016,42.7,19.1,40.8,855.0,2.2
2807905010,2017,41.7,18.1,42.0,883.0,2.2
2807905010,2018,41.5,18.1,43.2,895.0,2.2
2807905010,2019,42.4,18.6,43.9,885.0,2.2
2807905010,2020,42.0,18.2,43.3,886.0,2.2
2807905010,2021,42.1,18.3,44.0,889.0,2.2
2807905010,2022,42.0,18.3,45.3,857.0,2.2
2807905011,2015,43.7,20.9,40.1,803.0,2.2
2807905011,2016,44.5,21.0,39.3,782.0,2.2
2807905011,2017,45.1,21.8,39.5,776.0,2.2
2807905011,2018,45.3,22.4,38.5,756.0,2.2
2807905011,2019,44.3,22.4,36.7,808.0,2.3
2807905011,2020,44.2,22.0,37.0,796.0,2.3
2807905011,2021,44.0,21.2,37.1,834.0,2.2
2807905011,2022,43.4,20.1,41.0,865.0,2.2
2807905012,2015,43.9,21.4,37.9,1127.0,2.2
2807905012,2016,43.4,20.8,37.0,1120.0,2.3
2807905012,2017,43.2,20.6,37.8,1131.0,2.3
2807905012,2018,43.6,21.0,39.3,1119.0,2.2
2807905012,2019,43.4,20.7,38.5,1127.0,2.3
2807905012,2020,43.7,21.2,38.8,1133.0,2.2
2807905012,2021,43.8,21.7,41.0,1092.0,2.2
2807905012,2022,43.4,20.8,41.9,1128.0,2.2
2807905013,2015,44.0,20.3,36.4,798.0,2.4
2807905013,2016,43.9,20.7,36.2,815.0,2.3
2807905013,2017,43.6,20.5,33.3,833.0,2.4
2807905013,2018,43.6,20.9,37.3,809.0,2.3
2807905013,2019,43.3,21.2,35.5,832.0,2.4
2807905013,2020,43.6,22.1,35.8,810.0,2.3
2807905013,2021,44.7,23.1,37.1,768.0,2.3
2807905013,2022,44.2,21.7,36.4,813.0,2.3
2807905014,2015,44.8,22.1,36.6,1077.0,2.4
2807905014,2016,45.0,23.1,34.7,1054.0,2.3
2807905014,2017,45.2,23.1,37.5,1055.0,2.3
2807905014,2018,44.4,22.3,36.1,1099.0,2.4
2807905014,2019,45.0,23.8,36.3,1053.0,2.3
2807905014,2020,44.8,22.9,38.7,1032.0,2.3
2807905014,2021,45.1,24.0,41.3,989.0,2.2
2807905014,2022,45.6,23.8,40.2,985.0,2.2
2807905015,2015,45.5,23.4,47.2,998.0,2.0
2807905015,2016,45.3,23.2,46.9,1008.0,2.0
2807905015,2017,44.7,22.6,46.4,1041.0,2.0
2807905015,2018,45.4,23.1,46.1,1029.0,2.0
2807905015,2019,45.0,22.0,43.8,1083.0,2.0
2807905015,2020,45.9,23.6,43.9,1029.0,2.0
2807905015,2021,46.3,24.8,45.7,1042.0,2.0
2807905015,2022,45.4,23.5,45.5,1067.0,1.9
2807905016,2015,45.6,23.3,43.1,857.0,2.1
2807905016,2016,45.6,22.9,46.9,843.0,2.1
2807905016,2017,46.2,23.2,45.7,827.0,2.0
2807905016,2018,46.6,24.5,45.4,817.0,2.0
2807905016,2019,45.7,23.0,44.1,840.0,2.0
2807905016,2020,46.2,23.1,45.9,826.0,2.0
2807905016,2021,46.3,23.8,45.1,827.0,2.0
2807905016,2022,45.8,23.4,46.1,843.0,2.0
2807905017,2015,46.4,23.4,40.2,1306.0,2.1
2807905017,2016,45.8,22.5,42.5,1333.0,2.1
2807905017,2017,45.9,23.7,44.4,1335.0,2.1
2807905017,2018,45.7,22.8,43.5,1363.0,2.1
2807905017,2019,45.7,23.6,40.8,1358.0,2.1
2807905017,2020,46.1,24.2,42.0,1345.0,2.1
2807905017,2021,46.4,24.3,44.6,1332.0,2.1
2807905017,2022,46.4,24.6,45.1,1315.0,2.0
2807905018,2015,46.1,24.1,42.9,1231.0,2.1
2807905018,2016,46.4,24.4,42.6,1231.0,2.1
2807905018,2017,45.9,23.4,40.4,1209.0,2.1
2807905018,2018,46.1,22.8,40.2,1226.0,2.1
2807905018,2019,46.1,22.4,40.6,1246.0,2.1
2807905018,2020,46.0,22.8,41.1,1268.0,2.1
2807905018,2021,46.9,23.9,44.6,1228.0,2.1
2807905018,2022,47.0,24.1,44.7,1240.0,2.1
2807905019,2015,46.7,26.3,40.5,899.0,2.2
2807905019,2016,47.1,26.2,39.6,886.0,2.2
2807905019,2017,47.0,26.3,40.0,901.0,2.2
2807905019,2018,47.5,26.5,40.3,890.0,2.2
2807905019,2019,47.2,26.4,40.5,903.0,2.2
2807905019,2020,48.0,27.0,41.6,877.0,2.2
2807905019,2021,47.7,26.6,41.3,903.0,2.2
2807905019,2022,47.6,26.0,39.1,911.0,2.2
2807905020,2015,45.1,22.0,33.7,1216.0,2.4
2807905020,2016,45.7,22.8,33.8,1193.0,2.4
2807905020,2017,45.8,23.8,34.1,1199.0,2.3
2807905020,2018,45.8,23.7,33.1,1219.0,2.4
2807905020,2019,45.9,23.5,35.9,1254.0,2.3
2807905020,2020,45.8,23.2,35.0,1252.0,2.3
2807905020,2021,45.4,23.2,33.6,1237.0,2.3
2807905020,2022,46.2,24.2,38.2,1203.0,2.2
2807905021,2015,44.0,18.8,37.3,793.0,2.3
2807905021,2016,44.6,19.2,38.3,771.0,2.3
2807905021,2017,44.1,18.4,37.3,808.0,2.4
2807905021,2018,44.3,18.9,36.3,810.0,2.3
2807905021,2019,45.2,20.2,35.9,797.0,2.3
2807905021,2020,44.7,19.7,36.0,776.0,2.3
2807905021,2021,45.8,21.5,37.0,727.0,2.2
2807905021,2022,46.0,22.4,41.1,718.0,2.2
2807905022,2015,45.0,21.2,31.6,1385.0,2.4
2807905022,2016,44.9,21.9,30.9,1400.0,2.4
2807905022,2017,44.8,21.7,31.0,1449.0,2.4
2807905022,2018,44.7,21.7,31.0,1440.0,2.4
2807905022,2019,44.9,21.4,29.8,1449.0,2.4
2807905022,2020,45.1,22.0,31.6,1416.0,2.4
2807905022,2021,45.5,22.9,34.0,1360.0,2.3
2807905022,2022,45.4,23.3,33.2,1381.0,2.3
2807905023,2015,46.1,25.4,37.7,1346.0,2.4
2807905023,2016,46.1,26.0,35.9,1366.0,2.4
2807905023,2017,45.7,24.8,34.8,1404.0,2.4
2807905023,2018,45.5,24.5,33.9,1398.0,2.4
2807905023,2019,45.6,24.3,35.9,1401.0,2.4
2807905023,2020,45.9,25.6,36.8,1363.0,2.4
2807905023,2021,45.5,24.6,36.2,1392.0,2.4
2807905023,2022,45.3,24.2,35.1,1403.0,2.4
2807905024,2015,50.4,34.7,29.1,899.0,2.4
2807905024,2016,51.2,35.5,30.8,871.0,2.4
2807905024,2017,51.0,34.4,30.0,864.0,2.4
2807905024,2018,51.2,34.4,31.5,849.0,2.3
2807905024,2019,50.7,33.7,31.7,864.0,2.3
2807905024,2020,50.0,32.3,32.5,848.0,2.3
2807905024,2021,50.1,32.3,36.1,837.0,2.3
2807905024,2022,50.1,31.2,34.3,826.0,2.3
2807905025,2015,46.8,25.6,31.6,1093.0,2.4
2807905025,2016,46.9,26.5,32.8,1085.0,2.4
2807905025,2017,47.5,27.1,31.0,1084.0,2.4
2807905025,2018,47.8,27.5,31.4,1112.0,2.4
2807905025,2019,47.5,27.4,30.1,1128.0,2.5
2807905025,2020,48.2,27.7,29.2,1097.0,2.4
2807905025,2021,48.8,28.1,30.7,1085.0,2.4
2807905025,2022,48.2,27.5,29.5,1109.0,2.4
2807905026,2015,48.0,28.3,38.2,1581.0,2.2
2807905026,2016,48.1,28.7,36.5,1587.0,2.2
2807905026,2017,47.9,28.9,36.8,1643.0,2.2
2807905026,2018,47.9,29.5,36.8,1643.0,2.2
2807905026,2019,47.9,29.6,36.4,1664.0,2.2
2807905026,2020,48.3,29.4,36.9,1617.0,2.2
2807905026,2021,48.2,29.9,37.7,1594.0,2.2
2807905026,2022,48.2,29.4,38.2,1593.0,2.1
2807905027,2015,47.6,27.1,38.3,1643.0,2.2
2807905027,2016,48.1,27.7,40.3,1617.0,2.2
2807905027,2017,48.1,27.8,39.5,1668.0,2.2
2807905027,2018,48.0,28.1,39.2,1680.0,2.3
2807905027,2019,47.7,27.7,38.2,1710.0,2.3
2807905027,2020,47.8,27.0,38.7,1673.0,2.2
2807905027,2021,48.0,27.4,37.4,1631.0,2.2
2807905027,2022,47.6,26.5,37.3,1660.0,2.2
2807905028,2015,44.5,21.8,37.3,1928.0,2.3
2807905028,2016,45.4,23.6,39.3,1864.0,2.3
2807905028,2017,46.1,25.0,40.2,1851.0,2.2
2807905028,2018,45.5,24.5,39.6,1907.0,2.3
2807905028,2019,45.7,24.5,38.0,1924.0,2.3
2807905028,2020,46.1,24.8,39.1,1886.0,2.2
2807905028,2021,45.8,24.0,38.5,1916.0,2.3
2807905028,2022,46.0,24.3,37.9,1872.0,2.3
2807905029,2015,43.1,18.3,40.1,1797.0,2.3
2807905029,2016,43.8,19.4,40.7,1760.0,2.2
2807905029,2017,43.6,19.2,40.6,1808.0,2.2
2807905029,2018,43.8,19.7,42.3,1807.0,2.2
2807905029,2019,43.9,19.6,41.3,1802.0,2.2
2807905029,2020,43.8,19.3,41.1,1793.0,2.1
2807905029,2021,44.1,19.6,42.7,1712.0,2.1
2807905029,2022,44.4,19.7,43.0,1704.0,2.1
2807905030,2015,45.4,22.1,39.7,1258.0,2.2
2807905030,2016,44.5,21.6,36.6,1293.0,2.2
2807905030,2017,45.0,22.0,39.2,1287.0,2.2
2807905030,2018,44.8,21.7,41.8,1262.0,2.1
2807905030,2019,45.2,21.9,42.4,1273.0,2.1
2807905030,2020,45.5,21.9,42.2,1249.0,2.1
2807905030,2021,45.2,21.3,41.7,1246.0,2.1
2807905030,2022,45.5,21.1,42.1,1240.0,2.0
2807905031,2015,44.8,21.1,31.4,966.0,2.4
2807905031,2016,44.4,20.5,32.3,966.0,2.4
2807905031,2017,43.6,20.3,31.9,986.0,2.4
2807905031,2018,43.2,19.5,31.2,1004.0,2.5
2807905031,2019,43.0,19.4,33.4,1038.0,2.5
2807905031,2020,43.1,19.7,31.6,1009.0,2.4
2807905031,2021,43.5,20.9,30.0,1012.0,2.4
2807905031,2022,44.0,21.9,31.9,1029.0,2.4
2807905032,2015,43.4,19.9,42.5,1420.0,2.1
2807905032,2016,43.9,20.3,42.1,1407.0,2.1
2807905032,2017,43.3,20.0,40.4,1432.0,2.2
2807905032,2018,43.6,20.0,41.8,1452.0,2.2
2807905032,2019,44.2,20.5,42.1,1414.0,2.1
2807905032,2020,44.1,20.0,40.6,1394.0,2.2
2807905032,2021,44.2,20.1,42.6,1372.0,2.1
2807905032,2022,43.6,19.6,42.5,1451.0,2.1
2807905033,2015,46.5,26.4,32.0,1908.0,2.3
2807905033,2016,46.6,26.9,32.1,1927.0,2.4
2807905033,2017,46.5,26.8,32.8,1984.0,2.4
2807905033,2018,46.6,26.4,33.3,1977.0,2.4
2807905033,2019,46.7,26.4,33.4,1984.0,2.3
2807905033,2020,46.9,26.9,34.3,1956.0,2.3
2807905033,2021,47.0,27.0,35.7,1979.0,2.3
2807905033,2022,47.0,27.1,37.2,1991.0,2.2
2807905034,2015,46.9,25.8,39.9,1619.0,2.1
2807905034,2016,46.8,26.1,40.5,1608.0,2.1
2807905034,2017,46.7,26.2,40.3,1648.0,2.2
2807905034,2018,47.2,26.8,40.7,1663.0,2.2
2807905034,2019,47.4,27.0,40.5,1668.0,2.2
2807905034,2020,47.5,26.9,41.9,1642.0,2.1
2807905034,2021,46.1,25.4,40.1,1812.0,2.2
2807905034,2022,45.9,25.1,40.0,1862.0,2.1
2807905035,2015,46.4,25.6,31.6,1224.0,2.4
2807905035,2016,46.3,25.9,33.3,1195.0,2.4
2807905035,2017,46.0,25.8,36.0,1211.0,2.4
2807905035,2018,46.1,25.3,33.9,1233.0,2.4
2807905035,2019,46.7,26.7,33.8,1253.0,2.4
2807905035,2020,47.1,27.3,34.6,1195.0,2.3
2807905035,2021,48.4,28.6,35.8,1139.0,2.2
2807905035,2022,47.8,27.9,37.1,1158.0,2.2
2807905036,2015,46.7,24.6,31.4,1612.0,2.3
2807905036,2016,46.9,25.7,32.3,1607.0,2.3
2807905036,2017,47.2,26.8,30.7,1629.0,2.3
2807905036,2018,47.8,28.4,31.4,1636.0,2.3
2807905036,2019,48.3,29.7,32.7,1630.0,2.3
2807905036,2020,48.6,30.8,33.4,1593.0,2.3
2807905036,2021,49.1,32.5,34.9,1562.0,2.2
2807905036,2022,49.3,33.2,35.1,1582.0,2.2
2807905037,2015,47.6,27.6,26.8,1236.0,2.6
2807905037,2016,48.8,28.8,27.8,1208.0,2.5
2807905037,2017,49.1,30.0,27.8,1212.0,2.5
2807905037,2018,49.6,31.0,27.0,1217.0,2.5
2807905037,2019,49.9,32.1,27.9,1224.0,2.5
2807905037,2020,50.2,33.4,29.6,1180.0,2.4
2807905037,2021,50.7,34.7,31.0,1169.0,2.4
2807905037,2022,51.0,36.1,30.2,1169.0,2.4
2807905038,2015,42.6,18.4,24.0,1842.0,2.9
2807905038,2016,42.8,19.0,22.3,1878.0,2.9
2807905038,2017,42.5,18.5,21.5,1943.0,3.0
2807905038,2018,42.4,18.5,21.6,1975.0,3.1
2807905038,2019,42.3,18.4,23.4,1959.0,3.0
2807905038,2020,42.3,18.2,23.5,1930.0,3.0
2807905038,2021,42.5,18.8,22.3,1932.0,3.0
2807905038,2022,42.6,19.7,22.7,1915.0,3.0
2807905039,2015,42.9,19.0,36.7,1566.0,2.3
2807905039,2016,43.1,19.4,36.8,1604.0,2.2
2807905039,2017,42.8,18.5,35.9,1732.0,2.3
2807905039,2018,42.8,18.6,36.7,1788.0,2.2
2807905039,2019,42.9,18.9,35.1,1822.0,2.3
2807905039,2020,43.2,19.5,36.6,1834.0,2.2
2807905039,2021,43.8,20.7,37.1,1810.0,2.2
2807905039,2022,44.4,21.6,39.7,1846.0,2.2
2807905040,2015,48.9,26.4,31.3,682.0,2.4
2807905040,2016,48.6,26.1,31.6,689.0,2.4
2807905040,2017,49.2,28.4,34.1,651.0,2.2
2807905040,2018,47.4,25.5,32.2,738.0,2.3
2807905040,2019,47.8,26.7,33.5,733.0,2.3
2807905040,2020,47.1,25.5,35.9,729.0,2.2
2807905040,2021,46.9,26.1,37.9,714.0,2.2
2807905040,2022,46.6,26.0,39.1,720.0,2.2
2807905041,2015,43.7,20.7,34.4,1129.0,2.4
2807905041,2016,43.8,20.2,34.8,1110.0,2.4
2807905041,2017,43.8,20.4,36.4,1107.0,2.3
2807905041,2018,43.5,19.2,36.2,1169.0,2.4
2807905041,2019,43.5,19.5,35.0,1166.0,2.4
2807905041,2020,43.3,18.7,36.6,1128.0,2.3
2807905041,2021,43.9,19.7,35.3,1115.0,2.3
2807905041,2022,43.3,18.8,34.4,1142.0,2.3
2807905042,2015,46.9,25.1,33.9,1444.0,2.3
2807905042,2016,47.2,26.2,33.3,1392.0,2.3
2807905042,2017,47.3,27.0,35.0,1384.0,2.3
2807905042,2018,47.5,27.8,37.1,1387.0,2.2
2807905042,2019,47.3,27.7,37.6,1400.0,2.2
2807905042,2020,47.7,28.5,37.6,1408.0,2.2
2807905042,2021,47.5,27.4,39.3,1385.0,2.2
2807905042,2022,47.2,27.2,38.4,1395.0,2.2
2807905043,2015,47.3,28.2,34.5,1174.0,2.3
2807905043,2016,48.0,29.2,35.3,1161.0,2.2
2807905043,2017,47.7,29.2,34.8,1180.0,2.2
2807905043,2018,47.8,29.4,35.4,1176.0,2.2
2807905043,2019,47.9,29.7,35.3,1204.0,2.3
2807905043,2020,48.0,29.6,37.1,1162.0,2.2
2807905043,2021,48.0,29.2,36.7,1180.0,2.2
2807905043,2022,48.2,29.6,37.9,1164.0,2.1
2807905044,2015,46.7,24.3,45.3,1595.0,2.0
2807905044,2016,46.7,24.3,44.2,1631.0,2.0
2807905044,2017,45.8,23.5,44.7,1645.0,2.0
2807905044,2018,45.7,24.0,42.8,1671.0,2.1
2807905044,2019,45.6,23.8,43.2,1715.0,2.1
2807905044,2020,46.1,24.4,43.6,1679.0,2.1
2807905044,2021,46.2,25.1,43.2,1647.0,2.1
2807905044,2022,46.1,25.4,43.5,1657.0,2.0
2807905045,2015,44.9,23.3,38.1,1706.0,2.3
2807905045,2016,45.1,23.6,36.3,1703.0,2.3
2807905045,2017,44.9,22.7,36.6,1686.0,2.3
2807905045,2018,45.4,22.9,38.0,1696.0,2.3
2807905045,2019,45.3,22.7,37.1,1703.0,2.3
2807905045,2020,45.3,22.9,36.1,1674.0,2.3
2807905045,2021,45.6,22.8,37.6,1637.0,2.2
2807905045,2022,44.9,22.1,36.2,1698.0,2.2
2807905046,2015,44.0,21.1,39.5,1665.0,2.3
2807905046,2016,44.6,21.7,38.7,1639.0,2.3
2807905046,2017,44.3,21.1,38.4,1671.0,2.3
2807905046,2018,44.4,20.3,38.4,1693.0,2.3
2807905046,2019,44.3,20.3,38.7,1708.0,2.3
2807905046,2020,44.7,20.5,40.2,1661.0,2.2
2807905046,2021,44.6,20.3,40.5,1648.0,2.2
2807905046,2022,44.5,20.1,40.5,1692.0,2.2
2807905047,2015,43.6,19.1,38.0,1607.0,2.3
2807905047,2016,43.8,19.2,38.4,1605.0,2.3
2807905047,2017,43.9,19.1,39.1,1637.0,2.3
2807905047,2018,44.1,19.7,40.3,1603.0,2.2
2807905047,2019,44.1,19.4,37.5,1611.0,2.2
2807905047,2020,44.4,19.7,37.5,1596.0,2.2
2807905047,2021,44.6,20.3,38.8,1575.0,2.2
2807905047,2022,44.1,20.2,38.7,1577.0,2.2
2807905048,2015,47.1,26.1,32.6,1160.0,2.4
2807905048,2016,47.2,25.9,33.0,1145.0,2.4
2807905048,2017,47.5,25.4,34.4,1127.0,2.4
2807905048,2018,47.4,25.2,35.7,1149.0,2.3
2807905048,2019,48.1,25.8,35.5,1153.0,2.4
2807905048,2020,48.3,26.7,35.5,1119.0,2.4
2807905048,2021,47.7,25.4,34.7,1131.0,2.4
2807905048,2022,47.3,25.1,34.0,1111.0,2.4
2807905049,2015,48.6,30.2,26.7,1160.0,2.6
2807905049,2016,48.8,30.4,27.7,1148.0,2.5
2807905049,2017,48.2,29.9,28.6,1185.0,2.5
2807905049,2018,48.9,30.3,27.0,1149.0,2.5
2807905049,2019,48.9,30.4,27.8,1152.0,2.5
2807905049,2020,50.0,31.7,28.7,1109.0,2.4
2807905049,2021,49.4,31.1,29.0,1124.0,2.5
2807905049,2022,49.3,31.4,28.9,1124.0,2.4
2807905051,2015,47.9,30.0,33.4,1385.0,2.5
2807905051,2016,47.7,30.1,32.4,1378.0,2.5
2807905051,2017,48.0,30.1,33.0,1355.0,2.4
2807905051,2018,47.8,28.6,31.9,1394.0,2.5
2807905051,2019,48.3,29.1,31.6,1383.0,2.5
2807905051,2020,48.1,29.1,31.2,1383.0,2.5
2807905051,2021,48.5,29.3,32.3,1359.0,2.4
2807905051,2022,48.3,29.2,34.4,1361.0,2.4
2807905052,2015,45.7,26.7,28.0,1372.0,2.6
2807905052,2016,45.9,26.4,27.3,1339.0,2.6
2807905052,2017,45.8,26.5,26.4,1356.0,2.6
2807905052,2018,45.1,25.9,27.6,1401.0,2.7
2807905052,2019,45.5,25.9,27.9,1420.0,2.6
2807905052,2020,45.6,25.9,27.2,1417.0,2.6
2807905052,2021,46.0,26.1,28.9,1370.0,2.6
2807905052,2022,45.8,24.7,28.5,1382.0,2.6
2807905053,2015,42.1,20.2,17.4,2078.0,3.2
2807905053,2016,42.1,20.0,17.5,2110.0,3.2
2807905053,2017,42.2,20.6,18.4,2097.0,3.2
2807905053,2018,42.7,20.9,19.0,2112.0,3.1
2807905053,2019,43.0,21.2,20.2,2131.0,3.1
2807905053,2020,43.5,22.1,22.4,2056.0,3.0
2807905053,2021,43.6,22.0,22.7,2105.0,3.1
2807905053,2022,43.6,21.3,21.1,2116.0,3.1
2807905054,2015,44.7,23.8,29.2,1585.0,2.6
2807905054,2016,45.2,24.0,28.6,1572.0,2.6
2807905054,2017,45.1,23.6,28.4,1560.0,2.6
2807905054,2018,45.7,23.8,29.3,1566.0,2.6
2807905054,2019,45.8,23.9,29.5,1596.0,2.6
2807905054,2020,46.3,25.1,30.7,1540.0,2.6
2807905054,2021,46.3,25.1,30.4,1551.0,2.5
2807905054,2022,46.6,25.8,30.5,1550.0,2.5
2807905055,2015,43.3,23.5,32.1,1503.0,2.5
2807905055,2016,43.9,23.8,31.3,1497.0,2.5
2807905055,2017,43.3,23.1,30.5,1543.0,2.6
2807905055,2018,43.8,23.8,30.8,1551.0,2.5
2807905055,2019,44.1,23.4,30.8,1552.0,2.5
2807905055,2020,44.1,22.5,32.7,1517.0,2.5
2807905055,2021,44.6,22.9,33.2,1509.0,2.5
2807905055,2022,44.9,23.0,34.7,1507.0,2.4
2807905056,2015,46.9,25.4,32.8,1459.0,2.4
2807905056,2016,47.1,25.3,34.1,1437.0,2.3
2807905056,2017,47.2,25.5,34.3,1447.0,2.3
2807905056,2018,46.6,25.1,33.9,1475.0,2.4
2807905056,2019,47.1,26.4,34.1,1430.0,2.3
2807905056,2020,47.0,26.5,35.5,1403.0,2.3
2807905056,2021,47.3,26.7,34.6,1398.0,2.3
2807905056,2022,46.8,26.7,36.9,1408.0,2.3
2807905057,2015,48.4,30.7,35.3,1106.0,2.3
2807905057,2016,47.8,28.8,35.0,1108.0,2.3
2807905057,2017,47.2,27.9,36.9,1110.0,2.3
2807905057,2018,47.3,27.2,36.8,1120.0,2.3
2807905057,2019,47.0,26.7,35.1,1156.0,2.3
2807905057,2020,47.0,26.5,34.9,1159.0,2.3
2807905057,2021,47.3,26.6,34.9,1164.0,2.3
2807905057,2022,47.5,27.1,35.6,1151.0,2.3
2807905058,2015,47.1,27.0,34.9,1813.0,2.4
2807905058,2016,47.3,27.0,35.4,1772.0,2.3
2807905058,2017,47.0,26.5,35.0,1776.0,2.3
2807905058,2018,47.2,26.7,34.6,1782.0,2.3
2807905058,2019,46.9,25.5,33.8,1840.0,2.4
2807905058,2020,47.2,26.0,35.4,1760.0,2.3
2807905058,2021,47.3,25.6,36.4,1776.0,2.3
2807905058,2022,47.2,25.8,36.4,1815.0,2.3
2807905059,2015,46.0,22.5,36.8,734.0,2.3
2807905059,2016,45.8,22.2,35.8,716.0,2.2
2807905059,2017,46.4,22.3,36.7,712.0,2.2
2807905059,2018,45.8,22.4,35.7,747.0,2.3
2807905059,2019,46.1,22.5,35.2,724.0,2.2
2807905059,2020,45.4,21.6,36.4,726.0,2.2
2807905059,2021,45.4,22.0,36.4,705.0,2.2
2807905059,2022,44.8,21.7,39.8,720.0,2.2
2807905060,2015,47.5,25.6,37.4,1346.0,2.2
2807905060,2016,47.0,24.7,37.0,1345.0,2.3
2807905060,2017,46.5,24.3,37.6,1363.0,2.3
2807905060,2018,45.8,23.1,38.4,1383.0,2.3
2807905060,2019,45.7,23.2,36.3,1363.0,2.3
2807905060,2020,45.5,22.5,35.5,1358.0,2.3
2807905060,2021,45.9,23.1,37.6,1325.0,2.3
2807905060,2022,45.2,22.5,37.8,1370.0,2.3
2807905061,2015,43.9,25.2,28.6,2122.0,2.6
2807905061,2016,44.1,25.4,30.3,2112.0,2.6
2807905061,2017,44.6,25.5,31.3,2119.0,2.6
2807905061,2018,45.0,26.1,30.3,2098.0,2.6
2807905061,2019,45.0,26.3,28.3,2178.0,2.6
2807905061,2020,45.9,26.9,29.7,2124.0,2.6
2807905061,2021,46.4,27.6,31.2,2107.0,2.5
2807905061,2022,46.5,28.3,31.7,2097.0,2.5
2807905062,2015,46.7,28.4,28.6,1654.0,2.6
2807905062,2016,46.8,28.0,28.9,1658.0,2.6
2807905062,2017,47.2,28.4,28.4,1632.0,2.5
2807905062,2018,47.1,28.1,27.0,1667.0,2.6
2807905062,2019,47.2,28.1,27.5,1662.0,2.6
2807905062,2020,47.5,28.1,27.6,1643.0,2.6
2807905062,2021,47.7,29.0,28.4,1655.0,2.5
2807905062,2022,47.3,28.4,28.9,1675.0,2.5
2807905063,2015,43.8,21.2,17.6,835.0,3.2
2807905063,2016,43.4,20.4,19.1,839.0,3.1
2807905063,2017,43.8,20.5,18.9,826.0,3.1
2807905063,2018,43.9,21.0,21.3,816.0,3.0
2807905063,2019,43.5,20.4,19.7,833.0,3.1
2807905063,2020,43.9,20.5,21.0,823.0,3.0
2807905063,2021,43.6,19.7,18.7,857.0,3.1
2807905063,2022,43.4,19.7,18.8,861.0,3.1
2807905064,2015,44.2,21.4,36.2,1939.0,2.5
2807905064,2016,44.0,22.0,36.3,1912.0,2.4
2807905064,2017,43.6,21.6,35.4,1950.0,2.4
2807905064,2018,43.7,21.7,33.9,1966.0,2.4
2807905064,2019,43.5,21.8,34.5,1957.0,2.4
2807905064,2020,43.1,21.0,34.5,1974.0,2.5
2807905064,2021,43.4,21.9,35.8,1960.0,2.4
2807905064,2022,43.2,22.2,35.6,1973.0,2.4
2807905065,2015,46.2,24.5,42.8,1108.0,2.1
2807905065,2016,45.7,23.9,43.3,1141.0,2.1
2807905065,2017,45.7,23.3,44.7,1145.0,2.0
2807905065,2018,45.2,22.0,42.6,1189.0,2.1
2807905065,2019,45.6,22.2,42.3,1199.0,2.1
2807905065,2020,45.2,21.9,42.7,1181.0,2.1
2807905065,2021,45.0,22.0,46.6,1140.0,2.0
2807905065,2022,45.4,22.6,46.1,1139.0,2.0
2807905066,2015,44.6,25.1,30.7,1225.0,2.6
2807905066,2016,44.3,24.7,29.3,1263.0,2.7
2807905066,2017,44.3,24.7,30.6,1266.0,2.6
2807905066,2018,44.6,25.2,29.4,1257.0,2.7
2807905066,2019,44.9,25.4,29.7,1277.0,2.6
2807905066,2020,44.9,25.5,32.7,1256.0,2.6
2807905066,2021,44.5,25.1,30.1,1281.0,2.6
2807905066,2022,44.7,24.1,32.1,1284.0,2.6
2807905067,2015,43.7,22.1,31.2,2173.0,2.7
2807905067,2016,43.6,22.0,31.3,2167.0,2.7
2807905067,2017,43.5,22.7,32.0,2240.0,2.7
2807905067,2018,44.0,22.9,31.0,2272.0,2.7
2807905067,2019,44.2,23.2,30.5,2287.0,2.7
2807905067,2020,44.4,23.1,32.3,2265.0,2.6
2807905067,2021,44.2,23.3,32.3,2220.0,2.6
2807905067,2022,44.7,24.0,32.0,2238.0,2.6
2807905068,2015,42.5,20.7,25.8,1738.0,3.0
2807905068,2016,42.9,21.0,27.3,1708.0,2.9
2807905068,2017,42.9,20.7,28.2,1720.0,2.9
2807905068,2018,42.5,20.5,28.1,1746.0,2.9
2807905068,2019,42.5,20.4,27.5,1784.0,3.0
2807905068,2020,42.6,20.2,24.5,1799.0,3.0
2807905068,2021,42.7,19.7,25.7,1760.0,3.0
2807905068,2022,43.1,20.8,26.3,1756.0,2.9
2807905069,2015,43.3,22.3,30.7,862.0,2.7
2807905069,2016,43.9,23.5,31.6,861.0,2.6
2807905069,2017,43.8,23.1,30.9,882.0,2.6
2807905069,2018,43.7,23.0,29.8,901.0,2.7
2807905069,2019,42.7,22.4,29.3,926.0,2.8
2807905069,2020,43.7,22.7,28.1,908.0,2.8
2807905069,2021,44.6,23.6,29.0,884.0,2.7
2807905069,2022,44.7,25.5,29.4,883.0,2.6
2807905070,2015,42.6,19.1,38.8,2082.0,2.4
2807905070,2016,42.9,19.3,37.3,2057.0,2.4
2807905070,2017,43.2,19.8,39.0,2096.0,2.4
2807905070,2018,43.7,20.8,38.8,2139.0,2.4
2807905070,2019,43.9,21.5,37.8,2158.0,2.4
2807905070,2020,44.6,22.4,37.9,2016.0,2.4
2807905070,2021,45.3,22.7,39.8,1934.0,2.3
2807905070,2022,45.5,23.1,40.0,1943.0,2.3
2807905072,2015,44.3,22.2,39.5,1582.0,2.3
2807905072,2016,44.3,22.1,40.4,1581.0,2.3
2807905072,2017,44.1,22.0,39.8,1614.0,2.3
2807905072,2018,44.1,22.6,40.4,1636.0,2.3
2807905072,2019,44.1,22.1,40.1,1637.0,2.3
2807905072,2020,44.2,22.9,38.5,1617.0,2.4
2807905072,2021,44.3,22.8,38.3,1614.0,2.4
2807905072,2022,44.6,23.5,40.2,1628.0,2.3
2807905073,2015,45.6,25.5,32.3,1626.0,2.6
2807905073,2016,45.3,24.9,33.4,1641.0,2.6
2807905073,2017,45.9,25.4,34.2,1664.0,2.5
2807905073,2018,45.8,24.8,35.5,1660.0,2.5
2807905073,2019,45.6,24.6,32.9,1660.0,2.5
2807905073,2020,45.8,24.9,34.0,1637.0,2.5
2807905073,2021,46.1,24.4,35.4,1619.0,2.4
2807905073,2022,46.1,24.2,37.6,1626.0,2.4
2807905074,2015,44.0,23.3,36.3,1389.0,2.6
2807905074,2016,44.1,22.5,34.5,1393.0,2.6
2807905074,2017,43.8,21.9,34.2,1450.0,2.7
2807905074,2018,43.5,21.8,34.4,1476.0,2.7
2807905074,2019,43.2,20.5,34.5,1520.0,2.7
2807905074,2020,43.3,20.8,33.4,1493.0,2.7
2807905074,2021,43.6,21.3,35.0,1496.0,2.6
2807905074,2022,43.7,21.6,35.5,1486.0,2.6
2807905075,2015,39.8,17.7,34.0,1727.0,2.9
2807905075,2016,39.9,18.1,33.0,1728.0,2.9
2807905075,2017,39.9,17.4,33.7,1740.0,2.8
2807905075,2018,40.2,17.5,33.5,1745.0,2.9
2807905075,2019,40.2,17.4,34.2,1734.0,2.8
2807905075,2020,40.5,17.9,35.4,1739.0,2.8
2807905075,2021,40.8,18.3,36.7,1710.0,2.8
2807905075,2022,40.9,18.1,35.0,1748.0,2.8
2807905076,2015,41.4,18.2,31.0,2197.0,2.8
2807905076,2016,41.6,18.2,31.7,2168.0,2.8
2807905076,2017,41.9,18.1,33.9,2176.0,2.7
2807905076,2018,41.6,17.4,34.4,2184.0,2.7
2807905076,2019,41.0,17.2,33.2,2314.0,2.8
2807905076,2020,41.0,17.6,32.8,2315.0,2.8
2807905076,2021,41.4,18.3,33.9,2310.0,2.8
2807905076,2022,41.2,18.4,34.6,2339.0,2.8
2807905077,2015,42.3,22.1,19.5,1370.0,3.3
2807905077,2016,42.2,21.8,19.8,1374.0,3.3
2807905077,2017,41.5,21.1,21.1,1424.0,3.3
2807905077,2018,41.4,20.7,20.6,1483.0,3.4
2807905077,2019,41.2,19.8,20.9,1473.0,3.4
2807905077,2020,41.1,19.3,19.5,1451.0,3.4
2807905077,2021,41.5,19.6,20.0,1412.0,3.3
2807905077,2022,41.1,19.2,21.6,1418.0,3.2
2807905078,2015,42.1,19.1,21.6,884.0,3.2
2807905078,2016,41.8,19.2,21.2,910.0,3.3
2807905078,2017,41.6,18.1,21.7,904.0,3.3
2807905078,2018,41.9,18.7,21.8,905.0,3.2
2807905078,2019,42.0,19.3,22.4,915.0,3.2
2807905078,2020,43.1,20.6,22.2,885.0,3.1
2807905078,2021,42.8,20.2,23.6,881.0,3.0
2807905078,2022,42.8,20.7,23.8,888.0,3.0
2807905079,2015,45.3,23.2,42.3,1740.0,2.2
2807905079,2016,45.0,22.7,41.3,1796.0,2.2
2807905079,2017,44.2,22.4,42.7,1853.0,2.3
2807905079,2018,43.6,21.7,40.4,1914.0,2.3
2807905079,2019,43.4,21.1,36.4,1994.0,2.4
2807905079,2020,43.7,21.7,38.1,1949.0,2.3
2807905079,2021,44.4,22.8,39.2,1846.0,2.3
2807905079,2022,44.1,22.4,39.0,1888.0,2.3
2807905080,2015,48.0,25.5,31.3,1004.0,2.4
2807905080,2016,47.7,25.6,32.1,1002.0,2.4
2807905080,2017,47.7,26.1,30.7,996.0,2.4
2807905080,2018,47.7,25.7,31.0,975.0,2.3
2807905080,2019,47.1,25.6,33.7,978.0,2.3
2807905080,2020,47.3,26.0,34.7,958.0,2.2
2807905080,2021,47.3,25.5,34.9,944.0,2.2
2807905080,2022,46.8,25.7,33.5,941.0,2.3
2807905081,2015,43.6,22.4,33.2,1639.0,2.5
2807905081,2016,40.2,18.2,30.1,2103.0,2.7
2807905081,2017,40.0,17.4,28.0,2252.0,2.7
2807905081,2018,40.1,17.5,27.4,2286.0,2.7
2807905081,2019,40.3,17.7,26.8,2320.0,2.7
2807905081,2020,40.8,18.3,27.0,2303.0,2.7
2807905081,2021,41.1,18.4,29.5,2316.0,2.7
2807905081,2022,41.4,18.3,31.3,2269.0,2.6
2807905082,2015,40.5,18.0,25.6,2316.0,3.1
2807905082,2016,40.3,18.0,23.1,2387.0,3.2
2807905082,2017,40.5,18.4,24.6,2362.0,3.1
2807905082,2018,40.6,18.1,25.5,2403.0,3.1
2807905082,2019,41.0,18.6,24.8,2407.0,3.1
2807905082,2020,40.8,18.4,25.3,2396.0,3.1
2807905082,2021,41.4,18.8,25.7,2341.0,3.1
2807905082,2022,41.7,18.9,27.3,2312.0,3.0
2807905083,2015,44.7,25.4,29.6,1848.0,2.6
2807905083,2016,44.5,25.4,28.8,1848.0,2.6
2807905083,2017,44.3,25.0,29.5,1870.0,2.6
2807905083,2018,44.4,24.3,28.6,1921.0,2.6
2807905083,2019,44.2,23.6,28.8,1964.0,2.6
2807905083,2020,44.1,23.4,29.2,1935.0,2.6
2807905083,2021,44.2,23.4,30.6,1898.0,2.6
2807905083,2022,43.3,22.4,30.5,1992.0,2.7
2807905084,2015,43.3,23.3,24.8,1723.0,2.8
2807905084,2016,43.6,23.7,24.8,1717.0,2.8
2807905084,2017,43.7,24.1,23.4,1711.0,2.7
2807905084,2018,43.6,24.1,26.3,1719.0,2.7
2807905084,2019,44.4,25.2,25.4,1705.0,2.7
2807905084,2020,45.0,26.2,28.4,1653.0,2.7
2807905084,2021,44.8,25.3,28.3,1679.0,2.7
2807905084,2022,44.9,25.5,28.7,1675.0,2.7
2807905085,2015,42.3,20.8,31.8,1637.0,2.7
2807905085,2016,43.2,21.5,31.3,1595.0,2.6
2807905085,2017,43.2,21.4,30.7,1633.0,2.6
2807905085,2018,43.3,21.8,31.4,1629.0,2.6
2807905085,2019,43.0,21.5,32.9,1635.0,2.6
2807905085,2020,43.1,21.5,33.9,1607.0,2.6
2807905085,2021,43.1,21.1,35.2,1644.0,2.6
2807905085,2022,43.0,21.2,33.4,1676.0,2.6
2807905086,2015,45.8,23.0,45.1,1234.0,2.1
2807905086,2016,45.6,22.2,46.4,1252.0,2.1
2807905086,2017,45.8,22.3,45.5,1256.0,2.0
2807905086,2018,45.4,21.5,45.2,1249.0,2.0
2807905086,2019,44.7,20.9,43.8,1287.0,2.1
2807905086,2020,44.7,20.5,41.9,1270.0,2.1
2807905086,2021,45.6,21.3,45.9,1223.0,2.0
2807905086,2022,45.1,20.1,45.2,1218.0,2.0
2807905087,2015,45.9,24.8,33.3,1758.0,2.4
2807905087,2016,45.8,24.4,33.7,1770.0,2.4
2807905087,2017,45.4,23.5,34.9,1811.0,2.4
2807905087,2018,45.5,24.0,34.2,1824.0,2.4
2807905087,2019,45.4,24.1,33.2,1889.0,2.4
2807905087,2020,45.4,24.3,34.4,1857.0,2.4
2807905087,2021,45.4,24.5,34.8,1825.0,2.4
2807905087,2022,45.8,25.3,36.4,1781.0,2.3
2807905088,2015,46.7,26.0,31.9,789.0,2.5
2807905088,2016,46.4,25.3,30.3,790.0,2.6
2807905088,2017,46.4,25.4,31.3,798.0,2.5
2807905088,2018,46.1,25.5,30.2,821.0,2.6
2807905088,2019,45.5,24.7,29.3,854.0,2.7
2807905088,2020,45.4,24.5,29.4,838.0,2.7
2807905088,2021,45.7,24.4,30.9,832.0,2.6
2807905088,2022,45.7,25.1,32.3,832.0,2.6
2807905089,2015,51.4,34.9,30.1,699.0,2.5
2807905089,2016,50.9,34.8,27.6,722.0,2.6
2807905089,2017,51.1,35.0,29.6,718.0,2.6
2807905089,2018,50.5,33.6,30.5,723.0,2.6
2807905089,2019,50.7,34.2,28.4,737.0,2.6
2807905089,2020,50.2,33.3,28.6,730.0,2.7
2807905089,2021,50.1,32.1,26.9,716.0,2.7
2807905089,2022,49.5,31.0,24.8,745.0,2.7
2807905090,2015,53.6,37.2,35.2,976.0,2.3
2807905090,2016,53.0,35.7,33.3,974.0,2.3
2807905090,2017,51.9,33.7,34.8,1005.0,2.3
2807905090,2018,51.7,32.9,36.1,991.0,2.2
2807905090,2019,51.7,33.0,38.3,970.0,2.2
2807905090,2020,52.3,33.6,39.7,935.0,2.2
2807905090,2021,51.2,31.1,37.9,958.0,2.2
2807905090,2022,50.8,30.9,38.9,936.0,2.2
2807905091,2015,48.4,29.0,29.9,840.0,2.5
2807905091,2016,47.6,27.2,33.9,847.0,2.5
2807905091,2017,47.5,26.5,31.3,864.0,2.5
2807905091,2018,47.8,26.0,33.3,853.0,2.4
2807905091,2019,47.2,24.5,32.4,864.0,2.5
2807905091,2020,47.4,24.3,33.1,856.0,2.5
2807905091,2021,46.7,23.3,34.2,868.0,2.5
2807905091,2022,46.9,23.4,35.7,863.0,2.4
2807905092,2015,49.3,26.3,44.1,1325.0,2.0
2807905092,2016,48.5,24.9,44.2,1368.0,2.0
2807905092,2017,47.7,23.2,43.3,1364.0,2.0
2807905092,2018,47.1,22.6,44.0,1369.0,2.0
2807905092,2019,46.9,22.9,44.9,1374.0,2.0
2807905092,2020,45.4,20.2,41.4,1383.0,2.1
2807905092,2021,45.0,19.8,42.0,1323.0,2.1
2807905092,2022,44.3,18.9,41.4,1338.0,2.1
2807905094,2015,41.2,15.2,29.2,2529.0,2.6
2807905094,2016,41.4,15.7,29.5,2587.0,2.6
2807905094,2017,42.5,16.4,39.0,1358.0,2.3
2807905094,2018,43.3,17.7,40.6,1307.0,2.2
2807905094,2019,42.7,17.4,40.1,1357.0,2.2
2807905094,2020,43.4,18.4,39.1,1347.0,2.2
2807905094,2021,43.6,19.3,37.8,1353.0,2.2
2807905094,2022,43.5,20.0,39.5,1343.0,2.2
2807905095,2015,44.6,20.8,28.1,1883.0,2.6
2807905095,2016,45.0,22.3,27.6,1858.0,2.6
2807905095,2017,45.2,23.1,25.3,1886.0,2.6
2807905095,2018,45.9,24.9,25.3,1874.0,2.6
2807905095,2019,46.5,26.0,25.0,1881.0,2.6
2807905095,2020,47.0,27.4,25.9,1837.0,2.5
2807905095,2021,47.8,29.2,27.2,1807.0,2.5
2807905095,2022,48.7,31.3,28.1,1769.0,2.4
2807905096,2015,45.3,22.6,38.3,1352.0,2.3
2807905096,2016,46.2,24.2,38.1,1321.0,2.2
2807905096,2017,46.8,25.3,39.8,1315.0,2.2
2807905096,2018,46.8,25.8,39.7,1335.0,2.2
2807905096,2019,46.6,25.7,38.8,1367.0,2.2
2807905096,2020,47.3,26.9,40.7,1314.0,2.2
2807905096,2021,47.4,28.0,39.6,1319.0,2.2
2807905096,2022,47.6,28.8,39.3,1336.0,2.1
2807905097,2015,44.6,22.2,40.7,1459.0,2.3
2807905097,2016,44.2,21.4,41.5,1499.0,2.3
2807905097,2017,44.5,22.1,39.3,1517.0,2.3
2807905097,2018,44.5,23.0,40.5,1534.0,2.3
2807905097,2019,44.0,22.8,38.9,1568.0,2.3
2807905097,2020,44.0,23.3,39.1,1577.0,2.3
2807905097,2021,44.5,24.3,39.8,1575.0,2.3
2807905097,2022,44.8,25.0,42.3,1558.0,2.2
2807905098,2015,47.9,23.6,36.1,1096.0,2.2
2807905098,2016,47.4,23.5,37.5,1125.0,2.2
2807905098,2017,47.3,23.0,35.2,1128.0,2.2
2807905098,2018,47.6,23.2,36.8,1109.0,2.2
2807905098,2019,47.6,23.4,35.0,1118.0,2.2
2807905098,2020,47.9,23.9,39.0,1079.0,2.2
2807905098,2021,48.9,25.6,39.1,1080.0,2.1
2807905098,2022,48.6,26.0,37.5,1089.0,2.1
2807905099,2015,44.2,20.7,27.5,1820.0,2.6
2807905099,2016,44.5,21.5,27.8,1822.0,2.6
2807905099,2017,45.1,22.7,27.7,1851.0,2.6
2807905099,2018,45.5,24.4,28.9,1840.0,2.5
2807905099,2019,45.8,25.4,29.5,1855.0,2.5
2807905099,2020,46.1,26.4,28.3,1831.0,2.5
2807905099,2021,46.4,27.8,29.1,1796.0,2.5
2807905099,2022,46.7,28.7,31.2,1785.0,2.5
2807905100,2015,39.1,14.9,16.8,1929.0,3.3
2807905100,2016,39.6,15.9,18.2,1923.0,3.2
2807905100,2017,39.3,15.6,18.4,1981.0,3.2
2807905100,2018,39.1,15.7,19.3,2088.0,3.2
2807905100,2019,39.2,15.9,20.1,2183.0,3.1
2807905100,2020,39.2,16.2,20.4,2223.0,3.2
2807905100,2021,39.8,17.0,20.4,2184.0,3.1
2807905100,2022,39.7,17.3,21.5,2246.0,3.1
2807905101,2015,41.4,16.3,20.6,2408.0,2.9
2807905101,2016,41.7,17.6,20.3,2442.0,2.8
2807905101,2017,42.7,20.7,23.0,1313.0,2.8
2807905101,2018,43.4,22.7,23.5,1296.0,2.8
2807905101,2019,43.3,22.5,22.6,1325.0,2.9
2807905101,2020,43.6,24.0,22.8,1280.0,2.9
2807905101,2021,43.9,25.2,24.1,1256.0,2.8
2807905101,2022,44.2,26.0,25.5,1250.0,2.8
2807905102,2015,48.9,31.2,33.3,850.0,2.3
2807905102,2016,47.9,30.7,30.3,886.0,2.4
2807905102,2017,48.3,31.2,31.3,890.0,2.4
2807905102,2018,48.8,31.6,31.3,890.0,2.4
2807905102,2019,49.0,32.0,31.3,884.0,2.4
2807905102,2020,49.3,31.8,30.8,878.0,2.4
2807905102,2021,49.9,32.5,31.4,867.0,2.3
2807905102,2022,50.0,33.9,33.4,880.0,2.3
2807905103,2015,,,,,
2807905103,2016,,,,,
2807905103,2017,41.3,17.6,17.2,1157.0,2.9
2807905103,2018,41.5,18.8,18.6,1166.0,2.9
2807905103,2019,41.9,20.0,20.4,1173.0,2.9
2807905103,2020,41.9,20.3,20.2,1200.0,2.9
2807905103,2021,42.1,20.7,20.3,1234.0,2.9
2807905103,2022,42.0,21.7,20.8,1252.0,2.9
2807905104,2015,,,,,
2807905104,2016,,,,,
2807905104,2017,40.5,15.7,19.5,1303.0,3.0
2807905104,2018,41.3,17.1,21.9,1296.0,2.9
2807905104,2019,41.9,18.4,21.2,1313.0,2.9
2807905104,2020,42.6,19.0,22.6,1262.0,2.9
2807905104,2021,43.1,20.2,21.2,1266.0,2.8
2807905104,2022,43.5,21.5,22.0,1278.0,2.8
2807906001,2015,43.1,17.2,38.6,1314.0,2.4
2807906001,2016,43.0,17.5,38.0,1295.0,2.4
2807906001,2017,43.0,18.5,37.6,1291.0,2.4
2807906001,2018,42.7,18.9,38.5,1314.0,2.4
2807906001,2019,42.9,18.5,39.8,1339.0,2.4
2807906001,2020,43.1,19.0,39.4,1319.0,2.3
2807906001,2021,44.0,20.3,40.6,1269.0,2.3
2807906001,2022,44.5,20.3,40.1,1234.0,2.3
2807906002,2015,42.1,17.3,40.3,976.0,2.3
2807906002,2016,42.4,18.7,41.5,956.0,2.3
2807906002,2017,43.0,19.2,43.9,933.0,2.2
2807906002,2018,42.9,19.5,41.4,943.0,2.3
2807906002,2019,43.4,19.3,40.8,941.0,2.3
2807906002,2020,43.6,19.3,43.2,917.0,2.2
2807906002,2021,43.5,19.4,43.3,966.0,2.2
2807906002,2022,42.7,17.9,42.7,1010.0,2.2
2807906003,2015,42.5,16.5,42.2,1460.0,2.2
2807906003,2016,42.8,17.0,42.3,1456.0,2.2
2807906003,2017,42.3,17.1,43.7,1488.0,2.2
2807906003,2018,42.1,16.9,44.0,1537.0,2.2
2807906003,2019,42.4,17.1,45.0,1548.0,2.2
2807906003,2020,42.8,18.3,44.7,1502.0,2.1
2807906003,2021,42.8,18.2,46.3,1508.0,2.1
2807906003,2022,42.6,17.8,45.7,1538.0,2.1
2807906004,2015,40.4,13.9,35.3,1143.0,2.4
2807906004,2016,40.5,13.3,34.0,1149.0,2.4
2807906004,2017,40.6,13.5,34.4,1193.0,2.4
2807906004,2018,41.0,14.1,35.7,1205.0,2.5
2807906004,2019,39.6,12.6,31.6,1249.0,2.6
2807906004,2020,40.0,12.7,35.4,1181.0,2.5
2807906004,2021,40.6,13.3,36.8,1179.0,2.4
2807906004,2022,41.0,13.5,37.6,1201.0,2.4
2807906005,2015,43.1,17.2,34.5,986.0,2.5
2807906005,2016,42.1,16.5,34.2,1028.0,2.6
2807906005,2017,41.9,16.4,33.8,1058.0,2.6
2807906005,2018,41.3,15.7,34.2,1081.0,2.6
2807906005,2019,41.5,15.6,36.5,1069.0,2.6
2807906005,2020,41.3,14.8,34.9,1061.0,2.6
2807906005,2021,41.7,15.7,37.9,1062.0,2.5
2807906005,2022,41.7,16.5,37.6,1086.0,2.5
2807906006,2015,40.8,13.4,34.1,918.0,2.5
2807906006,2016,40.5,14.1,35.2,910.0,2.5
2807906006,2017,40.1,13.8,34.0,982.0,2.6
2807906006,2018,40.6,13.8,33.7,1000.0,2.6
2807906006,2019,40.4,12.3,34.9,1054.0,2.7
2807906006,2020,40.5,12.3,34.3,1010.0,2.7
2807906006,2021,41.0,12.6,35.8,993.0,2.5
2807906006,2022,40.9,12.5,34.8,1005.0,2.5
2807906007,2015,46.2,22.8,33.9,1029.0,2.4
2807906007,2016,46.3,23.7,36.7,1010.0,2.3
2807906007,2017,46.1,23.6,37.9,1034.0,2.3
2807906007,2018,45.7,23.0,36.3,1078.0,2.4
2807906007,2019,46.2,23.7,37.4,1053.0,2.3
2807906007,2020,46.4,24.1,39.8,1022.0,2.3
2807906007,2021,46.6,24.9,38.3,1017.0,2.3
2807906007,2022,46.5,23.7,37.7,1053.0,2.3
2807906008,2015,44.6,21.5,40.2,1057.0,2.3
2807906008,2016,44.5,21.2,38.4,1026.0,2.3
2807906008,2017,44.4,20.7,38.2,1007.0,2.3
2807906008,2018,44.2,20.3,39.3,1050.0,2.3
2807906008,2019,43.6,18.7,40.6,1097.0,2.3
2807906008,2020,44.2,18.6,42.2,1061.0,2.3
2807906008,2021,43.6,18.1,39.4,1048.0,2.3
2807906008,2022,43.5,17.4,40.0,1049.0,2.2
2807906009,2015,47.3,26.5,34.6,1080.0,2.3
2807906009,2016,46.6,26.6,34.3,1106.0,2.4
2807906009,2017,46.5,25.7,33.8,1110.0,2.4
2807906009,2018,46.3,24.8,34.7,1115.0,2.4
2807906009,2019,46.8,25.8,35.4,1119.0,2.4
2807906009,2020,47.3,26.3,36.1,1097.0,2.4
2807906009,2021,46.9,25.4,37.5,1122.0,2.4
2807906009,2022,46.6,24.8,35.6,1121.0,2.4
2807906010,2015,48.4,30.5,29.4,1710.0,2.4
2807906010,2016,48.1,30.4,29.3,1723.0,2.4
2807906010,2017,48.3,30.3,28.6,1718.0,2.4
2807906010,2018,49.0,31.1,29.5,1678.0,2.4
2807906010,2019,49.0,31.3,30.3,1720.0,2.4
2807906010,2020,49.5,32.1,29.9,1678.0,2.3
2807906010,2021,49.9,32.9,32.2,1642.0,2.3
2807906010,2022,49.8,32.6,30.8,1660.0,2.3
2807906011,2015,44.5,19.3,33.3,1197.0,2.5
2807906011,2016,44.2,19.0,32.0,1216.0,2.5
2807906011,2017,44.2,19.3,33.6,1201.0,2.5
2807906011,2018,43.9,18.6,34.2,1238.0,2.5
2807906011,2019,43.1,18.4,33.2,1287.0,2.6
2807906011,2020,42.5,17.8,29.1,1284.0,2.6
2807906011,2021,43.0,18.6,29.1,1310.0,2.6
2807906011,2022,43.2,18.7,30.9,1289.0,2.5
2807906012,2015,43.8,20.4,39.4,956.0,2.5
2807906012,2016,43.4,19.0,37.8,961.0,2.6
2807906012,2017,44.0,19.4,37.9,922.0,2.5
2807906012,2018,43.6,18.4,39.4,939.0,2.5
2807906012,2019,43.1,18.1,40.1,919.0,2.5
2807906012,2020,42.3,16.6,37.5,946.0,2.5
2807906012,2021,42.9,17.4,41.3,931.0,2.4
2807906012,2022,41.8,15.6,38.8,958.0,2.5
2807906013,2015,42.5,17.1,36.2,1016.0,2.5
2807906013,2016,41.5,15.9,35.1,1055.0,2.5
2807906013,2017,41.7,15.7,36.5,1048.0,2.5
2807906013,2018,41.5,15.4,34.7,1067.0,2.5
2807906013,2019,41.6,16.0,36.9,1065.0,2.5
2807906013,2020,41.8,16.3,34.3,1067.0,2.5
2807906013,2021,41.7,16.7,36.4,1020.0,2.4
2807906013,2022,41.4,15.7,37.4,1083.0,2.5
2807906014,2015,44.0,22.1,35.8,1156.0,2.5
2807906014,2016,44.8,22.6,35.2,1122.0,2.5
2807906014,2017,45.2,23.1,35.9,1089.0,2.4
2807906014,2018,45.6,23.3,36.9,1082.0,2.3
2807906014,2019,45.2,22.7,36.4,1130.0,2.4
2807906014,2020,44.5,21.5,35.9,1127.0,2.4
2807906014,2021,45.0,22.0,37.8,1080.0,2.4
2807906014,2022,44.7,22.0,36.8,1114.0,2.4
2807906015,2015,40.6,15.8,40.0,1094.0,2.5
2807906015,2016,40.6,16.3,38.1,1093.0,2.5
2807906015,2017,40.9,16.3,36.6,1126.0,2.5
2807906015,2018,41.1,15.1,37.7,1154.0,2.5
2807906015,2019,40.5,14.2,37.6,1183.0,2.5
2807906015,2020,40.6,15.0,37.2,1151.0,2.4
2807906015,2021,41.2,15.0,36.9,1145.0,2.5
2807906015,2022,40.9,14.4,37.7,1209.0,2.5
2807906016,2015,42.8,17.9,36.3,1697.0,2.5
2807906016,2016,42.6,17.3,38.6,1659.0,2.5
2807906016,2017,41.7,16.5,39.9,1681.0,2.5
2807906016,2018,42.1,16.6,38.9,1682.0,2.5
2807906016,2019,42.0,16.7,38.8,1728.0,2.5
2807906016,2020,41.8,16.0,38.1,1743.0,2.5
2807906016,2021,42.0,16.3,36.8,1796.0,2.5
2807906016,2022,41.9,16.2,38.3,1826.0,2.4
2807906017,2015,42.4,16.2,41.4,1045.0,2.3
2807906017,2016,42.2,15.7,42.1,1014.0,2.3
2807906017,2017,42.0,14.5,41.2,1040.0,2.3
2807906017,2018,42.4,15.3,41.4,1036.0,2.3
2807906017,2019,41.5,14.1,39.8,1105.0,2.4
2807906017,2020,42.0,14.7,39.3,1035.0,2.3
2807906017,2021,41.3,14.4,39.5,1084.0,2.5
2807906017,2022,40.8,13.6,39.2,1136.0,2.5
2807906018,2015,42.8,19.3,38.5,1349.0,2.4
2807906018,2016,43.3,19.2,38.5,1334.0,2.4
2807906018,2017,42.6,18.3,37.0,1362.0,2.4
2807906018,2018,43.0,17.9,35.5,1374.0,2.4
2807906018,2019,42.9,17.7,36.2,1421.0,2.5
2807906018,2020,42.6,17.0,37.0,1426.0,2.4
2807906018,2021,42.3,16.7,38.8,1441.0,2.5
2807906018,2022,43.1,17.0,40.1,1414.0,2.4
2807906019,2015,41.4,15.0,38.3,2137.0,2.6
2807906019,2016,40.8,14.9,37.3,2216.0,2.6
2807906019,2017,40.7,15.0,39.3,2234.0,2.5
2807906019,2018,40.4,14.9,38.0,2262.0,2.6
2807906019,2019,40.2,14.2,37.4,2313.0,2.6
2807906019,2020,40.8,14.6,36.3,2275.0,2.6
2807906019,2021,41.2,14.8,37.3,2207.0,2.5
2807906019,2022,41.0,14.2,39.4,2295.0,2.5
2807906021,2015,41.3,15.4,36.6,1849.0,2.5
2807906021,2016,41.0,14.7,37.4,1867.0,2.5
2807906021,2017,40.9,14.4,39.6,1928.0,2.4
2807906021,2018,39.7,13.2,37.6,2013.0,2.5
2807906021,2019,39.6,12.8,36.4,2137.0,2.6
2807906021,2020,39.5,13.2,37.5,2104.0,2.5
2807906021,2021,39.8,13.3,36.5,2074.0,2.5
2807906021,2022,39.9,13.1,36.5,2085.0,2.5
2807906023,2015,45.2,20.3,30.6,1139.0,2.6
2807906023,2016,45.4,20.5,30.8,1131.0,2.6
2807906023,2017,45.4,20.9,33.0,1162.0,2.6
2807906023,2018,45.5,21.9,31.1,1145.0,2.6
2807906023,2019,45.0,21.2,31.0,1168.0,2.6
2807906023,2020,45.8,21.4,31.8,1087.0,2.5
2807906023,2021,45.4,22.1,33.9,1129.0,2.5
2807906023,2022,45.2,21.9,32.7,1146.0,2.5
2807906024,2015,44.9,21.9,44.9,727.0,2.0
2807906024,2016,45.3,21.7,43.3,702.0,2.0
2807906024,2017,44.7,21.9,45.7,708.0,2.0
2807906024,2018,44.6,21.2,47.8,707.0,2.0
2807906024,2019,44.3,21.6,44.9,709.0,2.0
2807906024,2020,44.6,21.4,45.1,692.0,2.0
2807906024,2021,43.9,19.4,43.5,701.0,2.0
2807906024,2022,43.9,19.2,45.8,694.0,2.0
2807906025,2015,42.6,14.1,43.0,1014.0,2.3
2807906025,2016,43.0,15.2,44.3,1012.0,2.3
2807906025,2017,42.3,15.4,44.7,1027.0,2.3
2807906025,2018,42.7,16.2,42.1,1041.0,2.3
2807906025,2019,43.4,17.2,43.6,1027.0,2.2
2807906025,2020,43.5,17.6,46.5,987.0,2.2
2807906025,2021,43.5,18.8,46.6,1002.0,2.2
2807906025,2022,42.8,17.5,45.3,1040.0,2.2
2807906026,2015,45.2,22.9,42.5,985.0,2.1
2807906026,2016,44.9,23.5,42.1,972.0,2.1
2807906026,2017,44.0,23.0,41.5,999.0,2.1
2807906026,2018,44.8,23.2,39.9,994.0,2.2
2807906026,2019,44.8,22.7,40.7,1010.0,2.2
2807906026,2020,44.2,21.6,39.2,1054.0,2.2
2807906026,2021,45.4,23.0,40.8,1007.0,2.2
2807906026,2022,44.5,22.0,44.0,1009.0,2.1
2807906027,2015,44.7,20.2,44.1,1187.0,2.1
2807906027,2016,45.0,21.4,42.7,1209.0,2.1
2807906027,2017,44.5,20.8,43.3,1248.0,2.1
2807906027,2018,45.4,21.5,43.0,1235.0,2.1
2807906027,2019,45.2,21.4,41.2,1289.0,2.1
2807906027,2020,45.8,23.2,43.6,1202.0,2.1
2807906027,2021,45.6,23.2,45.0,1175.0,2.1
2807906027,2022,45.8,23.6,49.0,1169.0,2.0
2807906028,2015,48.4,29.8,26.9,1330.0,2.7
2807906028,2016,48.1,29.8,27.9,1350.0,2.6
2807906028,2017,48.2,28.7,29.1,1372.0,2.6
2807906028,2018,47.7,28.5,28.9,1388.0,2.6
2807906028,2019,47.2,28.0,28.7,1401.0,2.6
2807906028,2020,47.0,28.1,29.6,1421.0,2.6
2807906028,2021,46.6,27.7,31.3,1449.0,2.6
2807906028,2022,46.7,27.9,31.7,1464.0,2.6
2807906029,2015,46.3,24.4,50.5,1552.0,1.8
2807906029,2016,45.7,24.4,49.7,1583.0,1.8
2807906029,2017,45.7,25.6,50.7,1611.0,1.8
2807906029,2018,45.4,24.6,50.6,1630.0,1.8
2807906029,2019,45.1,24.3,50.2,1712.0,1.9
2807906029,2020,46.2,25.2,53.3,1606.0,1.8
2807906029,2021,46.1,24.5,53.6,1618.0,1.8
2807906029,2022,45.9,24.5,54.2,1607.0,1.8
2807906031,2015,48.3,31.7,34.5,1168.0,2.5
2807906031,2016,48.0,32.0,34.2,1159.0,2.5
2807906031,2017,48.5,32.3,33.6,1141.0,2.4
2807906031,2018,48.6,32.7,32.2,1150.0,2.5
2807906031,2019,49.1,33.3,33.3,1134.0,2.4
2807906031,2020,48.4,31.8,33.3,1140.0,2.4
2807906031,2021,48.7,31.9,33.8,1128.0,2.4
2807906031,2022,48.1,30.4,33.8,1127.0,2.4
2807906032,2015,44.4,19.5,45.9,1043.0,2.1
2807906032,2016,45.0,20.2,46.1,997.0,2.1
2807906032,2017,44.4,19.4,45.7,1032.0,2.1
2807906032,2018,44.0,18.4,44.7,1041.0,2.1
2807906032,2019,44.0,18.4,43.7,1053.0,2.1
2807906032,2020,43.5,17.2,42.8,1029.0,2.1
2807906032,2021,44.0,17.5,44.0,1006.0,2.0
2807906032,2022,43.4,17.9,42.9,1042.0,2.1
2807906033,2015,43.1,18.5,37.0,1399.0,2.4
2807906033,2016,43.3,18.4,37.3,1426.0,2.4
2807906033,2017,43.6,19.2,39.0,1377.0,2.3
2807906033,2018,43.1,18.7,35.9,1464.0,2.4
2807906033,2019,43.2,18.7,35.9,1451.0,2.4
2807906033,2020,43.4,18.5,37.3,1427.0,2.4
2807906033,2021,43.5,19.7,37.1,1406.0,2.4
2807906033,2022,43.0,19.0,38.1,1491.0,2.4
2807906034,2015,40.9,16.4,41.8,868.0,2.3
2807906034,2016,41.3,15.9,41.3,876.0,2.2
2807906034,2017,41.8,16.1,40.9,862.0,2.2
2807906034,2018,42.5,16.2,41.2,862.0,2.2
2807906034,2019,43.3,17.0,42.3,864.0,2.2
2807906034,2020,43.3,17.6,42.9,852.0,2.1
2807906034,2021,43.6,17.7,44.5,860.0,2.1
2807906034,2022,43.4,17.3,42.8,900.0,2.1
2807906035,2015,44.4,21.0,33.9,1554.0,2.4
2807906035,2016,44.4,21.2,34.0,1578.0,2.4
2807906035,2017,43.9,21.1,32.6,1595.0,2.5
2807906035,2018,43.7,21.3,34.7,1600.0,2.5
2807906035,2019,44.3,21.5,35.5,1604.0,2.5
2807906035,2020,43.9,21.7,34.3,1581.0,2.5
2807906035,2021,44.1,21.3,36.3,1571.0,2.4
2807906035,2022,44.2,22.0,37.7,1589.0,2.4
2807906036,2015,42.6,18.0,41.1,996.0,2.3
2807906036,2016,42.6,17.7,41.9,1012.0,2.3
2807906036,2017,42.2,17.6,43.3,1021.0,2.2
2807906036,2018,41.9,17.4,41.1,1079.0,2.2
2807906036,2019,42.5,18.2,43.3,1049.0,2.2
2807906036,2020,42.1,17.2,42.9,1061.0,2.2
2807906036,2021,42.7,18.2,44.1,1015.0,2.2
2807906036,2022,43.2,19.0,43.7,1022.0,2.1
2807906037,2015,43.8,22.4,44.5,1094.0,2.1
2807906037,2016,43.8,21.3,41.9,1116.0,2.2
2807906037,2017,43.6,21.3,43.4,1119.0,2.2
2807906037,2018,43.6,20.4,42.6,1138.0,2.2
2807906037,2019,43.6,19.9,43.7,1140.0,2.2
2807906037,2020,44.0,20.4,44.9,1107.0,2.1
2807906037,2021,43.9,20.4,43.7,1105.0,2.1
2807906037,2022,43.5,20.0,44.3,1102.0,2.1
2807906038,2015,46.5,27.1,29.6,835.0,2.5
2807906038,2016,46.2,26.9,31.4,845.0,2.5
2807906038,2017,46.1,26.3,32.3,838.0,2.4
2807906038,2018,46.1,26.0,33.4,853.0,2.4
2807906038,2019,46.7,26.7,32.5,832.0,2.4
2807906038,2020,46.8,26.8,35.1,814.0,2.3
2807906038,2021,46.7,27.0,36.1,812.0,2.3
2807906038,2022,45.8,26.0,36.5,826.0,2.3
2807906039,2015,47.6,27.1,27.4,820.0,2.8
2807906039,2016,46.5,24.9,29.3,842.0,2.7
2807906039,2017,46.3,25.2,28.7,854.0,2.8
2807906039,2018,46.3,24.8,28.9,882.0,2.8
2807906039,2019,46.0,24.5,28.0,906.0,2.8
2807906039,2020,46.4,24.9,28.4,899.0,2.8
2807906039,2021,46.6,25.8,27.5,900.0,2.8
2807906039,2022,46.0,24.8,30.0,897.0,2.7
2807906040,2015,46.6,25.9,23.6,1116.0,2.7
2807906040,2016,46.7,26.2,25.0,1124.0,2.7
2807906040,2017,46.7,26.7,25.5,1114.0,2.7
2807906040,2018,46.3,26.4,23.9,1150.0,2.7
2807906040,2019,46.7,26.1,23.8,1163.0,2.8
2807906040,2020,46.6,26.5,25.1,1143.0,2.7
2807906040,2021,46.7,27.1,24.5,1127.0,2.7
2807906040,2022,46.9,27.2,23.9,1127.0,2.7
2807906041,2015,46.0,25.0,40.9,1707.0,2.1
2807906041,2016,45.5,24.3,41.3,1764.0,2.2
2807906041,2017,46.1,25.2,41.4,1741.0,2.1
2807906041,2018,45.9,24.8,42.6,1781.0,2.2
2807906041,2019,45.7,24.5,40.0,1831.0,2.2
2807906041,2020,46.0,24.6,40.5,1768.0,2.2
2807906041,2021,46.3,25.1,42.4,1759.0,2.2
2807906041,2022,46.4,25.2,42.0,1767.0,2.2
2807906042,2015,44.9,21.7,42.6,1917.0,2.2
2807906042,2016,44.9,21.7,41.9,1924.0,2.2
2807906042,2017,45.0,21.4,41.9,1950.0,2.3
2807906042,2018,44.7,20.9,42.3,1978.0,2.3
2807906042,2019,44.6,20.3,41.8,2020.0,2.3
2807906042,2020,45.3,20.9,42.9,1915.0,2.3
2807906042,2021,45.4,21.2,43.7,1947.0,2.2
2807906042,2022,44.8,21.2,43.2,2007.0,2.3
2807906043,2015,42.1,15.3,46.1,1402.0,2.0
2807906043,2016,42.2,15.2,45.8,1412.0,2.0
2807906043,2017,42.2,15.4,46.0,1456.0,2.1
2807906043,2018,42.2,15.4,46.3,1477.0,2.0
2807906043,2019,42.2,15.2,46.3,1484.0,2.0
2807906043,2020,42.3,15.6,44.4,1481.0,2.0
2807906043,2021,42.7,15.6,47.9,1481.0,2.0
2807906043,2022,42.8,15.9,47.6,1514.0,2.0
2807906044,2015,47.2,26.7,29.1,1016.0,2.6
2807906044,2016,46.5,25.3,29.0,1024.0,2.6
2807906044,2017,45.8,24.2,30.3,1037.0,2.6
2807906044,2018,45.8,23.9,28.8,1041.0,2.6
2807906044,2019,46.0,24.0,27.6,1065.0,2.6
2807906044,2020,45.8,24.1,29.0,1030.0,2.6
2807906044,2021,46.0,24.1,28.8,1035.0,2.6
2807906044,2022,46.0,23.7,28.6,1053.0,2.6
2807906045,2015,45.0,22.2,28.2,1169.0,2.6
2807906045,2016,45.8,23.5,29.1,1144.0,2.5
2807906045,2017,46.1,24.1,29.3,1150.0,2.5
2807906045,2018,45.5,23.4,27.4,1161.0,2.6
2807906045,2019,45.2,23.0,26.8,1159.0,2.6
2807906045,2020,45.1,23.6,27.8,1158.0,2.6
2807906045,2021,45.3,23.5,30.5,1145.0,2.5
2807906045,2022,45.3,23.6,29.4,1121.0,2.5
2807906046,2015,44.9,22.2,45.2,1546.0,2.1
2807906046,2016,45.0,22.6,44.7,1548.0,2.1
2807906046,2017,44.8,21.9,42.8,1596.0,2.1
2807906046,2018,44.7,21.4,42.0,1590.0,2.2
2807906046,2019,44.6,21.2,41.0,1640.0,2.2
2807906046,2020,44.8,21.8,42.0,1639.0,2.1
2807906046,2021,45.2,21.9,43.4,1644.0,2.1
2807906046,2022,45.7,22.5,42.3,1628.0,2.1
2807906048,2015,49.6,33.0,32.3,955.0,2.4
2807906048,2016,49.9,33.3,34.6,939.0,2.3
2807906048,2017,49.8,32.4,35.4,947.0,2.4
2807906048,2018,49.8,31.9,34.1,970.0,2.4
2807906048,2019,49.5,31.3,36.2,956.0,2.4
2807906048,2020,48.9,30.7,33.5,948.0,2.4
2807906048,2021,48.7,30.1,32.9,943.0,2.4
2807906048,2022,48.0,29.4,32.4,951.0,2.4
2807906049,2015,47.3,25.4,35.1,753.0,2.3
2807906049,2016,47.6,26.1,33.8,762.0,2.3
2807906049,2017,46.8,24.5,34.2,792.0,2.4
2807906049,2018,46.6,24.2,32.1,803.0,2.4
2807906049,2019,47.4,24.8,29.5,790.0,2.4
2807906049,2020,46.6,24.7,30.1,802.0,2.4
2807906049,2021,46.3,25.2,32.7,820.0,2.4
2807906049,2022,46.6,26.0,33.5,814.0,2.4
2807906050,2015,48.6,26.8,30.1,631.0,2.4
2807906050,2016,47.7,24.6,30.4,643.0,2.5
2807906050,2017,47.6,23.5,30.8,642.0,2.4
2807906050,2018,47.5,24.1,33.5,634.0,2.4
2807906050,2019,47.2,23.3,31.4,631.0,2.4
2807906050,2020,46.6,22.9,30.2,633.0,2.4
2807906050,2021,46.2,23.6,32.8,615.0,2.4
2807906050,2022,45.6,22.7,31.1,616.0,2.4
2807906051,2015,48.5,25.8,31.4,1131.0,2.4
2807906051,2016,48.4,25.6,28.9,1138.0,2.4
2807906051,2017,48.0,25.1,26.8,1141.0,2.5
2807906051,2018,47.9,24.9,28.9,1141.0,2.4
2807906051,2019,47.8,24.9,30.0,1175.0,2.4
2807906051,2020,47.5,24.6,28.2,1167.0,2.5
2807906051,2021,47.1,24.8,28.6,1176.0,2.5
2807906051,2022,46.9,25.1,30.2,1170.0,2.5
2807906052,2015,49.9,27.5,34.9,984.0,2.3
2807906052,2016,49.6,26.3,37.4,1006.0,2.3
2807906052,2017,49.3,26.4,36.1,1030.0,2.3
2807906052,2018,49.1,24.9,34.7,1022.0,2.3
2807906052,2019,48.0,24.3,34.9,1039.0,2.3
2807906052,2020,48.7,25.0,35.1,999.0,2.3
2807906052,2021,49.0,25.3,38.7,938.0,2.2
2807906052,2022,48.3,24.4,38.3,975.0,2.2
2807906053,2015,45.8,24.3,32.6,1257.0,2.5
2807906053,2016,46.1,24.9,31.0,1241.0,2.5
2807906053,2017,45.2,23.7,29.5,1301.0,2.5
2807906053,2018,45.1,22.9,32.1,1291.0,2.5
2807906053,2019,45.2,23.5,32.6,1283.0,2.5
2807906053,2020,45.3,23.2,33.8,1264.0,2.4
2807906053,2021,45.2,22.5,34.7,1278.0,2.4
2807906053,2022,45.2,23.2,33.7,1278.0,2.4
2807906054,2015,45.1,23.1,38.3,1176.0,2.3
2807906054,2016,45.7,24.0,40.8,1135.0,2.2
2807906054,2017,45.7,24.1,39.1,1159.0,2.3
2807906054,2018,45.4,23.9,39.7,1168.0,2.2
2807906054,2019,44.1,21.5,38.1,1316.0,2.3
2807906054,2020,44.0,21.3,38.5,1357.0,2.2
2807906054,2021,44.4,21.7,39.9,1343.0,2.2
2807906054,2022,44.2,20.8,40.2,1406.0,2.3
2807906056,2015,43.0,18.0,36.6,2190.0,2.4
2807906056,2016,42.9,17.8,35.7,2253.0,2.4
2807906056,2017,43.2,18.1,37.4,2273.0,2.4
2807906056,2018,43.1,17.2,37.0,2299.0,2.4
2807906056,2019,43.4,17.3,36.4,2330.0,2.4
2807906056,2020,43.1,16.9,38.5,2283.0,2.4
2807906056,2021,43.1,16.8,38.5,2249.0,2.3
2807906056,2022,42.7,16.7,40.0,2292.0,2.3
2807906057,2015,47.0,25.3,36.4,1421.0,2.3
2807906057,2016,47.1,25.7,36.8,1406.0,2.2
2807906057,2017,46.8,25.2,39.2,1427.0,2.2
2807906057,2018,46.7,24.8,39.1,1425.0,2.2
2807906057,2019,46.3,24.3,39.1,1466.0,2.2
2807906057,2020,46.9,25.0,39.1,1414.0,2.2
2807906057,2021,46.6,25.2,40.6,1382.0,2.2
2807906057,2022,46.6,24.8,40.3,1391.0,2.2
2807906058,2015,47.2,25.4,45.9,1201.0,2.0
2807906058,2016,47.0,24.7,45.0,1184.0,2.0
2807906058,2017,46.9,24.9,45.1,1216.0,2.0
2807906058,2018,47.6,25.4,48.2,1187.0,1.9
2807906058,2019,47.6,25.2,49.8,1186.0,1.9
2807906058,2020,47.6,25.8,49.4,1169.0,1.9
2807906058,2021,48.5,26.9,51.8,1129.0,1.8
2807906058,2022,47.5,26.0,52.4,1160.0,1.8
2807906059,2015,45.8,25.4,44.1,1017.0,2.1
2807906059,2016,46.0,25.5,44.6,1022.0,2.0
2807906059,2017,45.6,25.3,44.9,1090.0,2.0
2807906059,2018,45.9,25.6,43.6,1092.0,2.1
2807906059,2019,46.2,25.3,44.6,1101.0,2.1
2807906059,2020,46.8,26.2,43.7,1099.0,2.0
2807906059,2021,46.5,25.3,46.0,1111.0,2.0
2807906059,2022,46.4,25.2,47.3,1145.0,2.0
2807906060,2015,49.5,27.6,38.5,902.0,2.1
2807906060,2016,48.7,26.8,37.5,902.0,2.1
2807906060,2017,48.0,24.5,35.6,921.0,2.2
2807906060,2018,47.7,23.3,36.6,927.0,2.2
2807906060,2019,47.6,23.0,34.3,928.0,2.2
2807906060,2020,46.9,22.2,37.0,912.0,2.2
2807906060,2021,46.7,21.8,37.2,902.0,2.1
2807906060,2022,45.9,21.7,36.1,927.0,2.2
2807906061,2015,50.1,28.2,33.3,970.0,2.3
2807906061,2016,49.9,27.7,34.3,951.0,2.2
2807906061,2017,49.1,26.8,36.4,958.0,2.2
2807906061,2018,49.3,27.5,34.4,941.0,2.2
2807906061,2019,49.5,27.3,35.4,932.0,2.2
2807906061,2020,49.0,26.3,33.6,935.0,2.2
2807906061,2021,48.2,25.6,35.0,929.0,2.2
2807906061,2022,47.2,24.5,35.7,938.0,2.2
2807906062,2015,47.7,27.8,40.9,1855.0,2.2
2807906062,2016,47.9,27.4,39.4,1909.0,2.2
2807906062,2017,47.3,27.3,37.8,1983.0,2.2
2807906062,2018,47.1,27.1,38.0,1989.0,2.2
2807906062,2019,47.1,26.9,37.9,2063.0,2.2
2807906062,2020,47.3,27.6,38.6,2018.0,2.2
2807906062,2021,47.6,28.1,38.7,1986.0,2.2
2807906062,2022,47.3,27.9,39.8,2025.0,2.2
2807906063,2015,47.3,26.4,24.4,1180.0,2.7
2807906063,2016,47.0,26.9,25.8,1180.0,2.7
2807906063,2017,47.7,27.2,28.3,1182.0,2.6
2807906063,2018,47.6,27.0,28.0,1219.0,2.6
2807906063,2019,48.1,27.6,27.7,1198.0,2.6
2807906063,2020,48.3,28.2,27.3,1168.0,2.6
2807906063,2021,47.9,28.6,27.6,1207.0,2.6
2807906063,2022,47.1,27.6,28.3,1265.0,2.6
2807906064,2015,48.9,33.3,18.0,739.0,2.9
2807906064,2016,49.7,33.7,20.9,722.0,2.8
2807906064,2017,48.9,32.9,21.9,730.0,2.8
2807906064,2018,50.2,35.1,21.7,721.0,2.8
2807906064,2019,51.1,35.7,22.4,695.0,2.7
2807906064,2020,50.7,34.8,23.7,698.0,2.7
2807906064,2021,50.8,35.6,22.5,703.0,2.8
2807906064,2022,50.5,35.0,22.6,701.0,2.8
2807906065,2015,47.5,28.3,36.0,862.0,2.4
2807906065,2016,47.7,28.1,35.9,878.0,2.4
2807906065,2017,48.2,29.0,34.0,892.0,2.4
2807906065,2018,49.3,29.5,37.9,874.0,2.3
2807906065,2019,49.0,29.0,35.7,890.0,2.3
2807906065,2020,49.1,29.9,34.6,866.0,2.4
2807906065,2021,49.6,30.8,33.2,848.0,2.4
2807906065,2022,49.1,30.0,38.5,863.0,2.3
2807906066,2015,46.6,25.5,44.5,1267.0,2.0
2807906066,2016,46.4,24.5,45.0,1308.0,2.0
2807906066,2017,45.5,23.8,45.6,1381.0,2.0
2807906066,2018,46.0,23.0,45.8,1389.0,2.0
2807906066,2019,46.6,24.6,46.1,1356.0,2.0
2807906066,2020,46.2,24.8,47.2,1343.0,2.0
2807906066,2021,46.1,24.7,46.7,1334.0,2.0
2807906066,2022,46.3,24.3,47.7,1332.0,2.0
2807906067,2015,45.6,21.8,39.3,1132.0,2.3
2807906067,2016,45.3,22.0,39.0,1164.0,2.3
2807906067,2017,45.5,22.2,39.3,1150.0,2.3
2807906067,2018,45.5,21.6,39.1,1173.0,2.2
2807906067,2019,45.0,20.7,39.9,1221.0,2.3
2807906067,2020,45.3,21.2,39.7,1209.0,2.2
2807906067,2021,46.3,22.6,41.1,1150.0,2.2
2807906067,2022,45.2,22.4,39.7,1176.0,2.2
2807906068,2015,46.5,23.6,40.5,1197.0,2.1
2807906068,2016,47.0,24.3,42.2,1187.0,2.1
2807906068,2017,46.0,22.9,41.4,1189.0,2.2
2807906068,2018,45.4,22.5,42.0,1194.0,2.2
2807906068,2019,44.6,20.9,39.0,1235.0,2.2
2807906068,2020,44.5,20.2,39.4,1245.0,2.2
2807906068,2021,44.0,19.5,41.5,1235.0,2.2
2807906068,2022,44.1,19.5,41.8,1233.0,2.2
2807906069,2015,45.2,19.9,42.6,1443.0,2.1
2807906069,2016,45.0,19.5,43.5,1441.0,2.1
2807906069,2017,45.1,19.9,45.8,1458.0,2.1
2807906069,2018,44.7,19.4,44.4,1501.0,2.1
2807906069,2019,44.4,19.3,42.4,1579.0,2.2
2807906069,2020,45.0,19.5,43.7,1501.0,2.1
2807906069,2021,45.2,20.9,45.7,1482.0,2.1
2807906069,2022,44.9,20.7,44.9,1524.0,2.1
2807906070,2015,45.2,21.1,50.5,1305.0,1.8
2807906070,2016,45.7,21.9,49.7,1311.0,1.8
2807906070,2017,45.2,21.2,50.7,1366.0,1.8
2807906070,2018,45.0,21.3,50.7,1421.0,1.8
2807906070,2019,44.9,21.4,50.5,1438.0,1.8
2807906070,2020,44.7,21.4,53.8,1416.0,1.8
2807906070,2021,45.4,22.6,56.3,1361.0,1.7
2807906070,2022,45.3,22.8,56.0,1391.0,1.7
2807906071,2015,46.5,25.6,38.3,953.0,2.3
2807906071,2016,46.9,25.5,36.9,954.0,2.2
2807906071,2017,46.8,25.5,40.6,958.0,2.2
2807906071,2018,46.9,25.6,39.9,972.0,2.2
2807906071,2019,46.7,25.5,41.7,991.0,2.2
2807906071,2020,47.0,25.8,42.8,988.0,2.2
2807906071,2021,46.3,24.7,42.2,989.0,2.2
2807906071,2022,46.9,25.6,43.1,987.0,2.2
2807906072,2015,46.9,23.6,46.1,1942.0,2.0
2807906072,2016,46.4,22.9,46.0,1985.0,2.0
2807906072,2017,46.0,22.3,48.0,2041.0,2.0
2807906072,2018,46.0,22.3,48.8,2038.0,2.0
2807906072,2019,45.7,22.4,49.9,2070.0,2.1
2807906072,2020,45.9,22.9,47.8,2049.0,2.1
2807906072,2021,45.5,22.7,47.5,2060.0,2.1
2807906072,2022,45.3,22.5,51.1,2109.0,2.0
2807906073,2015,41.6,17.2,38.9,1602.0,2.3
2807906073,2016,41.4,16.6,37.7,1609.0,2.4
2807906073,2017,41.3,16.4,38.5,1633.0,2.3
2807906073,2018,41.3,16.1,36.9,1674.0,2.4
2807906073,2019,41.2,15.8,37.0,1697.0,2.4
2807906073,2020,41.8,15.7,38.0,1709.0,2.3
2807906073,2021,42.0,15.5,36.5,1708.0,2.4
2807906073,2022,42.2,15.3,36.3,1724.0,2.4
2807906074,2015,45.3,23.2,36.0,926.0,2.2
2807906074,2016,45.4,22.9,35.6,920.0,2.2
2807906074,2017,45.3,23.3,36.0,929.0,2.2
2807906074,2018,45.7,22.9,35.8,955.0,2.2
2807906074,2019,45.9,23.2,36.3,950.0,2.2
2807906074,2020,46.2,22.5,37.4,912.0,2.2
2807906074,2021,46.5,22.8,37.7,915.0,2.2
2807906074,2022,47.2,22.3,41.0,882.0,2.1
2807906075,2015,46.1,23.0,31.2,1024.0,2.4
2807906075,2016,45.9,23.2,32.3,1025.0,2.4
2807906075,2017,45.2,21.6,33.4,1045.0,2.4
2807906075,2018,44.9,21.2,33.5,1051.0,2.4
2807906075,2019,44.5,20.5,33.5,1044.0,2.4
2807906075,2020,44.5,19.9,34.6,1043.0,2.4
2807906075,2021,44.7,19.8,35.0,1043.0,2.5
2807906075,2022,44.3,19.7,34.3,1069.0,2.5
2807906076,2015,47.1,23.3,50.5,887.0,1.9
2807906076,2016,46.5,21.8,46.8,911.0,2.0
2807906076,2017,46.3,21.6,46.6,926.0,1.9
2807906076,2018,46.3,21.4,47.1,915.0,2.0
2807906076,2019,46.4,21.9,46.0,883.0,2.0
2807906076,2020,47.4,23.8,47.0,823.0,2.0
2807906076,2021,46.2,22.7,46.7,840.0,2.0
2807906076,2022,44.3,20.9,44.6,906.0,2.1
2807906077,2015,51.7,34.9,33.2,849.0,2.3
2807906077,2016,50.9,32.7,32.6,842.0,2.3
2807906077,2017,50.8,31.9,33.3,844.0,2.3
2807906077,2018,50.5,31.1,34.8,861.0,2.3
2807906077,2019,50.2,30.7,38.1,857.0,2.2
2807906077,2020,49.4,29.4,34.6,856.0,2.2
2807906077,2021,48.8,28.4,34.4,899.0,2.2
2807906077,2022,48.5,28.2,36.0,919.0,2.3
2807906078,2015,43.0,20.1,35.8,999.0,2.4
2807906078,2016,43.0,19.0,36.0,981.0,2.4
2807906078,2017,42.6,17.7,36.3,990.0,2.4
2807906078,2018,42.4,17.0,36.8,1007.0,2.4
2807906078,2019,41.6,15.8,32.9,1015.0,2.5
2807906078,2020,40.8,15.1,33.0,1021.0,2.5
2807906078,2021,41.0,16.1,35.9,1003.0,2.5
2807906078,2022,40.9,15.6,34.9,1026.0,2.5
2807906079,2015,50.3,31.2,34.2,963.0,2.3
2807906079,2016,49.1,30.3,31.9,988.0,2.4
2807906079,2017,48.5,29.1,31.1,1015.0,2.4
2807906079,2018,48.6,29.1,30.7,1019.0,2.4
2807906079,2019,47.9,26.6,30.5,1035.0,2.5
2807906079,2020,48.1,27.3,31.7,971.0,2.3
2807906079,2021,47.3,26.2,31.0,991.0,2.4
2807906079,2022,46.4,25.4,31.1,1025.0,2.4
2807906080,2015,44.7,22.3,35.3,900.0,2.4
2807906080,2016,44.4,21.9,36.0,901.0,2.4
2807906080,2017,44.1,20.4,36.1,930.0,2.4
2807906080,2018,42.7,18.4,33.9,1004.0,2.4
2807906080,2019,41.8,17.3,32.0,1081.0,2.5
2807906080,2020,41.6,17.1,35.4,1091.0,2.4
2807906080,2021,41.8,17.3,33.7,1106.0,2.4
2807906080,2022,41.6,17.1,36.5,1115.0,2.3
2807906081,2015,42.3,17.3,27.3,2293.0,2.6
2807906081,2016,41.9,16.6,27.6,2291.0,2.6
2807906081,2017,41.4,15.6,25.1,2353.0,2.7
2807906081,2018,41.9,15.9,26.3,2320.0,2.7
2807906081,2019,42.1,16.2,27.0,2326.0,2.6
2807906081,2020,42.4,16.3,26.6,2311.0,2.6
2807906081,2021,42.0,15.7,27.4,2398.0,2.6
2807906081,2022,42.1,16.2,27.3,2437.0,2.6
2807906084,2015,39.9,14.6,22.7,1517.0,2.8
2807906084,2016,39.7,13.5,23.8,1574.0,2.7
2807906084,2017,39.9,13.5,25.5,1684.0,2.7
2807906084,2018,40.2,14.0,23.2,1706.0,2.8
2807906084,2019,40.1,14.1,23.6,1742.0,2.7
2807906084,2020,40.3,14.1,24.0,1713.0,2.7
2807906084,2021,40.7,14.3,24.1,1689.0,2.7
2807906084,2022,40.5,14.1,27.8,1708.0,2.6
2807906085,2015,43.7,19.6,33.1,1577.0,2.5
2807906085,2016,43.6,18.8,34.2,1562.0,2.5
2807906085,2017,43.8,18.6,32.1,1542.0,2.5
2807906085,2018,43.8,18.4,34.4,1567.0,2.5
2807906085,2019,43.3,18.4,34.5,1598.0,2.5
2807906085,2020,43.3,17.6,31.8,1600.0,2.5
2807906085,2021,43.5,18.3,32.9,1538.0,2.5
2807906085,2022,43.1,18.4,35.0,1562.0,2.5
2807906089,2015,42.9,18.1,30.5,1234.0,2.5
2807906089,2016,42.8,17.6,30.8,1242.0,2.5
2807906089,2017,43.3,18.0,32.5,1225.0,2.4
2807906089,2018,43.0,17.6,32.2,1264.0,2.5
2807906089,2019,42.7,16.8,30.8,1278.0,2.5
2807906089,2020,42.9,16.7,31.5,1266.0,2.5
2807906089,2021,43.1,17.4,31.6,1240.0,2.4
2807906089,2022,42.5,17.4,32.0,1279.0,2.5
2807906090,2015,41.2,15.7,32.6,1884.0,2.5
2807906090,2016,40.8,15.5,31.6,1907.0,2.5
2807906090,2017,40.7,14.6,31.0,1957.0,2.5
2807906090,2018,40.9,14.6,33.2,1931.0,2.4
2807906090,2019,40.0,13.5,31.0,2044.0,2.5
2807906090,2020,40.2,13.4,33.3,2047.0,2.5
2807906090,2021,40.4,13.5,32.5,2080.0,2.5
2807906090,2022,40.2,13.5,32.2,2164.0,2.5
2807906091,2015,42.0,15.3,36.1,1460.0,2.4
2807906091,2016,42.0,15.4,37.2,1465.0,2.4
2807906091,2017,41.9,14.5,37.5,1459.0,2.4
2807906091,2018,41.6,14.1,35.4,1537.0,2.4
2807906091,2019,41.1,14.4,36.1,1574.0,2.5
2807906091,2020,41.5,15.0,38.0,1546.0,2.4
2807906091,2021,42.2,16.8,37.9,1528.0,2.4
2807906091,2022,42.3,16.7,38.0,1559.0,2.4
2807906092,2015,45.7,20.6,36.9,1083.0,2.3
2807906092,2016,45.7,20.5,35.0,1120.0,2.4
2807906092,2017,44.5,19.3,34.5,1174.0,2.4
2807906092,2018,45.0,20.4,35.3,1159.0,2.4
2807906092,2019,45.3,20.8,37.5,1155.0,2.3
2807906092,2020,45.3,20.7,37.0,1125.0,2.4
2807906092,2021,45.1,20.8,35.8,1155.0,2.4
2807906092,2022,45.1,21.1,39.3,1184.0,2.4
2807906093,2015,41.4,14.7,32.0,1238.0,2.6
2807906093,2016,41.6,15.2,31.7,1247.0,2.6
2807906093,2017,41.2,15.3,33.5,1277.0,2.5
2807906093,2018,41.0,15.1,33.3,1339.0,2.6
2807906093,2019,41.7,15.0,33.3,1324.0,2.6
2807906093,2020,41.8,15.1,33.3,1302.0,2.6
2807906093,2021,42.6,15.9,34.4,1317.0,2.5
2807906093,2022,42.5,15.9,34.4,1332.0,2.5
2807906094,2015,40.3,13.4,37.8,1810.0,2.4
2807906094,2016,40.5,13.0,36.8,1843.0,2.4
2807906094,2017,40.8,12.6,38.4,1836.0,2.3
2807906094,2018,40.5,12.3,36.7,1902.0,2.4
2807906094,2019,40.9,12.1,37.0,1888.0,2.3
2807906094,2020,41.3,12.0,36.6,1907.0,2.3
2807906094,2021,41.8,12.8,37.5,1827.0,2.3
2807906094,2022,41.7,13.0,38.0,1934.0,2.3
2807906095,2015,40.7,15.7,29.6,1079.0,2.7
2807906095,2016,40.8,14.8,29.2,1134.0,2.7
2807906095,2017,41.2,15.4,31.3,1140.0,2.7
2807906095,2018,41.3,14.8,30.5,1135.0,2.7
2807906095,2019,41.5,14.9,30.1,1122.0,2.7
2807906095,2020,41.7,14.8,31.2,1119.0,2.6
2807906095,2021,42.1,14.4,30.0,1131.0,2.7
2807906095,2022,42.4,15.4,28.3,1138.0,2.6
2807906096,2015,42.0,15.8,34.3,1100.0,2.3
2807906096,2016,41.8,15.3,34.0,1117.0,2.3
2807906096,2017,41.6,15.0,33.0,1124.0,2.4
2807906096,2018,41.0,14.3,32.7,1174.0,2.5
2807906096,2019,41.3,14.1,31.5,1166.0,2.5
2807906096,2020,41.0,13.6,30.7,1195.0,2.5
2807906096,2021,41.0,13.4,31.2,1170.0,2.5
2807906096,2022,40.6,13.1,29.8,1222.0,2.5
2807906097,2015,42.6,17.1,29.0,1388.0,2.5
2807906097,2016,42.6,17.2,29.4,1364.0,2.5
2807906097,2017,42.7,16.9,27.8,1394.0,2.5
2807906097,2018,43.1,17.1,27.8,1382.0,2.5
2807906097,2019,43.3,17.0,28.3,1403.0,2.5
2807906097,2020,43.6,17.7,29.1,1403.0,2.5
2807906097,2021,43.9,18.3,27.8,1391.0,2.5
2807906097,2022,43.1,16.7,28.1,1445.0,2.5
2807906098,2015,42.9,19.1,32.3,739.0,2.5
2807906098,2016,43.9,19.9,34.9,695.0,2.4
2807906098,2017,44.5,19.7,34.7,687.0,2.4
2807906098,2018,44.1,18.7,32.7,665.0,2.4
2807906098,2019,42.9,16.4,35.7,642.0,2.4
2807906098,2020,42.8,15.3,34.8,627.0,2.5
2807906098,2021,43.6,15.4,32.5,610.0,2.4
2807906098,2022,,,,,
2807906099,2015,41.2,14.8,32.7,1487.0,2.4
2807906099,2016,41.0,14.4,32.4,1512.0,2.5
2807906099,2017,41.6,15.3,31.3,1504.0,2.4
2807906099,2018,41.7,15.3,33.7,1519.0,2.5
2807906099,2019,41.0,14.5,31.1,1612.0,2.6
2807906099,2020,41.5,14.7,33.1,1548.0,2.5
2807906099,2021,41.4,14.8,32.9,1559.0,2.5
2807906099,2022,41.4,15.1,34.0,1577.0,2.5
2807906101,2015,39.3,13.5,35.8,1179.0,2.4
2807906101,2016,39.4,12.9,36.4,1193.0,2.4
2807906101,2017,39.2,12.3,34.5,1221.0,2.4
2807906101,2018,39.8,12.7,35.1,1272.0,2.5
2807906101,2019,39.3,12.0,33.6,1425.0,2.5
2807906101,2020,39.2,12.3,34.5,1444.0,2.5
2807906101,2021,39.2,11.7,33.7,1440.0,2.4
2807906101,2022,40.7,13.1,34.3,2064.0,2.4
2807906102,2015,40.7,15.2,33.2,1594.0,2.4
2807906102,2016,40.7,14.7,32.1,1614.0,2.4
2807906102,2017,40.2,13.9,32.3,1684.0,2.4
2807906102,2018,40.5,13.6,31.2,1712.0,2.4
2807906102,2019,41.0,14.0,29.5,1771.0,2.5
2807906102,2020,41.8,13.9,30.3,1707.0,2.4
2807906102,2021,42.3,14.1,32.2,1710.0,2.4
2807906102,2022,41.9,13.6,34.6,1727.0,2.3
2807906103,2015,38.0,10.5,36.4,1554.0,2.4
2807906103,2016,38.2,10.0,34.6,1622.0,2.4
2807906103,2017,38.6,10.1,33.5,1649.0,2.5
2807906103,2018,39.1,10.3,33.1,1628.0,2.4
2807906103,2019,39.1,9.9,36.1,1675.0,2.5
2807906103,2020,39.5,10.2,34.5,1653.0,2.5
2807906103,2021,40.0,10.6,34.4,1607.0,2.4
2807906103,2022,40.5,10.5,35.9,1589.0,2.3
2807906104,2015,39.2,11.8,36.3,1209.0,2.5
2807906104,2016,39.7,12.9,36.5,1206.0,2.4
2807906104,2017,40.2,12.7,35.3,1194.0,2.4
2807906104,2018,39.8,11.9,35.2,1274.0,2.5
2807906104,2019,40.3,11.9,35.9,1289.0,2.5
2807906104,2020,40.3,11.8,36.3,1293.0,2.4
2807906104,2021,40.8,11.8,39.3,1252.0,2.3
2807906104,2022,40.9,11.9,40.3,1231.0,2.3
2807906105,2015,41.3,15.2,40.1,1828.0,2.3
2807906105,2016,41.0,14.7,38.6,1883.0,2.3
2807906105,2017,41.1,14.3,38.6,1906.0,2.3
2807906105,2018,41.4,14.4,37.6,1911.0,2.3
2807906105,2019,41.4,13.9,37.6,1937.0,2.3
2807906105,2020,41.4,13.9,40.7,1894.0,2.3
2807906105,2021,41.9,14.4,40.0,1882.0,2.3
2807906105,2022,41.2,13.3,40.7,1955.0,2.3
2807906106,2015,41.6,16.3,35.3,1200.0,2.4
2807906106,2016,41.2,15.4,36.2,1209.0,2.4
2807906106,2017,41.2,15.2,38.3,1214.0,2.4
2807906106,2018,40.7,14.4,38.1,1240.0,2.4
2807906106,2019,41.5,14.5,39.6,1204.0,2.3
2807906106,2020,40.5,13.3,34.3,1263.0,2.4
2807906106,2021,40.7,13.7,35.0,1273.0,2.5
2807906106,2022,41.0,14.4,36.3,1275.0,2.4
2807906107,2015,46.2,23.7,37.3,1373.0,2.3
2807906107,2016,46.6,23.6,39.4,1339.0,2.2
2807906107,2017,46.2,23.1,40.8,1364.0,2.2
2807906107,2018,46.3,23.4,41.3,1345.0,2.2
2807906107,2019,46.1,23.7,41.5,1364.0,2.2
2807906107,2020,46.0,23.1,39.6,1377.0,2.2
2807906107,2021,46.4,23.1,39.0,1369.0,2.2
2807906107,2022,45.6,22.0,42.5,1430.0,2.2
2807906108,2015,41.2,14.1,36.0,1267.0,2.5
2807906108,2016,40.3,14.0,34.7,1335.0,2.5
2807906108,2017,41.2,14.4,36.7,1298.0,2.4
2807906108,2018,40.9,14.6,34.7,1349.0,2.6
2807906108,2019,41.1,14.5,33.0,1409.0,2.6
2807906108,2020,41.9,15.1,36.9,1363.0,2.5
2807906108,2021,42.1,15.1,37.8,1384.0,2.5
2807906108,2022,41.8,14.6,38.3,1422.0,2.5
2807906109,2015,41.2,14.2,33.1,1922.0,2.5
2807906109,2016,41.1,14.6,33.9,1946.0,2.5
2807906109,2017,40.6,13.6,35.9,1964.0,2.5
2807906109,2018,41.0,13.4,35.1,1997.0,2.5
2807906109,2019,40.8,13.9,34.5,2039.0,2.6
2807906109,2020,40.4,13.7,33.1,2059.0,2.6
2807906109,2021,41.7,14.8,33.1,1941.0,2.5
2807906109,2022,41.2,14.0,34.4,2049.0,2.5
2807906110,2015,41.7,14.8,38.9,1354.0,2.2
2807906110,2016,41.5,15.0,41.2,1389.0,2.2
2807906110,2017,41.5,13.9,41.1,1399.0,2.3
2807906110,2018,41.0,13.7,36.5,1470.0,2.4
2807906110,2019,41.2,13.8,39.5,1469.0,2.4
2807906110,2020,41.5,13.8,41.4,1415.0,2.3
2807906110,2021,41.8,13.8,40.4,1374.0,2.2
2807906110,2022,41.3,12.9,40.2,1414.0,2.2
2807906111,2015,39.6,13.2,36.6,1815.0,2.4
2807906111,2016,40.0,13.2,36.1,1873.0,2.3
2807906111,2017,39.7,12.7,37.7,1931.0,2.3
2807906111,2018,40.1,12.6,38.9,1924.0,2.3
2807906111,2019,40.2,13.1,37.7,1961.0,2.3
2807906111,2020,40.5,13.4,37.3,1983.0,2.3
2807906111,2021,40.9,13.1,38.0,1962.0,2.3
2807906111,2022,40.5,13.0,38.1,2077.0,2.3
2807906112,2015,43.8,21.4,28.7,1004.0,2.5
2807906112,2016,43.2,21.2,29.5,1008.0,2.5
2807906112,2017,43.1,20.7,30.5,1020.0,2.5
2807906112,2018,43.5,20.9,29.5,1026.0,2.5
2807906112,2019,43.6,21.2,31.2,1034.0,2.5
2807906112,2020,44.0,20.8,33.9,1016.0,2.4
2807906112,2021,44.0,20.2,34.2,1019.0,2.5
2807906112,2022,43.2,19.4,32.3,1053.0,2.5
2807906113,2015,41.6,16.5,36.0,987.0,2.3
2807906113,2016,42.0,16.5,35.5,1003.0,2.3
2807906113,2017,41.8,16.2,35.5,1066.0,2.4
2807906113,2018,42.1,16.4,35.6,1108.0,2.4
2807906113,2019,42.4,16.4,33.7,1108.0,2.4
2807906113,2020,42.9,17.0,35.0,1080.0,2.4
2807906113,2021,43.4,16.8,37.2,1044.0,2.3
2807906113,2022,43.1,16.4,37.2,1049.0,2.3
2807906114,2015,40.4,13.6,35.2,1833.0,2.3
2807906114,2016,40.7,13.8,35.4,1844.0,2.3
2807906114,2017,40.6,13.3,36.5,1833.0,2.3
2807906114,2018,40.1,13.2,37.1,1911.0,2.3
2807906114,2019,40.4,13.0,34.7,1975.0,2.3
2807906114,2020,40.5,12.9,36.0,1979.0,2.3
2807906114,2021,40.7,12.9,37.0,1980.0,2.3
2807906114,2022,40.7,13.2,37.4,2084.0,2.3
2807906115,2015,43.1,18.4,38.1,1059.0,2.3
2807906115,2016,43.1,18.3,38.7,1051.0,2.3
2807906115,2017,42.7,17.7,38.6,1080.0,2.3
2807906115,2018,43.2,17.9,37.5,1067.0,2.3
2807906115,2019,42.3,16.5,37.1,1125.0,2.4
2807906115,2020,42.6,16.6,35.3,1112.0,2.4
2807906115,2021,42.7,15.9,36.6,1112.0,2.4
2807906115,2022,41.0,14.5,35.8,1177.0,2.4
2807906116,2015,42.2,16.9,37.2,2137.0,2.4
2807906116,2016,42.3,16.9,35.7,2106.0,2.4
2807906116,2017,42.5,16.8,36.9,2127.0,2.4
2807906116,2018,42.3,16.5,37.2,2176.0,2.4
2807906116,2019,42.2,16.0,37.2,2196.0,2.4
2807906116,2020,42.8,16.9,37.8,2149.0,2.4
2807906116,2021,43.2,17.7,38.3,2072.0,2.3
2807906116,2022,43.0,17.3,39.1,2148.0,2.3
2807906117,2015,41.3,15.2,39.6,1913.0,2.3
2807906117,2016,41.6,15.5,39.9,1934.0,2.3
2807906117,2017,42.0,15.7,38.8,1974.0,2.3
2807906117,2018,42.0,15.2,38.3,1977.0,2.3
2807906117,2019,42.0,15.5,39.4,2039.0,2.3
2807906117,2020,42.5,16.0,40.7,1967.0,2.2
2807906117,2021,42.5,16.0,39.8,2037.0,2.3
2807906117,2022,42.7,16.3,39.6,2062.0,2.3
2807906118,2015,46.8,24.8,35.5,898.0,2.4
2807906118,2016,45.9,23.9,35.1,917.0,2.4
2807906118,2017,47.3,25.1,36.8,881.0,2.4
2807906118,2018,47.2,24.9,38.2,893.0,2.4
2807906118,2019,46.1,23.3,36.6,960.0,2.5
2807906118,2020,46.3,23.1,37.0,922.0,2.4
2807906118,2021,46.8,23.4,38.0,901.0,2.4
2807906118,2022,45.6,22.0,38.1,931.0,2.4
2807906119,2015,43.9,20.1,38.2,892.0,2.4
2807906119,2016,44.0,20.5,38.0,892.0,2.3
2807906119,2017,43.1,19.6,34.4,966.0,2.5
2807906119,2018,43.5,19.8,35.0,955.0,2.5
2807906119,2019,42.9,18.9,35.2,996.0,2.5
2807906119,2020,42.6,17.8,35.0,996.0,2.4
2807906119,2021,43.2,18.7,33.8,948.0,2.4
2807906119,2022,43.1,18.1,34.7,964.0,2.4
2807906120,2015,44.0,21.4,31.8,1378.0,2.5
2807906120,2016,44.3,20.7,30.9,1383.0,2.6
2807906120,2017,44.5,20.6,32.7,1375.0,2.6
2807906120,2018,43.9,20.4,31.2,1439.0,2.6
2807906120,2019,44.2,20.7,32.8,1446.0,2.6
2807906120,2020,44.2,21.0,34.8,1410.0,2.5
2807906120,2021,44.2,20.1,33.7,1407.0,2.5
2807906120,2022,43.8,19.6,34.1,1417.0,2.6
2807906121,2015,43.5,18.4,37.0,1205.0,2.4
2807906121,2016,43.7,18.7,37.7,1196.0,2.4
2807906121,2017,44.4,20.0,36.9,1210.0,2.4
2807906121,2018,45.2,21.3,38.3,1185.0,2.4
2807906121,2019,44.8,21.2,36.9,1224.0,2.4
2807906121,2020,45.2,21.5,37.3,1169.0,2.4
2807906121,2021,44.7,20.5,39.1,1188.0,2.4
2807906121,2022,44.3,20.2,41.3,1211.0,2.4
2807906122,2015,44.4,22.5,34.6,1673.0,2.4
2807906122,2016,44.7,22.3,35.8,1647.0,2.4
2807906122,2017,44.3,22.2,34.4,1700.0,2.4
2807906122,2018,44.2,21.6,35.9,1690.0,2.4
2807906122,2019,43.9,20.7,35.6,1760.0,2.4
2807906122,2020,44.5,21.2,37.8,1685.0,2.4
2807906122,2021,44.1,20.9,37.1,1709.0,2.4
2807906122,2022,43.7,20.7,36.1,1755.0,2.4
2807906123,2015,41.5,16.6,37.5,1293.0,2.4
2807906123,2016,40.8,15.4,37.3,1311.0,2.4
2807906123,2017,40.9,15.3,37.3,1320.0,2.4
2807906123,2018,41.4,16.0,38.1,1290.0,2.4
2807906123,2019,41.0,15.6,37.5,1344.0,2.4
2807906123,2020,41.4,15.5,37.8,1322.0,2.4
2807906123,2021,41.4,15.4,40.3,1284.0,2.3
2807906123,2022,40.6,14.9,39.5,1324.0,2.4
2807906124,2015,43.1,20.3,34.9,1027.0,2.5
2807906124,2016,43.1,19.2,34.6,1018.0,2.4
2807906124,2017,42.9,18.3,33.3,1027.0,2.5
2807906124,2018,42.0,16.7,34.3,1098.0,2.5
2807906124,2019,42.0,16.1,32.1,1088.0,2.5
2807906124,2020,41.8,15.2,33.0,1076.0,2.4
2807906124,2021,41.9,15.4,32.4,1066.0,2.4
2807906124,2022,41.6,15.0,34.6,1119.0,2.4
2807906125,2015,45.7,23.1,37.0,1508.0,2.2
2807906125,2016,45.8,22.6,35.3,1537.0,2.2
2807906125,2017,46.4,23.0,36.4,1567.0,2.2
2807906125,2018,46.7,23.8,38.0,1575.0,2.2
2807906125,2019,46.6,24.6,36.3,1594.0,2.2
2807906125,2020,47.1,25.2,37.3,1562.0,2.2
2807906125,2021,47.4,26.9,35.3,1534.0,2.2
2807906125,2022,47.8,28.4,37.8,1520.0,2.2
2807906126,2015,41.9,14.8,41.8,1334.0,2.2
2807906126,2016,41.3,14.5,41.0,1352.0,2.3
2807906126,2017,41.9,14.8,43.8,1339.0,2.2
2807906126,2018,41.5,14.2,41.9,1411.0,2.2
2807906126,2019,41.4,14.3,42.1,1438.0,2.3
2807906126,2020,41.7,14.7,41.8,1389.0,2.2
2807906126,2021,42.7,15.7,44.4,1355.0,2.2
2807906126,2022,42.9,15.9,46.1,1406.0,2.2
2807906127,2015,41.9,16.8,27.9,1476.0,2.7
2807906127,2016,41.7,16.1,27.5,1480.0,2.7
2807906127,2017,41.9,15.7,28.7,1490.0,2.7
2807906127,2018,41.9,15.6,28.0,1491.0,2.7
2807906127,2019,42.4,16.2,30.2,1492.0,2.7
2807906127,2020,42.7,17.1,31.8,1436.0,2.6
2807906127,2021,43.4,17.7,30.8,1432.0,2.6
2807906127,2022,43.7,18.1,30.6,1403.0,2.5
2807906128,2015,48.0,26.5,33.8,1393.0,2.3
2807906128,2016,48.4,25.5,32.3,1373.0,2.3
2807906128,2017,48.4,25.3,33.1,1375.0,2.3
2807906128,2018,47.7,23.8,34.7,1347.0,2.3
2807906128,2019,46.4,21.8,32.5,1381.0,2.4
2807906128,2020,46.3,21.5,35.3,1316.0,2.3
2807906128,2021,46.2,21.7,37.2,1314.0,2.3
2807906128,2022,45.7,21.0,35.7,1341.0,2.3
2807906129,2015,43.4,18.4,37.6,1660.0,2.3
2807906129,2016,42.4,17.2,37.4,1822.0,2.2
2807906129,2017,42.5,16.9,37.5,1896.0,2.3
2807906129,2018,42.6,16.7,37.6,1919.0,2.3
2807906129,2019,42.4,16.3,34.7,1997.0,2.3
2807906129,2020,42.7,16.1,36.0,1966.0,2.3
2807906129,2021,42.4,15.9,35.7,1955.0,2.3
2807906129,2022,42.4,16.0,36.6,2030.0,2.3
2807907001,2015,46.6,26.6,46.4,1054.0,2.0
2807907001,2016,46.4,26.5,46.4,1054.0,2.0
2807907001,2017,45.9,25.5,47.1,1115.0,2.0
2807907001,2018,45.7,25.1,44.8,1148.0,2.1
2807907001,2019,45.6,23.7,46.1,1155.0,2.0
2807907001,2020,46.4,24.6,48.3,1098.0,2.0
2807907001,2021,46.0,23.8,47.0,1087.0,2.0
2807907001,2022,45.2,22.3,47.0,1133.0,2.0
2807907002,2015,45.6,21.2,37.8,846.0,2.4
2807907002,2016,45.5,21.8,36.2,857.0,2.4
2807907002,2017,45.4,21.0,37.6,903.0,2.4
2807907002,2018,45.3,21.9,35.8,869.0,2.4
2807907002,2019,45.0,22.8,36.3,885.0,2.4
2807907002,2020,45.4,23.6,36.1,872.0,2.5
2807907002,2021,46.3,25.6,38.9,810.0,2.3
2807907002,2022,46.3,25.6,38.4,814.0,2.3
2807907003,2015,43.3,19.6,45.5,1199.0,2.1
2807907003,2016,43.0,19.5,47.1,1208.0,2.1
2807907003,2017,43.3,18.9,46.7,1230.0,2.1
2807907003,2018,43.3,19.7,47.2,1241.0,2.1
2807907003,2019,42.2,18.3,45.8,1298.0,2.2
2807907003,2020,43.0,19.6,47.7,1237.0,2.1
2807907003,2021,43.3,20.2,48.9,1221.0,2.1
2807907003,2022,43.5,20.2,50.1,1199.0,2.0
2807907004,2015,46.4,23.8,46.1,903.0,2.0
2807907004,2016,46.6,24.1,44.6,903.0,2.0
2807907004,2017,46.5,24.5,44.8,895.0,2.0
2807907004,2018,46.5,25.4,44.8,900.0,2.0
2807907004,2019,46.1,24.5,43.5,934.0,2.0
2807907004,2020,45.9,23.1,45.6,927.0,2.0
2807907004,2021,45.8,22.8,44.3,904.0,2.0
2807907004,2022,44.8,21.6,44.0,1606.0,2.0
2807907005,2015,46.4,23.5,40.5,677.0,2.2
2807907005,2016,46.4,23.2,41.8,672.0,2.1
2807907005,2017,46.9,23.6,45.7,644.0,2.0
2807907005,2018,45.8,21.7,45.6,642.0,2.0
2807907005,2019,44.5,20.9,44.5,650.0,2.0
2807907005,2020,44.9,20.8,43.4,640.0,2.1
2807907005,2021,44.6,19.8,45.8,652.0,2.0
2807907005,2022,,,,,
2807907006,2015,49.9,32.4,41.0,1394.0,2.1
2807907006,2016,50.4,32.9,39.3,1367.0,2.1
2807907006,2017,50.1,32.3,41.8,1401.0,2.1
2807907006,2018,49.4,31.3,42.4,1423.0,2.1
2807907006,2019,48.9,30.5,41.3,1454.0,2.1
2807907006,2020,49.5,31.9,41.5,1403.0,2.1
2807907006,2021,49.5,31.7,41.5,1384.0,2.1
2807907006,2022,49.1,30.5,42.6,1433.0,2.1
2807907007,2015,45.8,25.3,35.3,865.0,2.3
2807907007,2016,45.7,25.2,35.4,881.0,2.3
2807907007,2017,45.4,25.0,37.4,888.0,2.3
2807907007,2018,45.1,24.8,38.1,887.0,2.2
2807907007,2019,44.9,24.9,39.2,895.0,2.3
2807907007,2020,44.5,24.3,41.2,908.0,2.3
2807907007,2021,44.2,23.4,39.1,910.0,2.3
2807907007,2022,44.4,24.0,37.8,911.0,2.3
2807907008,2015,51.1,35.0,34.6,1261.0,2.3
2807907008,2016,51.4,35.4,32.6,1270.0,2.3
2807907008,2017,51.1,35.5,33.5,1266.0,2.3
2807907008,2018,50.4,34.6,33.6,1289.0,2.3
2807907008,2019,50.4,34.5,32.1,1312.0,2.3
2807907008,2020,50.7,34.8,32.8,1302.0,2.3
2807907008,2021,50.2,34.0,32.1,1270.0,2.3
2807907008,2022,50.2,33.5,35.0,1267.0,2.3
2807907009,2015,44.6,23.3,38.9,860.0,2.2
2807907009,2016,45.4,24.6,39.2,820.0,2.2
2807907009,2017,45.6,24.8,44.2,826.0,2.2
2807907009,2018,45.5,24.0,42.7,828.0,2.2
2807907009,2019,45.0,24.3,45.3,840.0,2.1
2807907009,2020,46.0,25.1,46.7,806.0,2.1
2807907009,2021,47.0,26.4,44.7,792.0,2.1
2807907009,2022,46.0,24.6,45.0,833.0,2.1
2807907010,2015,45.1,21.7,38.3,1076.0,2.3
2807907010,2016,45.4,22.4,37.9,1041.0,2.3
2807907010,2017,45.4,22.1,40.0,1037.0,2.3
2807907010,2018,45.7,22.5,41.1,1040.0,2.2
2807907010,2019,45.4,23.4,37.7,1053.0,2.3
2807907010,2020,45.5,23.4,37.6,1049.0,2.3
2807907010,2021,45.8,23.9,41.2,1024.0,2.2
2807907010,2022,45.2,23.2,41.4,1052.0,2.2
2807907011,2015,46.8,24.4,47.5,1119.0,2.0
2807907011,2016,46.3,24.0,48.9,1105.0,1.9
2807907011,2017,46.1,23.8,47.0,1107.0,1.9
2807907011,2018,46.0,23.7,49.7,1112.0,1.9
2807907011,2019,46.5,24.2,48.5,1117.0,1.9
2807907011,2020,46.5,23.8,46.0,1095.0,1.9
2807907011,2021,46.5,23.5,47.1,1086.0,1.9
2807907011,2022,44.7,22.3,46.8,1164.0,2.0
2807907012,2015,44.8,22.7,46.9,1455.0,2.1
2807907012,2016,46.1,23.8,46.7,1383.0,2.0
2807907012,2017,46.5,24.7,46.5,1387.0,2.0
2807907012,2018,46.0,24.2,46.3,1435.0,2.1
2807907012,2019,46.0,24.5,47.5,1456.0,2.0
2807907012,2020,46.5,25.8,47.4,1400.0,2.0
2807907012,2021,46.6,25.9,47.6,1377.0,2.0
2807907012,2022,46.1,25.5,49.9,1417.0,2.0
2807907013,2015,49.3,28.6,34.3,822.0,2.3
2807907013,2016,49.5,28.0,32.2,822.0,2.3
2807907013,2017,48.4,27.7,34.3,827.0,2.3
2807907013,2018,47.7,27.1,34.7,824.0,2.3
2807907013,2019,47.3,26.0,36.2,851.0,2.3
2807907013,2020,47.9,27.2,35.0,825.0,2.3
2807907013,2021,47.8,26.2,37.7,803.0,2.2
2807907013,2022,46.8,26.6,39.4,817.0,2.2
2807907014,2015,47.6,26.1,39.2,1127.0,2.3
2807907014,2016,48.7,27.2,39.3,1070.0,2.2
2807907014,2017,48.4,27.3,40.3,1083.0,2.2
2807907014,2018,48.1,27.1,39.5,1097.0,2.2
2807907014,2019,48.2,27.2,42.1,1113.0,2.2
2807907014,2020,48.1,27.8,42.2,1095.0,2.2
2807907014,2021,49.0,28.9,40.8,1041.0,2.2
2807907014,2022,47.6,27.6,37.4,1089.0,2.2
2807907016,2015,45.5,22.0,47.2,1416.0,2.0
2807907016,2016,45.3,21.9,45.9,1403.0,2.0
2807907016,2017,44.8,20.9,45.5,1473.0,2.1
2807907016,2018,44.1,20.5,45.9,1521.0,2.1
2807907016,2019,43.5,18.7,45.8,1585.0,2.1
2807907016,2020,43.8,18.9,47.1,1506.0,2.0
2807907016,2021,43.6,18.9,47.4,1511.0,2.0
2807907016,2022,43.1,18.9,48.3,1549.0,2.0
2807907017,2015,49.2,29.0,36.5,893.0,2.3
2807907017,2016,49.6,28.9,37.0,878.0,2.3
2807907017,2017,49.3,29.6,35.1,891.0,2.3
2807907017,2018,49.2,29.5,36.4,888.0,2.2
2807907017,2019,49.2,29.6,36.7,915.0,2.3
2807907017,2020,49.2,29.8,34.8,910.0,2.3
2807907017,2021,49.0,29.3,36.8,906.0,2.3
2807907017,2022,49.0,29.3,33.6,921.0,2.3
2807907018,2015,47.4,26.9,34.2,1499.0,2.3
2807907018,2016,47.9,27.5,33.4,1482.0,2.3
2807907018,2017,48.0,27.7,36.9,1510.0,2.3
2807907018,2018,48.2,27.5,37.9,1523.0,2.2
2807907018,2019,47.9,27.0,37.3,1528.0,2.2
2807907018,2020,48.0,27.3,37.9,1501.0,2.2
2807907018,2021,47.9,28.0,37.7,1537.0,2.2
2807907018,2022,47.6,28.0,37.0,1551.0,2.3
2807907019,2015,46.6,23.2,43.8,1127.0,2.1
2807907019,2016,46.7,24.5,43.7,1123.0,2.1
2807907019,2017,46.5,24.9,43.4,1143.0,2.1
2807907019,2018,46.1,24.9,43.1,1157.0,2.1
2807907019,2019,46.1,25.0,41.2,1181.0,2.1
2807907019,2020,46.1,25.5,43.4,1157.0,2.1
2807907019,2021,46.9,27.3,43.8,1144.0,2.1
2807907019,2022,47.5,29.0,45.3,1123.0,2.0
2807907021,2015,48.0,27.0,36.7,1804.0,2.3
2807907021,2016,47.9,26.7,37.4,1766.0,2.3
2807907021,2017,47.6,27.0,39.1,1811.0,2.3
2807907021,2018,47.1,26.4,39.4,1836.0,2.3
2807907021,2019,46.8,26.4,38.1,1871.0,2.3
2807907021,2020,46.7,26.4,38.6,1880.0,2.3
2807907021,2021,46.8,26.7,37.2,1849.0,2.3
2807907021,2022,46.9,26.7,37.2,1876.0,2.3
2807907023,2015,46.5,25.0,26.6,1001.0,2.6
2807907023,2016,46.7,24.9,25.7,980.0,2.6
2807907023,2017,46.8,25.8,25.8,986.0,2.6
2807907023,2018,47.2,27.7,26.1,982.0,2.6
2807907023,2019,47.5,27.5,25.5,969.0,2.6
2807907023,2020,47.3,27.9,28.5,955.0,2.6
2807907023,2021,46.8,27.5,28.5,965.0,2.6
2807907023,2022,46.0,26.2,28.9,997.0,2.6
2807907024,2015,46.6,24.9,37.1,700.0,2.2
2807907024,2016,46.5,25.2,38.1,679.0,2.2
2807907024,2017,46.1,24.7,40.9,683.0,2.1
2807907024,2018,46.4,27.1,41.8,665.0,2.1
2807907024,2019,46.0,25.8,40.3,694.0,2.2
2807907024,2020,46.1,26.1,41.5,671.0,2.1
2807907024,2021,45.7,25.2,40.7,695.0,2.1
2807907024,2022,45.5,24.5,43.7,710.0,2.0
2807907025,2015,45.2,21.9,31.2,1167.0,2.4
2807907025,2016,45.3,22.3,29.7,1162.0,2.4
2807907025,2017,44.9,22.0,29.1,1158.0,2.4
2807907025,2018,44.8,22.2,30.6,1133.0,2.4
2807907025,2019,45.1,22.6,30.0,1125.0,2.4
2807907025,2020,45.5,23.2,29.1,1088.0,2.4
2807907025,2021,45.1,23.2,33.2,1072.0,2.3
2807907025,2022,44.8,23.4,33.7,1079.0,2.3
2807907026,2015,47.0,25.9,41.7,1702.0,2.2
2807907026,2016,46.7,25.7,40.1,1728.0,2.2
2807907026,2017,46.3,24.7,39.1,1751.0,2.2
2807907026,2018,45.9,24.8,39.6,1739.0,2.2
2807907026,2019,45.6,24.2,40.4,1768.0,2.2
2807907026,2020,45.6,24.7,39.3,1712.0,2.2
2807907026,2021,45.9,24.1,39.8,1715.0,2.1
2807907026,2022,45.3,23.1,39.8,1758.0,2.1
2807907028,2015,49.4,31.1,31.8,1165.0,2.3
2807907028,2016,49.4,30.5,30.5,1174.0,2.3
2807907028,2017,49.0,30.3,33.4,1180.0,2.3
2807907028,2018,49.2,30.4,32.8,1198.0,2.3
2807907028,2019,48.1,29.4,30.6,1232.0,2.4
2807907028,2020,48.7,30.2,32.1,1206.0,2.3
2807907028,2021,49.4,30.7,35.4,1156.0,2.3
2807907028,2022,48.7,30.0,35.7,1178.0,2.3
2807907030,2015,46.0,23.4,35.5,1126.0,2.3
2807907030,2016,46.3,24.1,37.4,1111.0,2.3
2807907030,2017,45.7,23.7,38.3,1099.0,2.3
2807907030,2018,45.8,23.4,39.2,1094.0,2.3
2807907030,2019,45.6,22.4,37.7,1098.0,2.3
2807907030,2020,46.0,22.4,38.4,1074.0,2.3
2807907030,2021,45.5,21.8,38.5,1104.0,2.3
2807907030,2022,45.1,21.1,36.2,1143.0,2.3
2807907031,2015,46.4,24.1,41.1,746.0,2.1
2807907031,2016,46.2,23.4,43.6,745.0,2.1
2807907031,2017,45.4,22.5,47.4,743.0,2.1
2807907031,2018,44.7,21.8,45.3,749.0,2.2
2807907031,2019,43.9,20.7,44.2,770.0,2.2
2807907031,2020,44.3,20.1,43.8,742.0,2.2
2807907031,2021,43.6,20.5,40.8,785.0,2.2
2807907031,2022,43.3,19.9,39.2,810.0,2.2
2807907032,2015,45.0,24.0,47.2,1234.0,2.0
2807907032,2016,44.6,23.7,48.1,1251.0,2.0
2807907032,2017,44.3,23.1,46.7,1328.0,2.1
2807907032,2018,45.1,23.5,49.4,1288.0,2.0
2807907032,2019,45.5,23.5,46.9,1251.0,2.0
2807907032,2020,46.2,25.0,47.1,1213.0,1.9
2807907032,2021,46.3,25.8,47.8,1162.0,2.0
2807907032,2022,46.2,26.2,49.4,1142.0,1.9
2807907034,2015,45.6,22.9,41.2,1412.0,2.2
2807907034,2016,45.7,22.7,40.2,1411.0,2.1
2807907034,2017,46.0,23.1,42.6,1401.0,2.1
2807907034,2018,45.7,23.2,41.4,1407.0,2.1
2807907034,2019,45.9,23.0,42.2,1419.0,2.1
2807907034,2020,46.1,23.1,42.1,1368.0,2.1
2807907034,2021,46.1,23.2,42.6,1352.0,2.1
2807907034,2022,45.2,22.1,40.0,1433.0,2.1
2807907035,2015,47.7,27.0,42.5,688.0,2.0
2807907035,2016,47.8,27.2,45.4,714.0,2.0
2807907035,2017,47.8,27.2,42.7,709.0,2.0
2807907035,2018,46.9,26.0,41.6,709.0,2.0
2807907035,2019,46.1,24.8,40.2,741.0,2.1
2807907035,2020,46.1,24.7,39.1,750.0,2.1
2807907035,2021,46.5,24.4,43.7,717.0,2.0
2807907035,2022,46.6,24.3,45.5,709.0,2.0
2807907036,2015,44.2,21.4,45.1,1547.0,2.1
2807907036,2016,44.1,20.8,44.8,1537.0,2.1
2807907036,2017,44.1,20.5,45.0,1544.0,2.1
2807907036,2018,44.7,21.2,46.6,1517.0,2.0
2807907036,2019,44.3,20.2,46.1,1532.0,2.0
2807907036,2020,44.1,20.0,44.3,1527.0,2.0
2807907036,2021,44.2,19.8,46.4,1508.0,2.0
2807907036,2022,44.4,20.8,46.7,1527.0,2.0
2807907038,2015,46.5,23.6,46.3,1020.0,2.0
2807907038,2016,46.8,23.4,47.0,1025.0,2.0
2807907038,2017,46.7,23.8,45.2,1036.0,2.1
2807907038,2018,46.2,24.1,44.5,1018.0,2.1
2807907038,2019,46.4,24.4,43.8,1045.0,2.1
2807907038,2020,46.8,24.4,42.8,1015.0,2.1
2807907038,2021,47.0,24.7,45.7,1013.0,2.1
2807907038,2022,46.8,25.8,46.0,997.0,2.0
2807907039,2015,44.0,21.4,36.3,879.0,2.4
2807907039,2016,44.2,21.4,37.9,887.0,2.4
2807907039,2017,43.7,21.0,37.6,940.0,2.4
2807907039,2018,44.3,21.4,38.6,931.0,2.4
2807907039,2019,44.6,21.7,38.1,919.0,2.4
2807907039,2020,44.8,22.2,37.9,915.0,2.3
2807907039,2021,44.8,22.8,36.8,901.0,2.3
2807907039,2022,44.3,22.1,37.5,925.0,2.3
2807907040,2015,46.8,23.9,50.5,963.0,1.8
2807907040,2016,46.9,24.5,49.7,963.0,1.8
2807907040,2017,47.1,25.2,50.7,979.0,1.8
2807907040,2018,47.1,24.8,50.7,993.0,1.8
2807907040,2019,46.4,23.4,50.5,1012.0,1.8
2807907040,2020,46.1,23.5,53.1,972.0,1.8
2807907040,2021,45.9,23.6,53.1,984.0,1.8
2807907040,2022,45.6,23.6,53.8,1017.0,1.8
2807907041,2015,45.4,21.6,44.1,1216.0,2.0
2807907041,2016,45.7,22.2,45.0,1195.0,2.0
2807907041,2017,45.3,21.2,45.1,1219.0,2.0
2807907041,2018,45.2,21.8,45.7,1225.0,2.0
2807907041,2019,45.7,22.3,46.7,1233.0,2.0
2807907041,2020,46.5,23.1,46.7,1178.0,2.0
2807907041,2021,46.5,22.9,47.4,1150.0,1.9
2807907041,2022,45.8,22.9,47.3,1206.0,1.9
2807907042,2015,46.3,23.9,21.5,961.0,2.8
2807907042,2016,46.0,23.6,19.4,968.0,2.8
2807907042,2017,45.5,23.1,18.4,984.0,2.9
2807907042,2018,45.2,22.4,22.1,999.0,2.9
2807907042,2019,46.0,23.6,21.8,970.0,2.8
2807907042,2020,46.6,25.8,23.8,939.0,2.7
2807907042,2021,46.6,25.8,22.7,939.0,2.7
2807907042,2022,46.4,26.5,21.9,935.0,2.7
2807907043,2015,49.1,29.8,36.1,1127.0,2.2
2807907043,2016,49.0,30.7,35.8,1117.0,2.2
2807907043,2017,49.0,30.8,37.3,1119.0,2.2
2807907043,2018,48.8,31.1,39.9,1113.0,2.1
2807907043,2019,48.7,31.7,37.3,1126.0,2.1
2807907043,2020,48.8,31.8,38.2,1092.0,2.1
2807907043,2021,49.1,32.2,39.1,1088.0,2.1
2807907043,2022,49.0,31.7,38.3,1102.0,2.1
2807907044,2015,48.0,30.0,23.6,942.0,2.7
2807907044,2016,47.5,29.3,23.1,936.0,2.7
2807907044,2017,48.3,30.9,22.7,930.0,2.7
2807907044,2018,48.0,30.5,22.9,960.0,2.8
2807907044,2019,48.5,31.2,23.8,948.0,2.8
2807907044,2020,48.0,30.0,25.7,952.0,2.7
2807907044,2021,48.3,30.4,23.3,944.0,2.7
2807907044,2022,48.3,29.9,23.8,941.0,2.7
2807907045,2015,43.7,20.0,43.8,899.0,2.1
2807907045,2016,43.4,18.9,42.1,930.0,2.1
2807907045,2017,43.0,18.5,44.2,925.0,2.0
2807907045,2018,42.6,18.1,40.3,1002.0,2.1
2807907045,2019,41.9,17.5,39.9,1077.0,2.2
2807907045,2020,42.6,18.6,42.2,1027.0,2.1
2807907045,2021,43.2,19.9,41.1,959.0,2.1
2807907045,2022,42.8,18.6,43.6,982.0,2.1
2807907046,2015,44.3,20.6,44.4,757.0,2.1
2807907046,2016,44.3,20.3,42.3,748.0,2.0
2807907046,2017,44.2,21.0,42.7,743.0,2.0
2807907046,2018,44.0,21.1,43.7,757.0,2.0
2807907046,2019,43.8,20.2,48.7,747.0,2.0
2807907046,2020,43.7,19.9,49.1,745.0,2.0
2807907046,2021,44.2,21.4,48.5,721.0,2.0
2807907046,2022,43.6,19.9,50.0,724.0,1.9
2807907047,2015,45.8,24.2,42.6,1075.0,2.1
2807907047,2016,44.7,23.5,42.0,1091.0,2.1
2807907047,2017,44.8,23.0,42.6,1084.0,2.1
2807907047,2018,44.8,23.4,42.6,1093.0,2.1
2807907047,2019,44.8,23.0,42.4,1088.0,2.1
2807907047,2020,45.3,23.3,42.9,1067.0,2.1
2807907047,2021,45.2,24.2,44.7,1086.0,2.1
2807907047,2022,45.3,24.0,42.3,1088.0,2.1
2807907048,2015,46.5,23.3,42.8,1725.0,2.1
2807907048,2016,46.4,24.2,43.1,1749.0,2.1
2807907048,2017,46.5,24.7,43.1,1772.0,2.1
2807907048,2018,45.9,24.5,43.3,1799.0,2.1
2807907048,2019,45.9,24.8,43.6,1848.0,2.1
2807907048,2020,47.0,26.2,45.3,1774.0,2.0
2807907048,2021,47.0,26.0,45.1,1808.0,2.1
2807907048,2022,47.1,26.2,45.2,1819.0,2.0
2807907049,2015,47.9,29.0,38.6,631.0,2.3
2807907049,2016,47.1,29.0,36.4,634.0,2.3
2807907049,2017,47.1,28.5,38.5,624.0,2.2
2807907049,2018,46.3,26.8,38.5,656.0,2.2
2807907049,2019,46.5,27.0,38.1,656.0,2.2
2807907049,2020,45.1,25.3,40.5,661.0,2.2
2807907049,2021,45.5,25.3,38.7,669.0,2.2
2807907049,2022,45.2,25.4,41.0,682.0,2.2
2807907050,2015,43.9,19.5,44.6,843.0,2.1
2807907050,2016,43.4,19.3,44.0,827.0,2.1
2807907050,2017,43.4,18.9,42.6,824.0,2.2
2807907050,2018,43.2,18.4,41.5,859.0,2.2
2807907050,2019,43.4,18.9,41.2,863.0,2.2
2807907050,2020,43.5,19.0,41.3,857.0,2.2
2807907050,2021,43.2,18.5,41.7,829.0,2.2
2807907050,2022,43.0,18.0,41.0,822.0,2.1
2807907051,2015,43.3,16.8,45.7,760.0,2.0
2807907051,2016,43.3,16.6,47.0,740.0,2.0
2807907051,2017,43.5,18.6,48.1,731.0,1.9
2807907051,2018,43.5,19.5,46.6,764.0,2.0
2807907051,2019,43.5,19.0,46.0,790.0,2.0
2807907051,2020,44.0,20.1,50.5,750.0,1.9
2807907051,2021,43.6,19.5,48.2,778.0,2.0
2807907051,2022,43.3,19.3,49.2,797.0,1.9
2807907052,2015,45.8,23.3,42.4,713.0,2.1
2807907052,2016,45.3,23.1,43.3,694.0,2.1
2807907052,2017,45.1,22.5,44.2,689.0,2.1
2807907052,2018,45.2,22.5,44.3,702.0,2.1
2807907052,2019,44.5,21.6,42.3,722.0,2.2
2807907052,2020,45.7,23.2,42.4,682.0,2.1
2807907052,2021,45.2,23.1,41.0,700.0,2.2
2807907052,2022,44.8,23.4,41.4,728.0,2.2
2807907053,2015,43.4,18.3,46.2,1314.0,2.0
2807907053,2016,43.6,18.4,46.7,1323.0,2.0
2807907053,2017,43.6,19.3,45.7,1340.0,2.0
2807907053,2018,43.9,19.9,46.5,1368.0,2.0
2807907053,2019,43.6,19.3,45.2,1395.0,2.0
2807907053,2020,43.3,19.0,45.8,1384.0,2.0
2807907053,2021,43.2,19.3,46.6,1354.0,2.0
2807907053,2022,42.8,18.9,48.9,1369.0,2.0
2807907055,2015,43.7,20.4,45.5,730.0,2.2
2807907055,2016,43.8,21.7,48.0,700.0,2.1
2807907055,2017,43.8,20.9,43.0,707.0,2.2
2807907055,2018,44.4,20.7,42.5,699.0,2.2
2807907055,2019,44.2,20.8,44.1,717.0,2.1
2807907055,2020,45.6,23.6,45.4,653.0,2.1
2807907055,2021,45.3,23.4,42.4,698.0,2.1
2807907055,2022,44.5,22.6,43.1,734.0,2.1
2807907056,2015,43.7,18.3,42.4,739.0,2.1
2807907056,2016,43.8,18.0,41.8,732.0,2.1
2807907056,2017,44.5,18.3,40.0,715.0,2.1
2807907056,2018,43.6,17.8,37.8,742.0,2.2
2807907056,2019,44.7,18.3,39.2,722.0,2.1
2807907056,2020,44.5,18.7,39.8,728.0,2.1
2807907056,2021,44.4,19.5,40.9,728.0,2.1
2807907056,2022,43.6,19.4,41.1,742.0,2.1
2807907057,2015,45.0,21.3,45.0,1373.0,2.1
2807907057,2016,45.0,21.4,42.7,1357.0,2.1
2807907057,2017,45.1,21.3,42.1,1378.0,2.1
2807907057,2018,45.4,22.1,44.6,1356.0,2.1
2807907057,2019,44.7,21.8,44.6,1395.0,2.1
2807907057,2020,44.8,22.8,44.0,1374.0,2.1
2807907057,2021,44.9,23.2,44.4,1386.0,2.0
2807907057,2022,44.7,22.5,44.0,1380.0,2.0
2807907058,2015,45.6,21.9,50.5,1141.0,1.8
2807907058,2016,45.3,21.4,49.7,1153.0,1.9
2807907058,2017,45.7,21.5,50.6,1160.0,1.9
2807907058,2018,45.8,22.0,50.7,1139.0,1.8
2807907058,2019,45.0,20.2,48.4,1205.0,1.9
2807907058,2020,45.3,20.2,48.5,1152.0,1.9
2807907058,2021,46.2,21.7,50.7,1119.0,1.8
2807907058,2022,46.1,21.8,50.5,1132.0,1.8
2807907059,2015,43.6,19.1,41.4,758.0,2.1
2807907059,2016,43.2,18.7,38.0,771.0,2.2
2807907059,2017,43.3,18.6,40.2,760.0,2.1
2807907059,2018,42.9,18.9,43.6,792.0,2.1
2807907059,2019,42.3,17.6,43.3,822.0,2.1
2807907059,2020,42.6,18.0,40.9,817.0,2.1
2807907059,2021,42.9,18.6,41.5,795.0,2.1
2807907059,2022,42.9,18.5,43.2,807.0,2.1
2807907060,2015,45.8,21.5,47.0,884.0,2.0
2807907060,2016,45.9,21.1,46.6,868.0,2.0
2807907060,2017,45.3,20.3,48.9,892.0,2.0
2807907060,2018,45.2,19.2,50.6,886.0,2.0
2807907060,2019,44.4,18.5,49.9,906.0,2.0
2807907060,2020,45.2,19.4,50.6,860.0,2.0
2807907060,2021,45.7,20.7,52.5,837.0,1.9
2807907060,2022,44.5,19.1,49.2,876.0,2.0
2807907061,2015,45.9,22.8,46.7,1209.0,2.0
2807907061,2016,46.0,23.5,47.3,1212.0,2.0
2807907061,2017,45.9,23.9,50.4,1213.0,1.9
2807907061,2018,46.1,23.8,50.4,1214.0,1.9
2807907061,2019,45.9,22.9,50.5,1234.0,1.9
2807907061,2020,45.5,21.3,51.3,1223.0,1.9
2807907061,2021,45.7,21.7,51.7,1200.0,1.9
2807907061,2022,45.2,21.1,52.5,1220.0,1.9
2807907062,2015,44.7,19.7,43.2,963.0,2.1
2807907062,2016,44.1,18.8,41.8,956.0,2.1
2807907062,2017,44.6,19.1,41.8,952.0,2.1
2807907062,2018,44.5,18.8,41.2,958.0,2.1
2807907062,2019,44.4,19.9,40.1,982.0,2.2
2807907062,2020,44.0,20.5,38.6,999.0,2.2
2807907062,2021,44.5,21.8,40.2,980.0,2.2
2807907062,2022,44.0,21.2,39.7,1017.0,2.2
2807907063,2015,45.5,22.7,38.3,1275.0,2.3
2807907063,2016,45.6,23.0,40.7,1266.0,2.2
2807907063,2017,46.1,23.0,40.9,1235.0,2.2
2807907063,2018,46.0,23.5,40.5,1264.0,2.2
2807907063,2019,46.4,24.3,40.3,1245.0,2.2
2807907063,2020,46.4,24.9,39.8,1215.0,2.1
2807907063,2021,45.6,23.8,41.1,1252.0,2.1
2807907063,2022,45.9,24.2,40.9,1247.0,2.1
2807907064,2015,46.9,25.0,37.1,1092.0,2.3
2807907064,2016,45.7,22.6,37.1,1110.0,2.3
2807907064,2017,45.5,22.4,38.2,1108.0,2.4
2807907064,2018,44.7,21.8,34.9,1172.0,2.4
2807907064,2019,44.8,22.3,35.8,1170.0,2.4
2807907064,2020,45.3,22.8,37.7,1149.0,2.3
2807907064,2021,45.1,23.0,38.1,1119.0,2.3
2807907064,2022,46.1,24.7,39.3,1101.0,2.3
2807907065,2015,44.3,21.0,48.3,1316.0,2.1
2807907065,2016,44.5,20.5,45.4,1313.0,2.1
2807907065,2017,44.2,20.4,45.1,1349.0,2.2
2807907065,2018,44.0,19.9,46.9,1324.0,2.1
2807907065,2019,44.3,20.3,45.6,1309.0,2.1
2807907065,2020,44.6,21.0,46.7,1259.0,2.1
2807907065,2021,45.1,21.5,45.8,1270.0,2.1
2807907065,2022,44.5,21.4,46.0,1298.0,2.1
2807907066,2015,43.5,20.4,49.5,1098.0,2.1
2807907066,2016,43.6,20.6,47.7,1087.0,2.1
2807907066,2017,43.9,19.9,50.7,1053.0,2.0
2807907066,2018,43.9,20.3,50.1,1065.0,2.0
2807907066,2019,44.3,20.3,49.0,1076.0,2.0
2807907066,2020,43.9,20.1,48.5,1092.0,2.0
2807907066,2021,43.7,18.5,48.9,1099.0,2.0
2807907066,2022,44.0,19.2,49.8,1069.0,2.0
2807907067,2015,47.0,24.9,38.9,957.0,2.2
2807907067,2016,46.1,24.1,36.5,1013.0,2.2
2807907067,2017,45.7,22.6,40.0,1017.0,2.1
2807907067,2018,44.8,21.1,39.3,1053.0,2.1
2807907067,2019,44.8,21.7,37.6,1075.0,2.2
2807907067,2020,44.7,21.4,37.8,1083.0,2.2
2807907067,2021,44.3,20.9,38.5,1050.0,2.2
2807907067,2022,43.7,20.7,38.6,1085.0,2.2
2807907068,2015,45.4,20.9,38.9,1079.0,2.2
2807907068,2016,45.9,21.0,40.1,1054.0,2.2
2807907068,2017,46.1,22.2,40.3,1032.0,2.1
2807907068,2018,45.5,22.3,38.7,1056.0,2.2
2807907068,2019,45.4,22.2,39.6,1054.0,2.2
2807907068,2020,45.1,22.2,37.9,1031.0,2.2
2807907068,2021,45.7,23.9,39.8,1007.0,2.1
2807907068,2022,45.3,23.5,41.6,1020.0,2.2
2807907069,2015,45.4,20.6,43.5,994.0,2.0
2807907069,2016,45.7,21.3,45.8,962.0,2.0
2807907069,2017,45.7,22.3,46.6,948.0,1.9
2807907069,2018,46.6,23.1,49.7,919.0,1.9
2807907069,2019,47.3,24.0,48.6,928.0,1.9
2807907069,2020,47.4,24.7,47.5,927.0,1.9
2807907069,2021,46.4,23.8,46.6,953.0,2.0
2807907069,2022,46.6,24.8,46.4,943.0,1.9
2807907070,2015,42.7,18.5,44.5,1217.0,2.1
2807907070,2016,42.9,18.7,46.6,1207.0,2.1
2807907070,2017,43.3,18.9,46.3,1206.0,2.1
2807907070,2018,43.2,18.7,46.1,1232.0,2.1
2807907070,2019,42.7,17.5,46.1,1279.0,2.1
2807907070,2020,42.9,17.4,45.8,1233.0,2.1
2807907070,2021,42.7,17.0,46.9,1224.0,2.1
2807907070,2022,42.7,17.0,48.0,1233.0,2.1
2807907071,2015,45.2,22.2,34.6,1022.0,2.3
2807907071,2016,45.0,21.7,34.3,1029.0,2.3
2807907071,2017,45.2,21.5,34.3,1057.0,2.4
2807907071,2018,45.2,21.1,32.8,1056.0,2.3
2807907071,2019,45.1,21.1,32.6,1046.0,2.4
2807907071,2020,46.1,22.9,34.3,1006.0,2.3
2807907071,2021,45.7,22.4,35.8,1020.0,2.3
2807907071,2022,45.5,22.9,36.2,1036.0,2.3
2807907072,2015,45.3,21.9,34.5,1508.0,2.4
2807907072,2016,45.2,21.6,35.0,1529.0,2.3
2807907072,2017,45.6,22.9,36.9,1534.0,2.3
2807907072,2018,45.7,22.8,39.7,1530.0,2.2
2807907072,2019,46.4,24.2,39.6,1478.0,2.2
2807907072,2020,46.4,24.7,41.1,1454.0,2.2
2807907072,2021,46.5,25.3,40.3,1421.0,2.2
2807907072,2022,46.5,25.4,40.5,1447.0,2.2
2807907073,2015,45.3,21.3,42.8,1251.0,2.1
2807907073,2016,45.4,21.2,42.9,1243.0,2.0
2807907073,2017,45.2,21.2,45.6,1261.0,2.0
2807907073,2018,45.2,21.3,44.9,1272.0,2.1
2807907073,2019,44.8,21.0,43.5,1306.0,2.1
2807907073,2020,45.2,21.6,43.6,1279.0,2.1
2807907073,2021,44.6,20.9,43.2,1361.0,2.2
2807907073,2022,44.7,20.7,44.7,1360.0,2.1
2807907075,2015,45.4,21.0,41.5,971.0,2.3
2807907075,2016,45.4,22.1,38.4,979.0,2.4
2807907075,2017,45.8,21.4,38.3,983.0,2.4
2807907075,2018,45.8,22.7,40.4,997.0,2.4
2807907075,2019,46.0,22.8,38.6,991.0,2.4
2807907075,2020,46.2,23.4,40.0,953.0,2.3
2807907075,2021,46.3,24.0,40.9,986.0,2.3
2807907075,2022,46.4,24.8,40.7,1013.0,2.3
2807907076,2015,46.3,26.1,41.8,859.0,2.4
2807907076,2016,46.6,26.7,40.1,824.0,2.4
2807907076,2017,46.7,26.3,38.9,845.0,2.4
2807907076,2018,47.1,26.1,41.1,840.0,2.3
2807907076,2019,47.7,26.6,41.7,805.0,2.3
2807907076,2020,48.0,27.1,47.1,794.0,2.2
2807907076,2021,48.4,28.5,48.4,769.0,2.1
2807907076,2022,47.7,27.7,47.4,788.0,2.1
2807907078,2015,45.4,22.1,41.4,986.0,2.3
2807907078,2016,44.9,21.3,41.3,1004.0,2.3
2807907078,2017,44.8,21.3,41.2,985.0,2.3
2807907078,2018,44.8,21.9,38.4,1029.0,2.3
2807907078,2019,45.1,22.2,38.4,1017.0,2.3
2807907078,2020,45.0,22.4,38.1,1010.0,2.3
2807907078,2021,45.5,23.5,37.9,982.0,2.2
2807907078,2022,44.7,22.7,38.1,1034.0,2.3
2807907079,2015,42.7,17.7,42.5,881.0,2.2
2807907079,2016,42.6,17.9,41.6,864.0,2.2
2807907079,2017,43.0,19.1,42.0,862.0,2.2
2807907079,2018,43.9,20.1,43.6,817.0,2.1
2807907079,2019,44.1,20.3,40.9,826.0,2.1
2807907079,2020,43.8,20.3,43.0,832.0,2.2
2807907079,2021,44.0,20.2,41.6,831.0,2.2
2807907079,2022,44.0,20.0,41.6,844.0,2.1
2807907080,2015,43.3,19.9,31.6,1241.0,2.6
2807907080,2016,43.9,20.9,33.0,1230.0,2.6
2807907080,2017,44.2,21.6,31.8,1215.0,2.5
2807907080,2018,44.3,21.5,33.1,1209.0,2.5
2807907080,2019,44.6,21.8,31.1,1250.0,2.6
2807907080,2020,44.7,21.9,32.4,1212.0,2.5
2807907080,2021,44.9,21.7,31.5,1213.0,2.5
2807907080,2022,45.0,21.8,34.2,1172.0,2.4
2807907081,2015,44.6,19.7,35.7,1240.0,2.6
2807907081,2016,44.1,18.6,33.8,1261.0,2.6
2807907081,2017,44.7,19.9,35.5,1262.0,2.6
2807907081,2018,44.5,19.6,33.1,1349.0,2.7
2807907081,2019,44.6,19.3,29.9,1358.0,2.8
2807907081,2020,44.7,19.6,30.0,1340.0,2.7
2807907081,2021,44.5,19.2,29.9,1357.0,2.7
2807907081,2022,44.8,20.3,31.0,1356.0,2.7
2807907082,2015,42.9,19.8,40.2,1128.0,2.3
2807907082,2016,43.5,20.5,40.2,1074.0,2.2
2807907082,2017,43.4,20.7,41.4,1090.0,2.2
2807907082,2018,43.1,20.0,38.3,1113.0,2.3
2807907082,2019,43.4,20.4,38.5,1088.0,2.3
2807907082,2020,43.6,20.2,37.5,1081.0,2.3
2807907082,2021,43.4,20.5,37.9,1102.0,2.3
2807907082,2022,43.8,21.6,37.6,1117.0,2.3
2807907083,2015,46.5,26.3,36.7,693.0,2.4
2807907083,2016,47.0,26.4,35.6,702.0,2.4
2807907083,2017,46.9,27.7,36.6,701.0,2.4
2807907083,2018,47.1,26.7,36.5,689.0,2.4
2807907083,2019,46.7,25.5,36.7,717.0,2.4
2807907083,2020,47.3,27.1,31.8,709.0,2.5
2807907083,2021,47.0,26.2,30.6,707.0,2.5
2807907083,2022,47.1,26.7,31.7,703.0,2.5
2807907084,2015,46.4,24.5,35.8,1105.0,2.4
2807907084,2016,47.0,25.5,34.5,1080.0,2.4
2807907084,2017,46.9,26.9,37.2,1081.0,2.4
2807907084,2018,47.0,26.5,37.9,1066.0,2.3
2807907084,2019,46.6,26.2,37.7,1129.0,2.4
2807907084,2020,46.7,27.2,38.7,1106.0,2.3
2807907084,2021,47.1,27.9,41.7,1080.0,2.3
2807907084,2022,47.4,27.9,42.7,1076.0,2.2
2807907085,2015,46.5,27.4,34.4,1235.0,2.4
2807907085,2016,46.2,27.9,35.0,1269.0,2.5
2807907085,2017,46.7,27.8,33.4,1273.0,2.4
2807907085,2018,46.1,27.2,34.4,1326.0,2.5
2807907085,2019,46.7,28.2,36.1,1268.0,2.4
2807907085,2020,46.9,28.6,38.2,1228.0,2.3
2807907085,2021,47.3,29.2,36.3,1218.0,2.4
2807907085,2022,47.4,29.7,37.3,1233.0,2.4
2807907086,2015,43.7,21.0,30.0,809.0,2.6
2807907086,2016,43.7,20.7,28.2,810.0,2.6
2807907086,2017,43.9,20.3,27.4,851.0,2.7
2807907086,2018,43.9,20.3,28.6,866.0,2.7
2807907086,2019,44.4,19.6,30.3,835.0,2.6
2807907086,2020,45.4,20.9,30.4,846.0,2.6
2807907086,2021,46.0,22.2,29.9,833.0,2.6
2807907086,2022,46.2,23.5,30.1,860.0,2.6
2807907087,2015,43.4,21.2,33.5,933.0,2.4
2807907087,2016,43.3,21.0,31.9,939.0,2.5
2807907087,2017,42.7,20.5,34.3,963.0,2.5
2807907087,2018,42.4,19.8,36.1,948.0,2.5
2807907087,2019,42.5,20.1,37.5,936.0,2.4
2807907087,2020,42.8,20.6,36.1,928.0,2.4
2807907087,2021,42.6,19.9,37.1,905.0,2.4
2807907087,2022,42.6,20.8,37.7,895.0,2.4
2807907088,2015,44.0,21.7,34.3,1098.0,2.4
2807907088,2016,44.4,22.0,33.3,1087.0,2.4
2807907088,2017,44.8,22.0,33.4,1058.0,2.3
2807907088,2018,45.0,22.2,33.5,1052.0,2.3
2807907088,2019,44.8,21.7,32.6,1090.0,2.4
2807907088,2020,45.2,22.7,36.0,1047.0,2.3
2807907088,2021,45.8,22.8,37.4,1035.0,2.3
2807907088,2022,45.6,22.6,35.4,1081.0,2.3
2807907089,2015,44.6,20.3,38.0,1450.0,2.3
2807907089,2016,45.2,21.4,37.5,1441.0,2.3
2807907089,2017,45.3,21.7,38.0,1450.0,2.3
2807907089,2018,45.4,21.7,38.5,1428.0,2.3
2807907089,2019,45.3,22.2,40.7,1395.0,2.3
2807907089,2020,46.0,23.4,39.6,1344.0,2.2
2807907089,2021,45.9,23.9,39.1,1336.0,2.2
2807907089,2022,46.6,24.3,38.4,1294.0,2.2
2807907090,2015,42.4,17.5,42.7,1008.0,2.3
2807907090,2016,42.5,17.5,44.1,982.0,2.2
2807907090,2017,42.4,17.5,43.6,992.0,2.2
2807907090,2018,42.1,17.7,42.4,1007.0,2.2
2807907090,2019,41.8,16.9,42.8,1044.0,2.3
2807907090,2020,42.3,17.4,44.2,993.0,2.2
2807907090,2021,42.3,18.4,45.0,959.0,2.2
2807907090,2022,41.3,17.0,44.4,986.0,2.2
2807907091,2015,46.6,26.0,48.5,781.0,2.0
2807907091,2016,45.6,24.1,48.4,748.0,1.9
2807907091,2017,44.8,22.6,47.2,775.0,2.0
2807907091,2018,44.2,21.3,45.6,797.0,2.0
2807907091,2019,43.9,20.0,47.0,786.0,2.0
2807907091,2020,44.1,20.5,47.8,770.0,2.0
2807907091,2021,45.5,23.1,48.2,775.0,2.0
2807907091,2022,45.1,22.5,44.2,808.0,2.0
2807907092,2015,45.0,22.8,39.2,1131.0,2.3
2807907092,2016,44.7,22.2,37.8,1161.0,2.3
2807907092,2017,44.7,22.6,39.8,1184.0,2.3
2807907092,2018,44.2,22.1,38.2,1222.0,2.3
2807907092,2019,44.5,22.7,40.8,1219.0,2.3
2807907092,2020,44.3,22.3,41.3,1200.0,2.3
2807907092,2021,44.7,22.8,41.5,1210.0,2.3
2807907092,2022,44.3,22.4,41.1,1236.0,2.3
2807907093,2015,44.5,22.7,34.7,1283.0,2.7
2807907093,2016,45.1,23.2,33.7,1275.0,2.6
2807907093,2017,45.1,23.1,33.0,1301.0,2.6
2807907093,2018,45.6,24.0,34.8,1281.0,2.6
2807907093,2019,45.4,24.2,33.9,1287.0,2.6
2807907093,2020,45.9,25.1,34.4,1269.0,2.6
2807907093,2021,45.5,25.2,33.3,1269.0,2.6
2807907093,2022,45.4,24.1,33.5,1297.0,2.6
2807907094,2015,44.5,22.0,32.6,1566.0,2.6
2807907094,2016,45.0,22.9,34.8,1550.0,2.5
2807907094,2017,45.0,22.4,33.7,1570.0,2.5
2807907094,2018,45.0,22.6,34.4,1556.0,2.5
2807907094,2019,44.8,23.1,32.8,1569.0,2.5
2807907094,2020,44.8,23.4,33.8,1563.0,2.5
2807907094,2021,45.1,24.2,34.1,1548.0,2.5
2807907094,2022,45.3,24.3,34.2,1559.0,2.5
2807907095,2015,41.9,19.3,27.0,1423.0,2.8
2807907095,2016,42.0,20.1,26.3,1419.0,2.8
2807907095,2017,42.5,20.6,25.4,1443.0,2.8
2807907095,2018,42.8,21.5,27.1,1430.0,2.7
2807907095,2019,42.6,21.4,27.5,1447.0,2.8
2807907095,2020,43.1,22.8,28.1,1398.0,2.7
2807907095,2021,42.5,21.8,27.2,1438.0,2.8
2807907095,2022,43.1,22.1,30.2,1411.0,2.7
2807907096,2015,45.0,21.5,38.5,1068.0,2.3
2807907096,2016,44.7,21.3,37.7,1064.0,2.4
2807907096,2017,45.4,23.1,39.3,1049.0,2.3
2807907096,2018,45.3,22.9,40.6,1101.0,2.3
2807907096,2019,44.9,21.5,39.3,1139.0,2.4
2807907096,2020,44.6,20.9,37.5,1165.0,2.4
2807907096,2021,44.5,21.0,39.3,1172.0,2.4
2807907096,2022,44.6,20.5,40.9,1176.0,2.3
2807907097,2015,43.0,17.8,42.2,783.0,2.1
2807907097,2016,42.9,18.0,42.9,779.0,2.1
2807907097,2017,43.4,17.8,43.9,779.0,2.1
2807907097,2018,42.7,16.6,41.7,833.0,2.2
2807907097,2019,42.2,16.6,41.1,862.0,2.2
2807907097,2020,42.0,16.4,41.2,876.0,2.2
2807907097,2021,41.4,15.9,41.1,877.0,2.2
2807907097,2022,40.9,15.0,39.2,887.0,2.2
2807907098,2015,47.0,28.9,27.5,937.0,2.4
2807907098,2016,47.7,30.1,28.9,909.0,2.3
2807907098,2017,47.5,29.2,28.5,943.0,2.4
2807907098,2018,47.6,29.3,28.5,956.0,2.4
2807907098,2019,48.0,30.2,28.5,948.0,2.4
2807907098,2020,48.2,30.2,30.7,943.0,2.3
2807907098,2021,47.5,28.9,31.1,961.0,2.3
2807907098,2022,47.7,28.5,31.3,970.0,2.3
2807907099,2015,44.8,21.9,41.8,907.0,2.1
2807907099,2016,44.7,21.3,38.6,919.0,2.1
2807907099,2017,44.4,19.7,39.1,920.0,2.1
2807907099,2018,44.2,19.3,38.9,919.0,2.1
2807907099,2019,44.2,19.1,40.2,923.0,2.1
2807907099,2020,44.3,19.7,39.7,909.0,2.1
2807907099,2021,45.0,20.5,40.1,896.0,2.1
2807907099,2022,45.1,21.6,40.1,894.0,2.1
2807907100,2015,42.0,16.9,42.0,922.0,2.2
2807907100,2016,42.4,17.5,43.9,887.0,2.2
2807907100,2017,42.6,18.1,45.3,914.0,2.1
2807907100,2018,43.4,18.8,46.6,878.0,2.1
2807907100,2019,42.7,18.3,46.2,902.0,2.1
2807907100,2020,43.3,19.5,46.6,877.0,2.1
2807907100,2021,43.4,19.7,48.7,838.0,2.0
2807907100,2022,44.5,20.8,48.4,812.0,2.0
2807907101,2015,44.5,20.0,47.9,1264.0,2.0
2807907101,2016,44.6,19.9,47.2,1214.0,2.0
2807907101,2017,44.6,20.7,48.7,1230.0,1.9
2807907101,2018,45.1,21.0,47.5,1250.0,2.0
2807907101,2019,44.8,20.3,47.4,1275.0,1.9
2807907101,2020,45.1,20.7,48.1,1251.0,1.9
2807907101,2021,46.0,21.6,50.2,1233.0,1.9
2807907101,2022,46.4,22.7,52.6,1201.0,1.9
2807907102,2015,43.5,19.3,47.2,1358.0,2.0
2807907102,2016,44.1,20.1,45.6,1345.0,2.0
2807907102,2017,44.2,20.0,47.9,1376.0,2.0
2807907102,2018,44.1,20.8,46.0,1410.0,2.0
2807907102,2019,43.9,20.8,45.1,1416.0,2.0
2807907102,2020,44.3,21.3,45.1,1369.0,2.0
2807907102,2021,45.0,22.4,45.7,1280.0,2.0
2807907102,2022,43.9,21.2,48.0,1320.0,2.0
2807907103,2015,44.3,20.6,39.7,1449.0,2.2
2807907103,2016,43.9,19.6,41.2,1472.0,2.1
2807907103,2017,43.6,19.7,41.2,1498.0,2.1
2807907103,2018,43.1,19.3,42.0,1518.0,2.1
2807907103,2019,43.5,19.5,43.7,1509.0,2.1
2807907103,2020,43.9,20.0,44.6,1452.0,2.1
2807907103,2021,44.2,20.7,47.2,1395.0,2.0
2807907103,2022,44.1,20.5,47.4,1389.0,2.0
2807907105,2015,46.7,25.9,36.9,1054.0,2.2
2807907105,2016,46.9,26.5,38.0,1073.0,2.2
2807907105,2017,46.8,26.6,39.1,1069.0,2.2
2807907105,2018,46.2,25.3,39.0,1101.0,2.2
2807907105,2019,46.2,24.6,38.1,1106.0,2.3
2807907105,2020,46.1,24.4,38.3,1119.0,2.3
2807907105,2021,46.3,24.8,37.3,1114.0,2.3
2807907105,2022,46.5,25.0,35.9,1126.0,2.3
2807907106,2015,45.9,23.5,38.5,1280.0,2.3
2807907106,2016,45.6,23.9,37.4,1316.0,2.3
2807907106,2017,45.3,23.4,38.9,1345.0,2.3
2807907106,2018,46.0,24.4,40.0,1337.0,2.3
2807907106,2019,46.8,25.7,40.6,1322.0,2.2
2807907106,2020,46.7,26.2,38.2,1307.0,2.3
2807907106,2021,46.8,26.6,36.7,1293.0,2.3
2807907106,2022,46.8,27.1,37.9,1273.0,2.2
2807907107,2015,47.1,26.6,36.2,982.0,2.2
2807907107,2016,47.2,26.8,38.7,970.0,2.2
2807907107,2017,47.7,27.3,40.4,962.0,2.1
2807907107,2018,46.9,26.8,37.4,993.0,2.2
2807907107,2019,46.7,26.0,37.8,1004.0,2.2
2807907107,2020,47.0,26.1,37.0,987.0,2.2
2807907107,2021,47.6,26.8,35.6,985.0,2.3
2807907107,2022,47.6,27.2,38.8,962.0,2.2
2807907108,2015,43.9,19.6,36.6,958.0,2.3
2807907108,2016,43.6,19.4,35.3,963.0,2.3
2807907108,2017,43.9,19.5,38.1,985.0,2.3
2807907108,2018,44.1,19.4,38.4,993.0,2.3
2807907108,2019,43.9,18.7,39.0,1015.0,2.3
2807907108,2020,43.1,18.2,38.9,1019.0,2.3
2807907108,2021,43.9,18.8,38.7,996.0,2.3
2807907108,2022,43.5,18.5,34.4,1011.0,2.4
2807907109,2015,47.1,26.0,37.2,1245.0,2.2
2807907109,2016,46.9,26.0,39.2,1272.0,2.2
2807907109,2017,47.0,27.2,39.3,1289.0,2.2
2807907109,2018,46.6,26.1,38.5,1297.0,2.2
2807907109,2019,46.5,26.1,40.1,1288.0,2.2
2807907109,2020,46.9,26.8,41.4,1225.0,2.2
2807907109,2021,47.2,27.1,43.2,1199.0,2.1
2807907109,2022,46.9,26.5,41.4,1217.0,2.1
2807907110,2015,47.1,24.0,48.0,1030.0,1.9
2807907110,2016,47.1,24.8,47.6,1036.0,2.0
2807907110,2017,46.8,24.5,47.9,1071.0,1.9
2807907110,2018,46.4,23.7,46.9,1065.0,1.9
2807907110,2019,46.5,23.4,47.8,1067.0,1.9
2807907110,2020,46.8,23.8,48.2,1036.0,1.9
2807907110,2021,47.2,24.8,47.8,1001.0,1.9
2807907110,2022,46.8,24.6,50.4,1023.0,1.9
2807907111,2015,47.5,27.7,39.9,1304.0,2.2
2807907111,2016,47.5,27.6,38.8,1306.0,2.2
2807907111,2017,47.3,27.0,37.6,1347.0,2.2
2807907111,2018,47.3,28.0,36.6,1341.0,2.2
2807907111,2019,47.7,27.9,37.9,1333.0,2.2
2807907111,2020,47.8,27.8,38.2,1293.0,2.2
2807907111,2021,48.7,28.9,37.3,1260.0,2.1
2807907111,2022,48.3,28.0,38.5,1265.0,2.1
2807907112,2015,47.8,26.2,35.1,648.0,2.3
2807907112,2016,47.2,25.2,36.1,651.0,2.3
2807907112,2017,,,,,
2807907112,2018,,,,,
2807907112,2019,,,,,
2807907112,2020,,,,,
2807907112,2021,,,,,
2807907112,2022,,,,,
2807907113,2015,44.9,22.8,40.7,681.0,2.1
2807907113,2016,44.5,22.5,43.3,670.0,2.1
2807907113,2017,45.4,22.9,42.6,1332.0,2.2
2807907113,2018,45.2,23.0,41.0,1359.0,2.2
2807907113,2019,45.6,24.1,41.2,1328.0,2.2
2807907113,2020,45.6,24.2,40.6,1307.0,2.2
2807907113,2021,43.0,20.2,40.3,1535.0,2.2
2807907113,2022,41.2,17.5,35.2,1910.0,2.3
2807907114,2015,48.8,29.1,33.2,1804.0,2.3
2807907114,2016,48.9,30.2,34.4,1750.0,2.3
2807907114,2017,48.6,29.9,34.0,1783.0,2.3
2807907114,2018,48.0,29.4,33.5,1856.0,2.3
2807907114,2019,47.9,29.5,33.6,1853.0,2.3
2807907114,2020,47.9,30.1,34.9,1798.0,2.3
2807907114,2021,48.4,30.2,36.0,1767.0,2.3
2807907114,2022,48.1,30.6,35.3,1757.0,2.3
2807907115,2015,44.7,22.9,34.7,1412.0,2.3
2807907115,2016,44.6,23.4,34.8,1417.0,2.3
2807907115,2017,44.9,23.6,35.7,1419.0,2.3
2807907115,2018,45.0,23.9,36.6,1421.0,2.3
2807907115,2019,45.0,24.8,35.4,1475.0,2.3
2807907115,2020,45.4,25.3,36.3,1445.0,2.3
2807907115,2021,46.5,26.7,37.7,1374.0,2.2
2807907115,2022,46.6,26.6,39.7,1372.0,2.2
2807907116,2015,46.7,25.7,24.8,1060.0,2.7
2807907116,2016,46.1,24.6,22.6,1066.0,2.7
2807907116,2017,45.8,24.3,24.9,1069.0,2.7
2807907116,2018,45.0,22.7,23.4,1098.0,2.8
2807907116,2019,44.8,21.4,22.5,1112.0,2.8
2807907116,2020,44.7,21.5,22.3,1119.0,2.8
2807907116,2021,44.0,21.0,24.6,1148.0,2.8
2807907116,2022,43.9,21.2,24.1,1158.0,2.9
2807907117,2015,44.6,21.7,39.4,1329.0,2.2
2807907117,2016,44.4,21.2,40.1,1327.0,2.2
2807907117,2017,44.7,21.1,41.3,1294.0,2.2
2807907117,2018,44.3,20.9,42.5,1317.0,2.2
2807907117,2019,44.2,21.1,43.4,1320.0,2.2
2807907117,2020,44.4,21.7,44.4,1288.0,2.2
2807907117,2021,44.7,21.7,46.4,1254.0,2.1
2807907117,2022,44.7,21.3,46.8,1266.0,2.1
2807907118,2015,45.9,21.6,50.2,1395.0,1.9
2807907118,2016,46.0,22.2,49.7,1381.0,1.9
2807907118,2017,45.8,22.8,49.3,1423.0,1.9
2807907118,2018,45.5,22.4,47.1,1435.0,1.9
2807907118,2019,45.3,23.1,47.2,1497.0,1.9
2807907118,2020,45.9,23.4,49.1,1434.0,1.9
2807907118,2021,45.2,23.0,46.7,1446.0,1.9
2807907118,2022,45.3,23.3,47.7,1439.0,1.9
2807907119,2015,46.0,24.7,47.4,1264.0,2.0
2807907119,2016,45.7,24.4,47.3,1273.0,2.0
2807907119,2017,45.0,24.3,46.5,1280.0,2.0
2807907119,2018,44.9,23.9,46.6,1317.0,2.1
2807907119,2019,45.3,23.9,47.3,1323.0,2.0
2807907119,2020,45.8,24.5,48.6,1305.0,2.0
2807907119,2021,45.3,24.2,47.9,1312.0,2.0
2807907119,2022,45.9,24.5,47.8,1321.0,2.0
2807907120,2015,44.7,22.7,32.7,1128.0,2.4
2807907120,2016,45.4,23.5,31.9,1123.0,2.4
2807907120,2017,45.5,24.3,31.5,1138.0,2.4
2807907120,2018,45.8,25.1,34.3,1125.0,2.4
2807907120,2019,45.8,25.2,34.0,1133.0,2.4
2807907120,2020,45.7,25.4,33.5,1151.0,2.4
2807907120,2021,46.8,27.3,37.8,1106.0,2.3
2807907120,2022,46.6,25.0,34.8,1655.0,2.4
2807907121,2015,46.5,26.1,29.4,1732.0,2.5
2807907121,2016,46.6,26.3,32.4,1717.0,2.4
2807907121,2017,46.8,25.9,31.5,1715.0,2.5
2807907121,2018,46.9,25.8,33.2,1702.0,2.4
2807907121,2019,46.9,26.2,31.4,1708.0,2.4
2807907121,2020,47.0,26.2,33.0,1699.0,2.4
2807907121,2021,47.2,26.5,33.8,1673.0,2.4
2807907121,2022,47.1,26.1,35.2,1682.0,2.3
2807907122,2015,45.9,23.7,43.1,1089.0,2.1
2807907122,2016,45.3,22.5,42.7,1098.0,2.1
2807907122,2017,44.1,20.9,42.1,1147.0,2.1
2807907122,2018,43.6,20.3,42.3,1172.0,2.2
2807907122,2019,43.5,20.3,40.6,1199.0,2.2
2807907122,2020,43.8,21.2,41.6,1170.0,2.2
2807907122,2021,44.2,22.0,44.6,1144.0,2.1
2807907122,2022,44.2,21.8,45.7,1172.0,2.1
2807907123,2015,46.9,23.8,39.1,1120.0,2.2
2807907123,2016,47.3,24.2,38.2,1094.0,2.2
2807907123,2017,46.7,23.8,39.2,1092.0,2.2
2807907123,2018,46.5,23.8,39.7,1107.0,2.2
2807907123,2019,46.9,24.0,39.8,1115.0,2.2
2807907123,2020,46.4,23.9,40.1,1104.0,2.2
2807907123,2021,45.6,23.3,38.3,1118.0,2.2
2807907123,2022,45.4,24.0,37.7,1122.0,2.3
2807907124,2015,45.3,24.5,29.6,718.0,2.6
2807907124,2016,45.9,25.6,28.7,723.0,2.6
2807907124,2017,45.6,26.1,28.5,729.0,2.6
2807907124,2018,45.3,25.6,26.2,743.0,2.6
2807907124,2019,44.8,25.7,24.6,764.0,2.7
2807907124,2020,44.3,24.9,27.6,727.0,2.6
2807907124,2021,44.4,25.1,28.2,708.0,2.7
2807907124,2022,44.5,24.5,27.2,697.0,2.6
2807907125,2015,49.2,29.1,30.6,956.0,2.6
2807907125,2016,48.9,29.9,30.2,956.0,2.6
2807907125,2017,48.5,29.3,30.8,969.0,2.6
2807907125,2018,48.0,28.3,33.4,989.0,2.7
2807907125,2019,47.8,27.8,32.8,981.0,2.6
2807907125,2020,47.7,27.8,33.6,961.0,2.6
2807907125,2021,47.6,28.4,30.9,990.0,2.6
2807907125,2022,47.1,27.6,31.4,1004.0,2.6
2807907126,2015,49.1,31.0,24.6,1014.0,2.7
2807907126,2016,49.4,30.4,24.1,985.0,2.7
2807907126,2017,49.0,30.4,25.7,964.0,2.7
2807907126,2018,48.4,29.6,25.3,980.0,2.8
2807907126,2019,48.1,28.6,25.9,985.0,2.8
2807907126,2020,47.0,27.6,24.2,995.0,2.9
2807907126,2021,47.3,27.4,25.7,978.0,2.8
2807907126,2022,46.9,25.7,25.0,1006.0,2.8
2807907127,2015,47.4,27.2,34.7,1385.0,2.4
2807907127,2016,47.4,27.1,35.9,1378.0,2.3
2807907127,2017,46.7,26.7,34.2,1415.0,2.3
2807907127,2018,46.4,26.1,35.2,1469.0,2.4
2807907127,2019,46.8,26.6,34.2,1472.0,2.4
2807907127,2020,46.1,25.9,32.7,1463.0,2.4
2807907127,2021,45.8,25.9,34.9,1458.0,2.4
2807907127,2022,45.7,26.2,37.2,1433.0,2.3
2807907128,2015,48.2,29.3,31.7,775.0,2.5
2807907128,2016,48.9,31.1,33.7,742.0,2.4
2807907128,2017,49.1,31.1,37.5,755.0,2.4
2807907128,2018,49.0,30.2,36.7,761.0,2.4
2807907128,2019,49.8,31.8,38.1,749.0,2.3
2807907128,2020,50.5,32.9,39.2,723.0,2.3
2807907128,2021,50.6,32.4,39.8,717.0,2.3
2807907128,2022,49.9,31.6,37.3,743.0,2.3
2807907129,2015,49.1,30.7,40.8,818.0,2.2
2807907129,2016,49.1,31.7,38.2,817.0,2.3
2807907129,2017,49.0,31.6,39.4,835.0,2.2
2807907129,2018,49.0,32.2,39.3,842.0,2.2
2807907129,2019,48.9,31.8,37.1,856.0,2.3
2807907129,2020,48.9,31.9,41.1,831.0,2.2
2807907129,2021,49.3,32.5,41.0,839.0,2.2
2807907129,2022,48.4,31.8,40.7,827.0,2.2
2807907130,2015,47.2,28.4,35.1,1060.0,2.4
2807907130,2016,46.2,26.7,32.8,1122.0,2.5
2807907130,2017,45.7,26.6,33.3,1184.0,2.4
2807907130,2018,45.6,26.7,31.6,1239.0,2.5
2807907130,2019,45.4,26.3,31.5,1257.0,2.5
2807907130,2020,45.3,26.2,33.1,1245.0,2.4
2807907130,2021,45.9,26.8,34.3,1227.0,2.4
2807907130,2022,46.0,26.9,35.6,1202.0,2.4
2807907131,2015,47.8,29.1,24.1,1239.0,2.7
2807907131,2016,47.7,29.4,24.5,1223.0,2.7
2807907131,2017,48.2,30.4,25.2,1225.0,2.7
2807907131,2018,48.8,31.0,24.5,1222.0,2.7
2807907131,2019,48.6,30.5,26.4,1212.0,2.6
2807907131,2020,48.4,30.3,25.6,1223.0,2.6
2807907131,2021,48.1,30.1,25.0,1244.0,2.7
2807907131,2022,48.1,29.8,26.1,1238.0,2.6
2807907132,2015,50.8,34.8,34.8,928.0,2.6
2807907132,2016,50.5,34.5,33.5,891.0,2.6
2807907132,2017,51.5,35.1,36.3,932.0,2.5
2807907132,2018,50.3,33.6,37.6,940.0,2.5
2807907132,2019,50.1,33.1,37.9,954.0,2.4
2807907132,2020,50.3,33.7,38.9,933.0,2.4
2807907132,2021,51.9,36.0,38.2,903.0,2.4
2807907132,2022,50.6,34.1,39.7,929.0,2.4
2807907133,2015,49.1,34.9,29.3,1166.0,2.6
2807907133,2016,49.3,35.0,30.0,1147.0,2.6
2807907133,2017,50.1,35.2,31.6,1123.0,2.5
2807907133,2018,50.7,36.0,32.8,1094.0,2.5
2807907133,2019,50.1,34.3,32.4,1124.0,2.5
2807907133,2020,50.3,33.9,32.5,1094.0,2.5
2807907133,2021,49.7,33.8,34.0,1100.0,2.5
2807907133,2022,49.5,33.5,33.0,1094.0,2.4
2807907134,2015,49.2,30.8,23.0,598.0,2.7
2807907134,2016,49.2,29.9,24.1,591.0,2.7
2807907134,2017,50.2,30.8,24.1,569.0,2.7
2807907134,2018,49.6,29.3,24.6,570.0,2.8
2807907134,2019,48.6,27.0,25.1,588.0,2.8
2807907134,2020,48.2,25.4,28.1,556.0,2.7
2807907134,2021,47.8,23.6,29.0,525.0,2.7
2807907134,2022,,,,,
2807907135,2015,48.1,27.8,35.1,945.0,2.5
2807907135,2016,48.4,29.3,34.2,956.0,2.5
2807907135,2017,48.0,28.8,32.3,983.0,2.5
2807907135,2018,47.3,28.1,32.7,974.0,2.5
2807907135,2019,47.4,27.9,32.2,979.0,2.5
2807907135,2020,48.1,28.8,35.0,954.0,2.4
2807907135,2021,48.6,28.8,35.0,918.0,2.3
2807907135,2022,48.3,29.1,36.6,931.0,2.4
2807908001,2015,50.5,29.8,30.7,822.0,2.4
2807908001,2016,49.8,28.6,29.5,835.0,2.4
2807908001,2017,49.2,27.8,29.4,860.0,2.4
2807908001,2018,49.0,26.7,29.8,844.0,2.4
2807908001,2019,48.7,26.4,28.4,844.0,2.5
2807908001,2020,47.9,25.0,30.5,844.0,2.4
2807908001,2021,47.5,23.7,31.1,827.0,2.5
2807908001,2022,47.0,23.1,29.7,845.0,2.5
2807908002,2015,47.1,27.2,27.5,585.0,2.6
2807908002,2016,47.0,26.9,28.1,588.0,2.5
2807908002,2017,47.1,27.0,28.2,589.0,2.5
2807908002,2018,47.0,26.5,27.8,586.0,2.5
2807908002,2019,46.3,24.6,26.5,597.0,2.5
2807908002,2020,46.8,25.9,29.2,579.0,2.5
2807908002,2021,47.2,25.7,32.1,575.0,2.4
2807908002,2022,46.7,25.5,33.5,560.0,2.4
2807908003,2015,49.4,32.3,31.6,1117.0,2.4
2807908003,2016,49.1,32.4,32.1,1112.0,2.3
2807908003,2017,48.8,31.8,32.2,1136.0,2.3
2807908003,2018,48.7,31.1,31.9,1153.0,2.3
2807908003,2019,49.1,31.1,32.7,1152.0,2.3
2807908003,2020,49.2,30.3,34.7,1121.0,2.2
2807908003,2021,49.3,30.5,36.1,1111.0,2.2
2807908003,2022,49.7,30.6,37.2,1104.0,2.2
2807908004,2015,48.0,24.0,25.3,622.0,2.5
2807908004,2016,46.9,22.4,24.3,630.0,2.5
2807908004,2017,47.1,23.2,27.6,609.0,2.4
2807908004,2018,47.8,23.7,27.9,604.0,2.4
2807908004,2019,47.9,24.1,25.0,603.0,2.5
2807908004,2020,47.2,23.5,24.3,617.0,2.5
2807908004,2021,47.8,24.8,25.3,604.0,2.5
2807908004,2022,48.3,26.5,28.7,599.0,2.4
2807908005,2015,46.8,27.4,26.4,923.0,2.8
2807908005,2016,46.1,26.0,26.2,937.0,2.9
2807908005,2017,46.1,26.4,26.4,952.0,2.9
2807908005,2018,46.1,26.8,25.2,975.0,3.0
2807908005,2019,46.5,26.7,23.1,981.0,3.0
2807908005,2020,45.6,25.4,23.6,1026.0,3.0
2807908005,2021,45.8,25.8,23.5,1031.0,3.0
2807908005,2022,44.7,24.2,22.1,1116.0,3.0
2807908006,2015,44.6,28.9,20.3,967.0,3.1
2807908006,2016,44.6,28.2,21.8,986.0,3.0
2807908006,2017,44.3,27.6,20.9,1009.0,3.0
2807908006,2018,44.1,27.1,20.0,1024.0,3.0
2807908006,2019,44.1,27.1,18.8,1025.0,3.0
2807908006,2020,43.4,26.4,20.0,1020.0,3.0
2807908006,2021,43.3,26.1,20.1,1021.0,3.1
2807908006,2022,44.0,26.6,22.8,1003.0,2.9
2807908007,2015,43.9,24.0,23.2,1229.0,2.9
2807908007,2016,44.3,25.0,21.8,1244.0,2.9
2807908007,2017,44.3,25.1,22.9,1221.0,2.8
2807908007,2018,44.3,25.9,24.1,1232.0,2.8
2807908007,2019,44.4,25.9,26.1,1254.0,2.8
2807908007,2020,44.6,25.6,24.4,1272.0,2.8
2807908007,2021,45.2,27.1,25.5,1239.0,2.8
2807908007,2022,45.0,26.9,25.9,1272.0,2.8
2807908008,2015,44.6,25.0,18.4,1354.0,2.9
2807908008,2016,45.5,26.2,21.1,1353.0,2.9
2807908008,2017,45.0,25.7,21.4,1349.0,2.9
2807908008,2018,44.6,24.7,21.4,1380.0,2.9
2807908008,2019,44.8,25.2,22.5,1386.0,2.9
2807908008,2020,45.0,25.4,20.5,1385.0,3.0
2807908008,2021,44.6,24.9,21.2,1438.0,3.0
2807908008,2022,43.4,22.8,20.6,1568.0,3.0
2807908009,2015,44.3,22.2,24.8,1614.0,2.7
2807908009,2016,45.4,23.5,26.5,1607.0,2.6
2807908009,2017,44.8,22.9,26.7,1648.0,2.6
2807908009,2018,45.0,23.2,26.5,1658.0,2.6
2807908009,2019,44.7,22.4,26.2,1734.0,2.7
2807908009,2020,45.3,22.8,27.7,1666.0,2.6
2807908009,2021,45.4,22.9,29.1,1684.0,2.6
2807908009,2022,45.7,23.0,30.2,1679.0,2.5
2807908010,2015,46.2,25.5,19.1,812.0,2.9
2807908010,2016,45.7,25.1,20.4,847.0,2.9
2807908010,2017,46.5,26.2,20.8,822.0,2.8
2807908010,2018,47.1,27.1,21.5,794.0,2.8
2807908010,2019,46.6,26.5,21.3,843.0,2.9
2807908010,2020,46.6,26.5,20.7,847.0,2.9
2807908010,2021,46.8,27.1,20.9,839.0,2.8
2807908010,2022,47.6,28.0,21.6,828.0,2.8
2807908011,2015,45.7,24.6,25.3,715.0,2.6
2807908011,2016,46.3,25.4,26.4,684.0,2.5
2807908011,2017,46.0,25.3,24.2,689.0,2.6
2807908011,2018,46.7,26.0,25.6,678.0,2.5
2807908011,2019,46.6,25.5,25.5,710.0,2.6
2807908011,2020,47.2,26.2,26.8,696.0,2.5
2807908011,2021,47.9,27.3,27.7,682.0,2.5
2807908011,2022,46.9,25.2,26.7,717.0,2.6
2807908012,2015,43.2,18.7,14.0,1243.0,3.1
2807908012,2016,42.8,18.5,13.3,1300.0,3.1
2807908012,2017,43.1,19.4,13.6,1322.0,3.1
2807908012,2018,43.8,20.8,13.5,1336.0,3.1
2807908012,2019,44.0,21.6,14.9,1345.0,3.0
2807908012,2020,44.4,22.8,15.2,1345.0,3.1
2807908012,2021,45.0,24.2,15.7,1359.0,3.0
2807908012,2022,45.1,25.1,18.1,1388.0,3.0
2807908013,2015,42.5,20.6,17.3,2487.0,3.1
2807908013,2016,42.9,21.7,16.6,2469.0,3.1
2807908013,2017,44.1,22.7,16.1,903.0,3.0
2807908013,2018,44.8,25.0,17.1,904.0,3.0
2807908013,2019,45.4,26.4,16.2,918.0,3.1
2807908013,2020,45.7,27.2,15.5,923.0,3.1
2807908013,2021,46.0,27.1,15.3,924.0,3.1
2807908013,2022,44.6,26.1,13.1,1024.0,3.2
2807908014,2015,47.1,28.8,21.3,736.0,2.5
2807908014,2016,46.8,30.4,21.6,749.0,2.6
2807908014,2017,47.8,32.4,22.9,744.0,2.5
2807908014,2018,47.7,32.3,23.4,749.0,2.5
2807908014,2019,48.4,34.5,24.7,728.0,2.5
2807908014,2020,48.8,35.4,25.1,711.0,2.4
2807908014,2021,48.8,34.9,24.8,726.0,2.4
2807908014,2022,49.8,36.4,24.8,717.0,2.4
2807908015,2015,48.0,28.6,19.8,1005.0,2.6
2807908015,2016,48.4,29.8,21.2,980.0,2.6
2807908015,2017,49.2,31.5,23.0,958.0,2.5
2807908015,2018,48.7,31.2,24.9,993.0,2.5
2807908015,2019,49.3,32.7,27.2,970.0,2.5
2807908015,2020,49.4,32.9,27.1,948.0,2.4
2807908015,2021,50.1,33.3,27.2,946.0,2.5
2807908015,2022,50.1,34.1,27.1,964.0,2.5
2807908016,2015,45.7,25.4,32.2,859.0,2.4
2807908016,2016,46.6,25.3,33.1,855.0,2.4
2807908016,2017,44.9,23.1,33.4,913.0,2.4
2807908016,2018,43.8,21.4,32.5,942.0,2.5
2807908016,2019,43.1,19.6,31.7,979.0,2.5
2807908016,2020,43.7,19.1,33.2,956.0,2.5
2807908016,2021,43.1,18.4,31.8,946.0,2.5
2807908016,2022,42.0,16.8,30.6,1039.0,2.6
2807908017,2015,42.5,18.3,24.1,1835.0,2.6
2807908017,2016,43.3,19.0,25.6,1773.0,2.6
2807908017,2017,43.3,18.1,24.6,1789.0,2.6
2807908017,2018,43.5,18.4,23.1,1806.0,2.6
2807908017,2019,43.8,18.4,24.8,1806.0,2.6
2807908017,2020,44.0,18.9,26.2,1786.0,2.6
2807908017,2021,44.5,19.5,25.3,1763.0,2.6
2807908017,2022,44.6,19.5,26.5,1781.0,2.5
2807908018,2015,45.6,24.6,27.2,806.0,2.4
2807908018,2016,45.0,23.1,28.6,823.0,2.4
2807908018,2017,45.6,23.0,29.7,816.0,2.4
2807908018,2018,44.9,21.7,31.4,821.0,2.4
2807908018,2019,44.8,20.9,33.0,836.0,2.4
2807908018,2020,44.2,19.5,30.3,837.0,2.5
2807908018,2021,45.4,20.8,32.4,780.0,2.3
2807908018,2022,45.5,21.1,33.0,805.0,2.3
2807908019,2015,47.5,26.0,30.9,834.0,2.3
2807908019,2016,47.2,26.4,32.5,852.0,2.3
2807908019,2017,46.8,24.6,31.3,885.0,2.4
2807908019,2018,47.4,25.2,33.0,864.0,2.3
2807908019,2019,46.6,23.2,33.2,885.0,2.4
2807908019,2020,46.4,21.6,33.4,862.0,2.3
2807908019,2021,46.2,21.4,33.3,859.0,2.3
2807908019,2022,46.3,23.4,32.1,885.0,2.4
2807908020,2015,49.9,35.0,31.5,846.0,2.3
2807908020,2016,50.1,34.5,32.4,841.0,2.3
2807908020,2017,50.0,33.4,34.0,858.0,2.2
2807908020,2018,50.6,33.5,33.5,849.0,2.2
2807908020,2019,50.5,32.9,32.8,857.0,2.2
2807908020,2020,51.1,33.4,33.4,823.0,2.2
2807908020,2021,51.5,33.7,34.3,820.0,2.2
2807908020,2022,51.8,33.7,35.6,811.0,2.1
2807908021,2015,46.4,29.5,28.1,1034.0,2.5
2807908021,2016,47.5,30.8,28.2,1011.0,2.5
2807908021,2017,47.0,29.6,28.3,1026.0,2.5
2807908021,2018,47.6,30.6,29.5,1000.0,2.5
2807908021,2019,48.7,31.4,30.8,977.0,2.4
2807908021,2020,49.0,32.0,31.3,970.0,2.4
2807908021,2021,48.5,30.9,32.6,981.0,2.4
2807908021,2022,47.7,29.8,32.5,1028.0,2.5
2807908022,2015,48.2,29.3,27.1,970.0,2.4
2807908022,2016,47.9,29.5,26.9,965.0,2.5
2807908022,2017,48.0,30.1,24.7,1006.0,2.6
2807908022,2018,48.2,30.5,22.9,990.0,2.5
2807908022,2019,49.1,32.4,26.2,964.0,2.5
2807908022,2020,49.3,32.7,26.4,938.0,2.4
2807908022,2021,49.7,33.7,27.9,944.0,2.4
2807908022,2022,50.4,35.3,28.1,930.0,2.3
2807908023,2015,46.3,26.3,29.9,982.0,2.4
2807908023,2016,46.5,27.4,29.7,986.0,2.4
2807908023,2017,46.4,28.3,29.4,1003.0,2.5
2807908023,2018,47.0,28.8,29.9,989.0,2.4
2807908023,2019,47.7,30.5,30.0,987.0,2.4
2807908023,2020,48.1,31.6,30.5,963.0,2.4
2807908023,2021,49.1,32.9,31.5,920.0,2.3
2807908023,2022,48.9,32.4,32.3,929.0,2.3
2807908024,2015,42.6,16.6,26.2,1906.0,2.6
2807908024,2016,42.8,17.1,25.9,1928.0,2.6
2807908024,2017,43.4,18.5,26.8,1897.0,2.5
2807908024,2018,43.8,19.5,26.4,1880.0,2.5
2807908024,2019,44.1,20.2,26.5,1892.0,2.5
2807908024,2020,44.8,21.7,29.2,1826.0,2.4
2807908024,2021,45.5,22.8,30.1,1786.0,2.4
2807908024,2022,45.7,23.4,29.9,1794.0,2.4
2807908025,2015,51.1,36.7,30.8,837.0,2.3
2807908025,2016,52.0,38.2,32.8,815.0,2.2
2807908025,2017,52.1,37.9,31.8,803.0,2.2
2807908025,2018,52.0,37.5,30.8,808.0,2.2
2807908025,2019,50.6,34.3,27.6,862.0,2.3
2807908025,2020,50.4,33.7,31.2,848.0,2.3
2807908025,2021,50.4,33.9,30.2,842.0,2.3
2807908025,2022,50.6,34.2,32.4,821.0,2.3
2807908026,2015,47.7,29.2,28.2,1409.0,2.4
2807908026,2016,48.1,30.0,28.7,1408.0,2.4
2807908026,2017,48.3,30.0,28.6,1418.0,2.3
2807908026,2018,49.0,31.5,30.2,1417.0,2.3
2807908026,2019,49.5,32.0,30.7,1395.0,2.3
2807908026,2020,50.4,32.9,33.0,1354.0,2.2
2807908026,2021,51.0,33.8,32.6,1329.0,2.2
2807908026,2022,50.8,33.0,32.8,1328.0,2.2
2807908027,2015,48.4,31.8,29.3,1360.0,2.4
2807908027,2016,48.7,32.4,29.2,1366.0,2.4
2807908027,2017,49.8,33.6,31.6,1327.0,2.3
2807908027,2018,49.9,33.7,31.3,1345.0,2.4
2807908027,2019,49.6,33.5,31.5,1363.0,2.4
2807908027,2020,49.7,32.8,33.8,1318.0,2.3
2807908027,2021,50.4,34.2,32.4,1282.0,2.3
2807908027,2022,50.4,34.5,34.0,1288.0,2.3
2807908028,2015,48.9,35.2,25.6,1205.0,2.5
2807908028,2016,49.3,35.5,25.5,1187.0,2.4
2807908028,2017,49.6,35.5,26.4,1174.0,2.4
2807908028,2018,49.9,35.2,27.2,1164.0,2.4
2807908028,2019,49.8,34.3,29.1,1188.0,2.4
2807908028,2020,50.6,34.9,30.8,1131.0,2.4
2807908028,2021,51.2,35.5,32.6,1094.0,2.3
2807908028,2022,50.0,34.1,33.2,1126.0,2.3
2807908029,2015,48.0,33.4,24.6,1459.0,2.6
2807908029,2016,47.8,32.9,24.0,1457.0,2.6
2807908029,2017,47.4,31.5,23.6,1485.0,2.6
2807908029,2018,46.9,30.3,24.7,1526.0,2.6
2807908029,2019,46.5,29.7,23.0,1567.0,2.7
2807908029,2020,46.6,28.9,24.0,1558.0,2.6
2807908029,2021,46.8,29.4,24.3,1543.0,2.6
2807908029,2022,47.2,29.4,25.9,1512.0,2.6
2807908030,2015,49.9,37.1,20.0,1522.0,2.7
2807908030,2016,50.2,37.5,19.9,1515.0,2.7
2807908030,2017,49.8,37.2,20.6,1516.0,2.7
2807908030,2018,49.9,36.9,20.6,1527.0,2.7
2807908030,2019,50.4,36.6,19.8,1518.0,2.7
2807908030,2020,50.5,36.1,20.0,1512.0,2.7
2807908030,2021,50.7,35.8,21.5,1499.0,2.6
2807908030,2022,50.5,35.0,23.0,1493.0,2.6
2807908031,2015,48.6,34.5,24.6,1482.0,2.6
2807908031,2016,48.6,34.2,24.3,1479.0,2.6
2807908031,2017,48.5,33.9,24.4,1479.0,2.6
2807908031,2018,48.9,34.6,23.7,1476.0,2.6
2807908031,2019,49.1,34.5,24.7,1498.0,2.6
2807908031,2020,49.9,35.4,27.9,1440.0,2.5
2807908031,2021,50.0,34.8,24.6,1453.0,2.6
2807908031,2022,49.8,34.0,24.6,1462.0,2.6
2807908032,2015,49.3,36.1,26.8,684.0,2.5
2807908032,2016,49.3,35.8,27.5,682.0,2.5
2807908032,2017,50.2,36.7,27.3,679.0,2.4
2807908032,2018,50.0,35.9,27.5,668.0,2.5
2807908032,2019,50.6,36.0,28.9,678.0,2.4
2807908032,2020,49.6,33.6,26.6,675.0,2.5
2807908032,2021,49.7,34.3,25.1,667.0,2.5
2807908032,2022,49.2,32.9,26.0,678.0,2.5
2807908033,2015,47.0,31.1,17.4,1061.0,2.9
2807908033,2016,46.7,30.6,17.3,1087.0,2.9
2807908033,2017,46.5,29.5,15.2,1110.0,3.0
2807908033,2018,46.7,29.2,15.1,1110.0,2.9
2807908033,2019,47.1,29.7,16.0,1101.0,2.9
2807908033,2020,47.5,29.8,19.0,1087.0,2.9
2807908033,2021,47.0,28.6,18.8,1132.0,3.0
2807908033,2022,46.9,28.7,19.4,1109.0,2.9
2807908034,2015,47.5,31.2,19.5,1623.0,2.9
2807908034,2016,47.2,30.4,19.3,1637.0,2.8
2807908034,2017,47.4,29.7,19.4,1627.0,2.8
2807908034,2018,47.7,29.8,20.8,1632.0,2.8
2807908034,2019,48.1,30.5,19.8,1642.0,2.9
2807908034,2020,47.7,29.8,21.0,1631.0,2.9
2807908034,2021,48.3,30.1,20.3,1627.0,2.9
2807908034,2022,48.2,29.8,20.6,1598.0,2.8
2807908035,2015,46.0,29.2,11.7,1437.0,3.1
2807908035,2016,46.8,31.5,11.7,1418.0,3.0
2807908035,2017,46.7,32.2,11.3,1450.0,3.0
2807908035,2018,47.1,33.2,11.5,1445.0,3.0
2807908035,2019,47.3,33.9,11.2,1481.0,3.1
2807908035,2020,48.3,35.9,12.9,1417.0,3.0
2807908035,2021,48.7,36.7,14.3,1399.0,2.9
2807908035,2022,49.3,37.0,15.9,1399.0,2.9
2807908036,2015,48.5,30.4,19.2,1587.0,2.6
2807908036,2016,48.7,31.3,19.1,1587.0,2.6
2807908036,2017,49.0,32.6,20.9,1610.0,2.6
2807908036,2018,49.2,33.5,21.5,1592.0,2.6
2807908036,2019,49.6,34.3,24.0,1579.0,2.5
2807908036,2020,49.7,34.9,25.7,1548.0,2.5
2807908036,2021,49.8,35.4,24.7,1531.0,2.5
2807908036,2022,49.7,35.6,24.9,1529.0,2.5
2807908037,2015,47.2,26.9,16.3,836.0,2.7
2807908037,2016,47.8,28.3,17.1,820.0,2.7
2807908037,2017,47.9,28.7,19.2,827.0,2.7
2807908037,2018,48.6,30.7,18.1,819.0,2.7
2807908037,2019,49.3,32.3,18.2,817.0,2.6
2807908037,2020,50.0,34.0,19.9,804.0,2.5
2807908037,2021,49.6,33.3,20.8,793.0,2.5
2807908037,2022,49.8,34.3,18.6,798.0,2.6
2807908038,2015,52.9,43.3,23.7,823.0,2.5
2807908038,2016,53.3,43.0,23.4,825.0,2.4
2807908038,2017,52.3,42.9,24.0,841.0,2.5
2807908038,2018,53.5,43.2,27.5,807.0,2.4
2807908038,2019,53.2,43.4,26.4,818.0,2.4
2807908038,2020,53.5,44.0,30.3,798.0,2.3
2807908038,2021,53.5,43.8,28.9,792.0,2.3
2807908038,2022,53.4,42.9,29.4,800.0,2.4
2807908039,2015,47.5,31.4,17.2,1095.0,2.8
2807908039,2016,48.3,33.3,19.7,1052.0,2.7
2807908039,2017,48.4,33.2,19.5,1057.0,2.7
2807908039,2018,47.8,32.1,18.2,1083.0,2.8
2807908039,2019,48.0,32.6,19.2,1085.0,2.8
2807908039,2020,48.5,33.7,19.9,1063.0,2.7
2807908039,2021,49.0,34.0,20.3,1059.0,2.7
2807908039,2022,48.9,34.1,21.2,1065.0,2.7
2807908040,2015,49.4,32.9,16.3,1140.0,2.8
2807908040,2016,50.6,35.4,16.3,1089.0,2.7
2807908040,2017,51.0,36.8,18.8,1073.0,2.7
2807908040,2018,51.3,37.3,19.6,1057.0,2.6
2807908040,2019,51.8,38.4,20.4,1034.0,2.6
2807908040,2020,51.2,38.0,20.3,1044.0,2.6
2807908040,2021,51.1,38.1,22.3,1045.0,2.6
2807908040,2022,52.0,39.2,23.7,1012.0,2.5
2807908041,2015,50.3,36.4,27.5,717.0,2.5
2807908041,2016,50.2,35.9,27.0,715.0,2.5
2807908041,2017,50.3,35.3,26.4,723.0,2.5
2807908041,2018,50.5,35.5,23.1,736.0,2.5
2807908041,2019,50.2,34.7,27.9,726.0,2.5
2807908041,2020,49.8,33.3,28.7,730.0,2.4
2807908041,2021,50.1,33.0,27.5,715.0,2.4
2807908041,2022,48.8,31.1,29.4,740.0,2.4
2807908042,2015,50.7,37.0,29.1,1415.0,2.5
2807908042,2016,51.2,37.9,30.0,1394.0,2.5
2807908042,2017,51.1,38.3,30.4,1420.0,2.5
2807908042,2018,50.5,37.0,29.3,1444.0,2.5
2807908042,2019,51.2,38.5,29.2,1437.0,2.5
2807908042,2020,50.9,37.4,30.7,1408.0,2.5
2807908042,2021,51.1,37.5,30.6,1402.0,2.5
2807908042,2022,51.8,38.2,32.4,1365.0,2.4
2807908043,2015,47.8,29.0,14.9,1377.0,2.9
2807908043,2016,48.3,31.5,15.9,1377.0,2.9
2807908043,2017,49.6,34.5,16.4,1334.0,2.8
2807908043,2018,49.3,35.3,15.9,1390.0,2.9
2807908043,2019,50.4,37.4,18.4,1362.0,2.8
2807908043,2020,51.2,40.1,18.3,1323.0,2.8
2807908043,2021,52.1,41.6,19.4,1281.0,2.7
2807908043,2022,51.9,41.3,19.0,1270.0,2.7
2807908044,2015,47.3,26.5,14.2,1643.0,2.9
2807908044,2016,48.3,28.5,15.9,1608.0,2.8
2807908044,2017,49.2,30.8,15.2,1590.0,2.8
2807908044,2018,49.9,33.2,15.7,1565.0,2.8
2807908044,2019,50.4,35.6,16.0,1571.0,2.8
2807908044,2020,51.0,37.3,16.5,1556.0,2.7
2807908044,2021,51.5,39.2,16.8,1522.0,2.7
2807908044,2022,52.3,40.9,18.3,1485.0,2.6
2807908045,2015,49.8,33.4,32.8,907.0,2.2
2807908045,2016,49.6,32.3,34.0,919.0,2.2
2807908045,2017,49.2,32.9,33.9,936.0,2.3
2807908045,2018,50.0,34.6,35.5,926.0,2.2
2807908045,2019,49.8,34.4,35.0,950.0,2.2
2807908045,2020,50.4,35.4,36.1,941.0,2.2
2807908045,2021,50.7,36.0,36.7,937.0,2.2
2807908045,2022,51.0,35.5,37.6,930.0,2.2
2807908046,2015,48.1,30.1,37.1,1070.0,2.1
2807908046,2016,46.9,27.9,34.9,1121.0,2.3
2807908046,2017,46.6,27.9,33.9,1136.0,2.2
2807908046,2018,46.9,28.4,34.3,1135.0,2.2
2807908046,2019,47.0,27.6,34.6,1144.0,2.2
2807908046,2020,47.2,26.9,34.9,1138.0,2.2
2807908046,2021,48.0,27.2,37.1,1099.0,2.1
2807908046,2022,47.1,26.0,36.4,1129.0,2.2
2807908047,2015,46.4,27.3,36.2,1258.0,2.1
2807908047,2016,45.7,26.0,36.5,1321.0,2.2
2807908047,2017,46.1,26.4,37.1,1309.0,2.1
2807908047,2018,45.8,26.0,37.3,1321.0,2.1
2807908047,2019,45.8,25.9,36.5,1330.0,2.2
2807908047,2020,46.4,26.0,35.6,1309.0,2.2
2807908047,2021,46.5,25.6,36.2,1321.0,2.2
2807908047,2022,46.8,25.6,36.4,1358.0,2.1
2807908048,2015,47.4,28.9,35.7,1063.0,2.2
2807908048,2016,48.2,30.4,35.5,1064.0,2.1
2807908048,2017,48.8,31.0,37.0,1054.0,2.1
2807908048,2018,48.1,30.4,36.4,1088.0,2.1
2807908048,2019,48.0,30.1,36.3,1108.0,2.2
2807908048,2020,47.6,29.0,37.3,1095.0,2.2
2807908048,2021,48.4,29.6,37.3,1082.0,2.1
2807908048,2022,48.0,28.7,37.9,1089.0,2.1
2807908049,2015,37.2,9.4,20.9,2280.0,2.8
2807908049,2016,37.8,10.1,20.6,2316.0,2.8
2807908049,2017,38.5,10.7,20.9,2270.0,2.7
2807908049,2018,39.4,11.4,22.9,2264.0,2.7
2807908049,2019,40.0,12.1,21.9,2286.0,2.7
2807908049,2020,41.0,13.3,22.6,2273.0,2.7
2807908049,2021,41.4,14.4,23.6,2254.0,2.6
2807908049,2022,42.2,15.6,24.5,2216.0,2.6
2807908050,2015,45.8,22.2,21.6,1811.0,2.8
2807908050,2016,45.9,23.1,21.1,1826.0,2.8
2807908050,2017,46.4,24.6,20.7,1815.0,2.7
2807908050,2018,46.5,25.6,21.3,1826.0,2.7
2807908050,2019,46.7,26.5,21.8,1839.0,2.7
2807908050,2020,47.3,27.2,23.5,1760.0,2.6
2807908050,2021,47.7,28.4,24.3,1717.0,2.6
2807908050,2022,48.1,29.9,26.2,1695.0,2.5
2807908051,2015,47.6,26.4,16.9,1339.0,2.7
2807908051,2016,48.1,28.3,18.8,1329.0,2.7
2807908051,2017,48.9,29.6,19.2,1314.0,2.6
2807908051,2018,49.0,30.5,19.7,1297.0,2.6
2807908051,2019,49.5,31.9,19.6,1297.0,2.6
2807908051,2020,49.9,32.3,20.9,1254.0,2.5
2807908051,2021,50.2,33.4,22.4,1244.0,2.5
2807908051,2022,50.3,34.0,21.4,1255.0,2.5
2807908052,2015,42.6,21.8,24.2,1846.0,2.6
2807908052,2016,42.2,20.6,24.4,1866.0,2.6
2807908052,2017,42.6,21.0,25.2,1863.0,2.6
2807908052,2018,43.0,21.5,25.6,1872.0,2.6
2807908052,2019,43.4,22.4,28.4,1884.0,2.5
2807908052,2020,43.6,21.9,27.5,1947.0,2.5
2807908052,2021,43.8,21.8,29.2,1930.0,2.5
2807908052,2022,43.7,21.5,29.5,2003.0,2.4
2807908053,2015,46.6,24.6,31.4,1133.0,2.3
2807908053,2016,45.8,23.1,31.4,1155.0,2.3
2807908053,2017,45.5,22.0,31.9,1174.0,2.3
2807908053,2018,45.5,21.6,31.1,1227.0,2.4
2807908053,2019,45.0,20.9,31.7,1252.0,2.4
2807908053,2020,44.9,20.3,32.4,1201.0,2.4
2807908053,2021,45.4,21.1,32.3,1178.0,2.3
2807908053,2022,45.1,20.3,32.6,1208.0,2.4
2807908054,2015,49.2,33.7,21.7,1135.0,2.7
2807908054,2016,49.5,34.6,21.3,1128.0,2.6
2807908054,2017,49.9,35.3,22.2,1129.0,2.6
2807908054,2018,50.4,36.1,23.5,1130.0,2.6
2807908054,2019,50.9,36.2,23.9,1130.0,2.6
2807908054,2020,50.8,36.6,24.7,1124.0,2.5
2807908054,2021,51.2,37.0,26.6,1081.0,2.5
2807908054,2022,52.3,38.3,25.9,1068.0,2.5
2807908055,2015,49.2,32.5,20.6,1499.0,2.6
2807908055,2016,49.5,33.2,19.0,1504.0,2.7
2807908055,2017,49.7,34.0,21.3,1491.0,2.6
2807908055,2018,50.4,34.6,21.4,1476.0,2.6
2807908055,2019,50.6,34.9,21.5,1476.0,2.6
2807908055,2020,50.9,35.3,21.6,1478.0,2.6
2807908055,2021,52.0,36.8,22.9,1439.0,2.6
2807908055,2022,52.5,37.9,22.7,1415.0,2.5
2807908056,2015,51.9,39.8,27.6,1205.0,2.4
2807908056,2016,52.7,41.2,27.7,1194.0,2.3
2807908056,2017,53.0,41.7,29.1,1180.0,2.3
2807908056,2018,52.8,41.5,30.7,1187.0,2.3
2807908056,2019,53.0,42.4,30.6,1193.0,2.3
2807908056,2020,53.0,41.9,31.0,1187.0,2.3
2807908056,2021,53.6,42.8,29.9,1188.0,2.3
2807908056,2022,53.7,42.2,31.0,1189.0,2.3
2807908057,2015,51.9,41.5,25.8,1099.0,2.4
2807908057,2016,52.1,42.0,28.5,1080.0,2.4
2807908057,2017,52.4,41.7,28.2,1088.0,2.3
2807908057,2018,53.0,42.3,28.7,1078.0,2.3
2807908057,2019,53.1,42.5,27.6,1079.0,2.3
2807908057,2020,53.8,43.6,30.6,1023.0,2.3
2807908057,2021,53.5,42.9,29.9,1047.0,2.3
2807908057,2022,53.8,42.1,30.8,1069.0,2.3
2807908058,2015,49.0,32.0,27.3,903.0,2.4
2807908058,2016,49.5,34.2,28.3,892.0,2.4
2807908058,2017,49.4,35.1,28.2,900.0,2.4
2807908058,2018,49.7,36.0,27.0,909.0,2.4
2807908058,2019,50.0,36.3,28.4,897.0,2.4
2807908058,2020,50.7,37.3,27.8,892.0,2.4
2807908058,2021,51.8,40.1,29.8,847.0,2.3
2807908058,2022,52.4,41.0,30.9,822.0,2.2
2807908059,2015,50.7,36.1,22.2,905.0,2.5
2807908059,2016,52.0,39.2,26.0,872.0,2.4
2807908059,2017,52.9,41.4,27.5,840.0,2.3
2807908059,2018,53.0,42.6,26.9,853.0,2.3
2807908059,2019,53.6,43.4,27.9,837.0,2.3
2807908059,2020,54.1,45.1,32.4,818.0,2.2
2807908059,2021,54.3,45.9,32.4,810.0,2.2
2807908059,2022,54.3,46.2,32.0,806.0,2.2
2807908060,2015,49.8,35.1,24.8,1339.0,2.6
2807908060,2016,50.4,36.8,24.8,1320.0,2.6
2807908060,2017,50.9,37.8,23.6,1311.0,2.5
2807908060,2018,51.6,38.9,25.4,1285.0,2.5
2807908060,2019,51.6,39.7,25.3,1282.0,2.5
2807908060,2020,51.9,40.7,26.4,1243.0,2.4
2807908060,2021,52.5,41.3,27.8,1230.0,2.4
2807908060,2022,52.3,41.3,30.1,1212.0,2.3
2807908061,2015,45.5,23.5,27.3,952.0,2.5
2807908061,2016,45.7,23.3,25.5,948.0,2.5
2807908061,2017,46.3,23.1,27.5,930.0,2.4
2807908061,2018,45.9,22.2,29.4,947.0,2.4
2807908061,2019,45.3,20.8,28.2,993.0,2.5
2807908061,2020,45.5,20.4,29.4,965.0,2.4
2807908061,2021,45.9,20.4,28.7,955.0,2.4
2807908061,2022,46.2,21.5,29.4,937.0,2.4
2807908062,2015,48.6,29.6,37.5,669.0,2.2
2807908062,2016,48.4,29.2,39.0,661.0,2.1
2807908062,2017,47.2,27.1,34.3,691.0,2.2
2807908062,2018,47.8,27.4,37.8,675.0,2.2
2807908062,2019,47.3,26.4,38.4,694.0,2.3
2807908062,2020,47.7,25.3,39.1,663.0,2.2
2807908062,2021,48.6,25.5,39.7,644.0,2.1
2807908062,2022,48.3,24.5,40.4,658.0,2.1
2807908063,2015,47.4,26.4,34.5,812.0,2.3
2807908063,2016,46.9,25.7,32.3,832.0,2.3
2807908063,2017,47.5,26.4,35.1,808.0,2.2
2807908063,2018,46.4,24.7,33.0,857.0,2.3
2807908063,2019,46.1,24.6,33.0,871.0,2.3
2807908063,2020,45.6,23.6,34.9,836.0,2.3
2807908063,2021,45.8,23.8,33.9,818.0,2.3
2807908063,2022,46.1,23.0,33.4,826.0,2.3
2807908064,2015,47.4,26.6,33.0,1172.0,2.2
2807908064,2016,46.5,25.0,32.9,1195.0,2.3
2807908064,2017,46.3,24.8,32.9,1207.0,2.3
2807908064,2018,45.5,23.4,34.8,1244.0,2.3
2807908064,2019,45.8,22.8,34.8,1243.0,2.3
2807908064,2020,46.5,23.2,35.7,1206.0,2.3
2807908064,2021,47.1,23.4,37.9,1167.0,2.2
2807908064,2022,46.9,23.2,36.6,1204.0,2.2
2807908065,2015,46.3,26.3,31.7,968.0,2.3
2807908065,2016,46.6,26.7,32.0,953.0,2.3
2807908065,2017,46.9,26.0,33.8,960.0,2.3
2807908065,2018,46.3,23.8,33.8,983.0,2.3
2807908065,2019,45.9,22.2,34.7,1011.0,2.4
2807908065,2020,46.6,22.1,36.2,981.0,2.3
2807908065,2021,46.2,21.8,34.3,982.0,2.4
2807908065,2022,45.3,20.8,33.6,987.0,2.4
2807908066,2015,47.3,27.3,32.1,776.0,2.3
2807908066,2016,47.1,27.1,30.8,779.0,2.3
2807908066,2017,45.5,24.2,27.4,831.0,2.5
2807908066,2018,45.3,23.0,30.1,865.0,2.4
2807908066,2019,46.1,23.6,29.7,845.0,2.4
2807908066,2020,46.9,24.6,32.3,812.0,2.3
2807908066,2021,46.7,24.2,36.0,781.0,2.3
2807908066,2022,46.6,24.1,38.2,776.0,2.2
2807908067,2015,46.3,25.2,31.6,1439.0,2.3
2807908067,2016,46.5,25.2,30.9,1405.0,2.3
2807908067,2017,46.1,24.3,31.8,1440.0,2.3
2807908067,2018,46.5,24.7,31.2,1444.0,2.3
2807908067,2019,46.3,24.3,30.6,1474.0,2.3
2807908067,2020,46.0,24.1,32.0,1425.0,2.3
2807908067,2021,46.0,24.3,32.6,1453.0,2.3
2807908067,2022,45.5,23.3,31.6,1539.0,2.4
2807908068,2015,45.9,25.2,32.0,1006.0,2.3
2807908068,2016,45.4,24.4,32.9,1005.0,2.3
2807908068,2017,45.8,24.3,33.7,1003.0,2.2
2807908068,2018,46.3,24.1,33.1,1004.0,2.3
2807908068,2019,46.0,23.7,33.6,1026.0,2.3
2807908068,2020,46.1,23.1,33.9,997.0,2.3
2807908068,2021,46.2,21.9,34.4,973.0,2.2
2807908068,2022,45.9,21.5,35.2,1009.0,2.2
2807908069,2015,46.6,25.5,29.1,858.0,2.4
2807908069,2016,46.1,25.3,27.5,868.0,2.4
2807908069,2017,45.4,24.0,28.3,915.0,2.4
2807908069,2018,44.7,23.2,28.5,932.0,2.5
2807908069,2019,44.3,22.1,29.4,944.0,2.5
2807908069,2020,45.1,23.0,30.6,880.0,2.4
2807908069,2021,45.8,22.5,33.9,872.0,2.4
2807908069,2022,45.8,22.0,33.2,871.0,2.4
2807908071,2015,49.5,30.0,30.4,971.0,2.3
2807908071,2016,49.7,29.8,31.1,963.0,2.3
2807908071,2017,49.8,29.7,32.9,963.0,2.3
2807908071,2018,48.1,27.0,32.6,991.0,2.3
2807908071,2019,47.9,25.9,32.4,1018.0,2.3
2807908071,2020,47.8,25.2,33.4,988.0,2.3
2807908071,2021,47.8,24.3,33.3,984.0,2.3
2807908071,2022,48.3,25.2,33.4,966.0,2.2
2807908072,2015,47.1,28.2,39.4,948.0,2.1
2807908072,2016,46.9,28.2,38.9,953.0,2.1
2807908072,2017,46.7,27.0,38.1,973.0,2.1
2807908072,2018,46.8,27.2,37.3,989.0,2.2
2807908072,2019,46.9,27.3,36.4,1014.0,2.2
2807908072,2020,48.3,28.0,37.2,957.0,2.1
2807908072,2021,48.5,28.6,37.9,962.0,2.1
2807908072,2022,48.6,29.0,37.6,949.0,2.1
2807908073,2015,47.7,30.0,36.3,866.0,2.2
2807908073,2016,48.0,29.8,35.5,869.0,2.1
2807908073,2017,47.9,28.7,35.5,875.0,2.2
2807908073,2018,47.8,28.1,36.1,876.0,2.2
2807908073,2019,47.6,27.0,38.3,916.0,2.2
2807908073,2020,48.2,27.3,37.3,906.0,2.2
2807908073,2021,47.1,26.0,39.9,909.0,2.2
2807908073,2022,47.1,25.9,40.5,899.0,2.1
2807908074,2015,47.1,27.8,35.7,918.0,2.3
2807908074,2016,46.8,26.6,32.5,960.0,2.3
2807908074,2017,46.8,26.0,34.4,974.0,2.3
2807908074,2018,46.3,25.1,34.6,983.0,2.3
2807908074,2019,46.5,25.4,36.7,950.0,2.3
2807908074,2020,46.1,24.3,37.5,939.0,2.3
2807908074,2021,47.3,26.1,37.1,899.0,2.2
2807908074,2022,47.5,25.7,36.3,920.0,2.2
2807908075,2015,47.9,28.1,37.2,894.0,2.1
2807908075,2016,47.6,27.1,39.7,898.0,2.1
2807908075,2017,47.0,26.2,41.4,897.0,2.0
2807908075,2018,46.8,25.5,41.4,911.0,2.1
2807908075,2019,46.3,25.1,41.1,930.0,2.1
2807908075,2020,46.5,25.3,40.2,915.0,2.1
2807908075,2021,46.0,24.4,40.7,913.0,2.1
2807908075,2022,46.1,24.2,41.2,916.0,2.1
2807908076,2015,46.3,25.5,32.0,862.0,2.4
2807908076,2016,46.5,25.4,34.3,836.0,2.3
2807908076,2017,47.0,25.7,34.0,852.0,2.3
2807908076,2018,46.5,24.5,31.0,875.0,2.4
2807908076,2019,46.7,24.5,32.5,878.0,2.4
2807908076,2020,47.1,24.9,36.1,852.0,2.3
2807908076,2021,47.5,25.6,37.9,824.0,2.2
2807908076,2022,46.4,23.9,34.2,862.0,2.3
2807908077,2015,46.1,26.0,27.9,1011.0,2.5
2807908077,2016,46.5,27.1,26.8,988.0,2.4
2807908077,2017,47.0,27.5,26.5,1003.0,2.5
2807908077,2018,46.9,26.7,27.4,1014.0,2.5
2807908077,2019,46.5,25.3,29.3,1028.0,2.5
2807908077,2020,47.1,25.9,30.6,975.0,2.4
2807908077,2021,46.8,25.1,28.8,970.0,2.4
2807908077,2022,46.4,24.4,29.6,1010.0,2.4
2807908078,2015,48.1,30.3,30.9,809.0,2.4
2807908078,2016,48.0,29.5,30.1,813.0,2.4
2807908078,2017,48.4,30.3,31.3,835.0,2.5
2807908078,2018,48.8,31.5,32.7,816.0,2.4
2807908078,2019,48.9,31.2,33.0,804.0,2.4
2807908078,2020,49.1,31.2,33.5,805.0,2.3
2807908078,2021,48.9,30.6,35.0,778.0,2.3
2807908078,2022,48.6,29.3,33.5,771.0,2.3
2807908079,2015,48.8,30.5,27.9,992.0,2.5
2807908079,2016,49.2,31.4,29.1,993.0,2.4
2807908079,2017,49.0,31.0,29.1,997.0,2.4
2807908079,2018,49.3,31.3,32.1,990.0,2.4
2807908079,2019,49.0,31.3,34.7,983.0,2.3
2807908079,2020,49.2,31.0,34.6,962.0,2.3
2807908079,2021,49.0,29.9,33.7,963.0,2.3
2807908079,2022,48.8,29.3,33.1,993.0,2.3
2807908080,2015,48.3,27.8,43.2,898.0,2.1
2807908080,2016,48.6,28.9,42.7,885.0,2.0
2807908080,2017,48.5,28.6,42.6,903.0,2.0
2807908080,2018,47.5,26.8,41.1,956.0,2.2
2807908080,2019,47.0,25.6,41.4,960.0,2.1
2807908080,2020,47.3,25.5,40.7,931.0,2.1
2807908080,2021,48.4,26.1,42.1,899.0,2.1
2807908080,2022,47.6,25.7,41.0,926.0,2.1
2807908081,2015,48.9,33.4,26.7,942.0,2.4
2807908081,2016,49.2,33.6,30.1,938.0,2.4
2807908081,2017,50.3,35.0,30.5,914.0,2.3
2807908081,2018,49.8,33.4,31.5,923.0,2.3
2807908081,2019,49.8,33.4,33.7,899.0,2.3
2807908081,2020,49.4,32.1,34.9,893.0,2.3
2807908081,2021,49.4,30.8,33.1,882.0,2.3
2807908081,2022,49.2,30.2,35.2,872.0,2.2
2807908082,2015,45.1,23.7,29.0,973.0,2.4
2807908082,2016,45.6,24.1,29.0,965.0,2.3
2807908082,2017,45.6,24.0,29.6,998.0,2.4
2807908082,2018,45.9,24.5,31.1,962.0,2.3
2807908082,2019,46.3,24.3,32.3,964.0,2.3
2807908082,2020,46.5,24.4,31.6,961.0,2.3
2807908082,2021,46.8,24.8,31.4,965.0,2.4
2807908082,2022,47.3,25.2,32.8,971.0,2.3
2807908083,2015,47.1,28.4,33.9,1016.0,2.3
2807908083,2016,47.5,28.6,32.9,1020.0,2.3
2807908083,2017,47.4,28.3,31.3,1029.0,2.3
2807908083,2018,47.5,28.5,31.7,1018.0,2.3
2807908083,2019,48.0,28.6,32.2,985.0,2.2
2807908083,2020,48.6,28.6,35.0,957.0,2.2
2807908083,2021,48.8,28.7,36.1,941.0,2.1
2807908083,2022,47.7,26.3,34.8,988.0,2.2
2807908084,2015,45.6,25.3,31.1,939.0,2.5
2807908084,2016,46.0,25.2,31.8,927.0,2.4
2807908084,2017,45.6,24.9,32.1,951.0,2.4
2807908084,2018,45.3,24.1,32.0,961.0,2.5
2807908084,2019,45.2,23.7,29.2,998.0,2.5
2807908084,2020,44.8,22.5,29.7,994.0,2.5
2807908084,2021,45.6,22.8,31.2,965.0,2.4
2807908084,2022,44.8,21.0,33.5,959.0,2.4
2807908085,2015,45.6,24.9,31.7,851.0,2.5
2807908085,2016,45.9,25.3,32.1,830.0,2.4
2807908085,2017,45.6,25.9,32.5,854.0,2.5
2807908085,2018,46.2,25.7,32.4,847.0,2.4
2807908085,2019,46.6,25.5,33.4,837.0,2.4
2807908085,2020,46.6,24.8,32.2,812.0,2.3
2807908085,2021,47.2,25.2,32.2,803.0,2.3
2807908085,2022,47.0,25.0,33.4,792.0,2.2
2807908086,2015,48.8,29.4,32.7,768.0,2.3
2807908086,2016,49.1,29.5,31.7,791.0,2.3
2807908086,2017,49.1,29.1,31.1,805.0,2.3
2807908086,2018,48.7,28.0,32.5,801.0,2.3
2807908086,2019,48.5,27.6,32.5,819.0,2.4
2807908086,2020,48.4,27.4,34.7,818.0,2.4
2807908086,2021,48.0,27.1,32.2,827.0,2.4
2807908086,2022,47.8,25.9,31.6,858.0,2.4
2807908087,2015,46.8,28.2,26.7,762.0,2.5
2807908087,2016,45.8,25.8,28.4,788.0,2.5
2807908087,2017,46.5,26.1,30.5,766.0,2.5
2807908087,2018,46.8,26.2,30.8,755.0,2.5
2807908087,2019,46.3,24.9,31.7,762.0,2.4
2807908087,2020,46.8,26.1,32.7,727.0,2.4
2807908087,2021,46.3,24.1,32.1,740.0,2.4
2807908087,2022,46.3,24.3,31.8,725.0,2.3
2807908088,2015,45.4,22.7,34.3,836.0,2.3
2807908088,2016,44.1,21.5,31.6,867.0,2.4
2807908088,2017,44.0,20.7,30.5,883.0,2.4
2807908088,2018,44.3,20.9,31.1,904.0,2.4
2807908088,2019,44.9,21.6,31.8,904.0,2.4
2807908088,2020,45.0,22.4,34.8,860.0,2.3
2807908088,2021,45.5,23.1,34.6,876.0,2.3
2807908088,2022,45.1,22.8,34.9,892.0,2.3
2807908089,2015,47.1,26.3,32.4,712.0,2.3
2807908089,2016,48.1,27.0,33.2,697.0,2.2
2807908089,2017,48.2,25.7,34.3,692.0,2.2
2807908089,2018,48.7,26.5,34.2,687.0,2.2
2807908089,2019,48.7,25.6,32.6,696.0,2.3
2807908089,2020,47.9,25.1,33.8,686.0,2.2
2807908089,2021,48.2,25.0,34.1,667.0,2.2
2807908089,2022,47.6,25.0,31.6,692.0,2.2
2807908090,2015,50.3,33.0,23.5,1204.0,2.4
2807908090,2016,50.5,34.9,22.8,1197.0,2.4
2807908090,2017,50.9,37.1,24.0,1196.0,2.4
2807908090,2018,51.3,38.1,24.6,1199.0,2.4
2807908090,2019,52.1,39.5,24.4,1176.0,2.4
2807908090,2020,52.7,41.4,25.4,1151.0,2.3
2807908090,2021,53.0,42.2,26.9,1141.0,2.3
2807908090,2022,53.1,42.6,26.1,1135.0,2.3
2807908091,2015,49.1,34.0,29.8,796.0,2.3
2807908091,2016,48.5,32.3,28.6,824.0,2.4
2807908091,2017,48.0,30.9,30.8,802.0,2.4
2807908091,2018,48.7,31.3,32.7,790.0,2.3
2807908091,2019,48.2,29.9,29.8,803.0,2.4
2807908091,2020,48.6,29.8,31.8,776.0,2.3
2807908091,2021,49.8,31.4,36.0,748.0,2.2
2807908091,2022,48.8,29.9,35.6,780.0,2.3
2807908092,2015,50.0,34.1,27.5,1007.0,2.4
2807908092,2016,50.0,34.4,29.8,975.0,2.3
2807908092,2017,49.7,33.7,30.5,998.0,2.4
2807908092,2018,49.9,33.3,31.6,995.0,2.4
2807908092,2019,50.1,33.4,29.1,1012.0,2.4
2807908092,2020,50.5,33.5,30.9,1008.0,2.3
2807908092,2021,51.2,33.9,33.8,979.0,2.2
2807908092,2022,51.4,34.0,33.6,965.0,2.2
2807908093,2015,49.2,34.3,22.6,997.0,2.6
2807908093,2016,50.0,35.4,21.8,962.0,2.5
2807908093,2017,49.5,34.0,23.3,999.0,2.6
2807908093,2018,49.9,33.8,22.7,990.0,2.6
2807908093,2019,50.1,33.8,24.9,968.0,2.5
2807908093,2020,51.4,35.0,27.6,907.0,2.4
2807908093,2021,51.3,34.7,28.1,902.0,2.4
2807908093,2022,51.2,34.0,28.7,908.0,2.4
2807908094,2015,48.1,29.7,21.4,1143.0,2.5
2807908094,2016,48.1,30.4,20.8,1167.0,2.6
2807908094,2017,48.4,31.6,22.1,1148.0,2.5
2807908094,2018,47.9,31.0,22.2,1175.0,2.6
2807908094,2019,48.4,31.9,21.5,1171.0,2.6
2807908094,2020,48.3,32.3,23.8,1131.0,2.5
2807908094,2021,48.7,32.8,23.9,1120.0,2.5
2807908094,2022,48.5,32.9,24.3,1120.0,2.5
2807908095,2015,48.0,28.1,23.1,1632.0,2.6
2807908095,2016,48.2,29.6,22.9,1650.0,2.6
2807908095,2017,49.0,31.4,22.4,1650.0,2.6
2807908095,2018,49.3,32.6,23.5,1672.0,2.6
2807908095,2019,50.1,35.0,24.1,1662.0,2.6
2807908095,2020,50.8,37.3,24.4,1624.0,2.5
2807908095,2021,51.1,39.1,25.5,1607.0,2.5
2807908095,2022,51.4,39.7,27.7,1584.0,2.4
2807908096,2015,49.1,30.0,19.2,1531.0,2.7
2807908096,2016,50.0,32.9,19.6,1505.0,2.7
2807908096,2017,50.6,34.3,19.7,1506.0,2.6
2807908096,2018,51.0,35.7,20.8,1508.0,2.6
2807908096,2019,51.5,37.0,21.8,1505.0,2.6
2807908096,2020,52.0,38.8,23.7,1460.0,2.5
2807908096,2021,52.6,41.0,25.0,1444.0,2.5
2807908096,2022,52.8,42.1,24.9,1438.0,2.5
2807908097,2015,46.8,24.0,18.4,830.0,2.7
2807908097,2016,47.5,26.0,19.0,826.0,2.7
2807908097,2017,48.5,28.9,19.8,816.0,2.7
2807908097,2018,49.3,31.7,20.7,799.0,2.6
2807908097,2019,49.3,33.5,20.3,810.0,2.7
2807908097,2020,50.1,37.2,19.9,791.0,2.6
2807908097,2021,50.1,38.7,22.1,791.0,2.6
2807908097,2022,50.3,40.1,22.7,799.0,2.6
2807908098,2015,45.4,25.0,17.0,1809.0,2.8
2807908098,2016,45.4,25.3,16.4,1801.0,2.8
2807908098,2017,46.0,26.5,16.6,1807.0,2.8
2807908098,2018,46.1,26.9,15.7,1825.0,2.8
2807908098,2019,46.5,27.2,16.6,1807.0,2.8
2807908098,2020,47.2,28.7,17.0,1765.0,2.7
2807908098,2021,48.0,29.7,17.9,1729.0,2.7
2807908098,2022,48.3,29.5,16.8,1749.0,2.7
2807908099,2015,44.2,18.1,19.5,1539.0,2.8
2807908099,2016,44.8,20.4,18.4,1548.0,2.8
2807908099,2017,45.1,22.2,18.2,1542.0,2.8
2807908099,2018,45.6,24.4,18.4,1540.0,2.8
2807908099,2019,45.8,25.9,20.1,1553.0,2.7
2807908099,2020,46.6,27.7,21.7,1490.0,2.7
2807908099,2021,47.6,30.2,23.0,1455.0,2.6
2807908099,2022,48.3,32.9,22.2,1460.0,2.6
2807908100,2015,44.2,23.0,15.0,1395.0,2.9
2807908100,2016,44.5,24.2,14.1,1395.0,2.9
2807908100,2017,45.0,25.2,15.2,1412.0,2.9
2807908100,2018,46.0,27.2,16.7,1380.0,2.9
2807908100,2019,46.6,27.8,16.7,1363.0,2.9
2807908100,2020,47.2,29.5,17.6,1331.0,2.8
2807908100,2021,47.5,30.2,18.3,1314.0,2.8
2807908100,2022,48.4,32.7,18.5,1279.0,2.7
2807908102,2015,45.1,21.6,13.5,2105.0,3.0
2807908102,2016,45.7,23.9,13.7,2064.0,2.9
2807908102,2017,45.7,25.1,14.7,2085.0,2.9
2807908102,2018,46.1,26.7,14.7,2081.0,2.9
2807908102,2019,46.5,28.8,13.9,2086.0,2.9
2807908102,2020,47.6,30.9,14.9,2008.0,2.9
2807908102,2021,48.4,32.7,17.4,1954.0,2.8
2807908102,2022,48.5,33.6,18.5,1960.0,2.8
2807908103,2015,46.8,26.7,20.6,1417.0,2.7
2807908103,2016,47.5,28.8,23.0,1363.0,2.6
2807908103,2017,47.2,29.0,24.6,1386.0,2.6
2807908103,2018,47.6,30.7,23.7,1384.0,2.6
2807908103,2019,47.7,32.6,22.4,1395.0,2.6
2807908103,2020,48.2,34.0,21.9,1387.0,2.6
2807908103,2021,48.5,34.7,21.9,1382.0,2.6
2807908103,2022,48.9,35.5,21.9,1376.0,2.6
2807908104,2015,44.9,23.0,31.9,1171.0,2.3
2807908104,2016,45.2,23.2,33.1,1130.0,2.3
2807908104,2017,44.6,21.5,33.2,1160.0,2.3
2807908104,2018,43.9,19.5,31.5,1241.0,2.4
2807908104,2019,43.5,18.8,31.4,1259.0,2.5
2807908104,2020,43.7,19.0,32.4,1227.0,2.4
2807908104,2021,43.5,18.0,31.5,1224.0,2.4
2807908104,2022,42.7,17.0,31.4,1348.0,2.5
2807908105,2015,45.0,23.0,33.8,804.0,2.4
2807908105,2016,45.0,23.2,37.0,797.0,2.4
2807908105,2017,44.2,21.0,37.6,821.0,2.4
2807908105,2018,45.1,20.8,36.8,831.0,2.3
2807908105,2019,45.0,20.7,38.6,832.0,2.3
2807908105,2020,45.1,19.6,40.2,791.0,2.3
2807908105,2021,44.3,18.2,38.4,810.0,2.3
2807908105,2022,42.9,16.7,37.6,850.0,2.4
2807908106,2015,43.1,18.2,37.6,952.0,2.4
2807908106,2016,42.6,17.4,36.5,940.0,2.4
2807908106,2017,42.5,17.3,36.2,953.0,2.4
2807908106,2018,42.3,16.4,34.7,975.0,2.4
2807908106,2019,41.6,15.4,35.1,1031.0,2.5
2807908106,2020,41.2,14.9,33.4,1038.0,2.5
2807908106,2021,41.2,14.9,34.8,995.0,2.5
2807908106,2022,40.9,14.6,32.9,1057.0,2.5
2807908107,2015,46.0,25.4,35.0,725.0,2.3
2807908107,2016,44.6,23.1,32.6,763.0,2.4
2807908107,2017,45.0,22.7,30.1,763.0,2.5
2807908107,2018,44.9,21.5,32.0,750.0,2.5
2807908107,2019,45.2,21.0,32.8,743.0,2.4
2807908107,2020,45.6,21.1,34.0,717.0,2.4
2807908107,2021,45.1,20.5,33.2,748.0,2.4
2807908107,2022,44.6,19.9,30.8,786.0,2.5
2807908108,2015,48.4,30.8,35.0,721.0,2.3
2807908108,2016,48.1,29.1,37.0,741.0,2.2
2807908108,2017,48.1,28.3,38.5,727.0,2.2
2807908108,2018,47.6,26.9,38.0,739.0,2.3
2807908108,2019,47.4,27.1,39.1,743.0,2.3
2807908108,2020,48.5,27.1,40.8,680.0,2.2
2807908108,2021,46.9,24.5,40.1,726.0,2.2
2807908108,2022,45.5,23.1,39.8,759.0,2.3
2807908109,2015,45.8,23.9,34.1,1256.0,2.5
2807908109,2016,45.9,23.6,34.1,1223.0,2.4
2807908109,2017,46.2,23.5,33.0,1268.0,2.5
2807908109,2018,45.7,22.1,32.7,1260.0,2.5
2807908109,2019,45.2,21.2,31.6,1286.0,2.5
2807908109,2020,45.2,20.6,30.9,1249.0,2.5
2807908109,2021,45.0,20.5,33.0,1241.0,2.5
2807908109,2022,44.6,20.5,32.1,1308.0,2.5
2807908110,2015,49.9,34.1,31.5,1083.0,2.3
2807908110,2016,50.1,33.8,29.1,1092.0,2.4
2807908110,2017,51.1,33.8,30.0,1059.0,2.3
2807908110,2018,51.3,34.1,31.8,1065.0,2.3
2807908110,2019,51.1,33.0,32.0,1053.0,2.3
2807908110,2020,51.6,33.2,32.1,1013.0,2.3
2807908110,2021,52.9,35.3,35.2,976.0,2.2
2807908110,2022,51.4,32.8,36.8,1028.0,2.3
2807908111,2015,47.8,26.7,23.7,1548.0,2.5
2807908111,2016,47.5,27.1,24.1,1589.0,2.6
2807908111,2017,47.2,27.7,25.8,1608.0,2.5
2807908111,2018,47.7,28.9,28.2,1600.0,2.5
2807908111,2019,47.5,29.1,27.2,1631.0,2.5
2807908111,2020,47.5,29.7,26.4,1612.0,2.5
2807908111,2021,47.6,30.0,27.8,1608.0,2.5
2807908111,2022,47.5,29.9,28.9,1632.0,2.5
2807908112,2015,45.8,23.6,25.1,1108.0,2.5
2807908112,2016,45.4,22.5,27.6,1100.0,2.5
2807908112,2017,45.3,21.9,29.2,1101.0,2.5
2807908112,2018,44.2,20.9,29.5,1130.0,2.5
2807908112,2019,44.1,20.9,29.6,1122.0,2.5
2807908112,2020,44.1,21.1,28.9,1115.0,2.5
2807908112,2021,44.0,21.4,28.6,1089.0,2.5
2807908112,2022,44.0,22.1,29.6,1085.0,2.5
2807908113,2015,48.1,30.9,32.4,879.0,2.4
2807908113,2016,48.7,31.6,31.3,882.0,2.4
2807908113,2017,47.7,30.0,29.2,918.0,2.5
2807908113,2018,47.8,29.7,27.8,904.0,2.4
2807908113,2019,47.3,28.2,27.0,925.0,2.5
2807908113,2020,46.8,26.6,27.5,943.0,2.5
2807908113,2021,46.5,25.8,26.7,952.0,2.5
2807908113,2022,47.0,27.0,28.5,959.0,2.5
2807908114,2015,39.9,15.8,25.4,974.0,2.7
2807908114,2016,40.4,16.6,26.8,922.0,2.5
2807908114,2017,40.5,16.5,28.8,930.0,2.5
2807908114,2018,40.9,16.8,25.3,949.0,2.6
2807908114,2019,40.4,15.9,26.5,964.0,2.7
2807908114,2020,40.9,16.6,28.4,920.0,2.6
2807908114,2021,41.3,17.0,28.5,900.0,2.6
2807908114,2022,41.4,17.2,29.2,908.0,2.6
2807908115,2015,42.8,18.2,22.4,1041.0,2.7
2807908115,2016,42.1,18.5,21.8,1046.0,2.6
2807908115,2017,42.1,17.5,26.6,1033.0,2.6
2807908115,2018,41.3,16.4,25.6,1066.0,2.7
2807908115,2019,41.5,17.0,24.4,1108.0,2.8
2807908115,2020,41.0,16.2,26.7,1103.0,2.8
2807908115,2021,41.0,16.0,25.8,1079.0,2.7
2807908115,2022,40.9,15.6,27.7,1117.0,2.7
2807908116,2015,49.4,31.1,29.3,732.0,2.4
2807908116,2016,47.8,28.5,28.8,785.0,2.5
2807908116,2017,48.0,28.4,29.2,774.0,2.5
2807908116,2018,46.8,25.3,28.5,826.0,2.6
2807908116,2019,45.4,23.3,29.6,845.0,2.6
2807908116,2020,44.3,21.5,29.6,861.0,2.7
2807908116,2021,44.9,21.8,29.6,820.0,2.6
2807908116,2022,44.6,21.8,27.8,850.0,2.7
2807908117,2015,46.0,24.5,26.4,882.0,2.6
2807908117,2016,46.7,24.2,28.2,863.0,2.5
2807908117,2017,46.1,23.9,28.8,878.0,2.5
2807908117,2018,45.6,22.3,30.1,882.0,2.6
2807908117,2019,45.6,22.1,27.7,893.0,2.6
2807908117,2020,44.2,19.6,26.9,923.0,2.7
2807908117,2021,44.3,18.9,26.5,919.0,2.7
2807908117,2022,44.2,18.8,27.9,920.0,2.7
2807908119,2015,46.3,25.0,32.9,1529.0,2.4
2807908119,2016,45.5,23.5,32.3,1583.0,2.5
2807908119,2017,44.7,21.9,31.5,1649.0,2.5
2807908119,2018,44.7,20.9,30.8,1654.0,2.5
2807908119,2019,44.7,20.6,31.3,1639.0,2.5
2807908119,2020,44.4,20.1,32.2,1641.0,2.5
2807908119,2021,44.0,18.8,30.7,1688.0,2.6
2807908119,2022,43.3,17.9,30.7,1711.0,2.6
2807908120,2015,45.0,22.9,30.8,1033.0,2.5
2807908120,2016,45.3,22.4,30.1,1023.0,2.5
2807908120,2017,44.5,20.5,29.3,1061.0,2.6
2807908120,2018,43.8,18.4,28.2,1077.0,2.6
2807908120,2019,44.0,18.4,28.1,1114.0,2.7
2807908120,2020,43.6,18.0,28.5,1092.0,2.6
2807908120,2021,43.9,17.9,28.0,1061.0,2.6
2807908120,2022,43.2,17.3,28.5,1106.0,2.7
2807908121,2015,44.5,18.9,26.2,1453.0,2.6
2807908121,2016,44.6,19.0,27.2,1449.0,2.6
2807908121,2017,45.2,20.1,27.7,1448.0,2.6
2807908121,2018,45.7,20.4,28.0,1431.0,2.6
2807908121,2019,45.5,20.4,28.8,1410.0,2.6
2807908121,2020,45.8,22.3,30.3,1387.0,2.5
2807908121,2021,46.2,22.5,32.8,1353.0,2.5
2807908121,2022,45.9,23.0,32.4,1385.0,2.5
2807908122,2015,48.0,27.4,28.9,862.0,2.5
2807908122,2016,47.9,27.2,28.6,865.0,2.6
2807908122,2017,47.4,27.1,27.3,876.0,2.6
2807908122,2018,47.8,27.2,26.6,879.0,2.6
2807908122,2019,47.5,26.6,27.1,872.0,2.6
2807908122,2020,47.8,27.7,29.6,848.0,2.6
2807908122,2021,48.5,29.0,30.3,813.0,2.5
2807908122,2022,48.7,29.2,29.9,836.0,2.5
2807908123,2015,39.6,14.0,26.2,1347.0,2.7
2807908123,2016,40.1,14.6,25.8,1348.0,2.7
2807908123,2017,40.3,14.6,26.5,1323.0,2.6
2807908123,2018,40.6,14.8,27.4,1353.0,2.6
2807908123,2019,40.5,14.8,28.4,1354.0,2.6
2807908123,2020,41.0,15.4,28.1,1369.0,2.7
2807908123,2021,40.9,15.7,27.4,1410.0,2.7
2807908123,2022,40.8,15.5,28.3,1445.0,2.7
2807908124,2015,43.5,20.9,27.2,1683.0,2.6
2807908124,2016,43.3,19.8,28.4,1650.0,2.5
2807908124,2017,43.0,19.2,27.7,1679.0,2.5
2807908124,2018,42.6,19.1,27.0,1754.0,2.6
2807908124,2019,42.7,18.9,30.2,1738.0,2.6
2807908124,2020,43.4,20.1,29.4,1713.0,2.6
2807908124,2021,43.5,19.9,30.7,1691.0,2.5
2807908124,2022,43.3,18.9,30.8,1726.0,2.5
2807908125,2015,40.8,16.6,31.6,1153.0,2.4
2807908125,2016,40.1,16.2,31.7,1161.0,2.5
2807908125,2017,39.2,14.9,28.8,1259.0,2.6
2807908125,2018,38.7,14.2,29.0,1303.0,2.6
2807908125,2019,39.0,13.8,29.4,1333.0,2.6
2807908125,2020,39.7,14.3,29.7,1271.0,2.6
2807908125,2021,39.5,14.6,30.0,1297.0,2.6
2807908125,2022,40.1,14.9,28.0,1333.0,2.6
2807908126,2015,45.5,25.8,31.9,1434.0,2.4
2807908126,2016,45.4,25.4,31.8,1447.0,2.4
2807908126,2017,45.6,24.9,32.5,1468.0,2.4
2807908126,2018,45.4,24.5,30.7,1515.0,2.5
2807908126,2019,45.7,24.4,30.3,1530.0,2.5
2807908126,2020,45.7,24.3,29.8,1521.0,2.5
2807908126,2021,45.6,24.4,31.1,1533.0,2.4
2807908126,2022,45.6,23.7,31.6,1555.0,2.4
2807908128,2015,28.1,2.0,21.9,2939.0,3.0
2807908128,2016,28.2,2.5,19.7,3131.0,3.1
2807908128,2017,28.5,3.3,18.7,3286.0,3.2
2807908128,2018,29.0,3.6,17.8,3443.0,3.2
2807908128,2019,29.5,3.7,17.0,3522.0,3.2
2807908128,2020,30.6,3.9,17.8,3410.0,3.1
2807908128,2021,31.2,4.4,17.8,3411.0,3.2
2807908128,2022,31.1,4.8,16.0,1912.0,3.3
2807908129,2015,35.0,13.9,33.3,208.0,2.8
2807908129,2016,38.0,16.4,32.9,183.0,2.6
2807908129,2017,38.3,16.1,23.5,186.0,2.7
2807908129,2018,37.5,15.7,28.8,191.0,2.6
2807908129,2019,39.1,15.4,32.9,201.0,2.6
2807908129,2020,42.8,19.4,40.3,155.0,2.3
2807908129,2021,44.0,23.5,37.9,149.0,2.3
2807908129,2022,46.9,25.3,42.2,411.0,2.3
2807908130,2015,45.4,20.7,41.5,256.0,2.2
2807908130,2016,47.8,25.8,40.8,225.0,2.3
2807908130,2017,47.5,27.9,37.5,226.0,2.4
2807908130,2018,47.6,27.2,35.1,228.0,2.4
2807908130,2019,47.0,24.7,38.0,223.0,2.4
2807908130,2020,47.4,24.0,38.7,217.0,2.3
2807908130,2021,44.8,21.2,46.6,255.0,2.2
2807908130,2022,,,,,
2807908131,2015,29.5,3.6,18.3,3313.0,3.2
2807908131,2016,29.8,3.9,17.6,3358.0,3.2
2807908131,2017,31.1,4.7,14.7,1496.0,3.4
2807908131,2018,31.6,5.0,14.5,1500.0,3.4
2807908131,2019,32.0,5.1,15.0,1568.0,3.4
2807908131,2020,31.6,4.9,12.8,1650.0,3.6
2807908131,2021,32.1,5.1,13.6,1714.0,3.5
2807908131,2022,32.7,5.5,16.5,1804.0,3.4
2807908132,2015,39.2,20.8,14.1,992.0,3.4
2807908132,2016,40.6,21.9,15.2,961.0,3.4
2807908132,2017,41.2,21.6,15.9,971.0,3.4
2807908132,2018,41.1,21.1,18.4,966.0,3.3
2807908132,2019,41.9,21.5,17.9,951.0,3.3
2807908132,2020,42.5,22.2,18.0,954.0,3.2
2807908132,2021,42.3,22.3,19.1,971.0,3.3
2807908132,2022,42.1,22.1,19.9,964.0,3.3
2807908133,2015,42.5,22.8,24.5,763.0,2.8
2807908133,2016,42.3,22.3,26.4,755.0,2.8
2807908133,2017,42.4,22.8,24.7,769.0,2.8
2807908133,2018,43.1,22.2,22.6,756.0,2.8
2807908133,2019,42.7,22.0,23.6,778.0,2.8
2807908133,2020,43.1,22.2,23.4,766.0,2.8
2807908133,2021,43.0,22.3,23.3,761.0,2.8
2807908133,2022,42.7,21.6,21.0,768.0,2.8
2807908134,2015,41.9,23.0,13.0,1288.0,3.4
2807908134,2016,42.1,23.3,13.8,1301.0,3.4
2807908134,2017,42.2,22.8,12.5,1311.0,3.4
2807908134,2018,41.9,23.1,12.3,1325.0,3.4
2807908134,2019,42.1,23.5,12.5,1345.0,3.4
2807908134,2020,42.5,24.2,12.8,1337.0,3.5
2807908134,2021,42.2,22.9,13.4,1360.0,3.6
2807908134,2022,42.5,23.2,14.6,1343.0,3.5
2807908135,2015,34.1,7.1,17.6,2545.0,3.3
2807908135,2016,34.7,7.8,17.4,2525.0,3.2
2807908135,2017,35.5,8.1,18.3,2501.0,3.2
2807908135,2018,36.3,9.3,19.2,2474.0,3.2
2807908135,2019,37.0,10.2,18.8,2473.0,3.2
2807908135,2020,37.6,11.3,18.6,2448.0,3.2
2807908135,2021,37.8,11.7,19.7,2419.0,3.1
2807908135,2022,38.2,12.2,21.5,2431.0,3.1
2807908136,2015,48.7,36.2,22.7,1320.0,2.6
2807908136,2016,48.7,36.2,21.8,1338.0,2.6
2807908136,2017,49.5,36.9,22.6,1316.0,2.6
2807908136,2018,49.8,37.1,22.9,1306.0,2.6
2807908136,2019,49.1,35.7,24.5,1332.0,2.6
2807908136,2020,49.3,35.6,24.8,1303.0,2.5
2807908136,2021,49.8,35.7,25.5,1276.0,2.5
2807908136,2022,49.6,35.1,26.9,1282.0,2.5
2807908137,2015,43.0,24.7,10.9,1590.0,3.4
2807908137,2016,43.1,25.2,10.0,1608.0,3.4
2807908137,2017,43.1,25.2,12.9,1620.0,3.4
2807908137,2018,42.8,24.3,11.4,1645.0,3.4
2807908137,2019,43.5,25.0,11.3,1619.0,3.4
2807908137,2020,43.7,25.8,11.2,1626.0,3.4
2807908137,2021,43.6,25.5,10.6,1664.0,3.4
2807908137,2022,43.8,26.2,13.7,1665.0,3.4
2807908138,2015,39.7,16.9,19.6,1059.0,3.4
2807908138,2016,39.7,16.9,19.1,1071.0,3.3
2807908138,2017,39.7,17.0,17.5,1108.0,3.4
2807908138,2018,39.6,16.5,15.7,1140.0,3.4
2807908138,2019,40.5,17.1,15.3,1143.0,3.4
2807908138,2020,40.8,18.4,16.1,1139.0,3.5
2807908138,2021,40.9,17.6,15.9,1150.0,3.5
2807908138,2022,40.9,17.8,17.0,1127.0,3.4
2807908139,2015,38.7,11.4,13.9,1369.0,3.2
2807908139,2016,33.0,6.8,21.1,2485.0,2.9
2807908139,2017,28.5,1.6,30.4,2209.0,2.7
2807908139,2018,28.6,1.8,24.2,2856.0,2.9
2807908139,2019,28.8,2.1,21.2,3117.0,3.0
2807908139,2020,27.3,2.4,19.5,3650.0,3.2
2807908139,2021,27.5,2.6,18.7,4060.0,3.2
2807908139,2022,27.4,1.9,23.3,2217.0,3.1
2807908140,2015,48.3,28.3,16.7,860.0,2.7
2807908140,2016,49.1,30.6,16.0,860.0,2.7
2807908140,2017,48.6,31.1,15.2,865.0,2.7
2807908140,2018,48.5,31.3,17.5,865.0,2.7
2807908140,2019,48.6,31.8,16.6,869.0,2.7
2807908140,2020,49.7,33.8,15.9,847.0,2.7
2807908140,2021,50.4,35.8,17.0,839.0,2.6
2807908140,2022,50.3,34.8,16.8,848.0,2.6
2807908141,2015,47.1,27.0,13.6,1039.0,3.0
2807908141,2016,47.1,28.9,13.8,1054.0,3.0
2807908141,2017,48.2,31.0,13.4,1033.0,2.9
2807908141,2018,49.0,33.5,15.8,1005.0,2.8
2807908141,2019,49.2,34.3,16.1,1016.0,2.8
2807908141,2020,49.9,36.4,16.4,1012.0,2.8
2807908141,2021,50.3,38.6,16.9,983.0,2.7
2807908141,2022,50.3,38.8,19.1,981.0,2.7
2807908142,2015,44.2,19.0,14.7,1224.0,2.9
2807908142,2016,44.3,19.3,15.6,1241.0,2.9
2807908142,2017,44.7,20.2,17.8,1248.0,2.8
2807908142,2018,45.2,21.9,18.9,1219.0,2.8
2807908142,2019,45.0,22.4,16.6,1239.0,2.9
2807908142,2020,44.9,23.2,18.3,1244.0,2.8
2807908142,2021,45.2,24.4,18.0,1223.0,2.8
2807908142,2022,45.7,25.8,20.5,1228.0,2.8
2807908143,2015,43.9,24.9,16.9,1245.0,2.8
2807908143,2016,44.1,25.7,20.8,1235.0,2.8
2807908143,2017,44.8,27.5,20.3,1238.0,2.8
2807908143,2018,45.1,28.7,19.1,1246.0,2.8
2807908143,2019,46.1,29.3,19.3,1218.0,2.8
2807908143,2020,46.3,29.3,20.8,1206.0,2.8
2807908143,2021,46.4,29.3,20.8,1261.0,2.8
2807908143,2022,45.5,28.3,20.5,1327.0,2.8
2807908144,2015,46.4,25.1,15.0,1536.0,2.9
2807908144,2016,46.0,25.3,14.8,1579.0,2.9
2807908144,2017,46.8,27.4,15.8,1561.0,2.9
2807908144,2018,47.5,29.7,15.7,1547.0,2.9
2807908144,2019,48.1,31.6,15.7,1538.0,2.8
2807908144,2020,48.6,33.2,16.4,1523.0,2.8
2807908144,2021,49.6,36.0,16.4,1499.0,2.8
2807908144,2022,49.9,36.8,17.6,1485.0,2.7
2807908145,2015,43.8,20.5,22.3,1309.0,2.8
2807908145,2016,44.5,22.6,22.6,1301.0,2.8
2807908145,2017,44.6,23.6,21.6,1337.0,2.8
2807908145,2018,45.3,25.4,24.0,1322.0,2.7
2807908145,2019,46.2,27.3,24.7,1293.0,2.6
2807908145,2020,46.4,27.8,25.9,1295.0,2.6
2807908145,2021,47.3,29.6,25.7,1260.0,2.6
2807908145,2022,47.2,30.1,27.5,1244.0,2.5
2807908146,2015,46.0,25.5,12.2,1537.0,3.1
2807908146,2016,46.5,27.5,11.5,1508.0,3.0
2807908146,2017,47.5,30.0,11.3,1479.0,2.9
2807908146,2018,47.3,31.8,11.4,1505.0,3.0
2807908146,2019,48.4,34.7,12.2,1462.0,2.9
2807908146,2020,48.5,36.3,12.7,1479.0,2.9
2807908146,2021,49.5,38.0,13.4,1429.0,2.9
2807908146,2022,49.7,38.4,14.5,1426.0,2.8
2807908147,2015,42.3,25.1,16.5,1440.0,3.2
2807908147,2016,42.4,26.0,15.8,1461.0,3.3
2807908147,2017,42.0,25.6,16.7,1443.0,3.3
2807908147,2018,42.2,25.5,17.3,1425.0,3.2
2807908147,2019,43.0,26.3,18.3,1389.0,3.2
2807908147,2020,43.4,26.2,16.6,1429.0,3.2
2807908147,2021,43.6,26.5,16.8,1376.0,3.1
2807908147,2022,43.9,27.0,18.6,1357.0,3.1
2807908148,2015,41.6,13.9,26.9,1951.0,2.6
2807908148,2016,42.2,15.6,26.3,1957.0,2.5
2807908148,2017,42.5,16.8,25.4,1966.0,2.5
2807908148,2018,43.1,17.7,24.7,1936.0,2.6
2807908148,2019,44.6,20.4,26.9,1871.0,2.5
2807908148,2020,45.2,21.5,27.1,1868.0,2.5
2807908148,2021,45.6,22.7,25.3,1872.0,2.5
2807908148,2022,45.7,23.8,26.0,1880.0,2.5
2807908149,2015,49.8,28.6,24.7,749.0,2.6
2807908149,2016,50.3,30.5,23.3,740.0,2.6
2807908149,2017,51.2,32.3,25.2,721.0,2.6
2807908149,2018,51.7,34.2,26.0,714.0,2.5
2807908149,2019,51.9,35.9,25.4,722.0,2.6
2807908149,2020,52.2,36.9,25.6,693.0,2.5
2807908149,2021,52.7,38.7,26.3,680.0,2.4
2807908149,2022,51.9,38.9,24.9,686.0,2.5
2807908150,2015,44.0,21.7,18.9,1337.0,2.9
2807908150,2016,44.5,22.8,21.0,1344.0,2.9
2807908150,2017,45.3,24.0,22.1,1331.0,2.9
2807908150,2018,45.3,25.0,21.7,1343.0,2.8
2807908150,2019,45.6,26.2,21.6,1291.0,2.8
2807908150,2020,46.4,28.0,21.8,1226.0,2.7
2807908150,2021,46.9,28.8,23.2,1224.0,2.7
2807908150,2022,47.0,29.8,24.4,1261.0,2.7
2807908151,2015,45.7,21.2,18.1,883.0,2.8
2807908151,2016,45.8,23.0,18.4,905.0,2.8
2807908151,2017,47.1,25.4,19.5,900.0,2.7
2807908151,2018,48.0,28.1,20.7,907.0,2.7
2807908151,2019,49.2,29.9,22.6,902.0,2.7
2807908151,2020,49.9,32.2,21.9,874.0,2.6
2807908151,2021,50.1,33.6,23.1,868.0,2.6
2807908151,2022,50.9,35.9,23.0,869.0,2.6
2807908152,2015,41.1,21.3,15.3,1623.0,3.3
2807908152,2016,41.2,21.8,15.6,1640.0,3.3
2807908152,2017,41.5,22.7,15.8,1622.0,3.3
2807908152,2018,41.6,22.7,16.3,1640.0,3.3
2807908152,2019,41.5,22.5,16.3,1664.0,3.3
2807908152,2020,41.6,23.0,15.1,1689.0,3.3
2807908152,2021,42.0,24.1,15.6,1620.0,3.3
2807908152,2022,43.0,25.3,16.6,1580.0,3.2
2807908153,2015,39.4,8.6,23.6,1608.0,2.8
2807908153,2016,40.1,9.3,21.8,1618.0,2.8
2807908153,2017,40.7,9.9,22.3,1621.0,2.8
2807908153,2018,41.7,11.2,21.3,1601.0,2.8
2807908153,2019,42.2,11.8,22.4,1595.0,2.7
2807908153,2020,42.5,12.9,21.7,1594.0,2.7
2807908153,2021,43.1,14.5,22.6,1556.0,2.7
2807908153,2022,43.7,15.0,23.4,1557.0,2.7
2807908154,2015,36.3,9.9,24.7,1712.0,3.0
2807908154,2016,36.2,9.7,24.4,1757.0,3.0
2807908154,2017,37.0,10.7,23.8,1741.0,3.0
2807908154,2018,37.2,11.0,23.8,1731.0,2.9
2807908154,2019,38.3,12.2,26.5,1720.0,2.9
2807908154,2020,39.0,13.1,28.3,1655.0,2.8
2807908154,2021,39.8,14.4,29.3,1620.0,2.8
2807908154,2022,40.5,15.9,30.8,1618.0,2.7
2807908155,2015,38.2,7.4,24.2,1488.0,2.8
2807908155,2016,38.3,7.6,22.0,1599.0,2.8
2807908155,2017,38.8,8.4,22.1,1615.0,2.8
2807908155,2018,39.9,9.2,22.9,1592.0,2.8
2807908155,2019,40.4,10.8,23.4,1612.0,2.8
2807908155,2020,40.9,12.0,22.2,1607.0,2.8
2807908155,2021,41.8,13.8,24.1,1590.0,2.8
2807908155,2022,42.6,15.1,24.7,1580.0,2.7
2807908156,2015,41.9,11.2,18.8,1404.0,2.8
2807908156,2016,42.9,12.5,19.7,1377.0,2.8
2807908156,2017,43.3,14.0,19.6,1396.0,2.8
2807908156,2018,44.3,15.5,21.8,1375.0,2.7
2807908156,2019,45.2,17.2,22.3,1337.0,2.7
2807908156,2020,45.8,19.7,21.5,1323.0,2.7
2807908156,2021,46.3,21.3,21.9,1327.0,2.7
2807908156,2022,46.5,22.6,22.3,1318.0,2.7
2807908157,2015,45.4,24.7,49.4,786.0,2.0
2807908157,2016,46.1,25.9,47.4,784.0,2.0
2807908157,2017,46.2,26.1,45.8,805.0,2.0
2807908157,2018,44.5,24.4,43.1,906.0,2.1
2807908157,2019,43.8,23.8,40.1,982.0,2.2
2807908157,2020,43.9,24.3,40.6,986.0,2.2
2807908157,2021,44.0,23.9,39.8,989.0,2.2
2807908157,2022,44.3,23.8,39.8,1033.0,2.2
2807908158,2015,41.0,23.7,15.7,1568.0,3.2
2807908158,2016,41.2,24.3,16.5,1553.0,3.1
2807908158,2017,41.5,24.4,17.0,1563.0,3.1
2807908158,2018,41.7,24.6,16.4,1573.0,3.2
2807908158,2019,41.9,24.6,15.4,1577.0,3.2
2807908158,2020,42.7,25.8,16.4,1486.0,3.1
2807908158,2021,43.0,26.2,15.6,1510.0,3.1
2807908158,2022,42.8,25.7,15.5,1505.0,3.1
2807908159,2015,40.1,12.6,17.4,1981.0,3.0
2807908159,2016,40.5,13.4,16.1,1984.0,3.0
2807908159,2017,41.0,14.4,17.2,1970.0,2.9
2807908159,2018,41.7,15.2,16.8,1971.0,2.9
2807908159,2019,42.1,16.1,16.5,1977.0,2.9
2807908159,2020,42.7,17.2,16.2,1974.0,2.9
2807908159,2021,43.5,19.2,18.2,1941.0,2.9
2807908159,2022,43.8,19.6,19.3,1937.0,2.9
2807908160,2015,28.1,2.8,23.5,3338.0,2.8
2807908160,2016,28.3,3.0,20.9,3650.0,2.9
2807908160,2017,28.5,3.0,17.6,2494.0,3.1
2807908160,2018,28.8,3.4,16.1,2696.0,3.2
2807908160,2019,29.4,3.6,16.5,2815.0,3.2
2807908160,2020,30.3,4.1,16.7,2788.0,3.2
2807908160,2021,30.9,3.9,18.9,3082.0,3.1
2807908160,2022,31.9,4.3,20.8,3289.0,3.0
2807908161,2015,28.3,2.3,26.0,3935.0,2.8
2807908161,2016,28.7,2.3,25.3,3836.0,2.7
2807908161,2017,29.1,2.3,27.3,1938.0,2.7
2807908161,2018,29.9,2.7,27.0,2001.0,2.7
2807908161,2019,30.4,2.7,25.6,2061.0,2.7
2807908161,2020,30.9,2.9,26.0,2041.0,2.7
2807908161,2021,31.7,3.0,26.3,2032.0,2.7
2807908161,2022,32.6,3.6,28.1,2012.0,2.6
2807908162,2015,36.8,7.4,25.6,1446.0,2.8
2807908162,2016,37.6,7.8,26.1,1483.0,2.7
2807908162,2017,37.8,7.9,25.9,1499.0,2.8
2807908162,2018,38.7,9.3,24.2,1513.0,2.8
2807908162,2019,39.1,9.7,23.8,1534.0,2.8
2807908162,2020,39.9,10.7,24.2,1504.0,2.8
2807908162,2021,40.9,11.6,25.3,1473.0,2.7
2807908162,2022,42.0,12.9,25.9,1426.0,2.6
2807908163,2015,39.5,11.2,23.5,1908.0,2.8
2807908163,2016,40.1,11.9,22.6,1914.0,2.8
2807908163,2017,40.6,12.8,22.6,1895.0,2.8
2807908163,2018,41.0,13.0,21.5,1909.0,2.8
2807908163,2019,42.0,15.1,21.4,1898.0,2.8
2807908163,2020,42.9,16.4,20.5,1857.0,2.8
2807908163,2021,43.6,17.8,21.8,1817.0,2.7
2807908163,2022,44.6,19.4,23.6,1811.0,2.7
2807908164,2015,29.2,2.9,21.6,2689.0,3.0
2807908164,2016,30.0,3.6,21.1,2697.0,3.0
2807908164,2017,30.7,4.1,21.4,2765.0,3.0
2807908164,2018,31.2,4.3,20.7,2801.0,3.0
2807908164,2019,32.1,4.2,21.1,2813.0,3.0
2807908164,2020,32.6,4.4,20.2,2921.0,3.0
2807908164,2021,33.7,5.1,21.0,2895.0,2.9
2807908164,2022,34.1,5.7,23.0,2951.0,2.9
2807908165,2015,29.6,5.0,18.4,1660.0,3.1
2807908165,2016,30.2,4.9,17.9,1737.0,3.1
2807908165,2017,30.2,5.1,17.2,2129.0,3.2
2807908165,2018,30.7,5.6,17.8,2249.0,3.2
2807908165,2019,31.0,5.2,18.0,2369.0,3.2
2807908165,2020,31.8,5.2,18.3,2419.0,3.1
2807908165,2021,32.4,5.5,17.1,2441.0,3.1
2807908165,2022,32.8,5.9,18.4,2493.0,3.1
2807908166,2015,37.0,9.6,25.4,1058.0,2.7
2807908166,2016,36.7,9.5,26.3,1095.0,2.7
2807908166,2017,37.0,9.5,27.2,1130.0,2.7
2807908166,2018,36.2,9.5,24.7,1238.0,2.8
2807908166,2019,34.8,8.7,22.7,1539.0,2.9
2807908166,2020,34.7,8.2,23.3,1590.0,2.9
2807908166,2021,34.8,8.8,22.6,1678.0,2.9
2807908166,2022,34.9,9.0,23.0,1727.0,2.9
2807908167,2015,28.1,2.6,16.8,3345.0,3.2
2807908167,2016,28.4,2.7,17.3,3461.0,3.2
2807908167,2017,28.7,2.9,16.4,3698.0,3.3
2807908167,2018,29.3,3.2,15.8,3856.0,3.3
2807908167,2019,29.7,3.5,15.9,4030.0,3.4
2807908167,2020,30.4,3.8,16.8,4036.0,3.3
2807908167,2021,31.2,4.0,15.9,4089.0,3.3
2807908167,2022,32.4,4.2,13.8,2044.0,3.3
2807908168,2015,30.8,3.6,21.4,3067.0,2.8
2807908168,2016,31.1,3.8,20.2,3125.0,2.8
2807908168,2017,29.5,3.6,15.2,1318.0,2.9
2807908168,2018,29.7,3.6,15.0,1370.0,2.9
2807908168,2019,30.2,3.8,15.5,1397.0,2.9
2807908168,2020,30.9,4.0,15.9,1399.0,3.0
2807908168,2021,32.0,4.3,16.1,1362.0,2.9
2807908168,2022,32.8,4.7,19.0,1375.0,2.9
2807908169,2015,28.5,3.3,26.6,2637.0,2.8
2807908169,2016,28.8,3.3,24.4,2742.0,2.8
2807908169,2017,29.6,3.9,24.4,2807.0,2.8
2807908169,2018,30.0,4.1,22.8,2884.0,2.9
2807908169,2019,30.6,4.2,23.2,2933.0,2.9
2807908169,2020,31.2,4.8,23.7,2927.0,2.9
2807908169,2021,31.7,5.2,23.1,2950.0,2.9
2807908169,2022,32.7,5.6,25.6,2916.0,2.8
2807908170,2015,28.1,2.3,21.8,2655.0,3.0
2807908170,2016,28.3,2.5,20.9,2730.0,3.0
2807908170,2017,29.1,2.9,20.0,2782.0,3.0
2807908170,2018,29.6,3.4,19.1,2826.0,3.1
2807908170,2019,30.0,3.8,18.0,2875.0,3.1
2807908170,2020,30.8,3.9,20.3,2829.0,3.1
2807908170,2021,31.4,4.3,19.3,2819.0,3.0
2807908170,2022,32.2,4.3,21.2,2827.0,3.0
2807908171,2015,29.2,3.5,18.8,3206.0,3.0
2807908171,2016,29.6,3.5,18.4,3281.0,3.0
2807908171,2017,29.7,4.9,18.8,1757.0,3.1
2807908171,2018,30.8,5.4,17.6,1738.0,3.1
2807908171,2019,31.5,5.4,19.2,1708.0,3.0
2807908171,2020,31.8,5.4,18.4,1708.0,3.0
2807908171,2021,33.0,5.7,18.6,1664.0,3.0
2807908171,2022,33.6,5.9,18.5,1676.0,2.9
2807908172,2015,30.1,4.1,26.9,2048.0,2.6
2807908172,2016,30.3,4.5,26.1,2131.0,2.6
2807908172,2017,30.7,4.5,24.8,2245.0,2.7
2807908172,2018,31.3,4.6,25.2,2290.0,2.7
2807908172,2019,31.8,4.7,23.8,2310.0,2.7
2807908172,2020,32.4,4.9,24.3,2286.0,2.7
2807908172,2021,33.6,5.6,23.3,2285.0,2.7
2807908172,2022,34.0,5.9,23.6,2324.0,2.8
2807908173,2015,28.4,3.3,19.5,3331.0,3.0
2807908173,2016,28.6,3.3,19.0,3433.0,3.1
2807908173,2017,29.1,3.6,22.4,1768.0,3.0
2807908173,2018,29.4,3.7,21.6,1980.0,3.1
2807908173,2019,30.1,3.7,22.6,2068.0,3.1
2807908173,2020,30.9,3.9,23.3,2044.0,3.0
2807908173,2021,31.6,4.6,23.1,2033.0,3.0
2807908173,2022,32.3,5.0,22.9,2049.0,2.9
2807908174,2015,32.2,4.1,22.8,1869.0,2.8
2807908174,2016,32.9,4.4,24.7,1858.0,2.8
2807908174,2017,33.4,4.7,23.6,1915.0,2.8
2807908174,2018,34.5,5.2,24.2,1883.0,2.8
2807908174,2019,35.3,5.6,24.6,1881.0,2.7
2807908174,2020,35.9,6.0,25.0,1837.0,2.7
2807908174,2021,37.0,7.2,25.2,1771.0,2.7
2807908174,2022,37.4,7.6,27.3,1838.0,2.6
2807908175,2015,35.0,6.8,10.1,1038.0,3.4
2807908175,2016,35.0,7.5,9.4,1041.0,3.4
2807908175,2017,35.2,9.0,10.4,1016.0,3.4
2807908175,2018,35.6,10.1,10.8,1061.0,3.4
2807908175,2019,35.0,9.9,9.3,1228.0,3.4
2807908175,2020,35.8,11.2,9.0,1207.0,3.7
2807908175,2021,35.6,11.2,8.0,1247.0,3.8
2807908175,2022,36.0,12.4,12.3,1213.0,3.6
2807908176,2015,28.1,2.3,18.4,2598.0,3.3
2807908176,2016,28.2,2.4,16.7,2838.0,3.4
2807908176,2017,28.5,2.6,17.2,2895.0,3.4
2807908176,2018,28.9,2.4,15.6,3046.0,3.4
2807908176,2019,29.5,2.5,14.3,3246.0,3.4
2807908176,2020,30.3,2.8,14.2,3332.0,3.5
2807908176,2021,30.7,2.8,14.7,3344.0,3.4
2807908176,2022,31.5,3.4,16.7,3341.0,3.3
2807908177,2015,37.9,6.5,21.0,1355.0,2.7
2807908177,2016,38.6,7.1,22.2,1345.0,2.7
2807908177,2017,38.9,7.4,23.1,1340.0,2.7
2807908177,2018,39.5,7.7,23.7,1346.0,2.7
2807908177,2019,40.2,8.3,24.4,1348.0,2.7
2807908177,2020,40.6,8.8,24.9,1345.0,2.6
2807908177,2021,41.3,9.7,25.9,1323.0,2.6
2807908177,2022,42.1,11.1,26.8,1328.0,2.6
2807908178,2015,29.2,3.7,21.7,2017.0,2.9
2807908178,2016,29.5,3.6,21.0,2059.0,2.9
2807908178,2017,30.2,4.1,21.0,2107.0,2.9
2807908178,2018,30.7,4.2,20.6,2144.0,2.9
2807908178,2019,31.3,4.2,19.3,2217.0,3.0
2807908178,2020,32.1,4.7,19.4,2146.0,2.9
2807908178,2021,32.7,4.7,20.9,2115.0,2.9
2807908178,2022,33.4,5.2,24.0,2129.0,2.8
2807908179,2015,30.1,3.4,27.7,1393.0,2.7
2807908179,2016,30.4,3.6,26.9,1402.0,2.7
2807908179,2017,31.1,4.1,24.6,1473.0,2.8
2807908179,2018,32.1,4.8,23.6,1454.0,2.8
2807908179,2019,32.5,4.5,22.7,1483.0,2.9
2807908179,2020,33.2,5.1,25.3,1460.0,2.8
2807908179,2021,34.1,5.6,26.2,1409.0,2.8
2807908179,2022,34.5,5.8,27.3,1459.0,2.7
2807908180,2015,39.4,7.0,21.9,1054.0,2.8
2807908180,2016,40.3,7.5,23.9,1040.0,2.8
2807908180,2017,41.4,9.2,24.5,1025.0,2.7
2807908180,2018,41.7,9.6,23.3,1045.0,2.8
2807908180,2019,41.7,10.7,22.8,1057.0,2.8
2807908180,2020,42.7,12.6,22.9,1036.0,2.8
2807908180,2021,43.4,13.2,23.4,998.0,2.7
2807908180,2022,43.9,15.7,23.4,989.0,2.7
2807908181,2015,,,,,
2807908181,2016,,,,,
2807908181,2017,38.3,11.2,8.0,1383.0,3.3
2807908181,2018,37.8,11.3,8.1,1517.0,3.3
2807908181,2019,34.9,9.9,10.6,2049.0,3.4
2807908181,2020,34.6,10.5,11.6,2209.0,3.3
2807908181,2021,34.2,10.9,11.9,2599.0,3.3
2807908181,2022,34.0,10.7,12.5,2860.0,3.3
2807908182,2015,,,,,
2807908182,2016,,,,,
2807908182,2017,43.1,23.0,17.1,1524.0,3.1
2807908182,2018,42.9,23.0,17.2,1575.0,3.0
2807908182,2019,42.8,23.2,16.3,1662.0,3.1
2807908182,2020,42.8,23.6,16.5,1659.0,3.0
2807908182,2021,42.8,23.5,18.2,1633.0,3.0
2807908182,2022,42.9,23.7,18.5,1672.0,2.9
2807908183,2015,,,,,
2807908183,2016,,,,,
2807908183,2017,29.7,3.8,18.6,2026.0,3.1
2807908183,2018,30.1,4.2,18.8,2057.0,3.1
2807908183,2019,30.7,4.6,17.9,2085.0,3.1
2807908183,2020,31.7,5.3,17.1,2056.0,3.1
2807908183,2021,32.4,5.7,20.1,2054.0,3.0
2807908183,2022,32.9,5.6,22.5,2128.0,2.9
2807908184,2015,,,,,
2807908184,2016,,,,,
2807908184,2017,29.4,3.6,16.2,1690.0,3.1
2807908184,2018,30.6,4.1,18.2,1660.0,3.1
2807908184,2019,31.2,4.2,17.4,1699.0,3.1
2807908184,2020,32.0,4.7,17.4,1647.0,3.1
2807908184,2021,32.4,4.9,17.7,1659.0,3.0
2807908184,2022,33.6,5.4,20.7,1639.0,2.9
2807908185,2015,,,,,
2807908185,2016,,,,,
2807908185,2017,30.7,2.9,16.4,1656.0,3.0
2807908185,2018,31.9,3.9,18.9,1638.0,2.9
2807908185,2019,32.5,4.2,17.6,1681.0,3.0
2807908185,2020,33.2,4.5,17.7,1668.0,3.0
2807908185,2021,33.8,5.0,17.8,1640.0,3.0
2807908185,2022,34.6,5.4,20.0,1617.0,2.9
2807908186,2015,,,,,
2807908186,2016,,,,,
2807908186,2017,28.9,3.4,23.2,1544.0,2.9
2807908186,2018,29.6,3.8,21.7,1556.0,2.9
2807908186,2019,30.4,4.2,21.6,1608.0,2.9
2807908186,2020,30.7,4.0,22.0,1596.0,2.9
2807908186,2021,31.1,4.5,21.4,1587.0,2.9
2807908186,2022,31.5,4.2,21.9,1613.0,2.9
2807908187,2015,,,,,
2807908187,2016,,,,,
2807908187,2017,29.1,2.6,21.4,2433.0,2.9
2807908187,2018,30.2,3.3,21.0,2518.0,2.9
2807908187,2019,30.9,3.5,21.6,2543.0,2.9
2807908187,2020,31.4,3.1,21.5,2455.0,2.9
2807908187,2021,32.5,4.0,22.5,2406.0,2.8
2807908187,2022,33.1,4.2,24.2,2518.0,2.8
2807908188,2015,,,,,
2807908188,2016,,,,,
2807908188,2017,32.9,4.6,21.9,1894.0,2.8
2807908188,2018,33.6,4.8,22.2,1906.0,2.8
2807908188,2019,34.3,5.5,21.6,1914.0,2.8
2807908188,2020,34.9,6.0,21.3,1905.0,2.8
2807908188,2021,36.0,6.8,21.6,1850.0,2.8
2807908188,2022,36.6,7.0,20.8,1893.0,2.8
2807908189,2015,,,,,
2807908189,2016,,,,,
2807908189,2017,,,,,
2807908189,2018,,,,,
2807908189,2019,,,,,
2807908189,2020,,,,,
2807908189,2021,,,,,
2807908189,2022,28.8,4.0,12.5,2040.0,3.5
2807908190,2015,,,,,
2807908190,2016,,,,,
2807908190,2017,,,,,
2807908190,2018,,,,,
2807908190,2019,,,,,
2807908190,2020,,,,,
2807908190,2021,,,,,
2807908190,2022,30.9,3.8,17.3,2047.0,3.3
2807908191,2015,,,,,
2807908191,2016,,,,,
2807908191,2017,,,,,
2807908191,2018,,,,,
2807908191,2019,,,,,
2807908191,2020,,,,,
2807908191,2021,,,,,
2807908191,2022,33.3,5.2,24.9,1536.0,2.9
2807909001,2015,49.4,28.5,42.9,1166.0,2.0
2807909001,2016,49.4,28.1,42.3,1169.0,2.0
2807909001,2017,49.2,28.4,42.2,1168.0,2.0
2807909001,2018,48.9,28.0,42.0,1173.0,2.1
2807909001,2019,48.8,27.5,41.5,1201.0,2.1
2807909001,2020,48.2,25.9,41.6,1178.0,2.1
2807909001,2021,47.9,25.0,42.6,1163.0,2.1
2807909001,2022,48.1,24.6,42.7,1149.0,2.1
2807909002,2015,48.1,26.4,37.1,1198.0,2.2
2807909002,2016,48.1,25.6,39.1,1178.0,2.1
2807909002,2017,48.3,25.3,38.8,1188.0,2.1
2807909002,2018,48.2,25.2,38.5,1206.0,2.1
2807909002,2019,47.6,24.4,35.4,1237.0,2.2
2807909002,2020,47.5,23.5,37.9,1225.0,2.2
2807909002,2021,47.8,24.1,38.0,1218.0,2.2
2807909002,2022,47.3,23.9,39.3,1215.0,2.2
2807909004,2015,47.6,24.8,32.5,1494.0,2.4
2807909004,2016,48.0,24.9,30.7,1490.0,2.4
2807909004,2017,48.3,25.6,31.3,1457.0,2.3
2807909004,2018,48.2,24.8,30.6,1479.0,2.3
2807909004,2019,48.0,23.9,31.0,1501.0,2.4
2807909004,2020,48.3,24.0,31.9,1462.0,2.3
2807909004,2021,48.7,24.6,34.9,1408.0,2.3
2807909004,2022,48.0,24.1,33.1,1445.0,2.3
2807909005,2015,49.5,28.8,39.5,827.0,2.1
2807909005,2016,48.2,27.2,37.1,853.0,2.2
2807909005,2017,48.1,26.3,35.3,855.0,2.2
2807909005,2018,47.4,25.0,36.5,865.0,2.2
2807909005,2019,46.7,23.2,34.2,900.0,2.3
2807909005,2020,46.2,22.2,34.7,906.0,2.3
2807909005,2021,46.4,22.2,37.3,869.0,2.2
2807909005,2022,46.5,21.5,36.6,883.0,2.2
2807909006,2015,50.5,29.3,30.8,737.0,2.3
2807909006,2016,51.0,28.6,30.6,747.0,2.3
2807909006,2017,50.8,27.9,31.3,739.0,2.2
2807909006,2018,50.3,27.5,30.6,750.0,2.3
2807909006,2019,49.6,27.0,30.6,767.0,2.3
2807909006,2020,49.2,26.8,31.6,762.0,2.3
2807909006,2021,47.4,24.5,29.3,797.0,2.4
2807909006,2022,47.3,24.3,31.1,801.0,2.4
2807909007,2015,47.1,25.9,29.1,962.0,2.5
2807909007,2016,46.5,24.7,28.9,964.0,2.5
2807909007,2017,46.0,23.7,30.3,969.0,2.5
2807909007,2018,46.4,24.6,31.6,951.0,2.4
2807909007,2019,46.6,24.6,30.6,939.0,2.5
2807909007,2020,45.8,23.2,30.6,964.0,2.5
2807909007,2021,45.9,23.2,30.9,943.0,2.5
2807909007,2022,45.7,22.8,32.2,932.0,2.5
2807909008,2015,46.3,26.0,31.0,1112.0,2.4
2807909008,2016,45.8,24.9,30.7,1141.0,2.5
2807909008,2017,46.6,25.7,30.7,1162.0,2.5
2807909008,2018,46.4,25.2,29.1,1191.0,2.5
2807909008,2019,47.1,26.6,27.6,1175.0,2.5
2807909008,2020,48.0,27.4,28.9,1164.0,2.4
2807909008,2021,48.8,28.3,31.0,1139.0,2.4
2807909008,2022,48.5,28.0,27.9,1163.0,2.4
2807909009,2015,49.7,28.9,41.2,1008.0,2.1
2807909009,2016,49.8,28.7,39.9,1007.0,2.1
2807909009,2017,49.1,27.8,41.3,1030.0,2.1
2807909009,2018,48.7,26.9,41.8,1043.0,2.1
2807909009,2019,48.1,25.1,41.6,1062.0,2.1
2807909009,2020,47.8,24.9,42.1,1042.0,2.1
2807909009,2021,48.0,24.6,41.2,1029.0,2.1
2807909009,2022,48.7,25.2,43.7,1010.0,2.0
2807909010,2015,43.3,16.8,35.0,2181.0,2.3
2807909010,2016,44.3,18.6,36.7,2131.0,2.3
2807909010,2017,44.8,19.5,36.7,2171.0,2.2
2807909010,2018,45.5,20.6,36.3,2182.0,2.2
2807909010,2019,46.2,22.2,35.8,2176.0,2.2
2807909010,2020,46.9,23.7,35.6,2141.0,2.2
2807909010,2021,48.0,25.8,36.9,2097.0,2.2
2807909010,2022,47.7,23.2,35.2,849.0,2.2
2807909011,2015,45.2,21.9,40.8,1362.0,2.2
2807909011,2016,46.2,23.2,42.3,1316.0,2.1
2807909011,2017,46.5,23.6,42.3,1332.0,2.1
2807909011,2018,46.4,23.2,41.5,1351.0,2.1
2807909011,2019,46.4,23.4,40.9,1356.0,2.1
2807909011,2020,46.7,23.4,40.4,1329.0,2.1
2807909011,2021,46.5,23.1,41.3,1341.0,2.0
2807909011,2022,45.7,22.4,45.2,1399.0,2.0
2807909012,2015,46.0,22.8,40.7,680.0,2.2
2807909012,2016,46.1,23.3,39.8,683.0,2.2
2807909012,2017,46.2,22.6,42.5,686.0,2.2
2807909012,2018,46.0,22.2,41.4,681.0,2.2
2807909012,2019,46.4,22.6,40.7,677.0,2.1
2807909012,2020,45.8,21.8,41.1,680.0,2.1
2807909012,2021,45.3,22.2,39.3,679.0,2.1
2807909012,2022,45.2,21.6,39.2,689.0,2.1
2807909013,2015,46.3,24.5,44.1,1283.0,2.1
2807909013,2016,46.0,23.8,40.7,1231.0,2.1
2807909013,2017,45.4,22.7,41.3,1237.0,2.1
2807909013,2018,44.8,21.6,42.9,1236.0,2.1
2807909013,2019,44.3,20.9,44.1,1248.0,2.0
2807909013,2020,44.5,21.2,45.6,1224.0,2.0
2807909013,2021,43.9,20.9,45.4,1250.0,2.0
2807909013,2022,44.0,20.5,46.1,1257.0,2.0
2807909014,2015,45.8,22.5,47.2,1815.0,1.9
2807909014,2016,46.1,22.7,48.2,1876.0,1.9
2807909014,2017,45.8,22.2,48.4,1911.0,1.9
2807909014,2018,45.5,21.4,45.9,1965.0,1.9
2807909014,2019,45.0,21.0,46.4,1973.0,2.0
2807909014,2020,45.6,22.0,48.3,1911.0,1.9
2807909014,2021,45.7,21.8,47.7,1971.0,1.9
2807909014,2022,45.5,21.6,47.9,2073.0,1.9
2807909015,2015,45.6,23.1,37.2,1574.0,2.3
2807909015,2016,45.9,23.0,37.1,1539.0,2.3
2807909015,2017,46.0,24.0,37.7,1550.0,2.3
2807909015,2018,46.3,24.0,36.8,1589.0,2.3
2807909015,2019,46.6,25.3,39.2,1559.0,2.2
2807909015,2020,46.1,25.5,38.3,1573.0,2.3
2807909015,2021,46.0,25.5,39.9,1571.0,2.2
2807909015,2022,45.5,24.8,40.4,1616.0,2.2
2807909016,2015,44.6,19.8,43.5,855.0,2.1
2807909016,2016,45.0,20.4,44.6,842.0,2.1
2807909016,2017,45.4,21.4,44.0,842.0,2.1
2807909016,2018,44.9,21.6,44.7,844.0,2.1
2807909016,2019,44.1,21.2,44.5,871.0,2.1
2807909016,2020,43.9,21.4,43.5,845.0,2.0
2807909016,2021,44.1,21.4,45.7,851.0,2.0
2807909016,2022,43.9,20.7,44.9,856.0,2.0
2807909017,2015,46.5,26.0,42.1,1135.0,2.2
2807909017,2016,46.4,25.1,42.3,1152.0,2.2
2807909017,2017,47.5,26.8,41.2,1124.0,2.2
2807909017,2018,47.4,27.2,42.7,1108.0,2.2
2807909017,2019,46.5,26.0,40.9,1133.0,2.2
2807909017,2020,46.2,25.5,41.9,1129.0,2.2
2807909017,2021,46.8,26.2,42.6,1078.0,2.1
2807909017,2022,46.7,25.6,45.8,1077.0,2.1
2807909018,2015,47.5,25.8,33.0,1342.0,2.5
2807909018,2016,47.3,25.1,32.8,1334.0,2.5
2807909018,2017,47.3,26.5,33.7,1330.0,2.5
2807909018,2018,47.1,25.6,33.3,1362.0,2.5
2807909018,2019,46.7,24.6,30.5,1386.0,2.5
2807909018,2020,46.5,24.5,32.0,1359.0,2.5
2807909018,2021,46.2,24.2,33.8,1384.0,2.5
2807909018,2022,46.2,24.1,32.9,1398.0,2.5
2807909019,2015,49.1,30.3,34.5,1357.0,2.4
2807909019,2016,49.0,30.5,33.7,1353.0,2.3
2807909019,2017,49.3,30.7,32.7,1344.0,2.4
2807909019,2018,49.3,30.8,33.3,1362.0,2.4
2807909019,2019,48.8,30.0,32.2,1400.0,2.4
2807909019,2020,48.7,29.5,32.2,1399.0,2.4
2807909019,2021,48.8,29.7,32.1,1366.0,2.4
2807909019,2022,49.3,30.2,31.3,1375.0,2.4
2807909020,2015,47.2,26.0,36.5,897.0,2.3
2807909020,2016,47.0,26.4,38.3,914.0,2.3
2807909020,2017,47.0,26.7,38.0,915.0,2.3
2807909020,2018,47.1,26.1,38.2,921.0,2.3
2807909020,2019,47.1,26.1,38.4,899.0,2.3
2807909020,2020,47.9,26.7,40.8,887.0,2.2
2807909020,2021,47.4,25.6,39.1,910.0,2.3
2807909020,2022,47.4,26.4,38.5,903.0,2.3
2807909021,2015,46.2,25.2,30.5,1017.0,2.5
2807909021,2016,46.8,25.8,29.9,1006.0,2.5
2807909021,2017,47.4,27.4,31.9,997.0,2.4
2807909021,2018,48.1,28.6,31.2,993.0,2.4
2807909021,2019,48.0,28.6,26.9,1026.0,2.5
2807909021,2020,48.4,29.2,29.7,997.0,2.4
2807909021,2021,47.7,28.4,31.1,1040.0,2.4
2807909021,2022,48.0,28.7,32.9,1016.0,2.3
2807909022,2015,47.3,26.4,39.6,1078.0,2.2
2807909022,2016,47.3,26.7,37.5,1066.0,2.2
2807909022,2017,47.2,26.2,37.8,1119.0,2.3
2807909022,2018,47.1,26.2,38.7,1090.0,2.2
2807909022,2019,47.0,25.4,39.0,1099.0,2.2
2807909022,2020,47.2,25.6,40.2,1061.0,2.2
2807909022,2021,47.3,25.5,40.7,1084.0,2.2
2807909022,2022,46.6,25.6,42.0,1092.0,2.2
2807909023,2015,45.3,22.0,39.9,1693.0,2.3
2807909023,2016,45.5,22.2,38.5,1663.0,2.3
2807909023,2017,45.1,21.9,39.9,1672.0,2.3
2807909023,2018,44.7,21.5,40.1,1701.0,2.3
2807909023,2019,43.8,20.3,37.3,1749.0,2.4
2807909023,2020,44.4,20.9,39.2,1655.0,2.3
2807909023,2021,44.6,21.9,39.1,1694.0,2.3
2807909023,2022,43.7,21.0,39.3,1747.0,2.3
2807909024,2015,46.3,25.0,34.7,679.0,2.3
2807909024,2016,46.4,24.7,34.4,676.0,2.3
2807909024,2017,46.4,24.3,33.1,686.0,2.4
2807909024,2018,45.7,23.5,35.9,716.0,2.4
2807909024,2019,45.0,23.2,37.0,749.0,2.4
2807909024,2020,45.0,23.4,35.6,745.0,2.4
2807909024,2021,45.0,24.2,37.6,714.0,2.4
2807909024,2022,44.6,23.7,36.5,722.0,2.5
2807909025,2015,44.5,22.6,31.8,917.0,2.5
2807909025,2016,44.7,23.4,35.3,901.0,2.5
2807909025,2017,44.9,22.9,36.0,918.0,2.5
2807909025,2018,44.5,22.1,33.9,946.0,2.5
2807909025,2019,45.3,23.4,33.5,936.0,2.5
2807909025,2020,45.5,23.3,34.5,933.0,2.5
2807909025,2021,45.5,21.9,31.4,926.0,2.5
2807909025,2022,45.9,22.6,31.7,933.0,2.5
2807909026,2015,43.3,19.6,35.8,1269.0,2.4
2807909026,2016,43.7,20.4,34.3,1261.0,2.4
2807909026,2017,43.5,20.3,35.3,1272.0,2.4
2807909026,2018,43.5,20.1,36.1,1244.0,2.3
2807909026,2019,42.9,18.9,36.2,1307.0,2.4
2807909026,2020,43.3,19.5,38.7,1236.0,2.3
2807909026,2021,43.7,19.6,36.1,1226.0,2.3
2807909026,2022,43.4,19.3,40.0,1237.0,2.3
2807909028,2015,50.3,32.3,36.4,1525.0,2.2
2807909028,2016,49.9,31.3,36.2,1491.0,2.2
2807909028,2017,49.3,29.7,35.8,1507.0,2.3
2807909028,2018,49.3,28.9,35.6,1524.0,2.3
2807909028,2019,49.2,29.3,36.4,1527.0,2.2
2807909028,2020,48.9,28.7,37.0,1510.0,2.2
2807909028,2021,48.5,28.2,37.8,1491.0,2.2
2807909028,2022,48.0,27.5,37.1,1530.0,2.2
2807909029,2015,46.6,23.5,37.0,941.0,2.4
2807909029,2016,46.4,23.7,36.6,955.0,2.4
2807909029,2017,45.4,22.6,32.9,987.0,2.5
2807909029,2018,45.1,23.3,29.9,985.0,2.6
2807909029,2019,44.9,23.4,28.1,971.0,2.7
2807909029,2020,44.9,23.8,26.2,971.0,2.7
2807909029,2021,45.2,25.1,26.4,970.0,2.7
2807909029,2022,45.1,25.2,26.9,981.0,2.6
2807909030,2015,47.5,25.7,32.0,1153.0,2.5
2807909030,2016,47.3,26.0,28.9,1175.0,2.6
2807909030,2017,47.5,26.5,29.8,1138.0,2.5
2807909030,2018,47.2,25.5,29.6,1163.0,2.6
2807909030,2019,47.4,26.6,30.2,1169.0,2.6
2807909030,2020,47.8,27.4,30.3,1159.0,2.6
2807909030,2021,47.6,27.1,30.6,1193.0,2.6
2807909030,2022,47.5,27.3,30.4,1194.0,2.6
2807909031,2015,50.8,28.8,28.6,645.0,2.5
2807909031,2016,51.5,30.4,29.2,624.0,2.4
2807909031,2017,51.6,32.0,29.3,609.0,2.4
2807909031,2018,52.1,31.9,33.3,595.0,2.3
2807909031,2019,52.2,31.6,33.3,589.0,2.3
2807909031,2020,51.7,30.8,32.6,598.0,2.3
2807909031,2021,50.1,30.3,31.4,610.0,2.4
2807909031,2022,49.3,30.4,31.5,626.0,2.3
2807909033,2015,45.2,22.8,30.7,1068.0,2.5
2807909033,2016,45.4,23.6,30.4,1056.0,2.5
2807909033,2017,46.3,26.3,30.4,1077.0,2.5
2807909033,2018,46.7,26.8,28.6,1106.0,2.6
2807909033,2019,47.5,27.5,31.6,1055.0,2.5
2807909033,2020,48.2,28.2,30.2,1017.0,2.5
2807909033,2021,49.3,30.7,30.0,962.0,2.4
2807909033,2022,49.3,31.7,32.9,982.0,2.4
2807909034,2015,46.4,27.2,31.6,1483.0,2.5
2807909034,2016,46.0,26.3,31.6,1532.0,2.5
2807909034,2017,46.6,26.9,34.4,1508.0,2.4
2807909034,2018,47.0,28.2,33.6,1519.0,2.5
2807909034,2019,46.6,27.0,33.7,1546.0,2.4
2807909034,2020,46.4,26.4,33.1,1528.0,2.5
2807909034,2021,46.4,26.5,32.8,1527.0,2.4
2807909034,2022,45.5,24.6,32.8,1595.0,2.5
2807909035,2015,50.5,32.6,30.1,791.0,2.4
2807909035,2016,50.8,32.4,30.7,781.0,2.4
2807909035,2017,50.0,31.7,30.8,813.0,2.4
2807909035,2018,49.5,31.6,30.3,841.0,2.5
2807909035,2019,49.2,31.0,33.1,840.0,2.4
2807909035,2020,49.1,31.0,31.7,832.0,2.4
2807909035,2021,48.2,30.3,30.5,847.0,2.5
2807909035,2022,48.2,30.8,31.2,850.0,2.5
2807909036,2015,45.8,24.6,36.1,1046.0,2.2
2807909036,2016,46.2,25.5,37.1,1024.0,2.2
2807909036,2017,45.7,24.8,37.4,1036.0,2.2
2807909036,2018,45.0,24.3,36.4,1055.0,2.3
2807909036,2019,44.3,22.9,35.0,1088.0,2.3
2807909036,2020,44.2,23.4,35.8,1079.0,2.3
2807909036,2021,44.2,23.3,36.8,1066.0,2.3
2807909036,2022,44.1,23.0,37.6,1072.0,2.3
2807909037,2015,43.8,20.6,35.1,2176.0,2.3
2807909037,2016,43.9,21.0,34.7,2176.0,2.3
2807909037,2017,44.1,20.6,35.8,2214.0,2.3
2807909037,2018,43.9,20.8,35.0,2253.0,2.4
2807909037,2019,43.9,21.1,35.1,2260.0,2.4
2807909037,2020,44.2,21.5,36.9,2231.0,2.3
2807909037,2021,44.3,21.9,36.6,2257.0,2.4
2807909037,2022,44.1,22.0,38.1,2241.0,2.3
2807909038,2015,48.3,28.1,29.6,1208.0,2.4
2807909038,2016,48.9,30.5,29.9,1190.0,2.4
2807909038,2017,49.3,31.5,28.5,1194.0,2.4
2807909038,2018,49.0,31.6,27.1,1220.0,2.5
2807909038,2019,49.0,31.8,27.3,1208.0,2.4
2807909038,2020,49.3,32.0,28.4,1207.0,2.4
2807909038,2021,49.6,33.7,31.3,1156.0,2.4
2807909038,2022,50.3,35.5,31.6,1141.0,2.3
2807909039,2015,47.8,28.4,34.8,1109.0,2.3
2807909039,2016,47.8,28.3,34.9,1108.0,2.3
2807909039,2017,48.1,28.4,36.3,1096.0,2.2
2807909039,2018,48.0,28.0,36.2,1115.0,2.2
2807909039,2019,48.6,28.4,36.4,1122.0,2.2
2807909039,2020,48.5,28.4,36.7,1109.0,2.2
2807909039,2021,48.8,30.0,35.1,1120.0,2.2
2807909039,2022,48.6,29.8,35.9,1126.0,2.2
2807909040,2015,47.2,28.7,39.1,826.0,2.2
2807909040,2016,47.2,28.1,38.7,829.0,2.2
2807909040,2017,47.2,27.6,40.1,841.0,2.2
2807909040,2018,47.2,27.2,39.0,845.0,2.2
2807909040,2019,47.3,26.2,37.8,881.0,2.2
2807909040,2020,46.9,25.5,37.2,872.0,2.3
2807909040,2021,47.3,26.0,38.4,862.0,2.2
2807909040,2022,47.1,25.7,39.0,864.0,2.2
2807909041,2015,43.0,19.9,20.6,1538.0,3.1
2807909041,2016,43.5,21.1,20.4,1534.0,3.1
2807909041,2017,43.5,20.9,21.3,1561.0,3.1
2807909041,2018,43.3,20.5,21.9,1576.0,3.1
2807909041,2019,44.0,21.0,22.6,1564.0,3.0
2807909041,2020,43.6,21.1,22.1,1569.0,3.0
2807909041,2021,43.5,21.2,19.9,1643.0,3.0
2807909041,2022,43.4,20.4,21.3,1660.0,2.9
2807909043,2015,41.2,19.7,24.3,1830.0,3.0
2807909043,2016,41.5,20.5,23.6,1788.0,2.9
2807909043,2017,42.5,21.6,23.2,1802.0,2.9
2807909043,2018,43.0,22.2,24.3,1814.0,2.9
2807909043,2019,43.0,22.0,25.1,1821.0,2.9
2807909043,2020,43.4,22.3,25.2,1774.0,2.9
2807909043,2021,43.0,21.7,24.3,1887.0,2.9
2807909043,2022,42.4,21.1,25.0,1976.0,3.0
2807909044,2015,46.3,30.1,25.2,1103.0,2.7
2807909044,2016,46.6,30.4,24.4,1095.0,2.7
2807909044,2017,45.6,29.2,24.3,1134.0,2.8
2807909044,2018,45.2,28.7,23.7,1160.0,2.8
2807909044,2019,44.9,27.4,23.6,1166.0,2.8
2807909044,2020,45.5,28.8,23.2,1166.0,2.8
2807909044,2021,45.9,28.3,24.9,1157.0,2.7
2807909044,2022,45.8,27.3,26.8,1175.0,2.7
2807909045,2015,42.3,21.5,26.4,1029.0,2.9
2807909045,2016,41.7,20.3,25.1,1049.0,3.0
2807909045,2017,41.9,21.5,24.4,1032.0,3.0
2807909045,2018,42.1,21.9,26.0,1022.0,2.9
2807909045,2019,43.3,22.9,25.2,1021.0,2.9
2807909045,2020,42.8,23.1,23.4,1041.0,2.9
2807909045,2021,42.4,22.5,24.2,1044.0,2.9
2807909045,2022,42.1,22.3,26.2,1068.0,2.9
2807909046,2015,41.9,20.0,28.6,1582.0,2.5
2807909046,2016,42.5,21.3,27.5,1578.0,2.5
2807909046,2017,42.4,21.1,26.6,1605.0,2.5
2807909046,2018,43.0,22.1,27.1,1619.0,2.5
2807909046,2019,42.6,21.8,26.9,1704.0,2.5
2807909046,2020,43.0,22.3,27.0,1705.0,2.5
2807909046,2021,43.7,23.5,28.4,1701.0,2.4
2807909046,2022,43.8,23.5,29.7,1781.0,2.5
2807909047,2015,44.7,23.1,26.6,1336.0,2.5
2807909047,2016,44.6,23.4,25.9,1327.0,2.5
2807909047,2017,44.7,24.0,26.2,1347.0,2.6
2807909047,2018,44.8,24.4,27.4,1326.0,2.5
2807909047,2019,44.4,23.9,26.0,1434.0,2.6
2807909047,2020,45.1,24.9,25.1,1398.0,2.5
2807909047,2021,45.1,24.4,25.5,1436.0,2.6
2807909047,2022,45.0,25.4,24.8,1476.0,2.6
2807909049,2015,44.5,25.5,30.7,1087.0,2.4
2807909049,2016,45.2,26.2,31.6,1086.0,2.3
2807909049,2017,45.0,26.0,30.5,1103.0,2.4
2807909049,2018,45.8,27.1,29.6,1122.0,2.4
2807909049,2019,45.6,27.2,29.0,1147.0,2.5
2807909049,2020,45.4,27.1,30.5,1123.0,2.4
2807909049,2021,45.4,27.1,30.5,1143.0,2.4
2807909049,2022,45.7,27.6,30.3,1152.0,2.4
2807909050,2015,44.2,24.8,29.9,876.0,2.5
2807909050,2016,45.0,26.6,29.2,854.0,2.4
2807909050,2017,45.5,27.3,30.8,839.0,2.4
2807909050,2018,45.7,26.8,29.2,831.0,2.4
2807909050,2019,45.9,26.6,26.5,838.0,2.4
2807909050,2020,46.7,28.4,28.7,813.0,2.4
2807909050,2021,47.4,29.3,31.7,788.0,2.3
2807909050,2022,46.6,28.8,30.6,824.0,2.4
2807909051,2015,46.3,22.3,26.6,1326.0,2.5
2807909051,2016,46.6,23.6,26.8,1335.0,2.5
2807909051,2017,47.1,25.5,28.4,1326.0,2.4
2807909051,2018,47.1,27.4,29.3,1345.0,2.4
2807909051,2019,47.9,28.4,30.4,1319.0,2.4
2807909051,2020,48.7,30.8,32.2,1279.0,2.3
2807909051,2021,49.1,31.9,30.8,1261.0,2.3
2807909051,2022,49.2,32.3,31.7,1265.0,2.3
2807909052,2015,45.3,23.7,26.8,1974.0,2.5
2807909052,2016,46.0,25.4,26.1,1948.0,2.5
2807909052,2017,46.3,26.8,26.3,1945.0,2.4
2807909052,2018,46.5,27.8,25.7,1926.0,2.4
2807909052,2019,46.8,28.8,25.2,1940.0,2.5
2807909052,2020,47.0,30.1,27.5,1886.0,2.4
2807909052,2021,47.5,31.2,28.9,1875.0,2.4
2807909052,2022,47.7,31.8,29.4,1847.0,2.3
2807909053,2015,40.4,13.2,31.7,899.0,2.4
2807909053,2016,41.1,14.0,33.4,883.0,2.4
2807909053,2017,41.7,13.6,32.1,891.0,2.4
2807909053,2018,42.3,13.4,33.4,876.0,2.4
2807909053,2019,42.7,13.8,33.3,884.0,2.4
2807909053,2020,43.5,14.7,35.2,849.0,2.4
2807909053,2021,43.2,14.2,32.3,868.0,2.4
2807909053,2022,43.3,14.8,31.3,877.0,2.4
2807909054,2015,47.9,29.2,32.3,1265.0,2.3
2807909054,2016,47.9,28.7,32.6,1261.0,2.3
2807909054,2017,48.0,28.5,33.2,1272.0,2.3
2807909054,2018,48.3,28.6,32.5,1269.0,2.3
2807909054,2019,48.0,27.7,30.8,1306.0,2.4
2807909054,2020,48.3,27.9,31.7,1270.0,2.3
2807909054,2021,48.2,27.2,35.5,1248.0,2.3
2807909054,2022,47.2,25.0,33.8,1302.0,2.4
2807909055,2015,47.5,29.1,23.5,1728.0,2.6
2807909055,2016,48.0,30.2,25.2,1694.0,2.6
2807909055,2017,48.3,31.2,24.5,1701.0,2.6
2807909055,2018,48.4,31.6,25.1,1727.0,2.6
2807909055,2019,49.0,33.1,25.0,1724.0,2.6
2807909055,2020,49.5,34.9,25.6,1677.0,2.5
2807909055,2021,50.2,35.9,25.8,1620.0,2.4
2807909055,2022,50.6,36.3,26.3,1638.0,2.4
2807909056,2015,45.7,24.3,24.4,2063.0,2.6
2807909056,2016,46.1,25.3,26.4,2071.0,2.6
2807909056,2017,46.4,26.2,27.1,2081.0,2.6
2807909056,2018,47.0,27.9,26.8,2076.0,2.5
2807909056,2019,47.2,29.1,28.9,2061.0,2.5
2807909056,2020,47.9,30.1,29.5,2026.0,2.4
2807909056,2021,48.1,31.1,29.3,2030.0,2.5
2807909056,2022,48.2,31.0,29.8,2047.0,2.4
2807909057,2015,49.0,31.2,31.5,856.0,2.3
2807909057,2016,48.9,30.7,33.7,847.0,2.2
2807909057,2017,49.1,29.6,33.2,851.0,2.2
2807909057,2018,49.1,28.8,31.1,865.0,2.3
2807909057,2019,48.4,28.2,32.7,883.0,2.3
2807909057,2020,49.1,28.2,34.6,866.0,2.2
2807909057,2021,48.5,27.0,35.3,878.0,2.3
2807909057,2022,48.5,27.0,35.3,866.0,2.2
2807909058,2015,49.5,35.2,32.6,879.0,2.3
2807909058,2016,49.5,34.3,33.1,865.0,2.3
2807909058,2017,49.7,32.9,33.5,882.0,2.3
2807909058,2018,48.6,30.8,33.9,902.0,2.4
2807909058,2019,48.5,30.0,35.4,914.0,2.3
2807909058,2020,48.7,28.5,36.2,885.0,2.3
2807909058,2021,48.6,28.3,39.1,895.0,2.2
2807909058,2022,47.8,26.3,39.4,937.0,2.3
2807909060,2015,47.8,28.3,33.4,1516.0,2.3
2807909060,2016,48.2,28.4,32.7,1505.0,2.3
2807909060,2017,47.9,27.3,34.3,1521.0,2.3
2807909060,2018,47.7,26.5,35.1,1519.0,2.3
2807909060,2019,47.0,25.5,34.2,1563.0,2.4
2807909060,2020,47.5,25.5,35.7,1554.0,2.3
2807909060,2021,48.4,26.3,36.6,1504.0,2.3
2807909060,2022,48.8,26.7,37.5,1504.0,2.2
2807909061,2015,48.4,28.7,29.6,942.0,2.5
2807909061,2016,48.5,28.1,31.7,916.0,2.4
2807909061,2017,47.1,26.3,31.8,957.0,2.5
2807909061,2018,45.9,23.8,32.9,974.0,2.6
2807909061,2019,45.1,22.7,34.0,956.0,2.5
2807909061,2020,45.3,22.6,33.1,940.0,2.5
2807909061,2021,45.2,22.2,35.3,884.0,2.4
2807909061,2022,43.6,20.5,34.5,925.0,2.5
2807909063,2015,45.6,23.8,28.7,1359.0,2.5
2807909063,2016,46.2,24.4,29.1,1332.0,2.5
2807909063,2017,45.7,24.0,27.5,1373.0,2.5
2807909063,2018,45.3,23.2,29.1,1417.0,2.5
2807909063,2019,45.7,23.8,29.3,1418.0,2.5
2807909063,2020,45.8,24.2,31.4,1406.0,2.4
2807909063,2021,46.0,23.9,31.9,1374.0,2.4
2807909063,2022,45.6,23.3,29.6,1458.0,2.5
2807909064,2015,46.5,26.0,31.5,1524.0,2.5
2807909064,2016,46.5,25.4,31.1,1491.0,2.5
2807909064,2017,46.2,25.0,31.5,1482.0,2.5
2807909064,2018,46.2,23.8,31.4,1483.0,2.5
2807909064,2019,46.3,22.8,31.2,1498.0,2.5
2807909064,2020,45.7,22.0,32.6,1490.0,2.5
2807909064,2021,45.5,21.5,32.0,1508.0,2.5
2807909064,2022,44.2,20.4,30.7,1565.0,2.6
2807909065,2015,44.2,23.2,33.3,1191.0,2.4
2807909065,2016,44.5,22.8,33.1,1162.0,2.3
2807909065,2017,44.3,22.0,33.2,1195.0,2.3
2807909065,2018,44.4,21.5,32.9,1204.0,2.4
2807909065,2019,43.9,19.9,34.4,1270.0,2.4
2807909065,2020,43.7,19.4,34.5,1261.0,2.4
2807909065,2021,43.7,19.1,36.2,1247.0,2.4
2807909065,2022,43.5,18.3,38.0,1271.0,2.3
2807909066,2015,45.9,24.6,28.6,786.0,2.5
2807909066,2016,46.0,24.5,30.3,774.0,2.4
2807909066,2017,45.6,24.3,30.5,800.0,2.4
2807909066,2018,45.7,23.7,30.6,795.0,2.4
2807909066,2019,45.5,22.9,31.9,822.0,2.4
2807909066,2020,45.5,22.2,32.5,819.0,2.4
2807909066,2021,44.8,20.8,34.1,831.0,2.4
2807909066,2022,44.5,20.5,35.3,863.0,2.5
2807909067,2015,44.7,22.5,35.7,815.0,2.4
2807909067,2016,44.7,22.5,36.8,806.0,2.3
2807909067,2017,44.8,22.0,35.8,830.0,2.4
2807909067,2018,45.1,22.0,36.5,799.0,2.3
2807909067,2019,44.7,20.9,37.0,833.0,2.3
2807909067,2020,44.7,20.2,37.0,817.0,2.3
2807909067,2021,45.5,20.9,39.0,794.0,2.3
2807909067,2022,45.2,19.8,35.9,820.0,2.3
2807909068,2015,48.6,29.2,40.2,956.0,2.2
2807909068,2016,48.7,29.3,42.1,937.0,2.1
2807909068,2017,48.2,28.9,43.0,932.0,2.1
2807909068,2018,47.5,28.4,41.3,955.0,2.2
2807909068,2019,46.9,26.4,39.4,1037.0,2.2
2807909068,2020,47.3,26.3,41.6,1007.0,2.1
2807909068,2021,46.5,25.9,42.8,1004.0,2.2
2807909068,2022,45.7,24.9,43.1,1019.0,2.2
2807909069,2015,44.8,23.2,31.5,819.0,2.6
2807909069,2016,45.4,24.0,30.2,787.0,2.5
2807909069,2017,44.5,22.8,29.7,808.0,2.6
2807909069,2018,45.2,24.0,28.3,782.0,2.6
2807909069,2019,46.1,24.1,31.1,772.0,2.4
2807909069,2020,46.2,23.6,33.4,745.0,2.4
2807909069,2021,46.1,23.8,33.2,740.0,2.3
2807909069,2022,45.6,22.6,34.8,782.0,2.4
2807909070,2015,54.8,42.2,32.7,739.0,2.1
2807909070,2016,54.2,39.9,35.9,740.0,2.1
2807909070,2017,53.8,38.7,36.4,723.0,2.1
2807909070,2018,52.3,35.2,36.8,751.0,2.2
2807909070,2019,47.7,27.8,33.7,925.0,2.3
2807909070,2020,46.3,25.7,35.2,983.0,2.3
2807909070,2021,45.9,24.4,34.8,993.0,2.3
2807909070,2022,43.3,19.7,35.7,1233.0,2.3
2807909071,2015,33.6,7.7,14.3,2824.0,3.4
2807909071,2016,33.9,7.9,13.7,2843.0,3.4
2807909071,2017,34.4,8.5,13.1,2879.0,3.4
2807909071,2018,35.1,9.5,13.4,2862.0,3.4
2807909071,2019,35.7,9.6,14.1,2895.0,3.4
2807909071,2020,36.2,10.3,15.2,2874.0,3.7
2807909071,2021,36.6,10.9,14.6,2986.0,3.7
2807909071,2022,38.8,14.2,16.0,1486.0,3.6
2807909072,2015,41.3,18.2,18.4,2531.0,3.1
2807909072,2016,40.9,18.4,16.4,2665.0,3.2
2807909072,2017,41.2,19.3,18.0,2667.0,3.2
2807909072,2018,41.3,18.8,17.6,2750.0,3.2
2807909072,2019,42.0,19.4,18.1,2736.0,3.2
2807909072,2020,41.9,18.9,18.5,2848.0,3.2
2807909072,2021,41.7,19.1,17.9,2959.0,3.2
2807909072,2022,40.1,18.2,22.8,1553.0,3.0
2807909073,2015,33.9,10.0,12.6,1833.0,3.4
2807909073,2016,33.6,8.9,12.7,2113.0,3.4
2807909073,2017,33.0,8.4,12.6,2482.0,3.4
2807909073,2018,32.8,7.9,11.5,2808.0,3.4
2807909073,2019,32.9,7.9,10.6,2966.0,3.4
2807909073,2020,33.0,7.8,11.2,3127.0,3.7
2807909073,2021,33.5,7.9,12.3,3173.0,3.7
2807909073,2022,38.6,13.3,11.4,1342.0,3.7
2807909074,2015,42.4,20.3,30.3,1570.0,2.7
2807909074,2016,42.7,20.8,31.8,1501.0,2.6
2807909074,2017,42.9,21.4,33.9,1489.0,2.5
2807909074,2018,43.6,22.1,33.8,1459.0,2.5
2807909074,2019,44.0,22.0,32.4,1497.0,2.5
2807909074,2020,44.3,22.2,31.1,1510.0,2.6
2807909074,2021,45.2,22.8,33.0,1463.0,2.4
2807909074,2022,45.2,22.8,32.8,1480.0,2.5
2807909075,2015,40.9,17.7,25.5,2272.0,3.0
2807909075,2016,40.9,17.7,25.8,2300.0,3.0
2807909075,2017,40.3,16.9,25.1,2415.0,3.1
2807909075,2018,40.1,16.3,23.7,2497.0,3.1
2807909075,2019,40.6,16.6,23.9,2520.0,3.1
2807909075,2020,40.6,16.6,25.5,2535.0,3.1
2807909075,2021,40.9,16.6,25.9,2583.0,3.1
2807909075,2022,41.2,17.3,26.2,2555.0,3.0
2807909076,2015,43.5,19.8,29.5,1073.0,2.7
2807909076,2016,43.9,21.0,28.7,1041.0,2.6
2807909076,2017,44.5,20.8,31.3,1033.0,2.6
2807909076,2018,43.7,18.8,32.8,1071.0,2.6
2807909076,2019,43.6,18.8,28.8,1088.0,2.7
2807909076,2020,44.4,19.7,30.0,1029.0,2.6
2807909076,2021,44.6,19.8,32.8,1007.0,2.5
2807909076,2022,44.3,19.9,32.2,1015.0,2.5
2807909077,2015,42.3,20.5,33.8,1122.0,2.6
2807909077,2016,43.6,21.5,33.6,1084.0,2.5
2807909077,2017,43.9,22.1,34.5,1091.0,2.5
2807909077,2018,44.4,22.8,33.1,1070.0,2.5
2807909077,2019,43.7,21.7,32.3,1127.0,2.5
2807909077,2020,43.9,21.8,33.9,1113.0,2.5
2807909077,2021,43.8,21.9,33.6,1112.0,2.5
2807909077,2022,43.6,22.0,34.7,1135.0,2.5
2807909078,2015,37.7,13.6,12.4,1910.0,3.4
2807909078,2016,37.9,13.6,11.3,1883.0,3.4
2807909078,2017,37.8,13.9,10.5,1957.0,3.4
2807909078,2018,38.0,14.4,10.5,2032.0,3.4
2807909078,2019,38.1,13.8,10.7,2063.0,3.4
2807909078,2020,38.0,13.6,12.6,2064.0,4.0
2807909078,2021,38.5,14.6,12.5,2038.0,4.0
2807909078,2022,38.4,14.4,12.7,2102.0,4.0
2807909079,2015,46.6,22.4,14.1,2041.0,2.8
2807909079,2016,47.5,25.4,15.8,2023.0,2.8
2807909079,2017,48.3,28.3,15.3,2002.0,2.7
2807909079,2018,49.2,32.1,15.2,1990.0,2.7
2807909079,2019,49.9,34.1,15.3,1960.0,2.7
2807909079,2020,50.3,36.8,15.7,1944.0,2.7
2807909079,2021,51.0,39.0,16.2,1919.0,2.6
2807909079,2022,51.6,42.4,18.4,1877.0,2.6
2807909080,2015,36.3,10.2,17.4,2830.0,3.1
2807909080,2016,36.7,10.5,16.0,2796.0,3.1
2807909080,2017,37.2,11.9,16.9,1742.0,3.0
2807909080,2018,38.2,13.1,16.6,1717.0,3.0
2807909080,2019,38.6,13.4,15.6,1733.0,3.0
2807909080,2020,39.5,14.3,16.8,1704.0,3.0
2807909080,2021,40.4,15.0,18.2,1686.0,2.9
2807909080,2022,40.9,16.0,20.2,1664.0,2.8
2807909081,2015,46.6,24.7,27.6,853.0,2.6
2807909081,2016,46.2,25.4,29.3,859.0,2.5
2807909081,2017,46.5,26.0,29.7,853.0,2.5
2807909081,2018,47.0,27.6,28.6,834.0,2.5
2807909081,2019,46.5,27.6,25.2,881.0,2.6
2807909081,2020,47.5,29.8,29.2,845.0,2.5
2807909081,2021,47.7,30.3,29.4,856.0,2.5
2807909081,2022,48.3,30.3,27.5,864.0,2.5
2807909082,2015,45.8,27.3,24.5,840.0,2.4
2807909082,2016,46.6,28.3,22.4,835.0,2.5
2807909082,2017,47.4,28.9,24.3,838.0,2.4
2807909082,2018,47.1,29.0,25.1,869.0,2.5
2807909082,2019,48.0,30.6,25.7,851.0,2.4
2807909082,2020,48.6,32.3,27.7,823.0,2.4
2807909082,2021,48.5,32.0,26.6,834.0,2.4
2807909082,2022,49.2,32.1,28.1,826.0,2.4
2807909083,2015,32.9,6.1,19.7,2842.0,3.0
2807909083,2016,33.5,6.6,19.1,2930.0,3.0
2807909083,2017,34.1,6.9,19.1,2968.0,2.9
2807909083,2018,34.9,7.1,18.9,2970.0,2.9
2807909083,2019,35.5,7.7,19.4,3055.0,2.9
2807909083,2020,36.2,8.2,21.2,2953.0,2.9
2807909083,2021,36.8,8.8,22.6,2918.0,2.8
2807909083,2022,36.0,8.5,20.3,1403.0,3.0
2807909084,2015,48.3,28.6,40.2,896.0,2.1
2807909084,2016,49.0,29.9,42.2,860.0,2.0
2807909084,2017,48.0,28.3,39.4,883.0,2.1
2807909084,2018,48.0,28.1,37.7,910.0,2.1
2807909084,2019,48.0,28.2,38.4,915.0,2.1
2807909084,2020,48.6,28.8,38.0,894.0,2.1
2807909084,2021,49.2,30.7,41.2,872.0,2.0
2807909084,2022,48.5,30.1,41.1,881.0,2.0
2807909085,2015,38.0,8.2,10.5,1574.0,3.3
2807909085,2016,38.0,9.3,9.9,1578.0,3.3
2807909085,2017,38.4,10.2,9.4,1584.0,3.4
2807909085,2018,38.7,11.0,8.9,1608.0,3.3
2807909085,2019,39.2,12.3,10.3,1616.0,3.3
2807909085,2020,40.2,13.3,12.5,1559.0,3.2
2807909085,2021,40.8,14.7,13.3,1549.0,3.1
2807909085,2022,41.5,15.9,13.7,1543.0,3.1
2807909086,2015,33.6,8.3,19.7,1600.0,3.4
2807909086,2016,34.4,9.4,19.1,1641.0,3.4
2807909086,2017,34.2,9.2,18.5,1707.0,3.4
2807909086,2018,33.9,8.8,18.9,1877.0,3.4
2807909086,2019,34.4,9.2,20.2,1975.0,3.4
2807909086,2020,34.9,9.5,19.5,1962.0,3.4
2807909086,2021,35.2,10.4,19.8,2009.0,3.5
2807909086,2022,35.5,10.5,21.8,2039.0,3.4
2807909087,2015,37.4,12.3,8.3,2044.0,3.4
2807909087,2016,37.9,12.9,9.0,2006.0,3.4
2807909087,2017,37.8,12.8,9.5,2031.0,3.4
2807909087,2018,38.4,13.1,8.6,2037.0,3.4
2807909087,2019,38.8,14.2,9.7,2049.0,3.4
2807909087,2020,39.0,15.0,8.7,2066.0,3.8
2807909087,2021,39.4,15.1,9.5,2112.0,3.9
2807909087,2022,39.4,15.3,10.0,2094.0,3.8
2807909088,2015,36.1,9.1,26.2,2395.0,2.6
2807909088,2016,36.9,9.6,26.2,2282.0,2.6
2807909088,2017,37.4,10.4,27.0,2234.0,2.7
2807909088,2018,37.8,11.0,26.7,2322.0,2.7
2807909088,2019,37.6,10.7,24.6,2479.0,2.7
2807909088,2020,38.2,11.2,24.4,2472.0,2.7
2807909088,2021,39.0,12.2,26.7,2403.0,2.6
2807909088,2022,39.1,12.7,28.0,2527.0,2.6
2807909089,2015,38.2,14.8,12.6,1572.0,3.4
2807909089,2016,39.0,15.3,13.3,1578.0,3.4
2807909089,2017,39.3,15.6,12.4,1592.0,3.4
2807909089,2018,39.4,15.2,11.7,1623.0,3.4
2807909089,2019,39.8,15.3,11.5,1639.0,3.4
2807909089,2020,40.1,15.1,11.2,1654.0,3.7
2807909089,2021,40.7,15.4,12.0,1654.0,3.7
2807909089,2022,41.4,16.2,13.9,1652.0,3.6
2807909090,2015,39.4,11.4,26.5,1814.0,2.6
2807909090,2016,39.6,11.6,26.3,1852.0,2.6
2807909090,2017,39.7,11.5,27.8,1943.0,2.6
2807909090,2018,39.9,11.7,26.9,2034.0,2.6
2807909090,2019,40.1,12.6,26.0,2093.0,2.5
2807909090,2020,40.1,13.1,25.7,2087.0,2.5
2807909090,2021,40.7,13.7,25.9,2093.0,2.5
2807909090,2022,41.2,14.4,25.6,2113.0,2.5
2807909091,2015,32.4,6.5,26.0,1545.0,2.9
2807909091,2016,33.3,7.3,28.3,1571.0,2.8
2807909091,2017,33.7,7.5,26.7,1636.0,2.9
2807909091,2018,33.4,7.1,24.6,1667.0,2.9
2807909091,2019,34.0,7.4,29.0,1723.0,2.8
2807909091,2020,34.5,7.4,28.5,1684.0,2.8
2807909091,2021,34.7,7.4,27.8,1752.0,2.8
2807909091,2022,35.0,7.3,32.2,1771.0,2.7
2807909092,2015,,,,,
2807909092,2016,,,,,
2807909092,2017,38.0,10.8,15.0,1042.0,3.3
2807909092,2018,38.9,12.3,16.0,1055.0,3.3
2807909092,2019,39.7,12.8,15.6,1054.0,3.2
2807909092,2020,39.8,12.4,16.1,1058.0,3.2
2807909092,2021,40.6,12.7,16.7,1048.0,3.1
2807909092,2022,40.9,13.2,17.5,1046.0,3.1
2807909093,2015,,,,,
2807909093,2016,,,,,
2807909093,2017,,,,,
2807909093,2018,,,,,
2807909093,2019,,,,,
2807909093,2020,,,,,
2807909093,2021,,,,,
2807909093,2022,43.1,21.2,17.2,1446.0,3.3
2807909094,2015,,,,,
2807909094,2016,,,,,
2807909094,2017,,,,,
2807909094,2018,,,,,
2807909094,2019,,,,,
2807909094,2020,,,,,
2807909094,2021,,,,,
2807909094,2022,39.6,11.4,23.8,1525.0,2.7
2807909095,2015,,,,,
2807909095,2016,,,,,
2807909095,2017,,,,,
2807909095,2018,,,,,
2807909095,2019,,,,,
2807909095,2020,,,,,
2807909095,2021,,,,,
2807909095,2022,49.1,28.7,40.1,1260.0,2.1
2807909096,2015,,,,,
2807909096,2016,,,,,
2807909096,2017,,,,,
2807909096,2018,,,,,
2807909096,2019,,,,,
2807909096,2020,,,,,
2807909096,2021,,,,,
2807909096,2022,30.6,5.0,15.3,1938.0,3.5
2807909097,2015,,,,,
2807909097,2016,,,,,
2807909097,2017,,,,,
2807909097,2018,,,,,
2807909097,2019,,,,,
2807909097,2020,,,,,
2807909097,2021,,,,,
2807909097,2022,35.5,9.7,14.9,1554.0,3.6
2807910001,2015,46.8,23.7,30.8,979.0,2.5
2807910001,2016,45.1,22.2,28.5,1029.0,2.6
2807910001,2017,45.4,21.9,30.3,1014.0,2.6
2807910001,2018,45.0,22.2,29.4,1028.0,2.6
2807910001,2019,44.5,20.7,29.0,1080.0,2.7
2807910001,2020,44.5,20.7,28.4,1063.0,2.7
2807910001,2021,44.1,20.0,28.4,1054.0,2.7
2807910001,2022,44.0,19.4,28.7,1052.0,2.7
2807910002,2015,38.9,14.0,16.4,928.0,3.2
2807910002,2016,39.3,14.3,16.9,915.0,3.1
2807910002,2017,38.8,14.1,15.3,974.0,3.2
2807910002,2018,38.8,13.5,17.9,984.0,3.3
2807910002,2019,38.1,13.2,18.5,1012.0,3.4
2807910002,2020,38.4,13.8,18.9,1001.0,3.3
2807910002,2021,38.9,14.1,18.9,966.0,3.3
2807910002,2022,39.2,14.3,19.9,970.0,3.2
2807910003,2015,40.3,15.5,18.3,862.0,3.2
2807910003,2016,40.6,14.6,19.5,870.0,3.1
2807910003,2017,39.9,14.3,19.8,890.0,3.1
2807910003,2018,39.7,15.1,19.7,894.0,3.1
2807910003,2019,39.8,14.6,18.4,904.0,3.1
2807910003,2020,40.1,15.2,22.0,874.0,3.0
2807910003,2021,39.3,14.8,19.4,891.0,3.1
2807910003,2022,39.4,15.3,18.4,897.0,3.1
2807910004,2015,45.8,23.4,35.1,749.0,2.5
2807910004,2016,45.5,22.4,31.8,745.0,2.5
2807910004,2017,46.3,22.3,30.1,753.0,2.5
2807910004,2018,45.0,20.2,32.2,757.0,2.5
2807910004,2019,44.2,18.8,29.6,799.0,2.6
2807910004,2020,43.1,17.5,31.7,808.0,2.7
2807910004,2021,43.5,17.7,33.8,784.0,2.6
2807910004,2022,42.6,16.4,35.2,788.0,2.6
2807910005,2015,44.9,21.2,26.8,1197.0,2.6
2807910005,2016,44.7,20.6,27.2,1244.0,2.6
2807910005,2017,44.4,19.3,27.1,1228.0,2.6
2807910005,2018,44.8,19.3,26.7,1218.0,2.6
2807910005,2019,44.1,18.6,25.5,1242.0,2.7
2807910005,2020,44.0,18.4,27.1,1230.0,2.6
2807910005,2021,43.4,17.9,27.0,1252.0,2.6
2807910005,2022,42.5,17.0,26.1,1341.0,2.8
2807910006,2015,38.5,10.0,27.1,2299.0,2.6
2807910006,2016,38.7,10.8,26.1,2365.0,2.6
2807910006,2017,39.3,11.0,26.1,2397.0,2.6
2807910006,2018,39.7,10.8,26.0,2442.0,2.6
2807910006,2019,40.0,11.1,26.7,2460.0,2.6
2807910006,2020,40.9,11.6,28.5,2388.0,2.5
2807910006,2021,40.7,12.2,27.5,2456.0,2.6
2807910006,2022,40.8,12.2,27.3,2506.0,2.6
2807910007,2015,41.9,18.8,31.3,1196.0,2.5
2807910007,2016,42.3,18.2,30.4,1217.0,2.5
2807910007,2017,41.9,17.5,31.2,1260.0,2.6
2807910007,2018,41.3,15.9,29.5,1324.0,2.7
2807910007,2019,41.0,14.9,29.9,1383.0,2.7
2807910007,2020,41.2,15.0,30.4,1368.0,2.7
2807910007,2021,41.3,14.7,30.5,1385.0,2.7
2807910007,2022,40.2,13.3,30.1,1470.0,2.8
2807910008,2015,41.5,17.3,28.0,946.0,2.7
2807910008,2016,41.1,16.8,27.2,965.0,2.7
2807910008,2017,41.3,16.0,29.0,962.0,2.6
2807910008,2018,41.2,15.6,27.9,1007.0,2.7
2807910008,2019,40.8,14.5,29.5,1065.0,2.7
2807910008,2020,41.6,14.2,32.2,1020.0,2.5
2807910008,2021,42.0,13.6,31.3,1019.0,2.6
2807910008,2022,41.5,14.2,29.1,1077.0,2.7
2807910009,2015,44.1,22.6,25.0,1130.0,2.6
2807910009,2016,44.4,23.0,23.7,1096.0,2.5
2807910009,2017,44.4,22.3,25.1,1113.0,2.5
2807910009,2018,44.1,21.5,27.4,1142.0,2.6
2807910009,2019,44.3,21.7,29.4,1114.0,2.5
2807910009,2020,44.5,21.2,28.4,1123.0,2.5
2807910009,2021,44.6,21.4,28.1,1125.0,2.6
2807910009,2022,44.0,21.1,28.9,1141.0,2.6
2807910010,2015,45.3,24.7,19.7,871.0,2.8
2807910010,2016,45.9,25.6,21.2,856.0,2.7
2807910010,2017,46.1,26.3,22.2,843.0,2.7
2807910010,2018,45.9,25.5,22.6,864.0,2.7
2807910010,2019,45.3,24.8,21.0,914.0,2.8
2807910010,2020,45.6,24.7,21.5,903.0,2.8
2807910010,2021,45.9,24.8,20.9,890.0,2.8
2807910010,2022,46.1,24.6,21.8,880.0,2.8
2807910011,2015,46.0,23.1,33.5,718.0,2.3
2807910011,2016,45.5,22.1,34.6,720.0,2.3
2807910011,2017,45.8,22.1,33.1,729.0,2.3
2807910011,2018,46.3,21.8,34.8,715.0,2.3
2807910011,2019,46.1,20.8,33.7,717.0,2.3
2807910011,2020,45.6,20.3,38.7,715.0,2.3
2807910011,2021,45.6,20.3,38.1,703.0,2.2
2807910011,2022,44.2,18.2,36.3,749.0,2.3
2807910012,2015,48.5,27.6,33.5,907.0,2.2
2807910012,2016,48.5,27.1,34.1,914.0,2.2
2807910012,2017,48.0,26.5,35.5,941.0,2.2
2807910012,2018,48.2,26.7,35.9,943.0,2.2
2807910012,2019,48.0,25.3,32.5,944.0,2.2
2807910012,2020,47.8,25.2,34.6,916.0,2.2
2807910012,2021,47.3,24.4,37.2,928.0,2.2
2807910012,2022,47.8,25.7,36.4,954.0,2.2
2807910013,2015,47.8,25.2,31.7,725.0,2.3
2807910013,2016,47.6,25.4,32.8,712.0,2.3
2807910013,2017,47.8,25.5,33.7,707.0,2.3
2807910013,2018,48.6,26.0,31.8,711.0,2.3
2807910013,2019,48.0,25.3,32.4,724.0,2.4
2807910013,2020,48.7,27.6,35.1,678.0,2.3
2807910013,2021,49.5,29.7,36.0,661.0,2.2
2807910013,2022,48.3,28.1,32.6,725.0,2.3
2807910014,2015,45.2,16.6,21.1,837.0,2.6
2807910014,2016,45.8,18.6,20.7,833.0,2.7
2807910014,2017,46.0,20.7,21.3,817.0,2.6
2807910014,2018,46.0,21.3,22.1,826.0,2.6
2807910014,2019,46.2,23.5,21.2,843.0,2.6
2807910014,2020,47.1,26.3,22.6,828.0,2.6
2807910014,2021,47.5,27.8,21.3,828.0,2.6
2807910014,2022,47.5,29.5,22.8,843.0,2.6
2807910015,2015,47.1,25.1,38.4,1250.0,2.3
2807910015,2016,47.1,25.0,38.3,1232.0,2.3
2807910015,2017,46.7,23.9,37.5,1251.0,2.3
2807910015,2018,46.5,22.8,37.0,1230.0,2.3
2807910015,2019,46.6,22.6,39.0,1199.0,2.3
2807910015,2020,46.6,21.9,39.6,1208.0,2.2
2807910015,2021,46.4,20.6,40.0,1209.0,2.2
2807910015,2022,45.9,19.5,38.7,1259.0,2.3
2807910016,2015,45.8,24.2,37.4,1239.0,2.3
2807910016,2016,45.8,23.8,38.2,1229.0,2.2
2807910016,2017,46.1,23.7,38.4,1212.0,2.2
2807910016,2018,46.6,23.8,37.8,1225.0,2.2
2807910016,2019,46.2,22.9,36.7,1262.0,2.2
2807910016,2020,46.2,22.6,38.8,1243.0,2.2
2807910016,2021,46.2,21.8,37.7,1217.0,2.2
2807910016,2022,45.5,21.0,38.0,1269.0,2.2
2807910017,2015,48.0,29.3,27.7,870.0,2.5
2807910017,2016,47.5,28.7,25.1,907.0,2.5
2807910017,2017,47.2,27.7,25.9,931.0,2.5
2807910017,2018,47.7,27.9,27.6,905.0,2.5
2807910017,2019,47.9,27.8,28.9,895.0,2.5
2807910017,2020,47.9,28.4,27.7,892.0,2.5
2807910017,2021,47.0,27.7,28.6,933.0,2.5
2807910017,2022,47.0,27.3,28.9,963.0,2.5
2807910018,2015,43.9,19.4,34.5,777.0,2.4
2807910018,2016,44.1,19.7,33.5,780.0,2.4
2807910018,2017,43.7,19.3,35.7,792.0,2.3
2807910018,2018,44.1,19.1,36.5,774.0,2.3
2807910018,2019,43.6,18.5,34.1,809.0,2.4
2807910018,2020,44.6,19.4,36.5,793.0,2.3
2807910018,2021,44.9,19.2,37.6,804.0,2.3
2807910018,2022,44.5,18.2,37.3,829.0,2.2
2807910020,2015,47.4,25.9,40.1,862.0,2.4
2807910020,2016,47.4,25.7,39.6,830.0,2.3
2807910020,2017,46.8,24.7,39.0,835.0,2.3
2807910020,2018,46.6,23.4,40.1,828.0,2.3
2807910020,2019,47.4,23.3,41.3,813.0,2.2
2807910020,2020,46.2,21.7,39.7,806.0,2.3
2807910020,2021,45.8,21.7,42.2,785.0,2.2
2807910020,2022,45.5,20.8,37.8,862.0,2.3
2807910021,2015,46.6,25.8,38.5,1326.0,2.2
2807910021,2016,46.8,25.3,39.2,1267.0,2.2
2807910021,2017,46.2,24.5,36.8,1285.0,2.2
2807910021,2018,46.5,25.0,35.9,1278.0,2.2
2807910021,2019,46.7,24.0,36.6,1302.0,2.2
2807910021,2020,46.8,24.0,36.6,1310.0,2.2
2807910021,2021,45.9,22.2,39.6,1305.0,2.2
2807910021,2022,45.8,21.0,38.8,1346.0,2.1
2807910022,2015,42.0,16.3,39.6,1003.0,2.4
2807910022,2016,41.3,14.4,37.8,999.0,2.3
2807910022,2017,40.7,14.3,37.4,1021.0,2.4
2807910022,2018,41.0,14.4,36.5,1013.0,2.4
2807910022,2019,41.0,13.8,36.7,1044.0,2.4
2807910022,2020,40.9,13.2,38.6,1042.0,2.3
2807910022,2021,41.5,14.1,42.5,1001.0,2.2
2807910022,2022,41.0,13.0,41.6,1071.0,2.3
2807910023,2015,44.2,19.9,45.3,820.0,2.1
2807910023,2016,44.9,20.8,44.4,797.0,2.1
2807910023,2017,44.9,20.8,42.7,804.0,2.1
2807910023,2018,44.7,20.0,43.3,824.0,2.2
2807910023,2019,44.1,18.9,43.6,821.0,2.2
2807910023,2020,44.1,18.2,40.5,815.0,2.2
2807910023,2021,45.1,19.1,45.2,763.0,2.1
2807910023,2022,44.1,17.2,44.0,853.0,2.1
2807910024,2015,42.9,16.2,36.7,1178.0,2.4
2807910024,2016,42.7,16.3,35.4,1172.0,2.4
2807910024,2017,43.2,16.5,36.8,1167.0,2.3
2807910024,2018,42.7,16.0,33.9,1257.0,2.5
2807910024,2019,42.8,16.9,35.5,1248.0,2.4
2807910024,2020,42.6,16.9,37.3,1200.0,2.3
2807910024,2021,43.5,18.5,37.7,1164.0,2.3
2807910024,2022,43.9,18.6,39.2,1181.0,2.3
2807910025,2015,44.2,19.4,33.7,1178.0,2.4
2807910025,2016,44.5,19.1,34.6,1145.0,2.4
2807910025,2017,44.0,18.4,34.8,1188.0,2.4
2807910025,2018,43.9,18.2,34.9,1218.0,2.5
2807910025,2019,43.9,18.3,34.4,1230.0,2.4
2807910025,2020,44.1,18.1,36.3,1191.0,2.4
2807910025,2021,45.1,19.1,36.8,1160.0,2.3
2807910025,2022,44.6,18.3,35.5,1225.0,2.3
2807910026,2015,46.8,23.8,39.2,908.0,2.2
2807910026,2016,47.3,24.4,41.0,907.0,2.1
2807910026,2017,47.0,23.0,40.2,900.0,2.1
2807910026,2018,47.5,23.0,38.8,899.0,2.2
2807910026,2019,47.1,23.1,40.8,905.0,2.1
2807910026,2020,46.6,22.3,39.3,911.0,2.2
2807910026,2021,46.8,22.2,38.4,915.0,2.2
2807910026,2022,46.6,21.9,38.0,924.0,2.2
2807910027,2015,45.5,22.0,41.6,1180.0,2.1
2807910027,2016,45.8,21.4,41.7,1183.0,2.1
2807910027,2017,46.1,21.1,44.4,1151.0,2.0
2807910027,2018,45.0,20.4,42.7,1228.0,2.1
2807910027,2019,44.7,19.5,42.3,1260.0,2.1
2807910027,2020,44.8,19.4,44.2,1227.0,2.1
2807910027,2021,44.7,19.4,44.8,1241.0,2.1
2807910027,2022,44.5,18.0,45.6,1321.0,2.1
2807910028,2015,43.5,20.4,34.6,1243.0,2.4
2807910028,2016,43.5,20.1,36.0,1190.0,2.3
2807910028,2017,42.8,18.6,35.2,1260.0,2.4
2807910028,2018,42.8,18.0,34.8,1283.0,2.5
2807910028,2019,42.5,17.6,35.2,1303.0,2.5
2807910028,2020,42.5,17.1,33.5,1290.0,2.5
2807910028,2021,42.3,17.1,34.9,1255.0,2.5
2807910028,2022,42.1,16.1,34.9,1318.0,2.5
2807910029,2015,45.6,24.6,33.8,1341.0,2.4
2807910029,2016,45.0,23.7,32.0,1374.0,2.4
2807910029,2017,45.1,23.0,31.6,1377.0,2.4
2807910029,2018,44.9,22.4,33.7,1412.0,2.5
2807910029,2019,44.8,21.9,35.2,1400.0,2.4
2807910029,2020,45.0,21.5,34.9,1356.0,2.4
2807910029,2021,44.5,20.7,33.2,1361.0,2.4
2807910029,2022,43.4,19.2,36.2,1415.0,2.4
2807910030,2015,43.0,18.9,32.5,1294.0,2.4
2807910030,2016,43.3,18.4,33.9,1318.0,2.4
2807910030,2017,43.4,19.0,34.7,1302.0,2.4
2807910030,2018,43.5,19.2,34.2,1314.0,2.4
2807910030,2019,43.8,18.8,33.8,1359.0,2.4
2807910030,2020,43.4,17.9,35.6,1356.0,2.4
2807910030,2021,44.0,18.4,34.1,1336.0,2.4
2807910030,2022,43.8,17.4,35.1,1369.0,2.4
2807910031,2015,47.0,26.7,33.4,764.0,2.3
2807910031,2016,46.2,24.4,33.8,759.0,2.3
2807910031,2017,45.9,23.0,33.5,762.0,2.4
2807910031,2018,45.2,22.0,33.5,779.0,2.4
2807910031,2019,45.1,21.0,34.2,776.0,2.4
2807910031,2020,43.7,18.9,33.0,822.0,2.5
2807910031,2021,43.4,18.9,33.4,808.0,2.4
2807910031,2022,43.2,17.5,32.9,851.0,2.5
2807910032,2015,42.8,17.9,34.3,1322.0,2.3
2807910032,2016,42.6,17.3,35.7,1355.0,2.4
2807910032,2017,42.9,16.9,37.0,1351.0,2.3
2807910032,2018,43.1,16.9,38.0,1376.0,2.4
2807910032,2019,43.4,17.0,38.5,1356.0,2.4
2807910032,2020,43.6,16.9,41.7,1315.0,2.2
2807910032,2021,43.6,16.7,40.9,1314.0,2.2
2807910032,2022,42.9,16.0,38.0,2153.0,2.3
2807910033,2015,41.9,17.1,37.3,910.0,2.2
2807910033,2016,42.3,17.8,38.2,953.0,2.2
2807910033,2017,42.7,17.2,40.8,964.0,2.3
2807910033,2018,42.1,16.7,39.9,998.0,2.3
2807910033,2019,42.7,16.3,39.8,994.0,2.3
2807910033,2020,43.6,16.8,39.4,975.0,2.2
2807910033,2021,43.9,16.7,40.5,964.0,2.1
2807910033,2022,43.9,16.4,40.6,1010.0,2.1
2807910034,2015,42.5,17.9,32.4,755.0,2.4
2807910034,2016,42.0,16.8,31.4,748.0,2.5
2807910034,2017,42.6,17.1,30.1,767.0,2.5
2807910034,2018,42.7,16.8,29.7,756.0,2.5
2807910034,2019,42.2,16.5,32.6,750.0,2.5
2807910034,2020,41.3,16.0,31.3,758.0,2.6
2807910034,2021,43.0,17.0,35.2,714.0,2.4
2807910034,2022,,,,,
2807910035,2015,45.3,22.8,30.9,943.0,2.4
2807910035,2016,45.0,22.2,31.4,958.0,2.4
2807910035,2017,45.1,22.0,33.9,945.0,2.4
2807910035,2018,45.4,21.8,30.2,940.0,2.4
2807910035,2019,45.7,22.2,31.0,945.0,2.4
2807910035,2020,46.3,22.9,30.8,905.0,2.3
2807910035,2021,46.3,22.8,29.7,905.0,2.4
2807910035,2022,46.4,23.3,33.1,917.0,2.3
2807910036,2015,46.3,22.8,36.5,1466.0,2.3
2807910036,2016,46.3,23.1,39.4,1451.0,2.2
2807910036,2017,46.8,23.4,38.0,1452.0,2.2
2807910036,2018,46.8,23.9,40.4,1441.0,2.2
2807910036,2019,46.6,23.9,38.0,1490.0,2.3
2807910036,2020,46.4,23.4,39.3,1474.0,2.2
2807910036,2021,47.3,24.2,39.1,1428.0,2.2
2807910036,2022,46.7,23.6,38.3,1515.0,2.2
2807910037,2015,43.0,19.7,35.1,1591.0,2.4
2807910037,2016,42.8,18.6,33.8,1599.0,2.4
2807910037,2017,42.8,18.1,34.8,1627.0,2.4
2807910037,2018,42.7,17.9,36.8,1628.0,2.4
2807910037,2019,42.6,18.3,36.8,1653.0,2.4
2807910037,2020,42.6,18.3,36.1,1631.0,2.4
2807910037,2021,42.9,18.9,38.1,1630.0,2.4
2807910037,2022,42.6,17.6,35.4,1725.0,2.4
2807910038,2015,44.0,20.5,29.7,769.0,2.5
2807910038,2016,43.2,19.1,28.3,799.0,2.5
2807910038,2017,43.1,19.2,27.5,845.0,2.6
2807910038,2018,42.8,18.5,28.4,842.0,2.6
2807910038,2019,42.6,17.8,30.9,884.0,2.6
2807910038,2020,42.6,18.3,32.2,856.0,2.5
2807910038,2021,43.0,18.4,32.1,854.0,2.5
2807910038,2022,42.7,17.2,31.9,886.0,2.5
2807910039,2015,43.6,19.9,27.6,1135.0,2.5
2807910039,2016,43.8,19.3,27.5,1160.0,2.5
2807910039,2017,43.6,19.0,28.5,1208.0,2.5
2807910039,2018,43.6,18.5,29.3,1183.0,2.5
2807910039,2019,44.1,19.0,29.5,1200.0,2.5
2807910039,2020,44.2,19.0,31.0,1179.0,2.5
2807910039,2021,43.6,18.9,29.6,1229.0,2.5
2807910039,2022,42.9,18.3,27.6,1328.0,2.7
2807910040,2015,40.8,15.9,32.7,968.0,2.4
2807910040,2016,41.5,16.3,31.4,898.0,2.4
2807910040,2017,42.0,16.6,33.9,897.0,2.3
2807910040,2018,41.6,16.5,32.5,899.0,2.4
2807910040,2019,41.8,16.9,32.5,892.0,2.4
2807910040,2020,42.3,16.4,35.7,876.0,2.4
2807910040,2021,41.2,15.1,34.6,934.0,2.4
2807910040,2022,41.1,15.4,34.2,981.0,2.4
2807910041,2015,44.0,19.5,29.3,1438.0,2.5
2807910041,2016,44.4,19.1,30.0,1425.0,2.5
2807910041,2017,44.2,18.6,31.9,1426.0,2.5
2807910041,2018,44.0,18.1,35.0,1471.0,2.5
2807910041,2019,44.9,18.8,36.7,1415.0,2.4
2807910041,2020,44.6,18.2,36.8,1453.0,2.4
2807910041,2021,43.9,17.4,37.5,1468.0,2.4
2807910041,2022,43.8,16.7,35.1,1531.0,2.4
2807910042,2015,45.8,20.2,38.9,1269.0,2.4
2807910042,2016,45.3,19.5,35.9,1310.0,2.4
2807910042,2017,45.3,20.0,37.0,1283.0,2.4
2807910042,2018,45.0,19.7,35.8,1326.0,2.4
2807910042,2019,44.4,18.9,35.2,1363.0,2.4
2807910042,2020,44.4,18.6,35.7,1353.0,2.4
2807910042,2021,44.5,19.2,36.2,1352.0,2.4
2807910042,2022,44.6,19.3,33.5,1391.0,2.5
2807910043,2015,47.3,25.8,35.4,1456.0,2.5
2807910043,2016,47.5,25.8,35.6,1427.0,2.4
2807910043,2017,47.3,25.5,36.7,1454.0,2.5
2807910043,2018,46.9,25.2,36.7,1509.0,2.5
2807910043,2019,46.8,24.8,34.0,1502.0,2.5
2807910043,2020,46.3,23.5,35.1,1458.0,2.5
2807910043,2021,46.8,23.6,35.3,1393.0,2.4
2807910043,2022,45.2,21.5,35.7,1475.0,2.5
2807910044,2015,48.9,28.9,35.3,844.0,2.3
2807910044,2016,49.5,29.8,35.1,813.0,2.3
2807910044,2017,49.6,29.7,36.2,815.0,2.2
2807910044,2018,49.8,29.8,34.1,833.0,2.2
2807910044,2019,48.5,28.0,33.7,855.0,2.3
2807910044,2020,48.6,26.7,31.9,868.0,2.3
2807910044,2021,48.9,27.8,33.2,839.0,2.2
2807910044,2022,48.7,27.6,33.1,843.0,2.3
2807910046,2015,47.6,25.8,34.3,1245.0,2.3
2807910046,2016,47.4,25.2,35.2,1245.0,2.3
2807910046,2017,46.0,23.6,32.9,1290.0,2.4
2807910046,2018,45.5,22.5,34.0,1282.0,2.5
2807910046,2019,45.5,22.3,33.9,1268.0,2.4
2807910046,2020,45.7,22.3,33.0,1294.0,2.5
2807910046,2021,45.5,21.8,34.3,1266.0,2.4
2807910046,2022,44.5,20.3,36.5,1342.0,2.5
2807910047,2015,43.1,19.8,32.5,938.0,2.7
2807910047,2016,43.2,19.2,32.5,941.0,2.7
2807910047,2017,42.5,18.3,32.7,960.0,2.8
2807910047,2018,42.4,16.8,33.0,1012.0,2.8
2807910047,2019,42.8,17.0,31.8,999.0,2.8
2807910047,2020,42.5,16.5,29.2,992.0,2.9
2807910047,2021,41.6,16.2,30.7,1024.0,2.9
2807910047,2022,40.7,15.1,30.5,1090.0,2.9
2807910048,2015,44.4,20.4,30.8,1192.0,2.6
2807910048,2016,43.9,19.0,31.5,1223.0,2.5
2807910048,2017,43.1,18.7,31.8,1265.0,2.6
2807910048,2018,42.7,19.3,30.9,1303.0,2.7
2807910048,2019,41.9,18.0,28.7,1391.0,2.8
2807910048,2020,42.0,18.2,29.3,1355.0,2.7
2807910048,2021,41.7,17.3,29.0,1391.0,2.8
2807910048,2022,40.9,16.8,28.5,1456.0,2.9
2807910049,2015,44.2,20.3,26.5,1165.0,2.7
2807910049,2016,44.6,21.3,26.2,1162.0,2.6
2807910049,2017,43.9,20.1,25.4,1199.0,2.6
2807910049,2018,44.5,19.8,28.1,1216.0,2.6
2807910049,2019,44.5,20.1,28.0,1237.0,2.6
2807910049,2020,44.9,20.2,29.6,1185.0,2.5
2807910049,2021,44.6,19.3,32.0,1174.0,2.5
2807910049,2022,44.0,18.1,32.4,1229.0,2.6
2807910050,2015,45.7,25.1,28.8,1340.0,2.6
2807910050,2016,45.2,24.5,28.0,1385.0,2.6
2807910050,2017,45.8,24.8,28.7,1339.0,2.6
2807910050,2018,45.6,24.4,28.1,1364.0,2.6
2807910050,2019,45.0,23.3,29.5,1436.0,2.7
2807910050,2020,44.9,23.5,29.9,1440.0,2.7
2807910050,2021,45.2,23.5,30.4,1369.0,2.6
2807910050,2022,44.4,22.6,31.1,1434.0,2.6
2807910051,2015,44.3,22.5,27.4,961.0,2.6
2807910051,2016,44.1,21.8,26.6,995.0,2.7
2807910051,2017,44.5,22.2,24.2,1000.0,2.7
2807910051,2018,44.7,22.2,26.1,1005.0,2.6
2807910051,2019,45.3,21.6,27.6,995.0,2.6
2807910051,2020,45.5,21.4,28.0,957.0,2.6
2807910051,2021,44.9,21.1,27.9,991.0,2.6
2807910051,2022,44.3,20.4,26.6,1017.0,2.7
2807910052,2015,45.4,27.1,28.6,1124.0,2.6
2807910052,2016,45.6,26.5,26.4,1130.0,2.6
2807910052,2017,45.2,25.3,24.5,1196.0,2.7
2807910052,2018,45.1,24.6,23.7,1237.0,2.7
2807910052,2019,44.8,23.5,26.5,1229.0,2.7
2807910052,2020,44.5,22.8,26.0,1196.0,2.7
2807910052,2021,44.3,21.8,27.8,1206.0,2.7
2807910052,2022,44.0,21.2,30.8,1228.0,2.7
2807910053,2015,43.5,21.0,32.3,1101.0,2.5
2807910053,2016,43.1,20.2,31.3,1118.0,2.6
2807910053,2017,43.6,19.9,31.2,1114.0,2.6
2807910053,2018,43.3,19.5,32.1,1141.0,2.6
2807910053,2019,43.6,19.7,32.0,1144.0,2.6
2807910053,2020,44.5,20.1,32.9,1089.0,2.5
2807910053,2021,44.2,20.6,32.7,1122.0,2.6
2807910053,2022,43.8,19.7,33.4,1138.0,2.6
2807910054,2015,48.9,30.1,28.5,1295.0,2.4
2807910054,2016,48.5,29.8,30.7,1297.0,2.4
2807910054,2017,49.4,31.0,29.7,1283.0,2.3
2807910054,2018,48.7,30.2,30.1,1361.0,2.3
2807910054,2019,48.6,29.9,28.7,1438.0,2.4
2807910054,2020,47.9,28.3,29.9,1448.0,2.4
2807910054,2021,48.0,28.4,30.1,1448.0,2.4
2807910054,2022,48.4,28.9,31.6,1424.0,2.3
2807910055,2015,45.1,25.8,24.9,1243.0,2.6
2807910055,2016,45.2,25.5,25.9,1209.0,2.5
2807910055,2017,45.4,25.4,26.7,1220.0,2.5
2807910055,2018,45.3,25.2,25.7,1233.0,2.5
2807910055,2019,45.9,25.8,25.3,1229.0,2.5
2807910055,2020,46.2,26.5,25.5,1211.0,2.5
2807910055,2021,46.7,27.9,28.1,1205.0,2.5
2807910055,2022,46.9,27.4,31.3,1199.0,2.4
2807910056,2015,43.3,22.4,30.0,1087.0,2.5
2807910056,2016,42.8,22.1,29.3,1090.0,2.5
2807910056,2017,42.1,20.1,26.6,1133.0,2.7
2807910056,2018,42.0,19.3,25.7,1155.0,2.7
2807910056,2019,42.6,19.8,28.9,1167.0,2.7
2807910056,2020,43.5,20.5,30.9,1115.0,2.6
2807910056,2021,43.8,19.9,30.8,1118.0,2.5
2807910056,2022,43.5,18.3,29.8,1158.0,2.6
2807910057,2015,44.2,23.9,28.5,1506.0,2.5
2807910057,2016,44.1,23.3,28.8,1518.0,2.5
2807910057,2017,44.5,23.1,28.9,1498.0,2.5
2807910057,2018,44.3,22.4,31.5,1516.0,2.5
2807910057,2019,43.9,20.7,30.2,1549.0,2.5
2807910057,2020,44.0,21.0,31.8,1532.0,2.5
2807910057,2021,44.1,20.7,32.8,1526.0,2.4
2807910057,2022,43.9,20.3,34.0,1554.0,2.4
2807910058,2015,43.9,22.8,30.0,1099.0,2.5
2807910058,2016,44.6,23.2,29.8,1052.0,2.5
2807910058,2017,44.9,22.4,28.7,1035.0,2.5
2807910058,2018,44.6,21.4,32.7,1063.0,2.4
2807910058,2019,43.5,20.1,28.7,1147.0,2.6
2807910058,2020,43.2,19.5,31.3,1095.0,2.5
2807910058,2021,44.4,20.1,33.8,1055.0,2.4
2807910058,2022,43.8,19.4,34.8,1133.0,2.5
2807910059,2015,42.2,18.0,30.3,1240.0,2.6
2807910059,2016,42.4,17.2,30.9,1191.0,2.6
2807910059,2017,42.2,16.7,31.2,1212.0,2.6
2807910059,2018,42.4,16.5,31.1,1177.0,2.5
2807910059,2019,42.3,15.7,31.4,1207.0,2.6
2807910059,2020,42.4,15.7,32.3,1209.0,2.6
2807910059,2021,42.3,15.0,34.4,1218.0,2.5
2807910059,2022,42.0,15.0,32.8,1268.0,2.6
2807910060,2015,42.4,19.1,22.7,2006.0,2.8
2807910060,2016,43.3,19.7,23.7,1971.0,2.7
2807910060,2017,43.6,20.5,23.0,1972.0,2.7
2807910060,2018,44.3,20.7,24.4,1962.0,2.7
2807910060,2019,44.8,21.2,24.3,1947.0,2.7
2807910060,2020,45.5,22.1,25.7,1926.0,2.6
2807910060,2021,45.9,22.7,25.7,1915.0,2.6
2807910060,2022,45.8,22.7,27.5,1916.0,2.6
2807910061,2015,46.0,26.4,30.5,1520.0,2.6
2807910061,2016,45.9,25.7,29.8,1542.0,2.6
2807910061,2017,45.5,24.8,30.0,1543.0,2.6
2807910061,2018,44.5,22.1,28.9,1641.0,2.7
2807910061,2019,44.1,21.5,27.3,1667.0,2.8
2807910061,2020,43.9,20.7,29.0,1681.0,2.8
2807910061,2021,44.6,20.3,30.0,1639.0,2.7
2807910061,2022,44.2,19.9,28.7,1656.0,2.8
2807910062,2015,44.4,21.5,27.8,859.0,2.7
2807910062,2016,43.9,19.8,29.7,842.0,2.7
2807910062,2017,43.8,20.0,28.6,840.0,2.7
2807910062,2018,43.9,20.2,27.2,820.0,2.7
2807910062,2019,43.6,19.7,26.8,868.0,2.8
2807910062,2020,42.8,18.1,25.2,895.0,2.9
2807910062,2021,43.6,18.1,29.4,875.0,2.7
2807910062,2022,42.6,16.7,29.4,933.0,2.9
2807910063,2015,45.1,23.7,28.7,1559.0,2.6
2807910063,2016,45.5,23.5,29.7,1531.0,2.6
2807910063,2017,45.1,23.2,27.7,1571.0,2.7
2807910063,2018,44.3,22.0,26.6,1654.0,2.8
2807910063,2019,43.9,21.4,26.5,1667.0,2.8
2807910063,2020,44.3,21.7,27.7,1669.0,2.8
2807910063,2021,44.3,21.7,27.2,1675.0,2.8
2807910063,2022,44.2,21.1,25.7,1710.0,2.8
2807910065,2015,45.6,25.9,30.3,821.0,2.6
2807910065,2016,45.6,25.5,31.4,822.0,2.6
2807910065,2017,46.3,26.0,33.1,766.0,2.4
2807910065,2018,45.7,24.6,31.8,817.0,2.5
2807910065,2019,45.4,23.9,33.9,828.0,2.6
2807910065,2020,45.1,22.9,35.8,825.0,2.6
2807910065,2021,44.8,21.3,34.8,813.0,2.6
2807910065,2022,44.3,20.2,35.3,828.0,2.6
2807910067,2015,50.3,31.8,30.6,892.0,2.3
2807910067,2016,49.3,30.6,29.8,901.0,2.3
2807910067,2017,49.5,30.6,32.3,911.0,2.3
2807910067,2018,49.3,30.2,32.8,918.0,2.3
2807910067,2019,49.1,28.9,36.2,939.0,2.3
2807910067,2020,49.2,29.3,37.8,917.0,2.3
2807910067,2021,49.4,28.8,36.6,906.0,2.2
2807910067,2022,48.9,29.0,36.6,907.0,2.3
2807910068,2015,47.8,29.1,32.5,821.0,2.4
2807910068,2016,47.6,29.7,32.3,818.0,2.4
2807910068,2017,47.4,29.4,34.0,821.0,2.4
2807910068,2018,47.6,29.1,33.7,833.0,2.4
2807910068,2019,47.8,29.0,35.2,836.0,2.4
2807910068,2020,47.8,28.1,37.2,823.0,2.3
2807910068,2021,48.6,29.2,37.2,792.0,2.3
2807910068,2022,48.6,29.6,38.6,800.0,2.3
2807910069,2015,45.3,24.7,33.3,1330.0,2.5
2807910069,2016,45.9,24.4,32.9,1283.0,2.4
2807910069,2017,45.5,22.9,33.4,1341.0,2.5
2807910069,2018,44.8,21.9,34.1,1379.0,2.6
2807910069,2019,44.5,20.9,33.0,1400.0,2.6
2807910069,2020,44.7,20.9,32.4,1394.0,2.6
2807910069,2021,44.2,19.9,30.7,1395.0,2.6
2807910069,2022,43.9,19.2,31.9,1441.0,2.6
2807910070,2015,46.9,27.2,35.8,1092.0,2.4
2807910070,2016,46.5,26.8,33.9,1091.0,2.4
2807910070,2017,45.8,25.3,35.5,1111.0,2.4
2807910070,2018,46.1,25.5,34.9,1114.0,2.4
2807910070,2019,45.1,23.4,34.6,1144.0,2.5
2807910070,2020,45.5,23.0,35.1,1120.0,2.5
2807910070,2021,45.2,21.4,33.7,1127.0,2.5
2807910070,2022,45.1,21.1,33.1,1149.0,2.5
2807910072,2015,50.2,31.1,32.5,2002.0,2.3
2807910072,2016,50.1,30.1,33.0,1978.0,2.3
2807910072,2017,50.0,30.0,32.8,2009.0,2.3
2807910072,2018,49.3,28.1,32.5,2050.0,2.4
2807910072,2019,49.0,27.4,33.0,2089.0,2.4
2807910072,2020,49.2,27.4,34.0,2105.0,2.3
2807910072,2021,48.7,26.3,33.9,2147.0,2.4
2807910072,2022,48.8,26.3,35.0,2135.0,2.3
2807910073,2015,44.3,23.8,28.0,1166.0,2.6
2807910073,2016,43.6,22.8,29.7,1190.0,2.6
2807910073,2017,44.6,23.5,30.6,1155.0,2.5
2807910073,2018,43.8,21.7,29.7,1211.0,2.6
2807910073,2019,43.9,21.4,29.7,1207.0,2.6
2807910073,2020,44.1,20.9,30.1,1194.0,2.6
2807910073,2021,44.1,20.6,30.9,1197.0,2.6
2807910073,2022,43.6,20.1,28.9,1196.0,2.6
2807910074,2015,48.7,30.6,42.7,813.0,2.1
2807910074,2016,48.6,30.1,42.5,811.0,2.1
2807910074,2017,48.6,29.5,40.7,811.0,2.1
2807910074,2018,48.8,29.1,41.1,802.0,2.1
2807910074,2019,48.6,28.6,40.0,852.0,2.2
2807910074,2020,48.5,28.6,41.5,852.0,2.2
2807910074,2021,49.5,29.4,41.6,811.0,2.1
2807910074,2022,48.3,28.1,40.9,857.0,2.2
2807910075,2015,45.1,23.5,37.9,830.0,2.2
2807910075,2016,44.6,22.4,34.7,865.0,2.3
2807910075,2017,44.5,21.7,34.9,884.0,2.4
2807910075,2018,44.8,21.6,34.7,900.0,2.3
2807910075,2019,45.1,21.6,36.2,883.0,2.3
2807910075,2020,45.6,21.5,37.6,842.0,2.2
2807910075,2021,45.4,21.8,39.6,847.0,2.2
2807910075,2022,44.3,20.8,37.2,902.0,2.4
2807910076,2015,50.2,31.4,32.1,930.0,2.3
2807910076,2016,49.9,30.2,31.6,930.0,2.3
2807910076,2017,49.6,30.4,30.0,933.0,2.4
2807910076,2018,48.8,28.5,29.0,961.0,2.4
2807910076,2019,48.3,27.2,30.4,975.0,2.4
2807910076,2020,47.9,26.1,32.9,983.0,2.4
2807910076,2021,48.0,26.3,32.3,961.0,2.4
2807910076,2022,47.2,25.8,32.3,951.0,2.4
2807910077,2015,46.9,25.1,37.6,770.0,2.3
2807910077,2016,47.0,24.4,37.5,757.0,2.3
2807910077,2017,46.7,23.4,36.9,790.0,2.4
2807910077,2018,47.2,23.3,35.8,798.0,2.3
2807910077,2019,47.1,22.8,35.2,789.0,2.3
2807910077,2020,46.7,22.1,35.0,792.0,2.3
2807910077,2021,46.3,21.8,34.0,803.0,2.3
2807910077,2022,45.0,20.2,32.9,851.0,2.4
2807910078,2015,50.6,30.3,37.1,1042.0,2.2
2807910078,2016,49.6,28.9,37.8,1056.0,2.3
2807910078,2017,49.0,27.5,36.4,1081.0,2.3
2807910078,2018,48.4,25.9,36.5,1113.0,2.3
2807910078,2019,47.4,24.0,37.6,1141.0,2.3
2807910078,2020,47.9,24.2,36.7,1097.0,2.3
2807910078,2021,48.2,23.7,37.2,1050.0,2.3
2807910078,2022,46.1,21.2,34.9,1136.0,2.4
2807910081,2015,49.3,35.7,23.0,628.0,2.5
2807910081,2016,49.6,37.6,23.5,627.0,2.5
2807910081,2017,50.3,37.5,22.5,1207.0,2.4
2807910081,2018,50.7,38.6,23.9,1185.0,2.4
2807910081,2019,51.8,40.3,25.1,1185.0,2.4
2807910081,2020,52.0,41.4,24.9,1156.0,2.4
2807910081,2021,51.8,39.7,26.3,1176.0,2.4
2807910081,2022,52.1,39.9,25.0,1192.0,2.4
2807910082,2015,48.9,28.0,32.7,864.0,2.3
2807910082,2016,48.8,27.7,34.9,869.0,2.3
2807910082,2017,48.0,25.9,33.8,892.0,2.4
2807910082,2018,47.3,24.5,31.9,942.0,2.5
2807910082,2019,46.7,24.1,31.5,945.0,2.5
2807910082,2020,45.8,23.7,32.4,974.0,2.5
2807910082,2021,44.4,22.2,32.9,967.0,2.5
2807910082,2022,44.3,21.1,34.1,972.0,2.6
2807910083,2015,46.4,25.5,23.1,734.0,2.7
2807910083,2016,46.0,25.1,20.4,710.0,2.7
2807910083,2017,46.1,24.5,23.6,728.0,2.6
2807910083,2018,45.8,24.3,23.0,741.0,2.7
2807910083,2019,44.6,21.7,24.3,770.0,2.8
2807910083,2020,45.2,22.2,23.5,770.0,2.8
2807910083,2021,44.7,21.5,22.1,773.0,2.8
2807910083,2022,44.3,20.5,26.1,770.0,2.8
2807910084,2015,43.0,20.1,27.5,1995.0,2.6
2807910084,2016,42.8,19.2,28.7,1992.0,2.6
2807910084,2017,42.4,18.5,29.1,2074.0,2.6
2807910084,2018,42.7,18.2,29.4,2094.0,2.6
2807910084,2019,42.2,17.1,31.6,2177.0,2.7
2807910084,2020,42.3,16.2,30.7,2205.0,2.7
2807910084,2021,42.1,15.6,29.1,2227.0,2.7
2807910084,2022,41.9,15.2,29.4,2290.0,2.8
2807910086,2015,45.5,23.9,30.8,1479.0,2.5
2807910086,2016,45.6,24.1,28.1,1476.0,2.5
2807910086,2017,45.1,23.0,27.8,1517.0,2.5
2807910086,2018,45.4,23.0,28.4,1532.0,2.5
2807910086,2019,44.9,22.5,29.8,1568.0,2.6
2807910086,2020,45.2,22.0,30.9,1562.0,2.5
2807910086,2021,45.5,22.3,31.3,1505.0,2.5
2807910086,2022,44.4,20.5,33.8,1547.0,2.5
2807910087,2015,51.0,33.5,18.3,951.0,2.6
2807910087,2016,51.6,34.9,18.4,940.0,2.5
2807910087,2017,52.8,37.1,20.1,935.0,2.5
2807910087,2018,53.0,37.5,22.6,913.0,2.5
2807910087,2019,53.3,39.0,22.8,928.0,2.5
2807910087,2020,53.7,41.1,21.8,899.0,2.5
2807910087,2021,54.1,41.4,21.7,888.0,2.4
2807910087,2022,54.5,43.7,22.8,874.0,2.4
2807910088,2015,47.8,32.0,23.8,1232.0,2.5
2807910088,2016,48.8,33.5,27.4,1163.0,2.4
2807910088,2017,48.4,33.0,26.4,1210.0,2.5
2807910088,2018,49.1,32.8,25.2,1206.0,2.5
2807910088,2019,48.5,31.7,27.4,1244.0,2.5
2807910088,2020,48.9,31.9,29.3,1229.0,2.5
2807910088,2021,49.9,32.7,29.1,1200.0,2.4
2807910088,2022,49.4,31.2,30.4,1253.0,2.4
2807910089,2015,49.1,35.4,27.5,1060.0,2.4
2807910089,2016,50.2,36.1,29.7,1032.0,2.3
2807910089,2017,50.3,35.7,31.1,1056.0,2.3
2807910089,2018,50.9,35.7,32.2,1049.0,2.3
2807910089,2019,50.7,35.2,32.4,1075.0,2.4
2807910089,2020,51.5,35.8,35.7,1019.0,2.3
2807910089,2021,51.5,35.3,37.2,999.0,2.3
2807910089,2022,50.9,34.6,36.4,1012.0,2.3
2807910090,2015,51.0,36.6,21.0,885.0,2.6
2807910090,2016,51.2,36.8,22.1,872.0,2.5
2807910090,2017,51.5,37.0,22.3,874.0,2.5
2807910090,2018,52.1,37.6,24.4,859.0,2.5
2807910090,2019,52.2,37.7,25.4,846.0,2.4
2807910090,2020,53.0,38.6,26.9,823.0,2.4
2807910090,2021,53.6,39.6,27.9,816.0,2.3
2807910090,2022,53.1,39.7,27.7,812.0,2.4
2807910091,2015,51.2,35.5,18.5,997.0,2.6
2807910091,2016,52.2,37.3,20.2,954.0,2.5
2807910091,2017,52.3,37.8,19.4,947.0,2.5
2807910091,2018,52.3,38.2,19.9,957.0,2.5
2807910091,2019,51.7,37.6,21.8,976.0,2.5
2807910091,2020,52.2,38.6,21.9,953.0,2.5
2807910091,2021,52.6,38.8,22.4,954.0,2.5
2807910091,2022,52.6,38.1,23.4,968.0,2.5
2807910092,2015,44.1,24.0,21.8,866.0,2.8
2807910092,2016,44.9,24.6,23.0,835.0,2.7
2807910092,2017,45.6,25.0,23.7,825.0,2.8
2807910092,2018,45.8,25.0,23.5,825.0,2.7
2807910092,2019,47.1,25.5,23.3,809.0,2.6
2807910092,2020,47.2,25.5,25.8,800.0,2.6
2807910092,2021,47.5,25.2,24.4,803.0,2.6
2807910092,2022,46.6,24.5,26.1,850.0,2.6
2807910093,2015,48.3,29.4,36.9,847.0,2.3
2807910093,2016,48.9,30.4,35.8,841.0,2.3
2807910093,2017,48.1,28.7,35.0,877.0,2.4
2807910093,2018,47.0,26.8,34.4,881.0,2.4
2807910093,2019,46.7,26.1,35.0,876.0,2.4
2807910093,2020,46.6,25.2,37.9,850.0,2.3
2807910093,2021,45.7,23.7,38.0,887.0,2.4
2807910093,2022,44.9,22.7,35.5,916.0,2.5
2807910094,2015,43.9,22.4,32.1,1121.0,2.4
2807910094,2016,44.0,22.4,32.5,1110.0,2.4
2807910094,2017,43.5,20.8,32.0,1123.0,2.4
2807910094,2018,42.8,20.6,32.3,1163.0,2.5
2807910094,2019,43.0,19.6,33.6,1175.0,2.5
2807910094,2020,43.6,19.4,35.1,1156.0,2.4
2807910094,2021,43.9,19.9,35.9,1122.0,2.3
2807910094,2022,43.8,18.3,37.9,1126.0,2.4
2807910095,2015,46.6,27.9,27.3,1207.0,2.6
2807910095,2016,47.1,28.8,28.6,1203.0,2.5
2807910095,2017,47.3,28.9,28.7,1198.0,2.5
2807910095,2018,46.3,27.1,26.8,1257.0,2.6
2807910095,2019,46.7,26.7,27.4,1251.0,2.6
2807910095,2020,46.7,26.6,28.3,1262.0,2.6
2807910095,2021,46.6,26.1,31.4,1238.0,2.5
2807910095,2022,46.3,25.0,30.2,1266.0,2.6
2807910096,2015,44.8,24.1,32.9,1433.0,2.4
2807910096,2016,45.0,23.9,32.7,1440.0,2.4
2807910096,2017,45.2,23.6,34.0,1447.0,2.4
2807910096,2018,45.2,22.8,33.7,1467.0,2.4
2807910096,2019,45.1,23.1,35.3,1458.0,2.4
2807910096,2020,44.8,21.8,35.0,1467.0,2.4
2807910096,2021,45.0,21.1,35.9,1471.0,2.4
2807910096,2022,44.6,20.4,35.6,1528.0,2.5
2807910098,2015,46.9,28.7,27.9,1087.0,2.4
2807910098,2016,46.6,27.8,28.2,1093.0,2.5
2807910098,2017,47.1,28.3,28.5,1076.0,2.5
2807910098,2018,46.5,27.2,27.0,1114.0,2.5
2807910098,2019,46.1,25.9,29.3,1153.0,2.5
2807910098,2020,46.8,25.8,30.2,1126.0,2.5
2807910098,2021,46.9,25.3,31.8,1125.0,2.5
2807910098,2022,46.3,24.6,31.9,1155.0,2.5
2807910099,2015,50.2,34.1,29.9,1061.0,2.4
2807910099,2016,50.6,33.6,28.9,1062.0,2.4
2807910099,2017,50.1,32.6,30.5,1090.0,2.4
2807910099,2018,51.0,34.3,30.7,1066.0,2.4
2807910099,2019,50.7,33.1,32.3,1089.0,2.4
2807910099,2020,50.6,31.7,32.2,1068.0,2.4
2807910099,2021,50.9,32.2,32.5,1060.0,2.4
2807910099,2022,50.4,31.2,30.0,1106.0,2.4
2807910100,2015,47.3,31.6,24.5,976.0,2.4
2807910100,2016,47.3,32.4,26.8,952.0,2.4
2807910100,2017,47.2,31.4,27.1,968.0,2.4
2807910100,2018,48.0,32.7,30.8,958.0,2.4
2807910100,2019,47.9,31.6,30.8,958.0,2.4
2807910100,2020,47.1,29.5,31.7,998.0,2.5
2807910100,2021,47.6,29.9,33.2,972.0,2.4
2807910100,2022,47.3,29.0,33.8,981.0,2.4
2807910101,2015,47.6,32.7,22.0,1086.0,2.5
2807910101,2016,47.7,33.2,22.4,1080.0,2.5
2807910101,2017,47.9,33.6,22.2,1082.0,2.5
2807910101,2018,48.6,34.6,22.4,1094.0,2.5
2807910101,2019,48.7,34.2,22.9,1102.0,2.5
2807910101,2020,49.1,34.5,25.8,1059.0,2.4
2807910101,2021,49.6,34.8,24.7,1036.0,2.4
2807910101,2022,49.2,33.4,25.6,1055.0,2.4
2807910102,2015,49.2,35.9,18.8,675.0,2.6
2807910102,2016,50.1,37.3,19.1,655.0,2.5
2807910102,2017,50.5,38.4,20.5,654.0,2.5
2807910102,2018,50.6,38.8,20.2,658.0,2.5
2807910102,2019,50.5,38.5,21.6,665.0,2.5
2807910102,2020,51.0,39.7,25.6,640.0,2.4
2807910102,2021,52.4,41.9,26.8,620.0,2.4
2807910102,2022,51.7,39.5,26.3,651.0,2.5
2807910103,2015,47.4,29.1,31.7,1098.0,2.3
2807910103,2016,47.5,29.1,31.6,1098.0,2.3
2807910103,2017,47.3,28.7,33.7,1111.0,2.3
2807910103,2018,47.0,27.0,33.0,1136.0,2.3
2807910103,2019,46.3,25.3,30.2,1180.0,2.4
2807910103,2020,46.5,24.8,31.1,1150.0,2.4
2807910103,2021,47.0,24.9,31.5,1107.0,2.3
2807910103,2022,46.2,23.1,32.8,1148.0,2.4
2807910104,2015,48.7,30.6,21.8,608.0,2.6
2807910104,2016,49.1,32.7,21.3,599.0,2.5
2807910104,2017,,,,,
2807910104,2018,,,,,
2807910104,2019,,,,,
2807910104,2020,,,,,
2807910104,2021,,,,,
2807910104,2022,,,,,
2807910106,2015,51.3,38.9,19.6,1428.0,2.6
2807910106,2016,51.4,39.5,21.0,1442.0,2.6
2807910106,2017,52.1,40.4,23.8,1378.0,2.5
2807910106,2018,52.6,40.9,23.1,1380.0,2.5
2807910106,2019,53.3,42.0,23.1,1373.0,2.5
2807910106,2020,53.3,42.6,23.0,1358.0,2.5
2807910106,2021,53.7,42.7,23.9,1353.0,2.4
2807910106,2022,53.6,42.0,24.9,1326.0,2.4
2807910107,2015,50.9,38.1,19.5,1066.0,2.5
2807910107,2016,51.4,37.6,20.3,1082.0,2.5
2807910107,2017,52.4,39.4,19.8,1069.0,2.5
2807910107,2018,52.8,39.7,20.8,1051.0,2.5
2807910107,2019,53.7,41.0,22.7,1024.0,2.4
2807910107,2020,54.1,41.9,24.7,991.0,2.3
2807910107,2021,54.5,41.6,26.1,979.0,2.3
2807910107,2022,54.2,41.1,26.2,979.0,2.3
2807910108,2015,49.9,37.5,22.3,807.0,2.5
2807910108,2016,50.6,37.9,23.4,797.0,2.5
2807910108,2017,51.6,38.5,24.4,794.0,2.5
2807910108,2018,51.7,38.7,25.4,793.0,2.5
2807910108,2019,51.9,39.0,24.7,802.0,2.5
2807910108,2020,52.7,40.1,27.3,764.0,2.4
2807910108,2021,52.8,40.5,28.8,766.0,2.4
2807910108,2022,53.2,39.2,29.7,750.0,2.4
2807910109,2015,51.2,39.8,25.1,1408.0,2.4
2807910109,2016,51.3,39.7,23.6,1400.0,2.4
2807910109,2017,51.4,40.0,25.7,1396.0,2.4
2807910109,2018,51.6,40.1,26.2,1389.0,2.4
2807910109,2019,52.0,39.5,25.7,1407.0,2.4
2807910109,2020,52.8,40.0,28.7,1327.0,2.3
2807910109,2021,53.4,40.5,28.6,1315.0,2.3
2807910109,2022,53.0,39.8,28.8,1350.0,2.3
2807910110,2015,45.5,25.8,27.5,840.0,2.5
2807910110,2016,45.4,25.2,26.6,857.0,2.5
2807910110,2017,46.2,25.4,27.0,854.0,2.5
2807910110,2018,45.7,24.5,25.8,866.0,2.5
2807910110,2019,46.0,24.6,27.7,838.0,2.5
2807910110,2020,46.9,25.3,28.2,816.0,2.4
2807910110,2021,46.6,24.3,30.2,819.0,2.4
2807910110,2022,46.1,22.7,33.3,1599.0,2.4
2807910111,2015,45.7,26.0,31.6,750.0,2.4
2807910111,2016,45.6,25.2,30.7,763.0,2.4
2807910111,2017,44.8,24.4,33.0,784.0,2.4
2807910111,2018,44.9,23.6,33.1,776.0,2.4
2807910111,2019,44.2,21.8,33.4,808.0,2.5
2807910111,2020,44.7,21.8,34.9,775.0,2.5
2807910111,2021,45.1,22.1,36.0,762.0,2.4
2807910111,2022,,,,,
2807910112,2015,44.1,24.4,30.5,1033.0,2.5
2807910112,2016,44.7,24.9,30.1,998.0,2.4
2807910112,2017,44.4,24.0,29.7,1029.0,2.5
2807910112,2018,44.4,23.0,30.9,1045.0,2.5
2807910112,2019,45.0,22.4,29.8,1061.0,2.5
2807910112,2020,45.7,22.5,32.5,997.0,2.4
2807910112,2021,45.6,22.0,32.0,1020.0,2.4
2807910112,2022,45.1,21.4,31.4,1063.0,2.4
2807910113,2015,46.5,25.9,32.4,918.0,2.4
2807910113,2016,46.4,25.5,31.3,914.0,2.4
2807910113,2017,46.1,24.8,33.0,909.0,2.3
2807910113,2018,45.3,22.9,34.1,923.0,2.4
2807910113,2019,45.7,22.5,32.6,954.0,2.5
2807910113,2020,46.1,22.9,35.7,905.0,2.3
2807910113,2021,45.7,22.1,34.9,916.0,2.4
2807910113,2022,46.1,22.4,35.4,924.0,2.4
2807910114,2015,44.6,23.3,30.6,1033.0,2.4
2807910114,2016,44.5,21.5,28.4,1036.0,2.5
2807910114,2017,44.0,20.7,29.3,1085.0,2.5
2807910114,2018,43.8,20.0,28.3,1122.0,2.5
2807910114,2019,44.0,20.1,29.1,1118.0,2.5
2807910114,2020,44.3,19.8,28.3,1106.0,2.5
2807910114,2021,44.3,19.4,30.0,1087.0,2.5
2807910114,2022,43.9,18.8,30.7,1082.0,2.5
2807910115,2015,45.3,24.5,28.7,1185.0,2.5
2807910115,2016,46.0,24.5,29.0,1158.0,2.4
2807910115,2017,46.0,24.5,29.4,1140.0,2.4
2807910115,2018,46.1,23.4,31.6,1120.0,2.4
2807910115,2019,46.1,23.0,32.5,1158.0,2.4
2807910115,2020,47.3,24.4,33.1,1106.0,2.3
2807910115,2021,47.8,24.2,32.8,1094.0,2.3
2807910115,2022,47.8,24.1,33.6,1113.0,2.3
2807910116,2015,47.1,30.7,23.4,1406.0,2.5
2807910116,2016,47.7,31.9,25.2,1394.0,2.5
2807910116,2017,47.5,30.9,26.4,1413.0,2.5
2807910116,2018,48.1,31.1,26.4,1399.0,2.5
2807910116,2019,47.9,30.5,26.2,1421.0,2.5
2807910116,2020,48.6,30.5,26.6,1402.0,2.5
2807910116,2021,49.4,31.0,27.9,1347.0,2.4
2807910116,2022,49.8,32.2,30.5,1352.0,2.4
2807910117,2015,49.1,28.8,18.8,1226.0,2.7
2807910117,2016,49.9,31.0,19.8,1216.0,2.7
2807910117,2017,49.8,31.9,18.0,1197.0,2.7
2807910117,2018,50.7,34.5,18.5,1182.0,2.6
2807910117,2019,51.4,36.5,20.1,1149.0,2.5
2807910117,2020,51.4,36.8,20.8,1135.0,2.5
2807910117,2021,51.8,37.7,20.9,1144.0,2.5
2807910117,2022,52.2,39.8,24.0,1109.0,2.4
2807910118,2015,49.4,33.4,26.5,1112.0,2.4
2807910118,2016,49.4,34.7,25.3,1113.0,2.4
2807910118,2017,49.2,35.0,24.0,1122.0,2.5
2807910118,2018,49.4,35.1,26.2,1133.0,2.4
2807910118,2019,50.5,35.9,27.1,1110.0,2.4
2807910118,2020,50.6,35.4,27.0,1114.0,2.4
2807910118,2021,51.5,35.8,28.4,1089.0,2.3
2807910118,2022,51.3,34.6,28.0,1102.0,2.4
2807910119,2015,48.5,28.6,16.6,1575.0,2.7
2807910119,2016,49.0,30.0,16.1,1566.0,2.7
2807910119,2017,49.8,31.3,16.2,1548.0,2.7
2807910119,2018,50.3,32.5,16.5,1545.0,2.7
2807910119,2019,51.2,34.1,16.9,1513.0,2.6
2807910119,2020,51.5,35.5,18.5,1482.0,2.6
2807910119,2021,51.9,37.2,19.5,1466.0,2.6
2807910119,2022,52.7,40.0,21.8,1418.0,2.5
2807910120,2015,48.0,29.9,27.0,1175.0,2.5
2807910120,2016,47.7,29.0,26.3,1181.0,2.5
2807910120,2017,47.8,29.3,27.4,1193.0,2.5
2807910120,2018,47.4,28.3,27.6,1207.0,2.5
2807910120,2019,46.9,26.8,27.3,1241.0,2.5
2807910120,2020,47.3,27.0,28.3,1227.0,2.5
2807910120,2021,47.8,27.6,30.5,1193.0,2.5
2807910120,2022,48.0,28.5,31.2,1189.0,2.4
2807910121,2015,50.7,38.0,31.2,1181.0,2.3
2807910121,2016,51.2,37.4,31.8,1170.0,2.3
2807910121,2017,51.7,37.2,32.1,1179.0,2.3
2807910121,2018,51.9,37.1,33.5,1166.0,2.3
2807910121,2019,51.6,36.3,34.6,1173.0,2.3
2807910121,2020,51.9,35.8,34.4,1141.0,2.2
2807910121,2021,52.6,36.6,35.9,1125.0,2.2
2807910121,2022,52.1,34.5,36.9,1137.0,2.2
2807910122,2015,51.1,39.9,24.9,1098.0,2.5
2807910122,2016,50.8,39.0,24.7,1113.0,2.5
2807910122,2017,51.8,39.6,24.3,1097.0,2.5
2807910122,2018,52.6,40.4,25.5,1087.0,2.5
2807910122,2019,52.6,39.6,26.4,1101.0,2.5
2807910122,2020,52.4,37.9,29.1,1073.0,2.5
2807910122,2021,52.6,37.3,29.2,1061.0,2.5
2807910122,2022,51.7,35.6,29.3,1100.0,2.5
2807910123,2015,50.4,34.7,23.9,946.0,2.5
2807910123,2016,51.4,37.5,24.0,894.0,2.5
2807910123,2017,51.8,38.0,26.0,885.0,2.4
2807910123,2018,51.5,38.2,25.9,909.0,2.5
2807910123,2019,51.8,38.8,28.3,902.0,2.5
2807910123,2020,52.2,39.7,30.9,871.0,2.4
2807910123,2021,51.5,38.6,30.5,875.0,2.4
2807910123,2022,51.4,38.3,30.1,865.0,2.3
2807910124,2015,43.6,22.8,23.4,1419.0,2.7
2807910124,2016,43.6,23.0,25.1,1423.0,2.7
2807910124,2017,43.5,22.7,26.0,1460.0,2.7
2807910124,2018,43.6,22.1,26.4,1453.0,2.7
2807910124,2019,43.1,20.6,27.6,1493.0,2.7
2807910124,2020,43.7,20.8,27.6,1453.0,2.7
2807910124,2021,45.1,21.9,28.5,1368.0,2.6
2807910124,2022,44.6,21.4,28.5,1428.0,2.6
2807910125,2015,46.6,27.6,28.8,760.0,2.4
2807910125,2016,47.2,28.3,28.6,739.0,2.4
2807910125,2017,47.0,28.0,27.7,743.0,2.5
2807910125,2018,47.0,27.8,28.2,742.0,2.4
2807910125,2019,46.9,27.6,28.7,762.0,2.5
2807910125,2020,47.2,27.9,29.4,734.0,2.4
2807910125,2021,47.0,26.3,29.4,734.0,2.4
2807910125,2022,46.8,25.9,31.5,748.0,2.4
2807910126,2015,43.2,22.3,27.8,1262.0,2.6
2807910126,2016,43.1,21.3,28.6,1279.0,2.6
2807910126,2017,43.6,21.8,27.9,1306.0,2.6
2807910126,2018,43.5,22.0,29.9,1267.0,2.6
2807910126,2019,43.7,22.6,30.1,1285.0,2.6
2807910126,2020,42.7,20.3,32.2,1324.0,2.6
2807910126,2021,43.5,21.1,31.6,1287.0,2.6
2807910126,2022,43.1,21.3,30.4,1322.0,2.6
2807910127,2015,48.7,32.7,29.8,975.0,2.4
2807910127,2016,49.6,34.5,31.2,934.0,2.3
2807910127,2017,49.3,33.2,30.9,967.0,2.3
2807910127,2018,50.5,34.5,33.2,947.0,2.3
2807910127,2019,48.5,31.0,31.8,1021.0,2.4
2807910127,2020,49.6,32.3,33.3,953.0,2.3
2807910127,2021,48.9,31.0,34.6,967.0,2.3
2807910127,2022,48.7,30.6,33.1,958.0,2.3
2807910128,2015,46.8,27.9,26.2,1271.0,2.4
2807910128,2016,46.4,27.1,27.5,1289.0,2.4
2807910128,2017,46.8,27.0,27.8,1281.0,2.4
2807910128,2018,46.6,26.2,27.4,1309.0,2.5
2807910128,2019,46.9,26.0,29.6,1313.0,2.4
2807910128,2020,47.4,25.6,30.5,1293.0,2.4
2807910128,2021,46.9,25.4,31.3,1294.0,2.4
2807910128,2022,47.4,26.0,32.3,1271.0,2.4
2807910129,2015,54.4,43.3,26.1,643.0,2.4
2807910129,2016,55.2,43.0,26.9,623.0,2.4
2807910129,2017,56.2,43.1,27.9,603.0,2.3
2807910129,2018,56.4,43.2,27.5,608.0,2.3
2807910129,2019,57.0,43.4,29.1,581.0,2.3
2807910129,2020,57.3,46.7,28.2,599.0,2.3
2807910129,2021,57.8,46.6,27.8,599.0,2.3
2807910129,2022,54.9,41.1,29.5,1243.0,2.3
2807910130,2015,50.2,35.5,25.3,1618.0,2.4
2807910130,2016,50.7,36.0,25.7,1612.0,2.4
2807910130,2017,51.2,36.9,24.9,1606.0,2.4
2807910130,2018,51.3,36.6,25.6,1621.0,2.4
2807910130,2019,51.7,36.7,26.7,1624.0,2.4
2807910130,2020,51.4,35.3,26.8,1601.0,2.4
2807910130,2021,51.9,35.9,28.7,1568.0,2.3
2807910130,2022,51.4,35.1,28.3,1574.0,2.4
2807910131,2015,49.0,34.5,26.7,1107.0,2.4
2807910131,2016,49.2,34.6,26.7,1109.0,2.4
2807910131,2017,49.4,33.9,27.7,1118.0,2.4
2807910131,2018,48.2,31.8,26.6,1190.0,2.5
2807910131,2019,46.1,28.3,26.1,1304.0,2.6
2807910131,2020,44.7,25.0,26.1,1451.0,2.5
2807910131,2021,44.9,24.7,27.2,1455.0,2.5
2807910131,2022,44.8,23.9,29.1,1492.0,2.5
2807910132,2015,50.2,32.9,32.8,793.0,2.4
2807910132,2016,50.2,32.1,34.3,817.0,2.3
2807910132,2017,49.1,30.2,33.2,871.0,2.4
2807910132,2018,48.6,29.2,33.2,894.0,2.4
2807910132,2019,49.1,30.0,34.0,884.0,2.4
2807910132,2020,47.6,27.7,32.1,974.0,2.4
2807910132,2021,46.6,26.1,30.7,1037.0,2.5
2807910132,2022,45.8,24.3,32.8,1058.0,2.4
2807910133,2015,46.3,24.9,28.8,1695.0,2.5
2807910133,2016,46.8,25.9,28.0,1663.0,2.5
2807910133,2017,47.2,26.3,28.1,1658.0,2.4
2807910133,2018,47.3,26.7,29.2,1671.0,2.4
2807910133,2019,47.3,26.2,29.2,1703.0,2.5
2807910133,2020,47.5,26.8,29.8,1710.0,2.5
2807910133,2021,48.0,27.5,29.8,1694.0,2.4
2807910133,2022,48.1,27.7,29.0,1699.0,2.5
2807910134,2015,53.0,42.2,32.7,637.0,2.3
2807910134,2016,53.1,42.0,31.0,638.0,2.3
2807910134,2017,53.8,42.1,33.0,622.0,2.2
2807910134,2018,53.8,41.2,33.0,638.0,2.3
2807910134,2019,53.6,40.4,37.5,611.0,2.2
2807910134,2020,52.8,37.7,34.6,636.0,2.2
2807910134,2021,52.3,36.6,29.8,647.0,2.3
2807910134,2022,,,,,
2807910135,2015,50.3,34.2,37.2,790.0,2.2
2807910135,2016,50.6,34.5,37.4,775.0,2.2
2807910135,2017,50.8,34.2,36.7,774.0,2.2
2807910135,2018,50.7,33.6,36.3,786.0,2.3
2807910135,2019,50.1,32.4,36.2,811.0,2.3
2807910135,2020,50.2,32.6,36.7,804.0,2.3
2807910135,2021,50.3,31.1,39.2,788.0,2.2
2807910135,2022,49.0,29.3,40.5,805.0,2.3
2807910136,2015,47.0,29.7,28.5,1174.0,2.5
2807910136,2016,47.6,30.6,29.5,1156.0,2.4
2807910136,2017,48.3,31.7,30.6,1156.0,2.4
2807910136,2018,49.2,32.0,30.0,1133.0,2.4
2807910136,2019,48.6,31.2,30.9,1170.0,2.4
2807910136,2020,48.9,31.3,31.8,1166.0,2.4
2807910136,2021,49.5,31.2,32.3,1121.0,2.3
2807910136,2022,49.3,30.3,33.1,1157.0,2.4
2807910137,2015,45.3,24.5,35.4,956.0,2.4
2807910137,2016,45.8,24.7,34.6,949.0,2.3
2807910137,2017,44.5,22.2,33.7,1007.0,2.4
2807910137,2018,44.1,21.0,32.0,1014.0,2.5
2807910137,2019,43.9,20.3,33.4,1038.0,2.6
2807910137,2020,44.5,20.5,34.5,1019.0,2.5
2807910137,2021,44.3,21.1,33.2,1035.0,2.5
2807910137,2022,43.0,18.8,34.0,1088.0,2.5
2807910138,2015,52.0,39.3,23.2,730.0,2.4
2807910138,2016,51.8,39.4,22.0,741.0,2.4
2807910138,2017,51.7,40.4,22.8,741.0,2.5
2807910138,2018,52.3,40.9,24.4,722.0,2.4
2807910138,2019,52.0,40.7,27.5,718.0,2.4
2807910138,2020,52.8,41.7,28.4,707.0,2.3
2807910138,2021,53.3,41.8,29.5,698.0,2.3
2807910138,2022,54.1,42.4,29.6,691.0,2.2
2807910139,2015,44.8,24.3,30.3,1051.0,2.5
2807910139,2016,44.0,23.4,28.9,1088.0,2.6
2807910139,2017,44.1,23.2,27.9,1123.0,2.7
2807910139,2018,44.0,23.0,28.5,1132.0,2.7
2807910139,2019,44.3,23.5,26.8,1121.0,2.6
2807910139,2020,44.7,23.6,29.0,1108.0,2.6
2807910139,2021,45.3,24.0,28.5,1080.0,2.6
2807910139,2022,44.8,22.7,28.4,1137.0,2.6
2807910140,2015,47.7,32.3,28.2,855.0,2.5
2807910140,2016,48.2,32.1,30.1,825.0,2.4
2807910140,2017,47.9,31.3,28.2,859.0,2.4
2807910140,2018,48.2,30.6,26.9,857.0,2.4
2807910140,2019,49.4,31.5,28.8,835.0,2.4
2807910140,2020,49.7,31.0,29.1,813.0,2.4
2807910140,2021,49.7,30.1,31.4,798.0,2.3
2807910140,2022,49.8,29.7,33.4,795.0,2.3
2807910142,2015,45.6,26.4,29.5,1680.0,2.5
2807910142,2016,46.0,26.0,30.4,1670.0,2.5
2807910142,2017,45.6,24.6,29.9,1717.0,2.5
2807910142,2018,45.1,23.6,30.3,1739.0,2.6
2807910142,2019,44.4,22.5,29.7,1803.0,2.6
2807910142,2020,44.1,21.7,28.1,1865.0,2.7
2807910142,2021,44.5,21.6,30.9,1800.0,2.6
2807910142,2022,44.3,21.0,31.6,1835.0,2.6
2807910143,2015,46.6,28.6,28.7,1272.0,2.5
2807910143,2016,46.7,28.3,28.2,1257.0,2.5
2807910143,2017,46.7,27.5,27.9,1267.0,2.5
2807910143,2018,46.6,27.4,27.7,1288.0,2.5
2807910143,2019,46.0,25.4,27.6,1361.0,2.6
2807910143,2020,46.3,25.3,28.4,1323.0,2.5
2807910143,2021,46.9,26.2,27.8,1302.0,2.5
2807910143,2022,46.4,24.8,27.7,1335.0,2.6
2807910144,2015,43.5,20.6,34.6,1279.0,2.4
2807910144,2016,43.7,20.3,33.8,1277.0,2.4
2807910144,2017,43.3,19.6,34.0,1298.0,2.5
2807910144,2018,42.1,17.9,35.5,1370.0,2.5
2807910144,2019,41.3,16.6,34.5,1466.0,2.6
2807910144,2020,41.8,16.6,32.1,1388.0,2.5
2807910144,2021,41.1,15.4,32.2,1445.0,2.6
2807910144,2022,40.5,14.4,29.5,1532.0,2.7
2807910145,2015,46.3,26.7,27.3,1518.0,2.6
2807910145,2016,46.1,26.5,29.7,1522.0,2.6
2807910145,2017,47.0,26.8,30.8,1495.0,2.5
2807910145,2018,46.4,26.0,31.0,1525.0,2.6
2807910145,2019,46.1,26.1,30.6,1566.0,2.6
2807910145,2020,46.3,25.7,31.3,1532.0,2.5
2807910145,2021,46.2,25.1,30.6,1538.0,2.6
2807910145,2022,45.4,24.0,28.4,1583.0,2.7
2807910146,2015,46.7,28.4,28.3,1205.0,2.4
2807910146,2016,46.8,27.5,27.0,1186.0,2.5
2807910146,2017,46.9,27.1,27.7,1213.0,2.5
2807910146,2018,46.7,26.2,28.4,1276.0,2.5
2807910146,2019,46.7,24.6,28.5,1324.0,2.6
2807910146,2020,46.6,24.3,29.2,1294.0,2.6
2807910146,2021,46.0,23.3,29.0,1368.0,2.6
2807910146,2022,46.1,23.3,28.8,1358.0,2.6
2807910147,2015,45.6,24.6,30.0,1429.0,2.5
2807910147,2016,45.1,23.7,29.8,1447.0,2.5
2807910147,2017,44.9,23.1,27.5,1509.0,2.6
2807910147,2018,44.3,22.3,27.4,1529.0,2.6
2807910147,2019,44.2,21.3,27.3,1580.0,2.7
2807910147,2020,44.3,20.6,28.2,1516.0,2.7
2807910147,2021,43.9,20.6,31.3,1521.0,2.6
2807910147,2022,42.6,18.6,30.9,1619.0,2.7
2807910148,2015,42.7,19.0,29.8,1418.0,2.7
2807910148,2016,42.1,18.2,30.5,1416.0,2.6
2807910148,2017,41.5,17.4,31.9,1427.0,2.6
2807910148,2018,41.5,17.5,32.8,1443.0,2.7
2807910148,2019,41.4,16.7,31.4,1493.0,2.8
2807910148,2020,41.4,16.4,30.3,1522.0,2.8
2807910148,2021,41.9,16.5,31.1,1434.0,2.7
2807910148,2022,41.3,15.3,30.6,1554.0,2.8
2807910149,2015,43.8,22.5,30.5,990.0,2.6
2807910149,2016,43.5,22.3,31.7,985.0,2.6
2807910149,2017,43.0,21.0,30.2,1042.0,2.7
2807910149,2018,42.5,20.9,30.6,1037.0,2.7
2807910149,2019,43.1,20.7,30.2,1049.0,2.7
2807910149,2020,42.9,19.6,31.9,1060.0,2.7
2807910149,2021,43.1,19.2,30.0,1065.0,2.7
2807910149,2022,43.1,19.4,29.3,1977.0,2.8
2807910150,2015,45.3,24.7,28.8,831.0,2.6
2807910150,2016,45.0,24.5,29.1,826.0,2.6
2807910150,2017,44.5,22.7,29.2,846.0,2.7
2807910150,2018,45.6,23.3,29.6,840.0,2.6
2807910150,2019,45.3,22.0,31.6,840.0,2.6
2807910150,2020,45.3,22.7,30.8,825.0,2.6
2807910150,2021,45.8,23.1,31.0,811.0,2.6
2807910150,2022,,,,,
2807910151,2015,45.4,25.5,28.3,1776.0,2.6
2807910151,2016,45.4,25.2,28.4,1779.0,2.6
2807910151,2017,44.9,24.6,28.7,1818.0,2.6
2807910151,2018,44.8,24.2,28.8,1796.0,2.6
2807910151,2019,44.5,23.4,29.6,1847.0,2.7
2807910151,2020,45.0,23.5,30.4,1823.0,2.6
2807910151,2021,45.4,23.2,31.7,1748.0,2.6
2807910151,2022,44.4,21.6,31.2,1814.0,2.6
2807910152,2015,46.8,25.5,25.5,765.0,2.5
2807910152,2016,46.9,25.5,25.2,774.0,2.5
2807910152,2017,46.6,25.4,27.1,794.0,2.5
2807910152,2018,46.7,25.7,24.9,813.0,2.5
2807910152,2019,46.9,25.6,25.1,839.0,2.6
2807910152,2020,47.2,26.4,22.6,812.0,2.6
2807910152,2021,46.9,25.8,26.2,823.0,2.5
2807910152,2022,47.5,27.5,27.8,794.0,2.5
2807910153,2015,42.0,17.1,34.2,2426.0,2.4
2807910153,2016,42.1,16.7,34.3,2469.0,2.4
2807910153,2017,42.5,16.7,34.2,2465.0,2.3
2807910153,2018,42.8,17.1,34.7,2474.0,2.3
2807910153,2019,43.0,16.9,33.8,2539.0,2.4
2807910153,2020,43.3,17.1,34.2,2495.0,2.3
2807910153,2021,43.8,17.4,34.4,2507.0,2.3
2807910153,2022,43.7,17.3,34.7,2557.0,2.3
2807910154,2015,46.7,29.7,27.9,798.0,2.4
2807910154,2016,46.2,29.5,29.8,790.0,2.4
2807910154,2017,46.2,28.7,29.5,797.0,2.4
2807910154,2018,45.8,27.7,30.4,813.0,2.4
2807910154,2019,45.9,26.6,29.8,846.0,2.4
2807910154,2020,45.7,25.9,32.5,812.0,2.4
2807910154,2021,44.5,23.5,31.6,858.0,2.4
2807910154,2022,45.3,24.2,32.5,844.0,2.4
2807910156,2015,54.7,43.3,14.9,902.0,2.6
2807910156,2016,55.2,43.0,17.5,887.0,2.6
2807910156,2017,55.4,43.1,17.0,886.0,2.6
2807910156,2018,55.9,43.2,18.2,885.0,2.6
2807910156,2019,55.5,43.4,20.2,880.0,2.5
2807910156,2020,56.4,50.6,22.4,852.0,2.5
2807910156,2021,56.2,49.4,22.3,843.0,2.5
2807910156,2022,56.2,47.8,23.1,830.0,2.5
2807910157,2015,54.3,43.3,20.5,769.0,2.5
2807910157,2016,54.8,43.0,22.0,747.0,2.5
2807910157,2017,55.2,43.1,22.0,731.0,2.5
2807910157,2018,55.3,43.2,22.5,733.0,2.5
2807910157,2019,54.3,43.4,21.6,762.0,2.5
2807910157,2020,54.0,43.2,22.9,741.0,2.5
2807910157,2021,53.4,41.2,23.7,741.0,2.5
2807910157,2022,53.6,40.7,24.9,735.0,2.5
2807910158,2015,44.6,14.9,13.5,1178.0,2.8
2807910158,2016,44.8,16.5,14.4,1180.0,2.8
2807910158,2017,45.7,19.7,14.9,1170.0,2.8
2807910158,2018,46.8,23.0,14.6,1144.0,2.7
2807910158,2019,47.6,24.4,14.2,1134.0,2.7
2807910158,2020,48.3,26.4,15.6,1123.0,2.7
2807910158,2021,49.1,29.8,18.8,1089.0,2.6
2807910158,2022,49.0,31.6,17.4,1125.0,2.6
2807910159,2015,45.8,16.3,10.7,1206.0,2.9
2807910159,2016,46.4,17.3,13.0,1191.0,2.9
2807910159,2017,46.1,18.6,14.4,1202.0,2.9
2807910159,2018,46.6,21.1,14.4,1205.0,2.9
2807910159,2019,47.3,22.8,13.7,1192.0,2.8
2807910159,2020,47.8,23.8,13.5,1178.0,2.8
2807910159,2021,48.7,26.4,13.3,1158.0,2.8
2807910159,2022,49.9,30.3,14.0,1124.0,2.7
2807910161,2015,44.8,24.5,30.0,1655.0,2.4
2807910161,2016,45.4,25.0,29.8,1641.0,2.4
2807910161,2017,46.1,25.5,31.2,1629.0,2.4
2807910161,2018,46.1,24.8,33.2,1644.0,2.3
2807910161,2019,46.6,24.9,32.6,1646.0,2.3
2807910161,2020,47.5,25.0,33.7,1579.0,2.3
2807910161,2021,47.5,25.3,34.1,1594.0,2.3
2807910161,2022,47.9,25.8,36.3,1622.0,2.3
2807910162,2015,48.0,29.8,32.1,921.0,2.3
2807910162,2016,48.3,29.4,33.3,907.0,2.2
2807910162,2017,47.4,27.5,33.7,920.0,2.3
2807910162,2018,47.5,26.3,32.0,930.0,2.3
2807910162,2019,47.4,26.1,32.6,947.0,2.3
2807910162,2020,48.2,26.9,34.9,918.0,2.2
2807910162,2021,48.0,26.9,33.0,936.0,2.3
2807910162,2022,48.5,26.9,34.8,913.0,2.2
2807910163,2015,49.1,34.7,26.0,756.0,2.5
2807910163,2016,49.6,35.4,25.5,754.0,2.5
2807910163,2017,50.4,36.0,26.5,744.0,2.5
2807910163,2018,50.4,35.4,28.1,751.0,2.5
2807910163,2019,50.7,35.5,28.4,739.0,2.5
2807910163,2020,50.7,35.0,29.0,749.0,2.5
2807910163,2021,50.6,34.3,28.6,758.0,2.5
2807910163,2022,51.3,35.7,31.1,749.0,2.5
2807910164,2015,43.4,21.8,32.0,1403.0,2.4
2807910164,2016,43.8,22.1,31.6,1391.0,2.4
2807910164,2017,43.7,21.3,31.6,1390.0,2.4
2807910164,2018,44.1,21.1,32.2,1410.0,2.4
2807910164,2019,44.1,20.1,31.0,1449.0,2.4
2807910164,2020,44.8,20.7,32.6,1423.0,2.4
2807910164,2021,45.2,20.9,33.1,1399.0,2.3
2807910164,2022,44.9,20.7,36.0,1426.0,2.3
2807910165,2015,43.2,22.9,18.4,1179.0,2.8
2807910165,2016,44.5,24.7,18.1,1154.0,2.8
2807910165,2017,44.9,24.6,19.2,1153.0,2.7
2807910165,2018,45.4,25.0,22.5,1152.0,2.7
2807910165,2019,45.8,24.9,20.7,1185.0,2.8
2807910165,2020,46.5,25.4,21.8,1141.0,2.7
2807910165,2021,47.2,25.7,22.8,1115.0,2.6
2807910165,2022,47.1,25.0,21.9,1117.0,2.6
2807910167,2015,41.8,17.2,22.4,2242.0,2.6
2807910167,2016,42.2,17.4,21.8,2252.0,2.7
2807910167,2017,43.0,17.8,22.8,2242.0,2.7
2807910167,2018,43.5,17.7,23.8,2238.0,2.6
2807910167,2019,43.8,18.0,23.4,2266.0,2.6
2807910167,2020,44.4,18.9,23.6,2238.0,2.6
2807910167,2021,45.2,19.2,25.4,2193.0,2.6
2807910167,2022,45.7,19.7,26.3,2196.0,2.5
2807910168,2015,46.7,30.1,27.3,1298.0,2.5
2807910168,2016,47.5,30.4,27.9,1289.0,2.5
2807910168,2017,47.3,30.1,26.7,1318.0,2.5
2807910168,2018,47.7,30.3,26.9,1296.0,2.5
2807910168,2019,47.5,29.5,27.5,1303.0,2.5
2807910168,2020,47.8,29.2,27.8,1296.0,2.5
2807910168,2021,47.4,28.3,28.4,1288.0,2.4
2807910168,2022,46.5,26.7,29.1,1336.0,2.5
2807910169,2015,47.9,33.4,30.8,772.0,2.3
2807910169,2016,47.9,32.2,30.2,771.0,2.3
2807910169,2017,47.1,30.2,31.8,804.0,2.4
2807910169,2018,46.9,29.0,29.4,816.0,2.4
2807910169,2019,46.5,27.9,30.4,841.0,2.5
2807910169,2020,46.3,26.8,29.0,850.0,2.5
2807910169,2021,47.1,27.7,30.3,821.0,2.4
2807910169,2022,47.1,27.4,32.7,810.0,2.4
2807910170,2015,45.1,23.8,24.4,1166.0,2.6
2807910170,2016,45.5,23.8,23.1,1168.0,2.6
2807910170,2017,46.2,25.0,24.1,1145.0,2.5
2807910170,2018,45.3,24.3,23.1,1184.0,2.6
2807910170,2019,45.7,24.6,22.6,1203.0,2.6
2807910170,2020,46.5,25.3,23.4,1145.0,2.5
2807910170,2021,47.2,25.7,24.7,1121.0,2.5
2807910170,2022,46.6,24.1,25.1,1147.0,2.5
2807910171,2015,48.0,31.5,22.0,1116.0,2.5
2807910171,2016,48.4,31.1,24.2,1106.0,2.4
2807910171,2017,48.3,31.2,25.1,1091.0,2.4
2807910171,2018,48.2,30.9,26.1,1120.0,2.5
2807910171,2019,48.7,31.5,25.1,1125.0,2.5
2807910171,2020,48.6,30.4,27.1,1090.0,2.4
2807910171,2021,49.0,31.4,27.7,1070.0,2.4
2807910171,2022,48.5,30.3,26.5,1116.0,2.4
2807910172,2015,46.0,28.3,23.6,756.0,2.6
2807910172,2016,46.6,28.7,24.1,735.0,2.5
2807910172,2017,46.0,27.7,25.9,736.0,2.5
2807910172,2018,46.7,28.7,25.9,741.0,2.5
2807910172,2019,47.4,29.2,27.8,725.0,2.5
2807910172,2020,47.5,28.6,28.7,738.0,2.5
2807910172,2021,47.9,28.3,30.1,747.0,2.5
2807910172,2022,48.0,27.5,29.4,752.0,2.5
2807910173,2015,46.4,25.7,23.2,1583.0,2.5
2807910173,2016,47.3,28.2,24.2,1561.0,2.5
2807910173,2017,47.3,29.2,24.6,1562.0,2.5
2807910173,2018,47.9,31.1,24.3,1566.0,2.5
2807910173,2019,48.9,32.5,24.8,1537.0,2.4
2807910173,2020,48.9,32.6,25.8,1548.0,2.4
2807910173,2021,49.4,33.2,26.7,1500.0,2.4
2807910173,2022,48.9,32.3,25.7,1549.0,2.4
2807910174,2015,46.8,30.7,26.7,970.0,2.5
2807910174,2016,47.5,31.1,26.3,932.0,2.5
2807910174,2017,48.0,32.2,25.7,958.0,2.5
2807910174,2018,48.2,32.1,25.6,943.0,2.5
2807910174,2019,48.5,32.4,26.5,954.0,2.6
2807910174,2020,48.8,32.9,26.1,941.0,2.6
2807910174,2021,49.6,34.5,28.0,923.0,2.5
2807910174,2022,49.6,34.0,28.5,912.0,2.5
2807910175,2015,46.4,30.3,20.3,855.0,2.6
2807910175,2016,46.6,30.9,19.6,863.0,2.6
2807910175,2017,47.5,32.3,22.1,829.0,2.5
2807910175,2018,47.7,31.7,21.5,849.0,2.6
2807910175,2019,47.8,31.1,20.7,851.0,2.6
2807910175,2020,48.5,31.4,23.0,825.0,2.5
2807910175,2021,49.0,31.5,25.3,817.0,2.5
2807910175,2022,49.0,31.2,25.2,812.0,2.5
2807910176,2015,47.2,31.7,22.9,1256.0,2.5
2807910176,2016,47.1,31.5,24.1,1246.0,2.5
2807910176,2017,47.6,32.5,25.2,1244.0,2.4
2807910176,2018,48.0,32.6,24.5,1256.0,2.5
2807910176,2019,48.4,32.6,24.4,1276.0,2.5
2807910176,2020,49.1,33.7,26.7,1224.0,2.4
2807910176,2021,49.5,34.7,27.2,1239.0,2.4
2807910176,2022,49.5,34.6,27.0,1216.0,2.4
2807910178,2015,49.4,35.2,25.2,1044.0,2.4
2807910178,2016,49.7,35.4,26.2,1051.0,2.4
2807910178,2017,49.8,35.4,26.1,1069.0,2.4
2807910178,2018,50.0,35.0,26.9,1056.0,2.4
2807910178,2019,50.2,34.9,27.9,1042.0,2.4
2807910178,2020,50.2,35.4,29.5,1025.0,2.4
2807910178,2021,51.0,36.3,32.0,1009.0,2.3
2807910178,2022,51.0,35.4,30.9,1047.0,2.4
2807910179,2015,51.2,37.5,32.5,1144.0,2.3
2807910179,2016,51.4,36.4,33.8,1110.0,2.2
2807910179,2017,51.3,35.4,37.0,1106.0,2.2
2807910179,2018,51.3,34.5,36.2,1096.0,2.2
2807910179,2019,51.6,33.4,37.3,1094.0,2.2
2807910179,2020,51.4,32.5,36.4,1087.0,2.2
2807910179,2021,51.2,31.3,37.2,1082.0,2.2
2807910179,2022,50.8,29.6,38.1,1090.0,2.2
2807910180,2015,46.6,27.8,25.9,1241.0,2.5
2807910180,2016,46.5,27.8,26.6,1242.0,2.5
2807910180,2017,46.1,27.1,26.1,1236.0,2.5
2807910180,2018,47.0,27.0,25.4,1246.0,2.6
2807910180,2019,46.8,26.5,26.6,1268.0,2.6
2807910180,2020,47.4,26.8,26.9,1226.0,2.5
2807910180,2021,47.4,26.9,27.7,1233.0,2.5
2807910180,2022,48.1,26.9,29.0,1200.0,2.5
2807910181,2015,49.2,32.1,31.8,1148.0,2.3
2807910181,2016,48.9,31.3,30.9,1173.0,2.4
2807910181,2017,49.1,31.0,32.9,1161.0,2.3
2807910181,2018,48.1,28.9,32.0,1234.0,2.4
2807910181,2019,47.9,28.8,31.6,1210.0,2.4
2807910181,2020,48.0,28.1,33.5,1169.0,2.4
2807910181,2021,47.9,27.9,33.1,1173.0,2.4
2807910181,2022,49.2,28.6,34.9,1141.0,2.3
2807910182,2015,45.3,24.8,37.7,1082.0,2.2
2807910182,2016,45.0,24.0,36.1,1104.0,2.3
2807910182,2017,45.2,23.7,36.9,1096.0,2.2
2807910182,2018,44.6,22.2,35.8,1131.0,2.3
2807910182,2019,43.9,19.8,35.1,1157.0,2.3
2807910182,2020,44.7,20.3,35.4,1133.0,2.3
2807910182,2021,45.1,19.4,38.1,1097.0,2.2
2807910182,2022,44.7,18.7,35.5,1124.0,2.3
2807910183,2015,48.3,31.3,24.8,1003.0,2.5
2807910183,2016,48.7,31.3,26.8,987.0,2.4
2807910183,2017,48.5,30.9,28.0,1006.0,2.4
2807910183,2018,48.1,30.1,30.9,1008.0,2.4
2807910183,2019,47.9,29.1,30.6,1044.0,2.5
2807910183,2020,48.2,28.5,31.5,1030.0,2.4
2807910183,2021,48.6,28.3,30.8,1010.0,2.4
2807910183,2022,48.6,28.5,30.1,986.0,2.4
2807910184,2015,52.0,38.8,27.4,954.0,2.4
2807910184,2016,52.4,38.8,27.6,952.0,2.4
2807910184,2017,52.9,39.0,27.3,935.0,2.4
2807910184,2018,52.1,37.0,27.6,984.0,2.4
2807910184,2019,52.2,36.4,27.1,989.0,2.4
2807910184,2020,52.2,34.9,26.2,996.0,2.4
2807910184,2021,52.1,34.5,28.1,969.0,2.4
2807910184,2022,51.8,34.0,27.6,962.0,2.4
2807910185,2015,44.8,24.8,25.3,754.0,2.6
2807910185,2016,44.4,23.5,25.3,771.0,2.6
2807910185,2017,44.2,21.8,24.7,785.0,2.7
2807910185,2018,44.7,21.9,24.4,772.0,2.6
2807910185,2019,44.8,21.8,23.9,775.0,2.7
2807910185,2020,44.4,21.2,25.5,777.0,2.6
2807910185,2021,44.7,20.9,26.7,769.0,2.6
2807910185,2022,45.3,20.2,26.5,802.0,2.7
2807910187,2015,45.9,24.1,26.8,1282.0,2.6
2807910187,2016,45.7,23.1,27.2,1265.0,2.6
2807910187,2017,45.7,22.5,28.3,1262.0,2.6
2807910187,2018,44.7,21.2,28.5,1273.0,2.6
2807910187,2019,43.8,19.8,28.5,1342.0,2.7
2807910187,2020,43.9,19.3,27.3,1296.0,2.7
2807910187,2021,43.7,19.1,27.4,1309.0,2.7
2807910187,2022,43.2,19.1,27.5,1365.0,2.7
2807910188,2015,47.4,28.6,27.5,1000.0,2.5
2807910188,2016,47.7,27.8,27.0,981.0,2.5
2807910188,2017,47.3,27.2,25.7,978.0,2.5
2807910188,2018,47.4,27.4,26.6,966.0,2.5
2807910188,2019,46.5,25.6,26.3,994.0,2.5
2807910188,2020,46.2,24.9,24.4,1020.0,2.6
2807910188,2021,46.0,24.2,24.1,1025.0,2.6
2807910188,2022,46.3,24.3,26.2,974.0,2.5
2807910189,2015,48.7,32.3,25.9,1491.0,2.5
2807910189,2016,49.0,31.8,27.0,1480.0,2.5
2807910189,2017,49.3,31.5,29.6,1480.0,2.4
2807910189,2018,49.6,31.0,28.5,1466.0,2.4
2807910189,2019,49.5,29.9,29.0,1494.0,2.4
2807910189,2020,49.4,29.4,31.5,1445.0,2.4
2807910189,2021,49.6,28.8,31.4,1433.0,2.4
2807910189,2022,48.2,26.1,31.1,1502.0,2.5
2807910190,2015,49.0,32.5,32.5,1066.0,2.3
2807910190,2016,48.3,31.0,33.0,1076.0,2.3
2807910190,2017,48.6,31.5,32.6,1065.0,2.3
2807910190,2018,48.2,31.1,32.4,1074.0,2.4
2807910190,2019,47.6,29.1,33.0,1107.0,2.4
2807910190,2020,46.8,27.8,32.4,1126.0,2.4
2807910190,2021,46.5,26.2,34.5,1124.0,2.4
2807910190,2022,46.1,25.6,34.3,1163.0,2.4
2807910191,2015,49.5,29.7,27.4,1613.0,2.5
2807910191,2016,49.4,30.2,28.0,1579.0,2.4
2807910191,2017,48.9,29.1,28.4,1627.0,2.5
2807910191,2018,49.4,29.6,29.9,1596.0,2.5
2807910191,2019,48.9,28.8,29.8,1632.0,2.5
2807910191,2020,49.2,28.9,32.7,1581.0,2.4
2807910191,2021,49.6,30.2,33.7,1549.0,2.4
2807910191,2022,48.9,29.4,33.9,1566.0,2.4
2807910192,2015,48.2,30.2,24.8,1670.0,2.4
2807910192,2016,48.5,30.3,23.8,1681.0,2.4
2807910192,2017,48.7,30.0,25.5,1681.0,2.4
2807910192,2018,49.0,30.3,25.3,1713.0,2.4
2807910192,2019,49.7,31.0,26.1,1682.0,2.4
2807910192,2020,50.0,31.4,26.3,1667.0,2.4
2807910192,2021,50.2,31.9,26.9,1659.0,2.4
2807910192,2022,50.5,32.1,28.3,1693.0,2.4
2807910193,2015,56.5,43.3,28.3,748.0,2.3
2807910193,2016,56.7,43.0,27.1,761.0,2.3
2807910193,2017,56.1,42.7,25.8,771.0,2.4
2807910193,2018,56.1,42.0,27.5,771.0,2.4
2807910193,2019,54.8,39.1,28.5,773.0,2.4
2807910193,2020,54.6,37.5,29.8,770.0,2.3
2807910193,2021,54.3,37.1,31.7,746.0,2.3
2807910193,2022,53.3,35.1,32.4,766.0,2.3
2807910194,2015,46.6,28.6,27.4,939.0,2.4
2807910194,2016,46.9,29.3,27.7,935.0,2.4
2807910194,2017,46.8,29.9,28.6,925.0,2.4
2807910194,2018,47.4,30.0,29.8,925.0,2.4
2807910194,2019,47.3,29.4,30.4,955.0,2.5
2807910194,2020,47.6,29.0,30.2,954.0,2.4
2807910194,2021,48.5,30.0,31.8,906.0,2.4
2807910194,2022,48.6,29.9,31.6,922.0,2.4
2807910196,2015,41.8,15.2,27.9,692.0,2.6
2807910196,2016,42.3,15.6,27.3,684.0,2.6
2807910196,2017,,,,,
2807910196,2018,,,,,
2807910196,2019,,,,,
2807910196,2020,,,,,
2807910196,2021,,,,,
2807910196,2022,,,,,
2807910197,2015,47.4,28.0,25.4,1140.0,2.5
2807910197,2016,45.7,24.6,21.9,1309.0,2.6
2807910197,2017,43.4,21.9,21.0,1518.0,2.7
2807910197,2018,42.8,20.7,22.0,1605.0,2.7
2807910197,2019,42.9,20.5,22.2,1657.0,2.7
2807910197,2020,42.9,20.6,23.0,1635.0,2.7
2807910197,2021,43.8,21.3,24.3,1603.0,2.6
2807910197,2022,43.5,20.7,23.1,1653.0,2.7
2807910198,2015,48.1,28.7,22.9,1301.0,2.5
2807910198,2016,48.1,28.7,23.5,1305.0,2.5
2807910198,2017,46.3,24.3,26.3,1973.0,2.5
2807910198,2018,46.5,24.9,26.6,1971.0,2.5
2807910198,2019,46.5,25.3,25.2,1994.0,2.5
2807910198,2020,46.4,25.1,25.8,1955.0,2.5
2807910198,2021,46.6,26.0,25.7,1969.0,2.5
2807910198,2022,46.7,26.7,27.4,1959.0,2.4
2807910199,2015,51.1,37.1,25.0,1618.0,2.4
2807910199,2016,51.4,37.3,25.8,1597.0,2.4
2807910199,2017,52.3,38.4,27.3,1547.0,2.3
2807910199,2018,51.7,37.8,27.9,1541.0,2.3
2807910199,2019,51.5,36.8,28.5,1556.0,2.3
2807910199,2020,51.5,35.9,28.7,1547.0,2.3
2807910199,2021,51.6,35.3,29.7,1554.0,2.3
2807910199,2022,51.1,34.2,28.3,1581.0,2.4
2807910201,2015,48.9,30.6,24.8,1052.0,2.4
2807910201,2016,48.7,29.9,24.0,1062.0,2.4
2807910201,2017,49.0,29.2,25.3,1050.0,2.4
2807910201,2018,48.9,29.4,26.7,1080.0,2.4
2807910201,2019,48.9,29.1,27.6,1060.0,2.4
2807910201,2020,49.4,30.0,28.9,1053.0,2.3
2807910201,2021,49.4,29.9,29.6,1047.0,2.3
2807910201,2022,49.6,31.3,30.4,1041.0,2.3
2807910202,2015,49.3,32.0,23.6,747.0,2.6
2807910202,2016,49.8,32.7,23.8,734.0,2.6
2807910202,2017,50.3,33.3,24.6,721.0,2.5
2807910202,2018,50.0,32.5,26.1,717.0,2.5
2807910202,2019,49.1,30.5,25.7,760.0,2.5
2807910202,2020,49.5,30.1,27.6,767.0,2.5
2807910202,2021,49.0,28.9,28.4,782.0,2.5
2807910202,2022,48.9,29.3,29.3,775.0,2.5
2807910203,2015,50.0,33.9,30.6,1517.0,2.3
2807910203,2016,49.9,33.8,30.7,1514.0,2.3
2807910203,2017,50.3,34.4,30.5,1512.0,2.3
2807910203,2018,49.8,33.0,29.2,1550.0,2.4
2807910203,2019,49.6,32.7,28.9,1558.0,2.4
2807910203,2020,49.3,32.5,29.1,1552.0,2.4
2807910203,2021,49.5,32.5,29.2,1542.0,2.4
2807910203,2022,49.8,33.0,30.4,1520.0,2.4
2807910204,2015,49.4,31.4,29.8,877.0,2.4
2807910204,2016,49.6,31.1,31.4,854.0,2.3
2807910204,2017,49.0,29.3,32.8,880.0,2.3
2807910204,2018,48.7,28.8,32.3,901.0,2.4
2807910204,2019,48.6,27.9,32.1,918.0,2.4
2807910204,2020,47.8,27.6,33.0,913.0,2.4
2807910204,2021,47.2,25.4,32.7,918.0,2.4
2807910204,2022,46.7,24.8,32.3,927.0,2.5
2807910205,2015,48.0,25.9,17.1,1411.0,2.8
2807910205,2016,48.4,27.2,18.2,1383.0,2.7
2807910205,2017,49.1,29.7,18.9,1376.0,2.7
2807910205,2018,49.6,30.8,19.0,1367.0,2.7
2807910205,2019,49.9,31.4,18.7,1355.0,2.7
2807910205,2020,50.0,32.0,19.9,1328.0,2.6
2807910205,2021,50.5,33.2,20.6,1315.0,2.6
2807910205,2022,50.8,34.1,20.4,1311.0,2.6
2807910206,2015,46.4,24.9,38.6,1259.0,2.2
2807910206,2016,46.1,24.2,36.7,1265.0,2.3
2807910206,2017,46.5,23.8,35.9,1263.0,2.3
2807910206,2018,46.8,24.4,36.0,1256.0,2.2
2807910206,2019,47.0,24.4,35.7,1259.0,2.2
2807910206,2020,48.1,25.3,37.4,1217.0,2.1
2807910206,2021,48.3,24.8,36.8,1214.0,2.1
2807910206,2022,48.1,24.3,37.4,1255.0,2.1
2807910207,2015,49.9,35.6,20.7,1443.0,2.6
2807910207,2016,50.9,36.7,21.4,1425.0,2.5
2807910207,2017,52.1,38.1,22.7,1377.0,2.5
2807910207,2018,51.4,36.1,24.5,1442.0,2.5
2807910207,2019,51.8,37.1,25.0,1429.0,2.5
2807910207,2020,52.1,36.7,25.7,1409.0,2.5
2807910207,2021,52.7,37.3,28.4,1369.0,2.4
2807910207,2022,52.7,36.7,27.7,1378.0,2.4
2807910209,2015,48.0,28.1,25.3,1305.0,2.5
2807910209,2016,48.4,28.8,27.0,1252.0,2.4
2807910209,2017,49.4,29.4,28.1,1233.0,2.4
2807910209,2018,49.5,29.5,27.2,1273.0,2.4
2807910209,2019,50.0,30.0,27.5,1246.0,2.4
2807910209,2020,50.7,31.6,29.3,1241.0,2.3
2807910209,2021,50.9,32.3,29.0,1217.0,2.3
2807910209,2022,51.4,33.1,30.4,1199.0,2.3
2807910210,2015,46.8,27.6,24.5,1166.0,2.6
2807910210,2016,47.0,27.8,24.4,1158.0,2.6
2807910210,2017,47.0,27.6,22.9,1176.0,2.7
2807910210,2018,47.0,27.8,24.1,1171.0,2.6
2807910210,2019,47.1,28.3,24.0,1154.0,2.7
2807910210,2020,47.6,28.8,24.8,1140.0,2.6
2807910210,2021,47.6,28.9,25.6,1098.0,2.6
2807910210,2022,48.0,29.3,24.4,1096.0,2.5
2807910211,2015,49.7,29.5,36.2,999.0,2.1
2807910211,2016,50.1,31.0,36.6,994.0,2.1
2807910211,2017,50.1,31.9,35.3,1006.0,2.1
2807910211,2018,50.4,32.7,35.9,1003.0,2.1
2807910211,2019,50.8,33.8,35.3,990.0,2.1
2807910211,2020,51.0,34.0,37.3,980.0,2.0
2807910211,2021,51.5,35.6,39.2,964.0,2.0
2807910211,2022,50.9,34.7,37.7,1023.0,2.0
2807910212,2015,48.2,22.6,16.0,999.0,2.6
2807910212,2016,48.7,23.6,16.2,977.0,2.6
2807910212,2017,48.7,25.9,17.8,997.0,2.6
2807910212,2018,49.6,28.7,19.3,979.0,2.6
2807910212,2019,49.8,30.3,19.3,963.0,2.5
2807910212,2020,49.6,30.8,20.0,966.0,2.5
2807910212,2021,50.9,34.7,21.2,919.0,2.4
2807910212,2022,51.3,37.2,21.2,916.0,2.4
2807910213,2015,39.7,10.4,21.5,2302.0,2.8
2807910213,2016,40.5,10.9,21.5,2294.0,2.8
2807910213,2017,40.9,11.7,20.8,2298.0,2.8
2807910213,2018,41.5,12.2,21.6,2292.0,2.7
2807910213,2019,42.6,13.1,21.8,2274.0,2.7
2807910213,2020,43.1,13.6,22.6,2276.0,2.7
2807910213,2021,43.5,14.8,23.4,2275.0,2.6
2807910213,2022,44.2,15.7,24.7,2260.0,2.6
2807910214,2015,41.2,10.5,27.0,1915.0,2.6
2807910214,2016,42.2,11.4,25.9,1894.0,2.6
2807910214,2017,42.9,11.7,26.5,1874.0,2.6
2807910214,2018,43.7,12.6,26.3,1868.0,2.6
2807910214,2019,44.6,13.7,26.6,1843.0,2.6
2807910214,2020,45.1,14.1,27.1,1819.0,2.6
2807910214,2021,46.0,15.4,27.9,1801.0,2.5
2807910214,2022,46.6,16.7,27.3,1781.0,2.5
2807910215,2015,39.2,10.5,17.1,1496.0,2.9
2807910215,2016,40.1,11.2,17.5,1481.0,2.9
2807910215,2017,40.7,11.9,19.0,1467.0,2.8
2807910215,2018,41.3,12.2,19.0,1458.0,2.8
2807910215,2019,42.1,13.5,19.1,1482.0,2.8
2807910215,2020,42.8,14.5,18.4,1445.0,2.8
2807910215,2021,43.7,15.1,19.9,1433.0,2.7
2807910215,2022,44.2,15.9,21.0,1450.0,2.7
2807910216,2015,33.9,6.0,30.5,2504.0,2.5
2807910216,2016,34.4,6.1,31.7,2537.0,2.5
2807910216,2017,35.1,7.4,32.7,1260.0,2.4
2807910216,2018,35.4,7.5,31.7,1267.0,2.4
2807910216,2019,36.2,7.7,31.8,1292.0,2.4
2807910216,2020,36.8,7.7,32.3,1305.0,2.4
2807910216,2021,37.8,8.6,32.0,1283.0,2.4
2807910216,2022,38.6,9.2,33.3,1307.0,2.4
2807910217,2015,46.9,24.3,34.5,946.0,2.3
2807910217,2016,47.2,25.0,32.3,921.0,2.3
2807910217,2017,46.8,24.3,34.7,917.0,2.3
2807910217,2018,46.0,23.5,34.6,929.0,2.3
2807910217,2019,45.4,23.5,36.1,950.0,2.3
2807910217,2020,45.2,22.2,36.9,922.0,2.3
2807910217,2021,45.5,22.3,39.2,936.0,2.3
2807910217,2022,44.8,21.3,36.0,989.0,2.3
2807910218,2015,36.9,7.6,20.0,1174.0,2.8
2807910218,2016,37.7,7.9,19.6,1170.0,2.8
2807910218,2017,38.5,8.9,19.4,1162.0,2.8
2807910218,2018,39.4,9.7,18.8,1176.0,2.8
2807910218,2019,39.9,10.2,19.0,1179.0,2.8
2807910218,2020,40.4,11.2,18.1,1175.0,2.8
2807910218,2021,41.2,12.3,20.3,1158.0,2.7
2807910218,2022,41.9,13.0,21.2,1174.0,2.7
2807910219,2015,41.3,9.0,26.3,1460.0,2.6
2807910219,2016,41.9,9.4,26.1,1423.0,2.5
2807910219,2017,42.6,10.7,26.4,1432.0,2.6
2807910219,2018,43.4,12.1,25.0,1445.0,2.6
2807910219,2019,44.4,13.1,25.7,1402.0,2.5
2807910219,2020,44.8,13.8,26.8,1410.0,2.5
2807910219,2021,45.6,15.1,28.1,1382.0,2.4
2807910219,2022,46.6,17.0,30.0,1368.0,2.4
2807910220,2015,31.9,3.9,34.0,2440.0,2.4
2807910220,2016,32.2,4.0,32.8,2612.0,2.4
2807910220,2017,32.8,4.4,31.9,2811.0,2.5
2807910220,2018,33.0,4.5,30.6,2886.0,2.6
2807910220,2019,33.5,4.8,30.1,2983.0,2.6
2807910220,2020,34.1,5.4,28.6,3006.0,2.6
2807910220,2021,34.5,5.3,27.7,3088.0,2.6
2807910220,2022,35.3,5.7,31.2,1706.0,2.6
2807910221,2015,,,,,
2807910221,2016,,,,,
2807910221,2017,35.1,5.5,33.1,1299.0,2.5
2807910221,2018,36.0,5.4,33.3,1327.0,2.5
2807910221,2019,36.7,6.0,33.0,1327.0,2.5
2807910221,2020,37.8,6.4,32.4,1306.0,2.5
2807910221,2021,38.7,6.9,34.9,1311.0,2.4
2807910221,2022,39.3,7.5,37.5,1363.0,2.3
2807910222,2015,,,,,
2807910222,2016,,,,,
2807910222,2017,,,,,
2807910222,2018,,,,,
2807910222,2019,,,,,
2807910222,2020,,,,,
2807910222,2021,,,,,
2807910222,2022,34.9,5.9,29.0,1494.0,2.6
2807911001,2015,44.9,21.0,39.5,1167.0,2.3
2807911001,2016,44.8,21.1,38.3,1195.0,2.3
2807911001,2017,45.3,21.7,37.7,1191.0,2.2
2807911001,2018,45.9,22.6,38.6,1171.0,2.2
2807911001,2019,46.0,22.7,39.6,1179.0,2.2
2807911001,2020,46.5,23.0,41.4,1158.0,2.1
2807911001,2021,46.2,22.9,39.2,1161.0,2.2
2807911001,2022,46.0,22.8,39.2,1196.0,2.2
2807911002,2015,48.0,28.0,31.4,1621.0,2.3
2807911002,2016,48.1,28.9,32.8,1615.0,2.3
2807911002,2017,47.9,28.4,30.6,1638.0,2.3
2807911002,2018,48.3,28.1,32.7,1673.0,2.3
2807911002,2019,48.5,27.9,33.7,1665.0,2.3
2807911002,2020,49.2,28.7,35.0,1631.0,2.3
2807911002,2021,50.2,29.9,34.2,1577.0,2.2
2807911002,2022,50.2,29.9,36.3,1590.0,2.2
2807911003,2015,48.9,31.8,32.3,1748.0,2.3
2807911003,2016,49.3,32.5,32.7,1722.0,2.2
2807911003,2017,49.5,33.4,31.4,1736.0,2.3
2807911003,2018,49.9,34.0,33.0,1710.0,2.2
2807911003,2019,49.9,34.0,33.3,1724.0,2.3
2807911003,2020,50.0,33.9,34.0,1714.0,2.3
2807911003,2021,51.1,35.9,34.0,1654.0,2.2
2807911003,2022,50.8,35.2,33.1,1684.0,2.2
2807911004,2015,47.7,27.3,32.4,1481.0,2.3
2807911004,2016,47.9,28.2,32.3,1487.0,2.3
2807911004,2017,48.5,29.1,33.4,1494.0,2.3
2807911004,2018,48.5,29.5,33.2,1480.0,2.2
2807911004,2019,48.6,29.6,32.8,1504.0,2.3
2807911004,2020,48.4,29.8,34.4,1470.0,2.3
2807911004,2021,49.4,31.5,33.9,1435.0,2.2
2807911004,2022,49.6,32.3,35.1,1427.0,2.2
2807911005,2015,49.5,30.9,31.3,1143.0,2.4
2807911005,2016,50.2,32.1,33.8,1094.0,2.3
2807911005,2017,49.9,31.9,35.4,1087.0,2.3
2807911005,2018,49.5,30.2,36.0,1094.0,2.2
2807911005,2019,49.8,30.1,37.8,1101.0,2.2
2807911005,2020,49.7,29.9,39.3,1077.0,2.2
2807911005,2021,50.0,30.4,40.4,1044.0,2.2
2807911005,2022,49.8,30.2,39.8,1069.0,2.2
2807911006,2015,48.1,28.1,34.9,1215.0,2.2
2807911006,2016,48.1,28.1,33.9,1237.0,2.3
2807911006,2017,48.8,28.7,35.2,1234.0,2.2
2807911006,2018,48.5,27.9,34.9,1252.0,2.3
2807911006,2019,47.9,26.1,36.0,1279.0,2.3
2807911006,2020,48.3,26.3,38.2,1200.0,2.2
2807911006,2021,48.4,26.5,38.6,1194.0,2.1
2807911006,2022,47.6,25.3,38.0,1224.0,2.2
2807911007,2015,43.4,20.1,32.4,2016.0,2.4
2807911007,2016,43.7,20.8,34.0,1979.0,2.4
2807911007,2017,43.5,19.9,33.1,2054.0,2.5
2807911007,2018,43.3,18.9,33.2,2049.0,2.5
2807911007,2019,43.2,18.4,33.1,2105.0,2.5
2807911007,2020,43.7,19.0,32.8,2096.0,2.5
2807911007,2021,44.0,19.2,34.3,2027.0,2.4
2807911007,2022,43.8,18.5,33.7,2135.0,2.4
2807911010,2015,49.3,27.6,34.0,829.0,2.2
2807911010,2016,49.5,27.8,34.7,830.0,2.2
2807911010,2017,49.8,29.6,34.0,839.0,2.2
2807911010,2018,49.9,30.1,35.4,837.0,2.2
2807911010,2019,49.2,29.3,33.4,860.0,2.3
2807911010,2020,49.6,29.5,32.1,850.0,2.3
2807911010,2021,49.8,30.8,35.3,817.0,2.2
2807911010,2022,49.5,30.8,37.3,857.0,2.2
2807911011,2015,47.8,26.1,35.8,794.0,2.4
2807911011,2016,47.8,26.6,36.8,779.0,2.3
2807911011,2017,47.5,26.1,37.5,790.0,2.4
2807911011,2018,47.2,25.1,33.9,781.0,2.4
2807911011,2019,46.0,23.9,33.2,823.0,2.4
2807911011,2020,45.6,22.3,34.8,825.0,2.4
2807911011,2021,45.6,22.1,34.3,820.0,2.5
2807911011,2022,45.3,21.0,35.0,830.0,2.5
2807911012,2015,44.3,21.7,37.4,1975.0,2.3
2807911012,2016,44.2,21.4,38.3,1953.0,2.2
2807911012,2017,44.5,20.7,40.1,1949.0,2.2
2807911012,2018,44.1,20.1,37.4,2037.0,2.3
2807911012,2019,43.9,19.4,37.3,2086.0,2.3
2807911012,2020,43.6,18.7,39.8,2044.0,2.2
2807911012,2021,43.7,17.8,39.8,2052.0,2.2
2807911012,2022,43.6,17.8,37.9,2067.0,2.3
2807911013,2015,44.7,21.6,32.1,1558.0,2.5
2807911013,2016,45.8,22.5,32.5,1491.0,2.4
2807911013,2017,45.3,21.7,33.9,1512.0,2.4
2807911013,2018,45.0,20.8,33.5,1540.0,2.4
2807911013,2019,44.4,20.4,32.0,1586.0,2.5
2807911013,2020,44.5,19.9,33.9,1540.0,2.4
2807911013,2021,44.9,20.2,36.8,1482.0,2.3
2807911013,2022,44.1,18.6,35.2,1530.0,2.4
2807911015,2015,44.0,20.6,37.3,1463.0,2.4
2807911015,2016,44.2,20.6,36.1,1472.0,2.4
2807911015,2017,44.7,20.1,38.1,1435.0,2.3
2807911015,2018,44.3,19.1,37.9,1456.0,2.4
2807911015,2019,44.1,18.8,36.2,1459.0,2.4
2807911015,2020,44.0,18.7,37.7,1481.0,2.4
2807911015,2021,44.8,20.0,38.9,1447.0,2.3
2807911015,2022,44.3,20.1,37.5,1456.0,2.3
2807911016,2015,48.5,29.0,37.4,1058.0,2.2
2807911016,2016,48.3,27.6,37.8,1074.0,2.2
2807911016,2017,47.6,26.2,39.0,1081.0,2.2
2807911016,2018,47.8,26.4,40.4,1093.0,2.2
2807911016,2019,46.9,25.5,40.2,1132.0,2.3
2807911016,2020,47.0,25.4,41.0,1138.0,2.2
2807911016,2021,46.9,24.8,40.0,1130.0,2.3
2807911016,2022,45.7,22.8,37.4,1178.0,2.3
2807911017,2015,44.7,21.6,35.4,1160.0,2.3
2807911017,2016,44.6,21.1,37.9,1135.0,2.2
2807911017,2017,44.5,20.8,35.7,1150.0,2.3
2807911017,2018,44.4,20.4,35.9,1160.0,2.3
2807911017,2019,43.9,19.3,34.7,1212.0,2.3
2807911017,2020,43.7,18.4,36.4,1177.0,2.3
2807911017,2021,43.6,18.6,36.1,1188.0,2.3
2807911017,2022,43.5,18.1,37.1,1201.0,2.3
2807911018,2015,42.0,16.1,23.9,777.0,2.8
2807911018,2016,41.7,15.7,24.0,783.0,2.8
2807911018,2017,42.2,16.3,23.4,763.0,2.8
2807911018,2018,42.3,16.7,24.2,759.0,2.8
2807911018,2019,42.3,16.7,26.1,774.0,2.8
2807911018,2020,42.6,16.9,23.7,776.0,2.8
2807911018,2021,43.1,19.2,22.7,746.0,2.8
2807911018,2022,43.2,18.4,22.9,770.0,2.8
2807911019,2015,46.5,24.3,32.4,680.0,2.4
2807911019,2016,46.9,24.3,33.1,687.0,2.4
2807911019,2017,46.5,23.2,31.3,723.0,2.5
2807911019,2018,46.7,23.7,30.5,734.0,2.5
2807911019,2019,46.0,22.8,29.9,760.0,2.5
2807911019,2020,45.8,23.1,29.5,741.0,2.5
2807911019,2021,45.9,22.5,30.1,710.0,2.4
2807911019,2022,45.2,20.5,33.3,736.0,2.5
2807911021,2015,43.8,20.3,31.2,1308.0,2.6
2807911021,2016,43.9,19.6,30.7,1324.0,2.7
2807911021,2017,43.7,18.6,32.1,1342.0,2.7
2807911021,2018,43.3,17.7,30.6,1381.0,2.7
2807911021,2019,42.3,16.6,31.3,1469.0,2.8
2807911021,2020,42.0,16.3,30.8,1435.0,2.8
2807911021,2021,42.2,16.5,29.4,1408.0,2.7
2807911021,2022,41.5,15.6,27.3,1472.0,2.8
2807911022,2015,42.4,18.2,27.4,1476.0,2.5
2807911022,2016,42.4,17.9,28.0,1490.0,2.5
2807911022,2017,42.4,18.0,30.1,1503.0,2.5
2807911022,2018,42.2,18.0,32.1,1535.0,2.5
2807911022,2019,43.0,18.7,32.1,1506.0,2.5
2807911022,2020,43.7,18.5,32.9,1481.0,2.5
2807911022,2021,43.9,19.0,31.8,1519.0,2.5
2807911022,2022,44.0,18.7,36.1,1547.0,2.4
2807911023,2015,44.4,22.0,31.5,1288.0,2.5
2807911023,2016,44.5,21.6,30.7,1289.0,2.5
2807911023,2017,44.1,21.2,32.2,1292.0,2.5
2807911023,2018,44.2,21.1,32.6,1349.0,2.6
2807911023,2019,44.3,20.9,32.2,1321.0,2.6
2807911023,2020,44.5,20.6,30.6,1296.0,2.5
2807911023,2021,44.8,20.6,31.1,1276.0,2.5
2807911023,2022,43.8,19.4,31.8,1357.0,2.5
2807911024,2015,45.5,23.4,31.6,1331.0,2.5
2807911024,2016,45.4,22.5,30.2,1340.0,2.5
2807911024,2017,45.0,21.6,30.9,1399.0,2.5
2807911024,2018,44.6,22.0,29.7,1416.0,2.6
2807911024,2019,44.5,21.2,28.9,1417.0,2.6
2807911024,2020,44.5,20.5,29.3,1428.0,2.6
2807911024,2021,45.4,21.3,28.2,1401.0,2.5
2807911024,2022,44.8,19.6,29.4,1455.0,2.6
2807911025,2015,45.2,22.7,28.3,1311.0,2.6
2807911025,2016,44.6,21.4,28.3,1334.0,2.6
2807911025,2017,44.7,21.3,25.5,1329.0,2.7
2807911025,2018,45.1,21.9,25.7,1263.0,2.6
2807911025,2019,44.4,21.4,24.8,1343.0,2.7
2807911025,2020,44.7,22.1,24.9,1328.0,2.7
2807911025,2021,44.6,22.2,24.4,1340.0,2.7
2807911025,2022,44.8,23.1,25.5,1334.0,2.7
2807911026,2015,44.0,21.7,30.7,2151.0,2.5
2807911026,2016,44.3,21.4,31.3,2111.0,2.5
2807911026,2017,44.5,21.7,32.2,2080.0,2.5
2807911026,2018,44.7,21.3,31.8,2132.0,2.5
2807911026,2019,44.2,20.0,31.7,2206.0,2.5
2807911026,2020,44.4,20.0,30.8,2196.0,2.5
2807911026,2021,44.2,19.6,31.5,2198.0,2.5
2807911026,2022,44.0,18.9,32.8,2249.0,2.5
2807911028,2015,48.9,31.6,27.6,958.0,2.5
2807911028,2016,48.6,30.8,26.5,990.0,2.6
2807911028,2017,49.0,31.7,26.9,980.0,2.6
2807911028,2018,49.2,31.8,23.9,987.0,2.6
2807911028,2019,48.6,30.5,24.8,990.0,2.6
2807911028,2020,48.6,29.5,25.9,994.0,2.7
2807911028,2021,49.2,29.5,26.1,984.0,2.6
2807911028,2022,48.8,28.9,26.4,1000.0,2.6
2807911029,2015,47.8,28.7,33.0,832.0,2.4
2807911029,2016,46.9,27.9,32.2,863.0,2.5
2807911029,2017,46.8,27.4,31.1,888.0,2.5
2807911029,2018,47.0,26.6,32.1,880.0,2.5
2807911029,2019,47.4,26.7,32.6,863.0,2.5
2807911029,2020,47.2,26.1,32.7,877.0,2.5
2807911029,2021,47.0,25.2,33.2,868.0,2.5
2807911029,2022,46.6,24.6,34.3,854.0,2.5
2807911030,2015,46.1,23.5,31.0,805.0,2.5
2807911030,2016,46.0,23.0,32.0,817.0,2.5
2807911030,2017,46.1,22.3,31.7,812.0,2.5
2807911030,2018,46.0,21.8,31.6,821.0,2.5
2807911030,2019,46.2,22.4,31.3,800.0,2.5
2807911030,2020,46.2,22.5,33.1,778.0,2.5
2807911030,2021,45.0,20.4,31.6,823.0,2.6
2807911030,2022,44.0,19.7,29.8,870.0,2.7
2807911031,2015,50.5,35.0,33.3,988.0,2.4
2807911031,2016,51.6,37.7,33.6,951.0,2.3
2807911031,2017,51.5,38.0,33.0,974.0,2.3
2807911031,2018,51.3,36.7,33.6,980.0,2.4
2807911031,2019,52.5,39.4,34.5,944.0,2.3
2807911031,2020,52.8,39.7,35.8,931.0,2.3
2807911031,2021,53.0,40.4,36.3,920.0,2.2
2807911031,2022,53.3,40.3,35.5,901.0,2.2
2807911032,2015,46.2,23.5,31.8,1357.0,2.6
2807911032,2016,45.5,22.6,30.3,1387.0,2.6
2807911032,2017,45.5,22.2,30.0,1422.0,2.6
2807911032,2018,45.1,22.0,30.0,1462.0,2.7
2807911032,2019,45.0,20.7,30.2,1479.0,2.7
2807911032,2020,44.6,19.5,31.1,1440.0,2.7
2807911032,2021,44.8,19.3,31.1,1490.0,2.7
2807911032,2022,43.8,18.1,31.2,1551.0,2.7
2807911033,2015,42.5,17.5,28.1,1593.0,2.8
2807911033,2016,41.9,17.0,28.6,1643.0,2.8
2807911033,2017,42.3,16.4,30.1,1663.0,2.8
2807911033,2018,41.3,15.3,29.5,1781.0,2.9
2807911033,2019,41.1,14.8,26.8,1788.0,3.0
2807911033,2020,41.1,14.5,28.4,1723.0,2.9
2807911033,2021,41.0,13.8,26.9,1712.0,2.9
2807911033,2022,40.5,13.3,25.8,1764.0,3.0
2807911034,2015,45.2,20.2,40.4,965.0,2.3
2807911034,2016,44.9,20.0,40.5,986.0,2.4
2807911034,2017,44.5,19.1,40.8,991.0,2.4
2807911034,2018,44.5,19.0,39.3,1013.0,2.5
2807911034,2019,43.4,17.1,36.7,1078.0,2.6
2807911034,2020,43.8,17.2,38.4,1048.0,2.5
2807911034,2021,43.2,17.2,37.5,1055.0,2.5
2807911034,2022,42.4,15.5,38.4,1094.0,2.6
2807911035,2015,42.5,17.7,27.1,1110.0,2.7
2807911035,2016,43.1,17.8,29.1,1065.0,2.6
2807911035,2017,42.0,16.8,28.9,1159.0,2.7
2807911035,2018,41.2,15.3,27.0,1213.0,2.8
2807911035,2019,41.9,15.8,29.7,1217.0,2.8
2807911035,2020,41.7,15.3,28.0,1220.0,2.8
2807911035,2021,42.1,15.6,27.1,1197.0,2.8
2807911035,2022,42.4,15.9,27.7,1235.0,2.8
2807911036,2015,41.5,16.4,31.3,1197.0,2.7
2807911036,2016,41.3,16.0,29.6,1215.0,2.7
2807911036,2017,40.8,15.3,30.8,1275.0,2.6
2807911036,2018,41.1,14.8,31.2,1290.0,2.7
2807911036,2019,41.0,14.6,30.4,1326.0,2.8
2807911036,2020,40.9,14.4,30.9,1314.0,2.7
2807911036,2021,41.5,14.6,30.7,1289.0,2.7
2807911036,2022,41.8,14.4,32.3,1292.0,2.6
2807911037,2015,43.9,18.2,33.0,1261.0,2.4
2807911037,2016,44.0,17.9,32.6,1285.0,2.4
2807911037,2017,44.2,18.0,31.2,1297.0,2.4
2807911037,2018,43.4,17.0,29.2,1380.0,2.6
2807911037,2019,43.4,17.2,29.5,1411.0,2.5
2807911037,2020,43.0,15.9,30.4,1406.0,2.5
2807911037,2021,42.8,15.7,31.8,1400.0,2.5
2807911037,2022,42.7,15.4,33.9,1426.0,2.5
2807911038,2015,46.2,26.8,34.5,1041.0,2.3
2807911038,2016,45.9,26.6,35.1,1051.0,2.4
2807911038,2017,45.7,26.1,35.2,1027.0,2.4
2807911038,2018,45.0,25.0,34.6,1063.0,2.4
2807911038,2019,45.4,24.6,35.4,1067.0,2.4
2807911038,2020,45.2,23.3,36.6,1073.0,2.4
2807911038,2021,45.1,21.4,33.9,1084.0,2.4
2807911038,2022,44.1,20.1,34.6,1149.0,2.5
2807911039,2015,41.0,15.1,36.8,1644.0,2.2
2807911039,2016,40.4,14.2,36.6,1809.0,2.3
2807911039,2017,39.8,13.6,34.9,1928.0,2.3
2807911039,2018,40.1,13.6,35.0,1988.0,2.3
2807911039,2019,40.1,13.7,34.9,2071.0,2.3
2807911039,2020,40.3,13.2,34.2,2074.0,2.3
2807911039,2021,40.2,12.6,35.0,2156.0,2.3
2807911039,2022,40.1,12.4,36.1,2273.0,2.3
2807911040,2015,44.5,21.7,36.4,891.0,2.4
2807911040,2016,44.3,21.2,36.2,901.0,2.4
2807911040,2017,43.8,20.3,36.1,917.0,2.4
2807911040,2018,44.2,20.4,35.6,931.0,2.4
2807911040,2019,44.4,20.5,36.1,971.0,2.5
2807911040,2020,44.7,20.5,37.1,947.0,2.5
2807911040,2021,44.0,18.5,38.7,933.0,2.4
2807911040,2022,44.0,18.4,39.2,961.0,2.5
2807911041,2015,41.2,16.2,32.6,1373.0,2.6
2807911041,2016,40.8,15.1,32.0,1382.0,2.6
2807911041,2017,40.0,13.7,31.6,1445.0,2.7
2807911041,2018,40.3,13.3,33.0,1463.0,2.7
2807911041,2019,39.7,12.5,33.0,1511.0,2.7
2807911041,2020,40.3,13.0,32.7,1455.0,2.7
2807911041,2021,40.5,13.0,32.0,1403.0,2.6
2807911041,2022,39.7,12.5,32.1,1508.0,2.7
2807911042,2015,43.3,19.1,35.5,1136.0,2.4
2807911042,2016,42.8,18.2,33.3,1204.0,2.5
2807911042,2017,42.8,17.1,33.9,1210.0,2.4
2807911042,2018,43.1,17.3,35.1,1226.0,2.4
2807911042,2019,42.8,17.0,34.4,1280.0,2.5
2807911042,2020,42.8,16.5,33.6,1288.0,2.5
2807911042,2021,43.1,16.7,34.2,1281.0,2.5
2807911042,2022,43.1,16.3,34.7,1274.0,2.4
2807911043,2015,48.1,28.3,36.0,1052.0,2.3
2807911043,2016,47.3,26.3,35.5,1092.0,2.3
2807911043,2017,47.5,27.1,36.8,1082.0,2.3
2807911043,2018,47.7,27.1,38.9,1084.0,2.3
2807911043,2019,46.8,25.6,39.2,1145.0,2.4
2807911043,2020,46.6,24.9,38.4,1105.0,2.3
2807911043,2021,47.4,25.6,37.8,1085.0,2.3
2807911043,2022,47.2,26.1,38.2,1104.0,2.3
2807911044,2015,42.9,14.7,26.4,1791.0,2.5
2807911044,2016,43.4,15.3,25.2,1789.0,2.6
2807911044,2017,43.8,16.5,25.9,1815.0,2.5
2807911044,2018,44.1,17.3,25.7,1839.0,2.5
2807911044,2019,44.9,18.5,26.2,1852.0,2.6
2807911044,2020,45.2,19.9,27.5,1832.0,2.5
2807911044,2021,45.7,21.5,27.3,1813.0,2.5
2807911044,2022,46.6,23.5,28.4,1774.0,2.4
2807911045,2015,48.5,28.1,34.6,754.0,2.3
2807911045,2016,48.1,28.3,35.2,769.0,2.3
2807911045,2017,47.9,28.5,33.4,785.0,2.4
2807911045,2018,48.9,29.9,34.2,755.0,2.3
2807911045,2019,48.8,30.6,33.6,736.0,2.3
2807911045,2020,48.7,29.6,35.3,747.0,2.3
2807911045,2021,49.6,30.8,38.0,712.0,2.2
2807911045,2022,49.4,31.0,40.7,714.0,2.2
2807911046,2015,48.4,28.0,37.9,831.0,2.2
2807911046,2016,49.1,28.8,39.4,796.0,2.1
2807911046,2017,49.2,28.4,38.9,807.0,2.2
2807911046,2018,49.3,29.8,39.6,788.0,2.1
2807911046,2019,49.0,29.2,39.7,794.0,2.2
2807911046,2020,48.5,27.7,41.8,794.0,2.1
2807911046,2021,49.4,28.5,42.6,771.0,2.0
2807911046,2022,49.2,27.8,44.8,781.0,2.0
2807911047,2015,43.7,19.7,36.4,1250.0,2.3
2807911047,2016,43.8,19.9,37.1,1278.0,2.3
2807911047,2017,44.2,20.3,36.6,1277.0,2.3
2807911047,2018,44.4,19.9,36.5,1317.0,2.4
2807911047,2019,44.3,19.9,37.2,1333.0,2.4
2807911047,2020,44.6,19.2,39.5,1333.0,2.3
2807911047,2021,45.0,19.4,40.3,1303.0,2.3
2807911047,2022,44.3,18.8,38.8,1348.0,2.3
2807911048,2015,39.7,14.9,27.2,1538.0,2.8
2807911048,2016,39.9,14.7,26.6,1512.0,2.8
2807911048,2017,39.9,15.3,25.3,1556.0,2.8
2807911048,2018,40.7,16.0,27.4,1544.0,2.8
2807911048,2019,41.0,16.1,27.3,1558.0,2.7
2807911048,2020,41.5,16.3,28.8,1510.0,2.7
2807911048,2021,42.0,17.5,30.6,1478.0,2.6
2807911048,2022,42.0,17.1,29.9,1507.0,2.7
2807911049,2015,46.4,22.9,32.4,1908.0,2.3
2807911049,2016,46.6,23.2,33.7,1911.0,2.3
2807911049,2017,46.5,23.4,34.3,1942.0,2.3
2807911049,2018,46.3,23.7,33.7,1934.0,2.3
2807911049,2019,46.8,24.9,35.3,1917.0,2.3
2807911049,2020,46.7,24.7,35.4,1901.0,2.2
2807911049,2021,46.6,23.9,36.9,1922.0,2.2
2807911049,2022,46.1,23.7,35.0,1991.0,2.3
2807911050,2015,47.1,25.7,33.0,1169.0,2.3
2807911050,2016,46.8,24.5,35.6,1175.0,2.3
2807911050,2017,46.7,24.1,33.6,1183.0,2.3
2807911050,2018,47.1,24.9,34.5,1142.0,2.3
2807911050,2019,46.6,23.4,34.2,1173.0,2.3
2807911050,2020,46.4,23.3,35.6,1150.0,2.2
2807911050,2021,46.6,24.3,34.7,1153.0,2.3
2807911050,2022,45.6,23.2,33.5,1196.0,2.3
2807911051,2015,48.8,28.8,32.9,1388.0,2.3
2807911051,2016,48.5,28.0,33.4,1391.0,2.3
2807911051,2017,48.4,27.3,33.3,1423.0,2.3
2807911051,2018,48.8,27.9,34.6,1409.0,2.2
2807911051,2019,49.0,27.4,34.9,1400.0,2.2
2807911051,2020,48.8,27.3,34.4,1408.0,2.3
2807911051,2021,48.6,26.1,35.0,1425.0,2.2
2807911051,2022,48.2,25.8,36.6,1406.0,2.2
2807911054,2015,40.0,14.9,23.9,1188.0,3.0
2807911054,2016,40.3,14.7,24.6,1172.0,2.9
2807911054,2017,40.7,15.0,23.6,1171.0,2.9
2807911054,2018,40.8,15.4,22.8,1178.0,2.9
2807911054,2019,40.7,14.6,21.7,1201.0,2.9
2807911054,2020,41.1,15.5,22.3,1193.0,2.9
2807911054,2021,42.0,16.4,22.7,1146.0,2.8
2807911054,2022,41.5,16.3,22.6,1157.0,2.8
2807911055,2015,45.4,26.3,35.0,1156.0,2.4
2807911055,2016,45.2,25.1,34.3,1173.0,2.4
2807911055,2017,44.6,24.0,36.0,1180.0,2.4
2807911055,2018,44.2,21.7,34.9,1226.0,2.5
2807911055,2019,42.8,19.6,33.2,1291.0,2.6
2807911055,2020,43.1,19.6,32.6,1278.0,2.5
2807911055,2021,43.3,19.5,32.6,1301.0,2.5
2807911055,2022,43.4,18.8,31.7,1339.0,2.6
2807911056,2015,45.4,23.5,25.4,1047.0,2.6
2807911056,2016,45.2,23.5,28.1,1037.0,2.5
2807911056,2017,44.8,22.7,29.5,1076.0,2.6
2807911056,2018,44.6,22.3,28.5,1101.0,2.6
2807911056,2019,43.9,20.6,28.3,1158.0,2.7
2807911056,2020,44.5,20.3,31.0,1110.0,2.6
2807911056,2021,44.4,18.9,30.2,1122.0,2.6
2807911056,2022,43.3,17.9,28.0,1222.0,2.8
2807911057,2015,43.0,19.0,33.6,975.0,2.5
2807911057,2016,41.9,17.9,31.6,1023.0,2.5
2807911057,2017,42.1,17.7,31.8,1037.0,2.6
2807911057,2018,41.4,16.8,29.6,1055.0,2.6
2807911057,2019,40.7,15.7,28.9,1116.0,2.6
2807911057,2020,41.2,15.2,28.3,1097.0,2.6
2807911057,2021,41.6,15.5,28.2,1102.0,2.6
2807911057,2022,40.7,14.3,27.8,1221.0,2.7
2807911058,2015,43.5,20.8,25.1,766.0,2.6
2807911058,2016,43.4,20.6,25.7,770.0,2.6
2807911058,2017,43.3,20.9,27.8,780.0,2.5
2807911058,2018,43.5,20.5,27.0,810.0,2.6
2807911058,2019,43.8,20.6,28.9,815.0,2.6
2807911058,2020,43.8,20.6,29.1,795.0,2.6
2807911058,2021,44.5,22.4,28.1,771.0,2.5
2807911058,2022,44.9,22.9,31.7,778.0,2.5
2807911059,2015,42.5,20.0,31.4,1218.0,2.5
2807911059,2016,42.2,19.3,33.6,1214.0,2.5
2807911059,2017,41.4,18.3,31.8,1257.0,2.6
2807911059,2018,41.0,17.3,30.5,1301.0,2.6
2807911059,2019,40.3,16.2,31.3,1408.0,2.7
2807911059,2020,40.7,16.4,32.4,1352.0,2.6
2807911059,2021,41.4,15.9,32.2,1324.0,2.5
2807911059,2022,40.9,16.1,32.8,1366.0,2.5
2807911060,2015,46.6,25.2,33.3,1201.0,2.4
2807911060,2016,46.6,24.7,34.0,1179.0,2.4
2807911060,2017,46.3,23.9,33.5,1176.0,2.4
2807911060,2018,46.0,23.5,33.7,1189.0,2.4
2807911060,2019,45.6,22.1,33.3,1200.0,2.4
2807911060,2020,45.2,21.4,34.1,1157.0,2.4
2807911060,2021,45.0,21.8,30.5,1174.0,2.4
2807911060,2022,45.3,22.1,30.1,1176.0,2.4
2807911061,2015,41.8,14.7,37.5,963.0,2.4
2807911061,2016,41.9,14.3,37.3,948.0,2.4
2807911061,2017,41.8,13.8,36.1,973.0,2.4
2807911061,2018,41.5,12.8,34.0,986.0,2.4
2807911061,2019,42.5,12.4,34.3,968.0,2.4
2807911061,2020,42.3,12.8,35.1,958.0,2.4
2807911061,2021,42.1,12.1,34.6,980.0,2.4
2807911061,2022,41.8,12.3,32.5,1031.0,2.4
2807911062,2015,41.6,15.8,37.8,1479.0,2.3
2807911062,2016,41.8,15.3,38.7,1472.0,2.3
2807911062,2017,41.0,13.8,37.7,1600.0,2.4
2807911062,2018,41.0,13.7,36.7,1670.0,2.4
2807911062,2019,40.6,13.2,35.8,1793.0,2.5
2807911062,2020,41.0,13.3,35.5,1787.0,2.5
2807911062,2021,40.7,12.8,35.5,1749.0,2.5
2807911062,2022,40.4,12.4,35.7,1803.0,2.5
2807911063,2015,45.7,22.1,29.9,2040.0,2.5
2807911063,2016,44.9,20.7,31.8,2090.0,2.5
2807911063,2017,45.1,21.1,31.1,2104.0,2.5
2807911063,2018,44.9,20.4,31.3,2131.0,2.5
2807911063,2019,44.5,20.1,30.3,2179.0,2.6
2807911063,2020,44.6,20.2,29.9,2144.0,2.5
2807911063,2021,44.8,20.7,30.3,2178.0,2.5
2807911063,2022,44.9,20.6,31.3,2199.0,2.5
2807911065,2015,43.7,18.1,31.5,1590.0,2.4
2807911065,2016,43.9,18.6,31.9,1566.0,2.4
2807911065,2017,43.8,18.4,31.7,1602.0,2.4
2807911065,2018,44.0,18.3,33.1,1607.0,2.4
2807911065,2019,44.5,18.8,31.8,1577.0,2.4
2807911065,2020,45.1,18.7,32.2,1564.0,2.4
2807911065,2021,46.0,20.4,32.7,1540.0,2.4
2807911065,2022,46.2,20.5,34.0,1548.0,2.3
2807911066,2015,45.0,21.4,29.7,677.0,2.6
2807911066,2016,45.1,21.0,27.5,687.0,2.7
2807911066,2017,45.7,20.8,29.1,665.0,2.6
2807911066,2018,45.5,20.4,25.9,647.0,2.6
2807911066,2019,44.7,19.1,26.2,666.0,2.6
2807911066,2020,44.0,19.4,27.6,674.0,2.7
2807911066,2021,44.5,19.7,27.5,664.0,2.6
2807911066,2022,,,,,
2807911067,2015,39.6,12.3,36.0,2851.0,2.3
2807911067,2016,39.9,12.8,34.8,2858.0,2.3
2807911067,2017,40.2,13.7,32.2,1721.0,2.5
2807911067,2018,40.6,13.9,32.6,1737.0,2.5
2807911067,2019,40.9,14.1,32.9,1773.0,2.5
2807911067,2020,41.8,14.5,33.7,1752.0,2.4
2807911067,2021,42.0,14.2,33.3,1800.0,2.4
2807911067,2022,42.3,14.9,34.0,1821.0,2.4
2807911068,2015,45.3,23.5,22.7,1256.0,2.8
2807911068,2016,45.2,23.3,21.6,1278.0,2.8
2807911068,2017,45.6,23.9,25.9,1242.0,2.7
2807911068,2018,45.2,23.9,26.6,1269.0,2.7
2807911068,2019,45.0,23.6,26.2,1280.0,2.8
2807911068,2020,45.4,24.2,26.4,1257.0,2.7
2807911068,2021,45.5,24.9,27.8,1243.0,2.7
2807911068,2022,44.8,24.1,25.8,1293.0,2.8
2807911069,2015,45.1,25.4,26.1,2074.0,2.7
2807911069,2016,45.0,25.8,25.9,2040.0,2.7
2807911069,2017,44.9,24.8,26.0,2122.0,2.8
2807911069,2018,44.8,24.5,25.7,2113.0,2.8
2807911069,2019,44.3,23.7,25.1,2221.0,2.9
2807911069,2020,44.2,22.8,26.0,2201.0,2.8
2807911069,2021,45.1,23.5,26.9,2118.0,2.7
2807911069,2022,44.0,21.6,26.2,2202.0,2.8
2807911070,2015,40.9,15.8,28.4,1939.0,2.6
2807911070,2016,41.2,16.3,27.7,1941.0,2.6
2807911070,2017,41.6,16.6,27.3,1980.0,2.7
2807911070,2018,42.2,17.0,27.2,1964.0,2.7
2807911070,2019,42.0,16.2,25.4,2046.0,2.7
2807911070,2020,41.8,15.4,29.0,2045.0,2.7
2807911070,2021,41.6,15.3,29.1,2115.0,2.8
2807911070,2022,41.4,15.3,28.8,2210.0,2.8
2807911071,2015,43.1,18.9,27.8,1681.0,2.5
2807911071,2016,42.9,18.8,28.0,1705.0,2.5
2807911071,2017,42.4,18.0,26.5,1778.0,2.6
2807911071,2018,42.7,18.5,26.2,1802.0,2.6
2807911071,2019,43.0,18.7,25.9,1829.0,2.6
2807911071,2020,43.1,18.6,27.8,1803.0,2.6
2807911071,2021,44.0,19.5,28.4,1738.0,2.5
2807911071,2022,43.0,18.7,29.8,1805.0,2.6
2807911072,2015,44.2,22.1,25.6,1400.0,2.5
2807911072,2016,43.7,20.7,25.6,1451.0,2.6
2807911072,2017,43.6,19.8,25.4,1490.0,2.6
2807911072,2018,43.5,19.4,27.8,1488.0,2.6
2807911072,2019,43.1,18.6,29.1,1516.0,2.6
2807911072,2020,43.3,18.1,29.1,1513.0,2.6
2807911072,2021,43.0,17.9,29.8,1517.0,2.6
2807911072,2022,42.3,17.0,29.8,1598.0,2.7
2807911073,2015,43.3,23.1,24.9,1280.0,2.8
2807911073,2016,42.8,21.8,24.8,1308.0,2.8
2807911073,2017,43.2,21.2,24.6,1337.0,2.8
2807911073,2018,42.3,19.3,23.0,1436.0,2.9
2807911073,2019,42.4,18.7,24.6,1458.0,3.0
2807911073,2020,42.3,18.7,23.3,1421.0,2.9
2807911073,2021,41.6,16.9,24.7,1470.0,3.0
2807911073,2022,41.6,16.7,26.1,1447.0,2.9
2807911074,2015,40.8,17.8,29.5,902.0,2.8
2807911074,2016,41.6,18.0,29.3,870.0,2.8
2807911074,2017,42.0,17.9,29.9,844.0,2.7
2807911074,2018,41.6,17.5,28.0,875.0,2.8
2807911074,2019,41.3,16.8,29.6,928.0,2.9
2807911074,2020,41.9,17.2,30.6,903.0,2.8
2807911074,2021,42.8,17.0,31.6,857.0,2.7
2807911074,2022,41.3,15.1,29.1,893.0,2.8
2807911075,2015,50.1,32.6,28.0,798.0,2.4
2807911075,2016,50.7,33.8,27.5,789.0,2.4
2807911075,2017,50.5,34.6,28.1,798.0,2.4
2807911075,2018,51.2,36.1,30.3,779.0,2.3
2807911075,2019,51.7,36.7,31.1,765.0,2.3
2807911075,2020,52.4,37.7,32.4,738.0,2.3
2807911075,2021,53.2,38.8,34.8,696.0,2.2
2807911075,2022,53.3,38.5,34.7,717.0,2.2
2807911078,2015,43.5,21.7,27.4,1421.0,2.7
2807911078,2016,42.9,20.1,24.8,1458.0,2.8
2807911078,2017,42.6,19.5,26.1,1496.0,2.8
2807911078,2018,42.5,19.2,25.4,1524.0,2.9
2807911078,2019,42.4,18.6,24.9,1581.0,2.9
2807911078,2020,42.4,18.7,24.2,1586.0,2.9
2807911078,2021,42.4,18.7,25.2,1562.0,2.9
2807911078,2022,42.0,17.6,26.3,1591.0,2.9
2807911079,2015,42.8,20.6,26.7,963.0,2.8
2807911079,2016,43.4,20.7,25.4,933.0,2.8
2807911079,2017,43.3,20.0,28.1,947.0,2.7
2807911079,2018,42.2,18.8,28.7,986.0,2.8
2807911079,2019,42.1,18.1,28.2,1001.0,2.9
2807911079,2020,42.2,18.0,27.9,1013.0,2.8
2807911079,2021,43.4,18.3,29.4,976.0,2.7
2807911079,2022,42.9,17.3,29.4,995.0,2.8
2807911080,2015,43.3,18.3,31.1,1671.0,2.6
2807911080,2016,43.0,17.8,29.0,1726.0,2.7
2807911080,2017,42.3,17.0,29.0,1801.0,2.7
2807911080,2018,42.2,16.8,26.9,1878.0,2.8
2807911080,2019,42.1,16.6,26.5,1901.0,2.9
2807911080,2020,42.0,16.3,28.2,1906.0,2.8
2807911080,2021,42.2,17.0,28.1,1862.0,2.7
2807911080,2022,41.9,16.4,27.0,1882.0,2.8
2807911081,2015,44.5,21.3,33.4,1707.0,2.5
2807911081,2016,43.9,20.7,31.1,1743.0,2.6
2807911081,2017,43.9,20.2,30.7,1790.0,2.6
2807911081,2018,43.7,18.9,31.1,1807.0,2.6
2807911081,2019,43.0,17.5,31.1,1945.0,2.7
2807911081,2020,43.3,17.5,31.1,1894.0,2.7
2807911081,2021,43.3,17.7,31.9,1887.0,2.6
2807911081,2022,42.7,17.3,31.9,1901.0,2.6
2807911082,2015,42.9,20.2,24.6,1129.0,2.8
2807911082,2016,42.4,19.3,26.0,1149.0,2.8
2807911082,2017,42.5,19.0,26.5,1150.0,2.8
2807911082,2018,42.4,18.3,27.3,1169.0,2.8
2807911082,2019,42.5,17.7,26.9,1184.0,2.9
2807911082,2020,42.7,17.5,28.2,1165.0,2.8
2807911082,2021,42.7,16.3,27.0,1190.0,2.8
2807911082,2022,42.4,16.4,27.6,1227.0,2.9
2807911083,2015,41.8,17.9,32.9,848.0,2.5
2807911083,2016,42.7,18.7,35.0,840.0,2.4
2807911083,2017,42.3,17.4,33.9,896.0,2.6
2807911083,2018,42.7,17.9,34.7,902.0,2.6
2807911083,2019,42.1,16.0,34.8,957.0,2.7
2807911083,2020,42.6,16.8,34.0,936.0,2.7
2807911083,2021,42.6,17.6,31.1,956.0,2.7
2807911083,2022,41.9,16.3,29.5,1036.0,2.9
2807911084,2015,43.5,20.5,32.5,789.0,2.5
2807911084,2016,43.0,19.8,28.8,794.0,2.6
2807911084,2017,,,,,
2807911084,2018,,,,,
2807911084,2019,,,,,
2807911084,2020,,,,,
2807911084,2021,,,,,
2807911084,2022,,,,,
2807911085,2015,44.7,22.2,30.2,1283.0,2.5
2807911085,2016,44.5,21.8,29.6,1284.0,2.5
2807911085,2017,44.0,21.2,29.4,2082.0,2.5
2807911085,2018,43.4,20.0,28.8,2182.0,2.7
2807911085,2019,43.5,19.7,29.2,2249.0,2.7
2807911085,2020,43.9,19.8,30.1,2252.0,2.7
2807911085,2021,43.9,19.8,30.9,2187.0,2.6
2807911085,2022,43.3,19.3,29.5,2296.0,2.7
2807911086,2015,47.2,27.1,36.5,953.0,2.4
2807911086,2016,46.4,25.8,36.1,1002.0,2.4
2807911086,2017,45.6,24.2,36.1,1045.0,2.5
2807911086,2018,45.1,22.8,36.9,1111.0,2.6
2807911086,2019,45.0,21.8,36.0,1106.0,2.5
2807911086,2020,44.5,21.0,38.8,1108.0,2.5
2807911086,2021,44.7,20.2,37.0,1120.0,2.6
2807911086,2022,44.1,19.1,36.7,1168.0,2.6
2807911087,2015,42.8,18.8,29.6,1466.0,2.6
2807911087,2016,42.8,18.5,31.0,1468.0,2.6
2807911087,2017,42.3,18.2,31.0,1508.0,2.7
2807911087,2018,42.5,18.2,29.9,1488.0,2.6
2807911087,2019,41.7,17.2,27.7,1604.0,2.8
2807911087,2020,42.1,16.6,29.0,1533.0,2.7
2807911087,2021,42.4,17.8,29.5,1528.0,2.7
2807911087,2022,42.5,17.5,28.4,1564.0,2.7
2807911088,2015,42.4,18.4,33.3,1567.0,2.5
2807911088,2016,42.2,17.8,31.3,1576.0,2.5
2807911088,2017,41.9,17.0,31.3,1640.0,2.5
2807911088,2018,42.0,16.2,28.4,1665.0,2.6
2807911088,2019,42.3,16.3,26.9,1729.0,2.7
2807911088,2020,42.3,16.5,28.9,1676.0,2.7
2807911088,2021,42.6,16.4,28.9,1604.0,2.6
2807911088,2022,42.5,15.7,28.8,1705.0,2.6
2807911089,2015,45.8,23.6,35.9,1868.0,2.4
2807911089,2016,45.3,22.6,35.3,1875.0,2.5
2807911089,2017,44.9,22.0,36.4,1912.0,2.4
2807911089,2018,45.2,22.2,34.7,1908.0,2.4
2807911089,2019,44.7,21.2,34.8,2008.0,2.5
2807911089,2020,45.1,21.1,34.7,1943.0,2.5
2807911089,2021,45.1,20.4,34.5,1936.0,2.5
2807911089,2022,44.7,20.3,34.5,2030.0,2.5
2807911091,2015,44.5,22.6,29.3,1386.0,2.5
2807911091,2016,44.7,22.3,28.1,1390.0,2.5
2807911091,2017,44.1,20.7,26.9,1442.0,2.6
2807911091,2018,43.7,19.7,25.8,1487.0,2.7
2807911091,2019,43.9,20.6,27.0,1486.0,2.7
2807911091,2020,43.8,20.4,28.4,1473.0,2.6
2807911091,2021,43.7,20.3,30.4,1460.0,2.6
2807911091,2022,43.5,19.8,30.8,1508.0,2.7
2807911092,2015,44.5,20.9,29.4,1114.0,2.6
2807911092,2016,44.5,21.1,30.6,1103.0,2.5
2807911092,2017,44.6,21.5,31.0,1144.0,2.6
2807911092,2018,44.9,21.1,30.7,1107.0,2.5
2807911092,2019,44.0,19.7,25.8,1188.0,2.7
2807911092,2020,44.0,20.1,27.8,1173.0,2.5
2807911092,2021,44.1,20.0,29.3,1202.0,2.6
2807911092,2022,43.6,19.5,29.5,1223.0,2.6
2807911093,2015,50.5,34.1,25.5,1180.0,2.5
2807911093,2016,51.2,34.5,25.6,1165.0,2.5
2807911093,2017,51.0,35.0,26.4,1187.0,2.5
2807911093,2018,51.0,34.6,27.7,1219.0,2.5
2807911093,2019,51.1,34.4,27.0,1213.0,2.5
2807911093,2020,51.5,34.1,28.8,1182.0,2.5
2807911093,2021,51.7,34.2,29.1,1188.0,2.5
2807911093,2022,51.1,33.9,29.4,1214.0,2.5
2807911094,2015,51.6,35.8,14.0,1467.0,2.8
2807911094,2016,53.0,38.8,15.5,1412.0,2.7
2807911094,2017,53.4,40.7,15.3,1409.0,2.7
2807911094,2018,53.9,41.9,16.2,1398.0,2.7
2807911094,2019,54.2,43.4,18.1,1384.0,2.6
2807911094,2020,54.8,44.9,18.9,1344.0,2.6
2807911094,2021,55.1,45.8,20.6,1328.0,2.5
2807911094,2022,55.2,46.2,20.1,1328.0,2.5
2807911095,2015,47.2,23.2,17.2,1203.0,2.8
2807911095,2016,47.7,25.2,18.0,1194.0,2.8
2807911095,2017,47.9,27.1,19.2,1200.0,2.8
2807911095,2018,49.1,29.1,19.8,1141.0,2.7
2807911095,2019,49.4,31.1,21.2,1156.0,2.7
2807911095,2020,50.6,33.2,21.5,1108.0,2.6
2807911095,2021,51.6,35.9,23.0,1085.0,2.5
2807911095,2022,52.1,37.7,24.0,1082.0,2.5
2807911096,2015,51.7,39.5,21.2,881.0,2.5
2807911096,2016,51.8,39.9,20.1,879.0,2.5
2807911096,2017,52.6,42.5,20.7,859.0,2.5
2807911096,2018,52.4,42.9,19.3,875.0,2.4
2807911096,2019,52.0,42.7,22.3,880.0,2.4
2807911096,2020,52.7,43.6,23.1,867.0,2.4
2807911096,2021,52.4,42.5,23.8,877.0,2.4
2807911096,2022,53.1,42.8,25.5,864.0,2.4
2807911097,2015,49.1,32.6,28.4,1067.0,2.4
2807911097,2016,48.7,31.5,26.8,1092.0,2.5
2807911097,2017,48.9,31.7,26.7,1108.0,2.4
2807911097,2018,48.9,30.8,27.6,1085.0,2.4
2807911097,2019,48.6,29.9,28.5,1126.0,2.4
2807911097,2020,47.7,28.7,28.1,1136.0,2.5
2807911097,2021,47.9,27.9,28.7,1136.0,2.4
2807911097,2022,48.5,28.5,29.6,1121.0,2.4
2807911098,2015,46.7,29.6,23.1,1404.0,2.6
2807911098,2016,46.8,29.4,24.6,1392.0,2.6
2807911098,2017,47.7,30.6,25.6,1358.0,2.5
2807911098,2018,47.7,30.3,26.1,1346.0,2.5
2807911098,2019,47.7,29.8,25.8,1365.0,2.6
2807911098,2020,48.3,30.4,26.8,1314.0,2.5
2807911098,2021,47.5,28.8,26.3,1358.0,2.5
2807911098,2022,47.3,28.5,26.4,1398.0,2.6
2807911099,2015,48.6,31.4,23.3,1015.0,2.5
2807911099,2016,49.2,32.8,25.6,987.0,2.4
2807911099,2017,49.4,33.6,26.6,976.0,2.4
2807911099,2018,49.4,33.5,26.2,987.0,2.4
2807911099,2019,49.7,34.2,28.1,992.0,2.4
2807911099,2020,50.5,34.9,29.2,991.0,2.4
2807911099,2021,50.5,34.9,27.4,981.0,2.4
2807911099,2022,50.7,35.1,27.0,1002.0,2.4
2807911100,2015,44.5,22.5,24.7,1915.0,2.6
2807911100,2016,44.4,21.9,26.6,1905.0,2.6
2807911100,2017,44.1,21.6,25.4,1960.0,2.7
2807911100,2018,44.1,21.2,25.9,1975.0,2.6
2807911100,2019,43.7,20.5,25.3,2059.0,2.7
2807911100,2020,43.8,20.7,24.9,2022.0,2.7
2807911100,2021,43.7,20.3,25.7,2066.0,2.7
2807911100,2022,43.0,19.9,25.4,2151.0,2.8
2807911101,2015,44.9,22.1,22.4,1559.0,2.7
2807911101,2016,44.7,22.5,23.1,1571.0,2.7
2807911101,2017,44.9,22.4,23.6,1579.0,2.7
2807911101,2018,44.8,21.6,23.8,1613.0,2.7
2807911101,2019,44.3,21.3,24.7,1627.0,2.7
2807911101,2020,44.7,22.3,26.5,1597.0,2.6
2807911101,2021,44.7,22.3,27.7,1573.0,2.6
2807911101,2022,44.4,21.4,29.9,1601.0,2.6
2807911102,2015,42.5,18.1,28.3,1330.0,2.6
2807911102,2016,42.9,18.3,28.2,1297.0,2.6
2807911102,2017,43.3,18.6,26.5,1347.0,2.6
2807911102,2018,42.7,17.3,25.8,1378.0,2.7
2807911102,2019,42.1,15.9,28.3,1449.0,2.7
2807911102,2020,42.8,17.0,28.8,1408.0,2.7
2807911102,2021,43.8,17.8,30.0,1373.0,2.6
2807911102,2022,43.4,17.4,28.5,1452.0,2.7
2807911103,2015,44.0,21.0,31.3,1583.0,2.6
2807911103,2016,44.0,20.4,32.4,1576.0,2.5
2807911103,2017,44.3,21.1,32.5,1595.0,2.5
2807911103,2018,43.8,20.0,31.3,1674.0,2.6
2807911103,2019,44.6,21.0,31.5,1656.0,2.6
2807911103,2020,44.4,20.4,30.9,1661.0,2.6
2807911103,2021,44.6,20.0,31.8,1639.0,2.5
2807911103,2022,44.6,20.5,32.6,1690.0,2.5
2807911104,2015,46.7,25.7,32.3,1068.0,2.4
2807911104,2016,46.3,25.1,33.3,1087.0,2.4
2807911104,2017,45.0,23.8,32.2,1143.0,2.5
2807911104,2018,44.9,24.1,32.2,1149.0,2.5
2807911104,2019,44.6,22.9,31.8,1192.0,2.6
2807911104,2020,44.8,22.7,32.4,1179.0,2.6
2807911104,2021,45.4,22.3,32.1,1155.0,2.5
2807911104,2022,45.2,21.6,33.7,1169.0,2.5
2807911105,2015,46.0,26.1,27.8,834.0,2.6
2807911105,2016,46.2,26.9,28.4,837.0,2.5
2807911105,2017,46.1,26.4,28.7,837.0,2.6
2807911105,2018,45.3,25.1,28.5,874.0,2.6
2807911105,2019,44.3,23.7,26.7,954.0,2.8
2807911105,2020,45.2,24.5,27.4,921.0,2.7
2807911105,2021,45.4,23.7,27.0,907.0,2.7
2807911105,2022,44.1,21.7,28.0,977.0,2.7
2807911106,2015,44.5,21.9,28.7,889.0,2.7
2807911106,2016,45.9,23.1,29.6,865.0,2.6
2807911106,2017,45.4,22.5,30.5,889.0,2.6
2807911106,2018,45.5,22.0,29.5,905.0,2.7
2807911106,2019,44.8,21.0,27.3,931.0,2.7
2807911106,2020,44.9,20.7,25.8,921.0,2.7
2807911106,2021,44.3,19.3,26.2,962.0,2.8
2807911106,2022,44.5,19.2,26.2,970.0,2.8
2807911107,2015,47.8,29.2,25.5,1167.0,2.6
2807911107,2016,48.1,30.0,25.2,1158.0,2.6
2807911107,2017,47.9,29.6,26.1,1199.0,2.6
2807911107,2018,48.3,29.7,27.3,1204.0,2.6
2807911107,2019,47.7,29.1,25.8,1239.0,2.7
2807911107,2020,47.6,27.7,27.2,1222.0,2.6
2807911107,2021,47.6,28.3,28.3,1207.0,2.6
2807911107,2022,47.2,27.5,26.9,1263.0,2.7
2807911108,2015,45.1,23.3,28.9,1205.0,2.6
2807911108,2016,45.5,23.2,27.7,1190.0,2.6
2807911108,2017,45.9,24.2,29.6,1213.0,2.6
2807911108,2018,45.5,23.5,28.2,1243.0,2.6
2807911108,2019,45.2,23.0,28.8,1250.0,2.6
2807911108,2020,45.4,22.9,29.0,1247.0,2.6
2807911108,2021,45.9,23.3,30.7,1200.0,2.6
2807911108,2022,45.4,22.5,33.7,1237.0,2.6
2807911109,2015,45.9,25.4,33.1,1230.0,2.5
2807911109,2016,45.7,24.7,32.0,1246.0,2.6
2807911109,2017,45.2,23.6,31.6,1290.0,2.6
2807911109,2018,45.0,23.2,32.6,1297.0,2.7
2807911109,2019,43.7,20.9,31.0,1385.0,2.8
2807911109,2020,44.2,20.2,32.4,1325.0,2.6
2807911109,2021,43.8,19.2,31.7,1372.0,2.7
2807911109,2022,43.2,18.8,28.7,1396.0,2.7
2807911110,2015,42.2,18.7,28.3,1125.0,2.8
2807911110,2016,42.2,18.2,29.0,1092.0,2.8
2807911110,2017,42.6,17.7,29.8,1095.0,2.7
2807911110,2018,42.2,16.7,27.7,1131.0,2.8
2807911110,2019,41.3,15.8,25.5,1172.0,2.9
2807911110,2020,41.8,16.1,26.9,1138.0,2.8
2807911110,2021,41.6,15.7,26.9,1193.0,3.0
2807911110,2022,41.0,15.4,28.0,1234.0,3.0
2807911111,2015,43.3,18.8,28.8,1024.0,2.7
2807911111,2016,42.4,17.2,24.7,1086.0,2.8
2807911111,2017,42.2,16.1,25.4,1162.0,2.9
2807911111,2018,41.8,15.5,25.8,1226.0,2.9
2807911111,2019,41.9,15.2,25.4,1267.0,3.0
2807911111,2020,42.2,15.0,24.9,1254.0,3.0
2807911111,2021,42.7,15.9,28.6,1244.0,2.9
2807911111,2022,42.0,15.3,26.4,1317.0,3.0
2807911112,2015,45.9,25.4,30.4,1242.0,2.5
2807911112,2016,45.7,24.9,31.0,1236.0,2.5
2807911112,2017,46.0,24.2,33.0,1207.0,2.5
2807911112,2018,46.5,24.4,31.9,1225.0,2.4
2807911112,2019,45.7,22.5,29.5,1337.0,2.6
2807911112,2020,46.2,23.4,31.2,1304.0,2.5
2807911112,2021,45.8,23.2,32.0,1280.0,2.5
2807911112,2022,46.1,23.3,31.4,1307.0,2.5
2807911113,2015,43.8,19.4,25.4,1513.0,2.8
2807911113,2016,43.6,19.0,24.8,1514.0,2.8
2807911113,2017,43.3,18.2,25.3,1569.0,2.8
2807911113,2018,43.0,17.7,24.1,1594.0,2.8
2807911113,2019,42.4,16.9,23.9,1637.0,2.8
2807911113,2020,42.5,16.4,27.2,1582.0,2.8
2807911113,2021,42.5,16.0,25.4,1603.0,2.8
2807911113,2022,41.8,15.4,24.9,1672.0,2.9
2807911114,2015,42.9,19.2,34.0,1236.0,2.5
2807911114,2016,43.5,19.8,32.5,1247.0,2.5
2807911114,2017,43.8,20.0,31.2,1277.0,2.6
2807911114,2018,43.8,19.1,30.0,1315.0,2.6
2807911114,2019,43.9,19.2,29.4,1341.0,2.6
2807911114,2020,43.5,19.3,30.3,1342.0,2.6
2807911114,2021,43.4,18.0,30.2,1329.0,2.6
2807911114,2022,42.6,17.3,30.5,1347.0,2.6
2807911115,2015,43.7,19.0,29.1,1804.0,2.6
2807911115,2016,43.1,18.0,30.3,1816.0,2.6
2807911115,2017,43.0,18.2,30.9,1856.0,2.6
2807911115,2018,42.9,17.8,31.5,1895.0,2.6
2807911115,2019,42.4,17.0,29.7,2010.0,2.7
2807911115,2020,42.7,17.4,32.2,1970.0,2.6
2807911115,2021,42.8,17.5,30.2,2004.0,2.7
2807911115,2022,42.3,16.5,30.4,2097.0,2.7
2807911116,2015,43.2,21.2,35.4,796.0,2.4
2807911116,2016,42.6,20.0,34.2,832.0,2.5
2807911116,2017,42.4,19.7,34.5,826.0,2.5
2807911116,2018,42.2,19.2,34.5,839.0,2.5
2807911116,2019,42.8,19.1,35.0,845.0,2.5
2807911116,2020,42.3,17.0,33.8,886.0,2.6
2807911116,2021,42.1,16.9,35.7,862.0,2.5
2807911116,2022,41.6,16.1,35.2,915.0,2.6
2807911117,2015,40.7,16.3,29.2,1633.0,2.7
2807911117,2016,40.6,15.5,29.1,1663.0,2.7
2807911117,2017,41.1,15.6,28.5,1663.0,2.7
2807911117,2018,40.7,14.6,28.3,1724.0,2.8
2807911117,2019,40.3,13.4,27.1,1784.0,2.9
2807911117,2020,40.2,12.6,27.6,1805.0,2.8
2807911117,2021,41.1,12.6,24.6,1746.0,2.8
2807911117,2022,40.0,11.5,24.7,1877.0,2.9
2807911118,2015,43.3,19.4,31.1,1108.0,2.6
2807911118,2016,43.4,19.1,31.3,1121.0,2.6
2807911118,2017,42.7,18.0,30.2,1135.0,2.7
2807911118,2018,42.3,17.4,29.8,1146.0,2.7
2807911118,2019,42.0,16.2,31.6,1191.0,2.7
2807911118,2020,42.5,16.4,31.7,1162.0,2.6
2807911118,2021,43.2,17.5,35.8,1113.0,2.5
2807911118,2022,42.5,16.5,34.1,1182.0,2.7
2807911119,2015,41.7,17.9,26.4,1224.0,2.7
2807911119,2016,40.7,16.5,25.6,1266.0,2.8
2807911119,2017,40.8,17.0,24.2,1308.0,2.9
2807911119,2018,40.4,15.5,24.3,1353.0,3.0
2807911119,2019,39.7,14.4,25.0,1436.0,3.0
2807911119,2020,40.2,14.7,24.7,1364.0,2.9
2807911119,2021,40.8,15.3,27.2,1305.0,2.8
2807911119,2022,39.9,13.7,28.1,1406.0,2.9
2807911120,2015,42.5,19.2,27.6,1013.0,2.6
2807911120,2016,42.3,18.7,26.1,1106.0,2.7
2807911120,2017,42.0,17.4,25.6,1144.0,2.8
2807911120,2018,41.9,17.1,24.3,1175.0,2.9
2807911120,2019,42.3,17.0,26.0,1172.0,2.8
2807911120,2020,42.1,16.9,27.8,1162.0,2.8
2807911120,2021,42.7,16.8,28.5,1158.0,2.7
2807911120,2022,42.4,16.2,28.7,1197.0,2.7
2807911121,2015,41.5,19.0,28.4,1332.0,2.7
2807911121,2016,42.2,19.3,28.2,1288.0,2.7
2807911121,2017,41.3,17.6,26.7,1416.0,2.8
2807911121,2018,41.2,17.4,27.6,1445.0,2.8
2807911121,2019,40.5,15.5,27.1,1539.0,2.9
2807911121,2020,41.1,16.0,26.9,1469.0,2.8
2807911121,2021,40.8,15.3,26.2,1475.0,2.8
2807911121,2022,39.4,13.4,26.0,1610.0,2.9
2807911122,2015,41.7,18.9,29.6,1045.0,2.7
2807911122,2016,42.3,18.6,28.0,1073.0,2.7
2807911122,2017,40.4,16.9,28.3,1089.0,2.8
2807911122,2018,40.2,16.3,27.3,1139.0,2.9
2807911122,2019,39.9,15.5,26.4,1165.0,2.9
2807911122,2020,39.8,14.7,24.2,1218.0,3.0
2807911122,2021,39.7,14.4,23.5,1233.0,3.0
2807911122,2022,39.9,14.7,23.7,1251.0,3.1
2807911123,2015,40.6,16.2,32.3,383.0,2.5
2807911123,2016,39.7,15.0,29.9,401.0,2.6
2807911123,2017,40.1,15.6,30.4,397.0,2.5
2807911123,2018,39.4,14.9,29.2,417.0,2.7
2807911123,2019,40.1,14.3,30.4,419.0,2.6
2807911123,2020,39.6,12.8,29.1,446.0,2.7
2807911123,2021,40.5,12.6,27.9,435.0,2.8
2807911123,2022,41.6,13.0,30.6,454.0,2.5
2807911124,2015,41.8,18.2,27.0,1563.0,2.6
2807911124,2016,41.8,17.8,27.6,1583.0,2.6
2807911124,2017,41.8,17.6,27.8,1616.0,2.6
2807911124,2018,41.8,17.3,26.5,1669.0,2.6
2807911124,2019,42.3,18.3,27.1,1679.0,2.7
2807911124,2020,42.4,18.1,28.2,1661.0,2.6
2807911124,2021,42.4,18.3,27.4,1685.0,2.6
2807911124,2022,42.2,18.3,28.6,1734.0,2.7
2807911125,2015,41.4,17.2,27.7,1505.0,2.6
2807911125,2016,41.0,16.4,27.5,1511.0,2.6
2807911125,2017,41.3,16.5,26.5,1514.0,2.6
2807911125,2018,41.6,16.9,26.3,1526.0,2.6
2807911125,2019,41.4,16.1,27.4,1557.0,2.6
2807911125,2020,41.9,16.4,27.2,1517.0,2.6
2807911125,2021,42.4,16.5,29.4,1453.0,2.5
2807911125,2022,42.1,16.6,30.2,1498.0,2.6
2807911126,2015,39.1,13.2,28.3,2760.0,2.6
2807911126,2016,39.3,13.3,28.1,2795.0,2.6
2807911126,2017,39.3,12.6,27.2,2880.0,2.6
2807911126,2018,39.2,12.2,27.7,2932.0,2.6
2807911126,2019,39.3,11.6,28.8,3002.0,2.6
2807911126,2020,39.7,11.6,29.4,2999.0,2.6
2807911126,2021,40.2,11.5,29.1,3044.0,2.6
2807911126,2022,40.5,9.2,26.7,1367.0,2.6
2807911128,2015,41.9,18.0,27.3,1135.0,2.9
2807911128,2016,41.6,17.3,28.4,1119.0,2.8
2807911128,2017,40.9,17.3,24.8,1182.0,2.9
2807911128,2018,41.1,17.4,25.1,1194.0,3.0
2807911128,2019,40.6,16.6,25.7,1249.0,3.0
2807911128,2020,40.5,16.5,24.7,1221.0,3.0
2807911128,2021,41.0,16.9,27.6,1226.0,2.9
2807911128,2022,40.5,16.1,26.1,1258.0,3.0
2807911129,2015,41.9,18.1,25.4,989.0,3.0
2807911129,2016,42.7,18.2,26.2,956.0,2.9
2807911129,2017,41.6,17.7,25.3,983.0,2.9
2807911129,2018,41.6,17.6,25.3,1004.0,3.0
2807911129,2019,41.9,18.7,25.1,1000.0,2.9
2807911129,2020,41.9,19.7,22.6,987.0,2.9
2807911129,2021,41.7,18.5,25.0,994.0,3.0
2807911129,2022,42.0,18.2,24.5,995.0,3.0
2807911130,2015,41.7,20.3,27.2,1641.0,2.7
2807911130,2016,42.1,20.0,26.1,1631.0,2.7
2807911130,2017,41.2,18.4,26.9,1705.0,2.8
2807911130,2018,40.7,17.1,25.6,1834.0,2.9
2807911130,2019,40.6,16.4,24.8,1849.0,3.0
2807911130,2020,41.0,16.2,25.3,1806.0,2.9
2807911130,2021,41.3,16.4,25.6,1759.0,2.9
2807911130,2022,40.0,14.6,23.3,1902.0,3.0
2807911131,2015,42.4,20.7,33.2,926.0,2.5
2807911131,2016,42.0,19.7,30.1,960.0,2.6
2807911131,2017,41.9,18.9,31.2,970.0,2.6
2807911131,2018,41.3,17.1,30.8,1029.0,2.7
2807911131,2019,41.1,16.5,30.4,1064.0,2.7
2807911131,2020,41.1,16.0,31.0,1060.0,2.7
2807911131,2021,41.3,15.4,29.6,1073.0,2.8
2807911131,2022,40.4,14.5,27.7,1114.0,2.9
2807911132,2015,43.4,20.3,32.6,854.0,2.6
2807911132,2016,42.8,19.2,31.1,850.0,2.6
2807911132,2017,42.4,18.3,29.5,860.0,2.6
2807911132,2018,41.6,16.9,28.0,928.0,2.8
2807911132,2019,41.0,16.4,28.7,942.0,2.8
2807911132,2020,41.2,16.3,26.4,938.0,2.8
2807911132,2021,41.2,16.5,27.2,929.0,2.8
2807911132,2022,39.9,15.0,23.3,995.0,2.9
2807911133,2015,46.4,28.1,27.6,1006.0,2.5
2807911133,2016,46.1,28.4,25.8,990.0,2.4
2807911133,2017,46.2,28.9,26.7,1006.0,2.5
2807911133,2018,46.0,28.5,26.0,1029.0,2.5
2807911133,2019,45.7,28.0,25.0,1082.0,2.6
2807911133,2020,45.8,27.6,25.3,1089.0,2.7
2807911133,2021,47.0,29.1,27.6,1019.0,2.5
2807911133,2022,45.8,26.9,29.6,1093.0,2.6
2807911134,2015,46.9,28.2,29.2,784.0,2.5
2807911134,2016,47.6,28.3,30.3,759.0,2.5
2807911134,2017,47.1,27.3,28.8,792.0,2.5
2807911134,2018,46.5,25.8,28.9,837.0,2.6
2807911134,2019,45.7,24.2,26.0,859.0,2.7
2807911134,2020,45.1,22.8,27.5,903.0,2.7
2807911134,2021,46.1,24.1,28.3,854.0,2.6
2807911134,2022,45.5,23.3,28.1,893.0,2.7
2807911135,2015,45.2,23.1,23.8,921.0,2.7
2807911135,2016,45.1,23.0,23.7,927.0,2.7
2807911135,2017,44.9,21.9,24.0,945.0,2.7
2807911135,2018,44.8,22.0,24.3,974.0,2.7
2807911135,2019,44.8,21.8,25.4,1001.0,2.7
2807911135,2020,45.5,21.8,27.1,949.0,2.7
2807911135,2021,45.3,21.0,26.8,957.0,2.7
2807911135,2022,45.9,21.9,26.3,947.0,2.7
2807911136,2015,45.5,24.6,28.6,1164.0,2.5
2807911136,2016,46.0,24.8,28.0,1176.0,2.5
2807911136,2017,46.0,24.4,30.0,1205.0,2.5
2807911136,2018,45.2,22.1,30.7,1209.0,2.5
2807911136,2019,45.5,21.8,29.2,1246.0,2.5
2807911136,2020,45.8,22.6,31.5,1219.0,2.5
2807911136,2021,45.7,21.9,31.3,1221.0,2.5
2807911136,2022,45.4,21.1,31.5,1247.0,2.5
2807911137,2015,41.2,16.7,22.0,2053.0,2.7
2807911137,2016,41.6,16.9,21.2,2053.0,2.7
2807911137,2017,41.8,16.9,21.2,2069.0,2.7
2807911137,2018,42.0,17.3,20.6,2169.0,2.8
2807911137,2019,42.3,17.6,20.7,2203.0,2.8
2807911137,2020,43.0,18.2,21.0,2209.0,2.8
2807911137,2021,43.2,18.4,22.0,2213.0,2.7
2807911137,2022,43.6,19.0,21.6,2232.0,2.8
2807911138,2015,41.0,17.7,27.3,1070.0,2.7
2807911138,2016,40.8,17.1,26.3,1064.0,2.7
2807911138,2017,41.3,16.7,28.7,1065.0,2.6
2807911138,2018,41.0,15.7,27.4,1103.0,2.7
2807911138,2019,40.4,14.2,27.1,1153.0,2.7
2807911138,2020,39.8,13.4,29.1,1148.0,2.7
2807911138,2021,40.7,13.5,28.3,1124.0,2.7
2807911138,2022,40.9,13.7,27.1,1156.0,2.8
2807911139,2015,43.8,20.8,25.9,1179.0,2.6
2807911139,2016,43.5,20.6,25.8,1214.0,2.6
2807911139,2017,43.4,20.4,24.9,1229.0,2.6
2807911139,2018,43.1,19.9,25.7,1292.0,2.7
2807911139,2019,43.7,20.3,27.1,1277.0,2.7
2807911139,2020,44.1,20.0,26.8,1264.0,2.6
2807911139,2021,44.6,20.7,27.7,1206.0,2.6
2807911139,2022,44.0,19.6,29.7,1238.0,2.6
2807911140,2015,39.7,16.1,25.8,1533.0,2.8
2807911140,2016,39.5,15.9,27.7,1559.0,2.8
2807911140,2017,39.6,15.3,26.2,1547.0,2.8
2807911140,2018,39.6,14.6,25.3,1667.0,2.8
2807911140,2019,40.0,14.6,25.0,1674.0,2.8
2807911140,2020,40.3,14.4,25.7,1646.0,2.8
2807911140,2021,39.8,13.6,23.6,1698.0,2.8
2807911140,2022,39.2,12.2,23.6,1774.0,2.8
2807911141,2015,44.7,23.1,25.6,1194.0,2.6
2807911141,2016,45.9,24.2,27.5,1178.0,2.5
2807911141,2017,45.9,24.4,29.1,1187.0,2.5
2807911141,2018,44.9,22.1,29.9,1179.0,2.5
2807911141,2019,45.0,22.5,28.3,1220.0,2.6
2807911141,2020,45.3,22.4,31.0,1199.0,2.5
2807911141,2021,45.3,21.9,31.8,1170.0,2.5
2807911141,2022,45.3,22.5,31.6,1213.0,2.5
2807911142,2015,45.3,24.1,26.8,710.0,2.5
2807911142,2016,45.2,24.6,27.1,714.0,2.5
2807911142,2017,45.9,24.4,29.0,716.0,2.5
2807911142,2018,46.0,25.2,30.1,725.0,2.5
2807911142,2019,45.3,24.3,30.2,740.0,2.5
2807911142,2020,46.1,24.6,28.4,728.0,2.5
2807911142,2021,46.2,24.5,30.6,731.0,2.5
2807911142,2022,45.4,23.7,29.9,751.0,2.5
2807911143,2015,46.6,26.8,31.7,1237.0,2.4
2807911143,2016,46.7,25.8,31.5,1253.0,2.4
2807911143,2017,46.1,24.8,29.7,1311.0,2.4
2807911143,2018,45.6,23.8,31.7,1300.0,2.5
2807911143,2019,45.5,23.0,31.8,1290.0,2.5
2807911143,2020,44.8,21.3,31.8,1316.0,2.5
2807911143,2021,44.9,20.7,31.8,1303.0,2.5
2807911143,2022,44.7,20.1,34.0,1322.0,2.5
2807911145,2015,47.6,29.9,25.6,1169.0,2.5
2807911145,2016,47.3,29.8,25.4,1183.0,2.5
2807911145,2017,47.5,29.8,28.2,1156.0,2.4
2807911145,2018,47.4,30.3,28.6,1183.0,2.5
2807911145,2019,47.2,28.6,27.6,1201.0,2.5
2807911145,2020,47.7,28.5,29.1,1177.0,2.5
2807911145,2021,47.8,28.3,29.4,1171.0,2.5
2807911145,2022,47.5,27.3,30.1,1196.0,2.5
2807911146,2015,46.4,30.6,21.6,1350.0,2.6
2807911146,2016,46.1,30.1,20.6,1400.0,2.6
2807911146,2017,46.6,30.0,22.3,1380.0,2.6
2807911146,2018,46.0,28.5,23.0,1416.0,2.6
2807911146,2019,46.1,28.0,22.8,1448.0,2.7
2807911146,2020,46.9,28.6,23.7,1401.0,2.6
2807911146,2021,46.5,27.3,25.0,1401.0,2.6
2807911146,2022,46.1,26.9,24.6,1423.0,2.7
2807911147,2015,46.2,26.7,22.4,1523.0,2.6
2807911147,2016,46.8,27.5,22.8,1491.0,2.6
2807911147,2017,47.1,27.9,22.1,1503.0,2.6
2807911147,2018,47.8,29.0,24.6,1468.0,2.6
2807911147,2019,48.3,28.8,25.4,1466.0,2.5
2807911147,2020,48.6,28.7,27.4,1452.0,2.5
2807911147,2021,48.6,28.9,27.5,1429.0,2.5
2807911147,2022,49.2,30.0,27.8,1428.0,2.5
2807911148,2015,39.6,16.3,33.1,2119.0,2.4
2807911148,2016,39.3,15.3,32.5,2220.0,2.4
2807911148,2017,39.7,15.9,32.2,2272.0,2.4
2807911148,2018,40.0,15.8,31.1,2319.0,2.5
2807911148,2019,40.4,16.2,30.3,2391.0,2.5
2807911148,2020,41.2,16.3,30.7,2361.0,2.4
2807911148,2021,41.7,15.9,32.1,2349.0,2.4
2807911148,2022,41.4,15.4,31.6,2451.0,2.5
2807911149,2015,48.9,33.4,31.3,863.0,2.3
2807911149,2016,48.4,31.3,31.2,897.0,2.4
2807911149,2017,48.9,30.2,31.2,897.0,2.4
2807911149,2018,47.8,28.0,30.7,900.0,2.4
2807911149,2019,47.1,25.6,32.3,934.0,2.4
2807911149,2020,47.9,26.9,31.4,910.0,2.4
2807911149,2021,47.1,25.5,34.6,946.0,2.4
2807911149,2022,47.1,24.3,35.0,945.0,2.4
2807911150,2015,42.5,19.5,25.5,1136.0,2.7
2807911150,2016,42.5,18.8,26.6,1125.0,2.6
2807911150,2017,42.4,18.7,25.6,1161.0,2.7
2807911150,2018,42.7,18.3,24.5,1187.0,2.7
2807911150,2019,42.9,17.8,25.5,1205.0,2.7
2807911150,2020,43.5,17.4,26.5,1195.0,2.7
2807911150,2021,43.9,17.6,26.2,1171.0,2.6
2807911150,2022,44.1,17.5,27.5,1150.0,2.6
2807911151,2015,43.8,20.6,25.4,1025.0,2.5
2807911151,2016,44.4,20.8,26.4,1005.0,2.5
2807911151,2017,43.4,19.2,26.9,1076.0,2.6
2807911151,2018,43.6,19.4,27.8,1059.0,2.5
2807911151,2019,43.1,18.7,27.6,1113.0,2.6
2807911151,2020,43.0,19.2,27.8,1099.0,2.6
2807911151,2021,43.2,18.6,28.0,1095.0,2.6
2807911151,2022,42.6,17.5,27.5,1129.0,2.6
2807911152,2015,41.9,19.0,26.4,2083.0,2.6
2807911152,2016,42.4,19.2,26.9,2098.0,2.6
2807911152,2017,42.7,18.9,27.2,2112.0,2.5
2807911152,2018,43.2,18.9,27.7,2104.0,2.5
2807911152,2019,43.2,18.1,26.8,2136.0,2.5
2807911152,2020,43.0,17.3,25.8,2167.0,2.6
2807911152,2021,43.0,17.5,27.0,2182.0,2.5
2807911152,2022,43.3,18.0,27.2,2238.0,2.5
2807911153,2015,44.0,22.4,25.1,1546.0,2.5
2807911153,2016,44.3,22.6,25.7,1507.0,2.5
2807911153,2017,44.2,21.5,27.9,1574.0,2.5
2807911153,2018,44.4,21.2,27.2,1639.0,2.6
2807911153,2019,44.5,21.3,28.1,1642.0,2.6
2807911153,2020,44.6,21.1,30.0,1618.0,2.5
2807911153,2021,45.0,21.6,30.3,1591.0,2.5
2807911153,2022,44.5,20.1,29.5,1653.0,2.6
2807911154,2015,40.7,17.8,25.3,1189.0,2.7
2807911154,2016,40.4,16.9,24.0,1208.0,2.7
2807911154,2017,40.1,16.6,25.2,1214.0,2.7
2807911154,2018,40.6,17.2,24.9,1231.0,2.7
2807911154,2019,40.1,16.7,24.1,1273.0,2.8
2807911154,2020,40.0,15.7,25.6,1341.0,2.9
2807911154,2021,40.9,15.9,26.9,1277.0,2.8
2807911154,2022,41.3,16.5,25.3,1301.0,2.8
2807911155,2015,35.1,8.8,19.1,2406.0,2.9
2807911155,2016,35.8,8.8,20.2,2373.0,2.9
2807911155,2017,36.4,9.4,21.1,2377.0,2.9
2807911155,2018,37.1,9.8,20.7,2431.0,2.9
2807911155,2019,37.4,9.9,21.0,2445.0,2.9
2807911155,2020,38.1,10.1,20.7,2424.0,2.9
2807911155,2021,39.1,10.8,22.2,2370.0,2.8
2807911155,2022,39.3,10.8,23.1,2401.0,2.8
2807911156,2015,32.4,4.3,22.2,2329.0,2.7
2807911156,2016,32.5,4.2,21.9,2663.0,2.8
2807911156,2017,32.8,4.7,21.0,2878.0,2.8
2807911156,2018,33.5,5.3,22.6,2917.0,2.8
2807911156,2019,34.1,5.3,22.8,2986.0,2.8
2807911156,2020,35.0,5.5,22.4,2987.0,2.8
2807911156,2021,35.4,5.8,22.9,3011.0,2.8
2807911156,2022,35.8,6.6,23.3,1909.0,2.8
2807911157,2015,44.9,21.5,25.4,1114.0,2.8
2807911157,2016,45.6,22.5,26.2,1096.0,2.7
2807911157,2017,44.4,20.8,25.0,1165.0,2.9
2807911157,2018,44.0,20.4,21.8,1176.0,2.9
2807911157,2019,43.7,19.3,23.5,1202.0,2.9
2807911157,2020,43.8,19.1,23.4,1223.0,3.0
2807911157,2021,44.4,20.1,23.7,1162.0,2.8
2807911157,2022,44.4,20.3,22.8,1165.0,2.8
2807911158,2015,39.9,16.7,20.3,1201.0,3.0
2807911158,2016,39.7,16.3,21.4,1234.0,3.0
2807911158,2017,40.1,16.3,23.5,1197.0,2.9
2807911158,2018,39.8,15.5,22.7,1236.0,3.0
2807911158,2019,39.4,15.2,21.2,1306.0,3.2
2807911158,2020,39.9,15.5,22.8,1278.0,3.1
2807911158,2021,40.3,15.7,23.3,1225.0,3.0
2807911158,2022,40.7,15.7,23.0,1247.0,3.1
2807911159,2015,45.3,23.0,23.3,610.0,2.8
2807911159,2016,45.4,23.7,23.1,632.0,2.8
2807911159,2017,,,,,
2807911159,2018,,,,,
2807911159,2019,,,,,
2807911159,2020,,,,,
2807911159,2021,,,,,
2807911159,2022,,,,,
2807911160,2015,44.9,22.5,28.2,797.0,2.7
2807911160,2016,43.4,20.4,28.7,819.0,2.7
2807911160,2017,44.0,20.8,24.0,1503.0,2.8
2807911160,2018,43.6,19.5,22.7,1578.0,3.0
2807911160,2019,43.3,18.3,24.4,1622.0,3.0
2807911160,2020,43.1,17.7,23.8,1607.0,3.0
2807911160,2021,43.4,18.0,24.1,1622.0,3.0
2807911160,2022,42.7,17.6,23.4,1685.0,3.1
2807911161,2015,41.5,17.9,29.2,1173.0,2.7
2807911161,2016,40.6,16.9,27.2,1228.0,2.8
2807911161,2017,40.7,15.7,28.4,1263.0,2.8
2807911161,2018,40.1,15.2,24.6,1354.0,3.0
2807911161,2019,40.1,14.3,24.5,1447.0,3.2
2807911161,2020,40.7,14.1,25.6,1389.0,3.0
2807911161,2021,41.1,14.2,25.1,1369.0,3.0
2807911161,2022,40.7,13.7,21.8,1412.0,3.1
2807911162,2015,46.1,25.3,32.9,735.0,2.5
2807911162,2016,45.4,24.3,32.5,754.0,2.5
2807911162,2017,44.5,23.1,30.4,784.0,2.6
2807911162,2018,43.9,22.1,30.5,819.0,2.7
2807911162,2019,43.3,20.3,28.7,866.0,2.8
2807911162,2020,42.9,18.9,29.8,852.0,2.8
2807911162,2021,42.7,18.9,28.9,858.0,2.8
2807911162,2022,42.1,17.8,26.7,887.0,2.9
2807911163,2015,48.8,32.0,23.1,1365.0,2.6
2807911163,2016,48.5,32.3,24.0,1374.0,2.6
2807911163,2017,49.0,32.8,23.9,1397.0,2.6
2807911163,2018,49.3,32.9,25.2,1383.0,2.5
2807911163,2019,48.6,32.1,25.1,1453.0,2.6
2807911163,2020,48.5,32.3,26.6,1414.0,2.6
2807911163,2021,48.8,33.1,26.7,1377.0,2.5
2807911163,2022,48.7,32.7,26.6,1404.0,2.5
2807911165,2015,47.8,28.9,26.3,1644.0,2.6
2807911165,2016,47.7,28.1,26.4,1656.0,2.6
2807911165,2017,47.6,28.5,25.6,1649.0,2.6
2807911165,2018,46.9,27.9,24.7,1698.0,2.7
2807911165,2019,46.0,26.5,25.0,1806.0,2.8
2807911165,2020,47.0,27.4,25.6,1713.0,2.7
2807911165,2021,46.7,26.7,25.8,1715.0,2.7
2807911165,2022,46.3,25.9,25.4,1778.0,2.7
2807911167,2015,45.2,25.3,25.8,1039.0,2.6
2807911167,2016,45.4,25.0,25.7,1023.0,2.6
2807911167,2017,45.7,25.6,27.1,1041.0,2.6
2807911167,2018,45.4,25.3,25.4,1103.0,2.7
2807911167,2019,45.5,24.7,27.7,1075.0,2.7
2807911167,2020,45.2,24.4,28.8,1061.0,2.6
2807911167,2021,45.7,24.7,28.2,1082.0,2.6
2807911167,2022,45.4,24.2,28.1,1107.0,2.7
2807911168,2015,46.2,28.7,24.3,1063.0,2.7
2807911168,2016,46.7,30.3,24.4,1038.0,2.6
2807911168,2017,46.7,30.1,25.0,1036.0,2.6
2807911168,2018,47.1,29.0,25.6,1074.0,2.6
2807911168,2019,47.5,28.8,26.5,1080.0,2.6
2807911168,2020,47.9,28.9,28.6,1052.0,2.6
2807911168,2021,48.2,29.2,27.3,1035.0,2.5
2807911168,2022,47.7,28.2,27.9,1049.0,2.5
2807911169,2015,43.2,21.5,27.6,2392.0,2.7
2807911169,2016,42.4,19.7,26.7,2493.0,2.8
2807911169,2017,43.1,20.4,27.4,2422.0,2.7
2807911169,2018,42.8,19.4,27.0,2480.0,2.7
2807911169,2019,42.4,18.6,26.3,2596.0,2.9
2807911169,2020,42.4,18.1,27.4,2565.0,2.8
2807911169,2021,42.2,17.4,26.5,2604.0,2.8
2807911169,2022,41.8,16.4,25.3,2680.0,2.9
2807911170,2015,41.9,18.7,24.6,929.0,2.9
2807911170,2016,41.9,18.0,25.5,927.0,2.8
2807911170,2017,42.2,17.7,26.3,928.0,2.8
2807911170,2018,42.4,17.6,24.4,956.0,2.8
2807911170,2019,41.9,17.2,26.4,1007.0,2.9
2807911170,2020,42.4,17.3,24.6,1002.0,2.9
2807911170,2021,42.5,16.8,24.1,979.0,2.8
2807911170,2022,41.3,16.3,23.2,1006.0,3.0
2807911171,2015,40.9,15.4,23.6,916.0,3.0
2807911171,2016,41.4,15.8,20.1,913.0,3.0
2807911171,2017,41.6,16.0,17.9,927.0,3.0
2807911171,2018,40.6,14.5,20.1,971.0,3.1
2807911171,2019,39.6,13.4,19.1,1057.0,3.3
2807911171,2020,39.7,13.2,20.9,1055.0,3.3
2807911171,2021,40.2,13.8,24.4,968.0,3.0
2807911171,2022,39.7,13.6,22.4,1005.0,3.0
2807911173,2015,42.7,20.6,29.6,1177.0,2.6
2807911173,2016,42.3,19.9,29.6,1170.0,2.6
2807911173,2017,42.1,18.6,28.1,1201.0,2.7
2807911173,2018,41.0,16.5,28.4,1244.0,2.8
2807911173,2019,40.1,15.1,28.4,1293.0,2.9
2807911173,2020,40.7,15.4,29.3,1245.0,2.7
2807911173,2021,39.7,14.6,29.3,1277.0,2.8
2807911173,2022,39.1,13.7,28.3,1392.0,3.0
2807911174,2015,44.2,20.9,30.4,761.0,2.5
2807911174,2016,44.2,21.0,28.1,771.0,2.6
2807911174,2017,44.2,20.6,31.9,762.0,2.5
2807911174,2018,44.1,19.1,28.8,792.0,2.6
2807911174,2019,43.7,18.2,27.5,817.0,2.6
2807911174,2020,43.4,17.3,28.9,803.0,2.6
2807911174,2021,44.1,18.2,27.5,777.0,2.5
2807911174,2022,43.6,17.4,28.9,824.0,2.6
2807911175,2015,45.3,23.3,30.7,1473.0,2.5
2807911175,2016,44.7,22.6,30.4,1523.0,2.6
2807911175,2017,44.6,22.0,32.1,1524.0,2.6
2807911175,2018,44.8,21.5,32.1,1542.0,2.6
2807911175,2019,44.0,19.9,30.7,1645.0,2.7
2807911175,2020,44.0,19.6,31.9,1574.0,2.6
2807911175,2021,44.4,19.3,30.4,1593.0,2.6
2807911175,2022,44.2,18.5,30.6,1599.0,2.6
2807911176,2015,44.3,20.9,31.8,1083.0,2.5
2807911176,2016,44.2,19.6,32.2,1072.0,2.5
2807911176,2017,43.6,18.7,30.9,1134.0,2.6
2807911176,2018,43.4,19.0,30.1,1173.0,2.7
2807911176,2019,43.6,19.0,29.9,1200.0,2.7
2807911176,2020,43.7,19.3,31.0,1197.0,2.7
2807911176,2021,43.4,18.6,30.4,1219.0,2.7
2807911176,2022,43.7,19.3,29.0,1203.0,2.7
2807911177,2015,45.7,22.3,34.6,2165.0,2.4
2807911177,2016,45.5,22.0,33.3,2123.0,2.4
2807911177,2017,44.7,20.8,33.7,2199.0,2.4
2807911177,2018,44.7,21.0,33.0,2227.0,2.4
2807911177,2019,44.7,20.9,33.2,2266.0,2.5
2807911177,2020,44.2,20.4,33.0,2244.0,2.5
2807911177,2021,44.2,20.2,32.4,2244.0,2.5
2807911177,2022,43.4,19.3,33.6,2371.0,2.5
2807911178,2015,44.6,21.6,33.8,795.0,2.4
2807911178,2016,44.7,22.2,33.6,816.0,2.4
2807911178,2017,44.2,21.5,32.2,833.0,2.5
2807911178,2018,43.4,19.8,32.1,884.0,2.6
2807911178,2019,42.5,18.5,30.2,934.0,2.7
2807911178,2020,42.2,18.6,29.1,929.0,2.7
2807911178,2021,42.3,18.5,30.4,927.0,2.7
2807911178,2022,42.0,18.0,29.7,943.0,2.7
2807911179,2015,44.7,21.8,25.9,913.0,2.6
2807911179,2016,44.3,20.8,25.2,912.0,2.6
2807911179,2017,43.6,19.9,25.5,923.0,2.7
2807911179,2018,43.2,19.3,24.9,968.0,2.7
2807911179,2019,43.3,18.9,25.3,989.0,2.7
2807911179,2020,43.0,19.1,25.3,1010.0,2.7
2807911179,2021,43.7,19.4,26.9,980.0,2.7
2807911179,2022,43.1,19.3,27.6,983.0,2.7
2807911180,2015,40.5,16.3,20.0,1361.0,3.1
2807911180,2016,40.9,15.8,19.6,1345.0,3.1
2807911180,2017,40.8,16.8,20.8,1337.0,3.0
2807911180,2018,41.0,16.4,23.0,1338.0,3.0
2807911180,2019,41.2,16.3,22.2,1347.0,3.1
2807911180,2020,41.3,16.5,21.5,1342.0,3.0
2807911180,2021,41.4,17.0,21.6,1343.0,3.0
2807911180,2022,41.6,17.5,22.3,1340.0,3.0
2807911181,2015,50.9,30.9,39.4,944.0,2.1
2807911181,2016,50.9,31.5,39.1,960.0,2.1
2807911181,2017,51.4,32.3,39.0,962.0,2.2
2807911181,2018,51.0,33.5,39.1,973.0,2.2
2807911181,2019,51.9,34.3,38.9,969.0,2.2
2807911181,2020,51.7,35.6,38.8,947.0,2.1
2807911181,2021,52.3,36.2,38.1,934.0,2.1
2807911181,2022,51.0,33.8,39.7,955.0,2.1
2807911182,2015,36.0,8.1,18.7,2719.0,2.9
2807911182,2016,36.7,8.5,19.1,2733.0,2.9
2807911182,2017,37.4,8.9,19.1,2750.0,2.8
2807911182,2018,38.1,9.2,19.1,2833.0,2.9
2807911182,2019,39.1,10.2,19.4,2826.0,2.9
2807911182,2020,39.9,10.7,19.9,2755.0,2.8
2807911182,2021,40.9,11.4,20.6,2727.0,2.8
2807911182,2022,41.4,11.8,21.1,2734.0,2.7
2807911183,2015,32.4,5.2,20.4,2452.0,2.9
2807911183,2016,33.1,5.7,19.9,2512.0,2.9
2807911183,2017,33.9,5.7,20.3,2490.0,2.9
2807911183,2018,34.6,6.2,20.1,2538.0,2.9
2807911183,2019,35.4,6.7,21.1,2574.0,2.9
2807911183,2020,36.1,7.2,21.8,2537.0,2.9
2807911183,2021,37.0,7.8,23.6,2475.0,2.8
2807911183,2022,37.6,7.7,24.2,2488.0,2.8
2807911184,2015,46.4,22.7,37.0,1092.0,2.3
2807911184,2016,46.9,23.5,38.4,1085.0,2.3
2807911184,2017,47.3,24.2,38.6,1092.0,2.3
2807911184,2018,48.6,24.7,37.1,1086.0,2.3
2807911184,2019,48.7,25.3,36.1,1101.0,2.3
2807911184,2020,48.8,25.4,36.1,1095.0,2.3
2807911184,2021,49.0,25.4,37.0,1076.0,2.3
2807911184,2022,48.8,25.2,37.3,1085.0,2.3
2807911185,2015,42.9,20.5,27.5,1392.0,2.6
2807911185,2016,43.0,20.6,26.0,1414.0,2.7
2807911185,2017,42.7,20.1,25.0,1459.0,2.7
2807911185,2018,42.8,19.7,24.6,1480.0,2.7
2807911185,2019,42.7,19.6,22.6,1545.0,2.8
2807911185,2020,43.3,20.1,22.9,1511.0,2.7
2807911185,2021,43.6,20.2,23.2,1522.0,2.8
2807911185,2022,43.9,20.2,25.0,1508.0,2.7
2807911186,2015,33.0,5.0,28.6,1702.0,2.6
2807911186,2016,33.2,5.2,27.7,1765.0,2.7
2807911186,2017,33.5,5.0,27.4,1799.0,2.7
2807911186,2018,34.4,5.1,28.2,1808.0,2.7
2807911186,2019,34.8,5.3,26.3,1850.0,2.7
2807911186,2020,35.6,5.5,25.2,1817.0,2.7
2807911186,2021,36.0,5.7,23.6,1869.0,2.8
2807911186,2022,36.3,5.9,23.6,1943.0,2.9
2807911187,2015,33.2,5.3,19.4,2883.0,2.9
2807911187,2016,33.9,5.4,19.2,2918.0,2.9
2807911187,2017,32.9,4.1,26.3,1572.0,2.7
2807911187,2018,33.6,3.9,26.2,1559.0,2.7
2807911187,2019,34.5,5.0,27.7,1574.0,2.7
2807911187,2020,35.1,5.1,26.1,1619.0,2.7
2807911187,2021,35.7,5.5,26.7,1650.0,2.8
2807911187,2022,35.9,5.8,28.9,1678.0,2.7
2807911188,2015,31.8,5.5,14.9,1879.0,3.1
2807911188,2016,32.4,5.8,14.8,1911.0,3.0
2807911188,2017,32.9,5.8,14.5,1944.0,3.1
2807911188,2018,33.7,6.3,14.0,1946.0,3.1
2807911188,2019,34.8,7.2,14.5,1945.0,3.0
2807911188,2020,35.4,7.0,13.8,1934.0,3.1
2807911188,2021,36.1,7.3,15.5,1945.0,3.0
2807911188,2022,37.0,7.8,17.3,1955.0,3.0
2807911189,2015,31.4,3.4,17.1,2292.0,3.1
2807911189,2016,32.3,3.8,17.5,2338.0,3.1
2807911189,2017,32.9,3.9,16.4,2375.0,3.2
2807911189,2018,33.6,4.2,15.3,2414.0,3.2
2807911189,2019,34.5,5.1,15.7,2456.0,3.2
2807911189,2020,35.3,5.1,15.7,2430.0,3.2
2807911189,2021,35.9,5.1,15.1,2432.0,3.2
2807911189,2022,36.4,5.0,16.2,2471.0,3.1
2807911190,2015,31.3,4.6,24.5,3136.0,2.8
2807911190,2016,31.9,4.7,23.8,3131.0,2.8
2807911190,2017,32.6,5.8,17.8,1609.0,3.0
2807911190,2018,33.2,5.8,16.9,1617.0,3.1
2807911190,2019,34.1,6.3,17.4,1635.0,3.1
2807911190,2020,35.0,6.3,17.3,1638.0,3.1
2807911190,2021,35.9,6.5,17.7,1605.0,3.0
2807911190,2022,36.5,6.7,19.6,1600.0,2.9
2807911191,2015,30.8,4.1,17.7,2144.0,2.9
2807911191,2016,31.2,4.2,17.2,2212.0,2.9
2807911191,2017,31.8,4.5,17.0,2248.0,3.0
2807911191,2018,32.3,4.5,16.3,2316.0,3.0
2807911191,2019,33.4,5.4,15.8,2326.0,3.0
2807911191,2020,34.2,6.0,15.1,2361.0,3.0
2807911191,2021,34.4,6.0,14.9,2577.0,3.0
2807911191,2022,34.5,6.1,16.6,2959.0,3.0
2807911192,2015,32.9,4.5,31.8,2858.0,2.5
2807911192,2016,33.2,4.8,30.7,2934.0,2.5
2807911192,2017,33.6,4.1,32.3,1418.0,2.4
2807911192,2018,33.8,4.6,32.1,1563.0,2.4
2807911192,2019,34.3,5.0,30.2,1656.0,2.5
2807911192,2020,34.8,5.3,29.5,1745.0,2.5
2807911192,2021,35.1,5.6,28.6,1790.0,2.5
2807911192,2022,35.7,5.9,31.0,1830.0,2.5
2807911193,2015,42.1,18.5,29.6,1141.0,2.5
2807911193,2016,41.1,16.8,29.3,1193.0,2.5
2807911193,2017,41.2,16.7,27.0,1224.0,2.6
2807911193,2018,41.8,16.7,26.5,1213.0,2.6
2807911193,2019,41.4,15.9,24.7,1266.0,2.7
2807911193,2020,41.7,15.6,23.8,1272.0,2.7
2807911193,2021,41.9,15.8,25.8,1265.0,2.6
2807911193,2022,42.0,16.0,28.6,1283.0,2.6
2807911194,2015,34.4,6.6,21.8,1116.0,2.8
2807911194,2016,35.3,7.3,22.3,1131.0,2.8
2807911194,2017,35.8,7.7,23.6,1159.0,2.8
2807911194,2018,36.7,8.5,23.1,1163.0,2.8
2807911194,2019,37.4,8.7,23.2,1164.0,2.8
2807911194,2020,38.0,9.0,23.0,1158.0,2.8
2807911194,2021,38.6,9.3,22.7,1156.0,2.8
2807911194,2022,39.5,9.9,20.4,1160.0,2.8
2807911195,2015,,,,,
2807911195,2016,,,,,
2807911195,2017,40.3,10.9,40.9,1142.0,2.2
2807911195,2018,40.3,11.1,40.7,1190.0,2.2
2807911195,2019,41.4,12.5,41.5,1209.0,2.2
2807911195,2020,42.2,13.3,42.9,1172.0,2.2
2807911195,2021,42.5,14.2,41.3,1190.0,2.2
2807911195,2022,43.5,16.3,38.7,1835.0,2.3
2807911196,2015,,,,,
2807911196,2016,,,,,
2807911196,2017,36.3,7.4,12.7,1336.0,3.1
2807911196,2018,37.1,8.1,12.8,1348.0,3.1
2807911196,2019,38.0,8.7,14.2,1343.0,3.0
2807911196,2020,38.7,8.5,16.0,1314.0,3.0
2807911196,2021,39.7,9.0,16.0,1276.0,2.9
2807911196,2022,40.7,10.4,16.3,1273.0,2.9
2807911197,2015,,,,,
2807911197,2016,,,,,
2807911197,2017,32.5,4.3,28.4,1567.0,2.7
2807911197,2018,33.1,4.3,29.0,1547.0,2.6
2807911197,2019,33.7,4.2,28.8,1583.0,2.6
2807911197,2020,34.6,4.6,29.6,1570.0,2.6
2807911197,2021,35.6,5.2,32.3,1535.0,2.5
2807911197,2022,36.2,5.2,31.6,1565.0,2.5
2807911198,2015,,,,,
2807911198,2016,,,,,
2807911198,2017,33.9,5.8,25.9,1792.0,2.6
2807911198,2018,34.7,6.2,27.4,1801.0,2.6
2807911198,2019,35.3,6.7,25.6,1933.0,2.7
2807911198,2020,35.7,6.5,25.1,1948.0,2.7
2807911198,2021,36.6,6.9,26.3,1914.0,2.6
2807911198,2022,37.4,7.7,25.8,2013.0,2.7
2807911199,2015,,,,,
2807911199,2016,,,,,
2807911199,2017,,,,,
2807911199,2018,,,,,
2807911199,2019,,,,,
2807911199,2020,,,,,
2807911199,2021,,,,,
2807911199,2022,40.1,13.5,32.2,1760.0,2.6
2807911200,2015,,,,,
2807911200,2016,,,,,
2807911200,2017,,,,,
2807911200,2018,,,,,
2807911200,2019,,,,,
2807911200,2020,,,,,
2807911200,2021,,,,,
2807911200,2022,37.3,6.1,26.1,1106.0,2.7
2807912001,2015,47.8,22.3,26.4,655.0,2.5
2807912001,2016,47.4,20.8,27.2,630.0,2.5
2807912001,2017,46.8,20.0,27.7,644.0,2.5
2807912001,2018,46.8,20.4,25.7,651.0,2.5
2807912001,2019,46.3,20.6,25.3,656.0,2.5
2807912001,2020,47.0,21.0,26.5,637.0,2.5
2807912001,2021,46.3,21.7,27.0,645.0,2.5
2807912001,2022,46.1,22.3,27.6,651.0,2.5
2807912002,2015,52.3,33.7,34.0,730.0,2.2
2807912002,2016,51.7,31.5,31.1,745.0,2.3
2807912002,2017,50.6,30.3,29.6,772.0,2.3
2807912002,2018,49.4,28.1,31.1,796.0,2.4
2807912002,2019,48.9,27.2,31.0,791.0,2.4
2807912002,2020,48.6,25.9,32.9,797.0,2.3
2807912002,2021,47.8,25.0,35.1,793.0,2.3
2807912002,2022,47.2,24.3,34.2,820.0,2.4
2807912003,2015,52.8,36.4,33.3,1168.0,2.3
2807912003,2016,52.6,35.5,32.0,1178.0,2.3
2807912003,2017,51.9,33.5,31.3,1187.0,2.3
2807912003,2018,50.9,32.1,31.6,1220.0,2.4
2807912003,2019,49.8,29.8,31.2,1264.0,2.5
2807912003,2020,49.4,28.4,32.2,1259.0,2.4
2807912003,2021,48.8,27.0,32.6,1261.0,2.5
2807912003,2022,48.1,25.6,34.7,1260.0,2.4
2807912005,2015,51.9,35.9,31.4,999.0,2.3
2807912005,2016,52.2,35.8,31.5,981.0,2.3
2807912005,2017,51.7,35.1,31.4,986.0,2.3
2807912005,2018,50.7,32.6,31.4,1008.0,2.3
2807912005,2019,49.6,30.1,30.9,1024.0,2.4
2807912005,2020,48.7,28.0,31.0,1025.0,2.4
2807912005,2021,48.5,27.7,32.9,1030.0,2.4
2807912005,2022,47.5,26.1,32.5,1095.0,2.5
2807912006,2015,50.7,34.0,34.2,730.0,2.3
2807912006,2016,50.9,33.3,33.2,723.0,2.3
2807912006,2017,49.7,31.3,31.8,745.0,2.3
2807912006,2018,50.5,31.6,30.9,753.0,2.3
2807912006,2019,49.8,30.3,31.8,776.0,2.4
2807912006,2020,49.1,28.4,32.7,772.0,2.4
2807912006,2021,49.1,27.1,32.8,770.0,2.4
2807912006,2022,48.7,26.3,33.0,765.0,2.4
2807912007,2015,50.1,31.7,33.8,1358.0,2.3
2807912007,2016,49.9,31.0,33.4,1356.0,2.3
2807912007,2017,49.2,30.0,31.4,1399.0,2.4
2807912007,2018,48.5,28.5,31.9,1434.0,2.4
2807912007,2019,48.2,27.2,30.9,1438.0,2.5
2807912007,2020,48.3,26.8,31.1,1453.0,2.5
2807912007,2021,47.5,25.3,29.1,1473.0,2.5
2807912007,2022,46.8,24.0,30.7,1461.0,2.5
2807912008,2015,47.0,25.9,30.8,1141.0,2.5
2807912008,2016,46.4,25.3,30.5,1172.0,2.6
2807912008,2017,45.8,24.8,30.0,1212.0,2.6
2807912008,2018,45.6,23.5,28.8,1219.0,2.7
2807912008,2019,45.6,23.9,27.5,1260.0,2.8
2807912008,2020,45.7,23.3,27.9,1236.0,2.7
2807912008,2021,46.2,23.3,27.3,1230.0,2.7
2807912008,2022,45.9,23.8,26.0,1238.0,2.8
2807912009,2015,47.0,29.6,22.7,1096.0,2.7
2807912009,2016,47.2,29.9,22.4,1090.0,2.7
2807912009,2017,47.4,30.0,22.1,1065.0,2.6
2807912009,2018,47.1,29.1,22.9,1085.0,2.7
2807912009,2019,46.2,27.2,23.0,1136.0,2.8
2807912009,2020,46.8,27.9,22.9,1121.0,2.8
2807912009,2021,46.6,27.3,24.1,1138.0,2.8
2807912009,2022,46.8,26.3,25.6,1117.0,2.7
2807912010,2015,46.8,25.9,28.9,908.0,2.6
2807912010,2016,46.8,25.8,27.0,915.0,2.6
2807912010,2017,47.2,26.0,26.3,906.0,2.5
2807912010,2018,47.2,27.2,26.1,898.0,2.5
2807912010,2019,47.3,27.7,27.3,907.0,2.6
2807912010,2020,47.4,27.1,26.8,908.0,2.6
2807912010,2021,47.4,26.9,27.4,911.0,2.5
2807912010,2022,47.5,26.7,27.6,935.0,2.6
2807912011,2015,45.2,23.3,23.8,922.0,2.6
2807912011,2016,44.9,23.4,23.5,943.0,2.7
2807912011,2017,44.8,23.2,23.9,932.0,2.7
2807912011,2018,44.9,23.4,24.2,943.0,2.7
2807912011,2019,44.5,22.1,23.7,956.0,2.8
2807912011,2020,44.3,21.9,21.9,972.0,2.8
2807912011,2021,44.3,21.9,23.0,983.0,2.8
2807912011,2022,44.3,21.1,24.5,987.0,2.8
2807912012,2015,45.1,23.8,20.1,991.0,2.8
2807912012,2016,46.0,25.6,21.9,960.0,2.7
2807912012,2017,45.8,25.8,21.3,988.0,2.8
2807912012,2018,46.3,27.1,23.3,977.0,2.7
2807912012,2019,46.3,27.8,21.2,995.0,2.8
2807912012,2020,46.4,29.0,23.8,985.0,2.8
2807912012,2021,46.0,28.0,23.0,989.0,2.8
2807912012,2022,45.5,27.2,20.8,1032.0,2.9
2807912013,2015,45.8,24.2,23.9,925.0,2.6
2807912013,2016,45.1,23.8,22.2,963.0,2.7
2807912013,2017,45.2,24.4,22.8,973.0,2.7
2807912013,2018,45.9,25.0,23.5,958.0,2.7
2807912013,2019,45.9,25.5,24.9,947.0,2.6
2807912013,2020,45.9,25.7,26.7,947.0,2.6
2807912013,2021,45.9,25.9,25.5,950.0,2.6
2807912013,2022,46.0,26.0,26.1,972.0,2.6
2807912014,2015,42.5,14.5,13.3,1082.0,3.0
2807912014,2016,42.6,15.1,13.0,1109.0,3.1
2807912014,2017,43.2,15.5,14.4,1090.0,3.0
2807912014,2018,43.8,16.7,15.3,1082.0,3.0
2807912014,2019,44.3,17.5,18.5,1065.0,2.9
2807912014,2020,44.6,19.2,19.1,1058.0,2.9
2807912014,2021,45.2,21.0,19.4,1036.0,2.8
2807912014,2022,45.8,23.9,19.5,1045.0,2.9
2807912015,2015,46.8,26.2,24.8,1097.0,2.7
2807912015,2016,46.5,25.5,24.5,1121.0,2.7
2807912015,2017,46.3,25.8,26.2,1137.0,2.7
2807912015,2018,46.1,25.2,26.2,1164.0,2.7
2807912015,2019,46.7,24.9,27.0,1142.0,2.7
2807912015,2020,46.7,24.6,25.7,1129.0,2.7
2807912015,2021,47.5,25.6,28.0,1083.0,2.6
2807912015,2022,47.4,25.7,27.1,1095.0,2.6
2807912016,2015,39.8,17.1,19.6,1670.0,2.8
2807912016,2016,39.8,16.8,20.9,1681.0,2.8
2807912016,2017,39.9,16.7,21.2,1684.0,2.8
2807912016,2018,40.5,16.6,21.6,1713.0,2.8
2807912016,2019,40.8,16.3,22.2,1717.0,2.8
2807912016,2020,41.1,16.2,22.1,1730.0,2.8
2807912016,2021,41.7,16.8,22.6,1706.0,2.8
2807912016,2022,42.7,17.2,22.4,1693.0,2.8
2807912018,2015,41.5,14.9,20.0,1790.0,3.0
2807912018,2016,41.9,15.8,20.4,1770.0,3.0
2807912018,2017,42.0,16.2,20.7,1784.0,3.0
2807912018,2018,42.2,16.3,20.7,1800.0,3.0
2807912018,2019,41.8,16.2,19.2,1845.0,3.1
2807912018,2020,42.1,16.4,19.1,1851.0,3.1
2807912018,2021,41.8,16.4,18.2,1860.0,3.1
2807912018,2022,42.0,17.7,19.5,1857.0,3.1
2807912019,2015,41.8,18.5,23.9,1130.0,3.0
2807912019,2016,41.1,17.5,22.7,1172.0,3.0
2807912019,2017,40.7,16.3,22.1,1199.0,3.1
2807912019,2018,40.8,15.8,21.2,1198.0,3.1
2807912019,2019,41.0,16.4,21.0,1207.0,3.1
2807912019,2020,41.1,16.7,20.8,1201.0,3.1
2807912019,2021,40.6,16.6,20.9,1232.0,3.1
2807912019,2022,40.3,15.7,21.6,1246.0,3.2
2807912020,2015,41.9,17.3,24.6,1234.0,2.9
2807912020,2016,42.6,17.7,24.9,1224.0,2.8
2807912020,2017,42.0,17.1,24.4,1267.0,2.9
2807912020,2018,41.0,16.0,25.3,1342.0,3.0
2807912020,2019,41.3,16.3,24.8,1373.0,3.0
2807912020,2020,41.2,15.8,21.8,1355.0,3.1
2807912020,2021,41.0,16.8,22.8,1354.0,3.1
2807912020,2022,40.9,16.7,23.2,1356.0,3.1
2807912021,2015,47.6,31.8,19.8,674.0,2.7
2807912021,2016,48.0,31.3,20.5,671.0,2.6
2807912021,2017,,,,,
2807912021,2018,,,,,
2807912021,2019,,,,,
2807912021,2020,,,,,
2807912021,2021,,,,,
2807912021,2022,,,,,
2807912022,2015,44.3,24.9,34.3,728.0,2.6
2807912022,2016,43.3,23.0,32.3,762.0,2.7
2807912022,2017,44.7,24.8,26.9,1490.0,2.7
2807912022,2018,44.9,24.4,27.5,1498.0,2.8
2807912022,2019,44.1,22.3,26.3,1549.0,2.8
2807912022,2020,43.6,21.0,25.8,1560.0,2.9
2807912022,2021,43.1,20.0,25.3,1584.0,2.9
2807912022,2022,42.0,18.5,25.2,1651.0,3.0
2807912023,2015,42.6,18.6,21.8,1430.0,2.9
2807912023,2016,42.6,18.0,22.9,1454.0,2.9
2807912023,2017,42.7,17.8,22.7,1451.0,2.9
2807912023,2018,42.4,17.6,22.8,1473.0,3.0
2807912023,2019,42.0,17.5,21.6,1495.0,3.0
2807912023,2020,42.2,17.0,21.7,1481.0,3.0
2807912023,2021,42.4,16.7,23.9,1477.0,3.0
2807912023,2022,41.9,16.5,24.2,1502.0,3.0
2807912024,2015,38.3,10.2,20.7,2073.0,2.8
2807912024,2016,38.9,9.9,21.9,2105.0,2.8
2807912024,2017,39.6,10.4,23.4,2067.0,2.8
2807912024,2018,39.8,11.0,22.4,2080.0,2.8
2807912024,2019,40.4,11.3,21.8,2115.0,2.9
2807912024,2020,41.2,11.9,22.5,2065.0,2.8
2807912024,2021,41.4,12.7,21.9,2069.0,2.8
2807912024,2022,41.5,12.7,22.1,2105.0,2.8
2807912027,2015,38.1,11.9,22.2,1699.0,2.7
2807912027,2016,39.0,12.9,22.2,1687.0,2.7
2807912027,2017,39.1,12.8,24.3,1713.0,2.7
2807912027,2018,39.6,12.7,23.7,1755.0,2.7
2807912027,2019,39.7,12.5,23.3,1755.0,2.7
2807912027,2020,39.9,12.1,23.1,1737.0,2.7
2807912027,2021,40.7,12.5,24.3,1705.0,2.7
2807912027,2022,41.2,12.3,24.5,1741.0,2.7
2807912028,2015,46.3,29.3,27.3,902.0,2.5
2807912028,2016,46.3,28.4,30.6,874.0,2.4
2807912028,2017,46.0,27.0,29.5,911.0,2.5
2807912028,2018,46.0,26.1,29.0,944.0,2.5
2807912028,2019,44.5,23.6,28.2,1024.0,2.7
2807912028,2020,45.8,24.5,31.1,960.0,2.5
2807912028,2021,45.8,24.6,31.8,936.0,2.5
2807912028,2022,45.4,23.0,32.5,926.0,2.4
2807912029,2015,41.6,19.8,25.1,1281.0,2.7
2807912029,2016,41.6,19.4,25.3,1287.0,2.7
2807912029,2017,41.7,19.3,25.7,1309.0,2.7
2807912029,2018,41.7,18.1,26.9,1338.0,2.8
2807912029,2019,42.2,18.8,26.3,1345.0,2.7
2807912029,2020,42.4,19.0,26.3,1292.0,2.7
2807912029,2021,42.6,19.3,26.8,1309.0,2.7
2807912029,2022,42.5,19.3,26.0,1372.0,2.8
2807912030,2015,41.3,21.0,16.4,1216.0,3.1
2807912030,2016,41.4,20.7,18.8,1202.0,3.1
2807912030,2017,41.2,20.4,18.1,1245.0,3.1
2807912030,2018,41.2,20.3,17.1,1269.0,3.1
2807912030,2019,41.4,19.0,17.3,1343.0,3.3
2807912030,2020,41.4,18.8,16.8,1338.0,3.3
2807912030,2021,41.1,18.7,18.1,1318.0,3.2
2807912030,2022,41.0,19.0,18.1,1317.0,3.2
2807912031,2015,44.1,24.2,21.3,792.0,2.8
2807912031,2016,43.1,22.4,22.2,807.0,2.8
2807912031,2017,43.2,21.9,23.8,831.0,2.8
2807912031,2018,43.0,21.6,26.0,821.0,2.8
2807912031,2019,43.0,21.0,25.8,825.0,2.9
2807912031,2020,43.2,20.2,24.1,828.0,2.9
2807912031,2021,42.9,19.5,26.8,834.0,2.9
2807912031,2022,43.3,19.5,28.4,840.0,2.9
2807912032,2015,41.8,19.4,24.5,2589.0,2.7
2807912032,2016,42.5,20.5,23.5,2602.0,2.7
2807912032,2017,42.8,20.3,24.1,2635.0,2.7
2807912032,2018,42.7,19.9,24.2,2693.0,2.7
2807912032,2019,43.1,20.5,24.8,2732.0,2.7
2807912032,2020,43.1,20.3,25.1,2727.0,2.7
2807912032,2021,43.5,20.2,27.0,2672.0,2.6
2807912032,2022,43.7,20.5,26.7,2697.0,2.6
2807912033,2015,43.6,22.6,25.5,1184.0,2.7
2807912033,2016,43.3,22.3,26.1,1220.0,2.7
2807912033,2017,43.1,21.9,28.3,1213.0,2.7
2807912033,2018,43.0,20.9,27.1,1269.0,2.7
2807912033,2019,43.2,21.0,28.3,1279.0,2.8
2807912033,2020,43.4,20.6,27.8,1235.0,2.7
2807912033,2021,43.2,19.9,27.7,1258.0,2.7
2807912033,2022,43.7,19.7,28.1,1258.0,2.7
2807912034,2015,38.2,13.7,23.0,1379.0,2.8
2807912034,2016,38.5,13.0,23.7,1403.0,2.8
2807912034,2017,39.7,14.6,24.6,2148.0,2.8
2807912034,2018,39.9,14.2,23.9,2168.0,2.8
2807912034,2019,40.5,14.1,23.3,2196.0,2.8
2807912034,2020,41.0,14.5,24.9,2120.0,2.7
2807912034,2021,41.4,14.6,23.9,2125.0,2.7
2807912034,2022,42.0,15.6,23.7,2129.0,2.7
2807912036,2015,43.6,20.1,26.5,637.0,2.7
2807912036,2016,43.2,19.3,24.3,646.0,2.7
2807912036,2017,,,,,
2807912036,2018,,,,,
2807912036,2019,,,,,
2807912036,2020,,,,,
2807912036,2021,,,,,
2807912036,2022,,,,,
2807912037,2015,43.2,18.8,24.3,1320.0,2.7
2807912037,2016,43.3,18.4,23.2,1328.0,2.7
2807912037,2017,43.2,18.0,24.3,1325.0,2.7
2807912037,2018,43.0,17.6,23.3,1345.0,2.7
2807912037,2019,42.8,16.7,23.5,1352.0,2.8
2807912037,2020,42.8,17.0,23.3,1341.0,2.8
2807912037,2021,43.2,17.8,24.7,1306.0,2.7
2807912037,2022,42.7,18.0,24.7,1297.0,2.7
2807912039,2015,45.6,24.8,29.2,993.0,2.6
2807912039,2016,45.4,23.6,30.9,984.0,2.6
2807912039,2017,44.1,20.4,31.9,1041.0,2.6
2807912039,2018,44.1,20.2,30.1,1066.0,2.7
2807912039,2019,44.1,19.8,28.2,1096.0,2.8
2807912039,2020,44.2,19.6,29.8,1062.0,2.7
2807912039,2021,43.8,18.8,30.7,1070.0,2.7
2807912039,2022,43.2,17.3,30.4,1074.0,2.7
2807912041,2015,44.5,22.0,30.3,1531.0,2.6
2807912041,2016,45.0,22.3,29.8,1499.0,2.6
2807912041,2017,43.9,20.8,30.4,1581.0,2.7
2807912041,2018,43.7,19.9,30.7,1601.0,2.7
2807912041,2019,43.1,18.3,31.4,1652.0,2.8
2807912041,2020,42.7,17.6,32.3,1644.0,2.8
2807912041,2021,42.7,17.7,31.4,1603.0,2.7
2807912041,2022,41.9,16.1,30.5,1671.0,2.8
2807912042,2015,41.2,18.0,29.8,1077.0,2.7
2807912042,2016,41.2,17.6,27.8,1122.0,2.8
2807912042,2017,41.6,17.7,29.3,1094.0,2.7
2807912042,2018,40.1,16.0,26.9,1164.0,2.9
2807912042,2019,40.0,15.6,27.9,1180.0,2.9
2807912042,2020,40.1,16.1,25.8,1173.0,2.9
2807912042,2021,40.0,15.8,28.3,1150.0,2.9
2807912042,2022,39.6,14.5,27.6,1197.0,3.0
2807912043,2015,45.4,24.8,28.5,1306.0,2.7
2807912043,2016,44.5,23.5,27.9,1347.0,2.7
2807912043,2017,44.7,23.5,28.5,1331.0,2.7
2807912043,2018,44.6,23.0,26.7,1355.0,2.8
2807912043,2019,44.6,21.8,26.2,1386.0,2.8
2807912043,2020,45.1,21.4,26.6,1363.0,2.8
2807912043,2021,45.8,22.3,28.3,1350.0,2.7
2807912043,2022,45.3,21.2,27.9,1366.0,2.8
2807912044,2015,42.4,19.2,23.9,1560.0,2.9
2807912044,2016,42.4,18.7,23.7,1534.0,2.9
2807912044,2017,42.2,18.1,23.4,1543.0,2.9
2807912044,2018,41.8,16.8,23.3,1609.0,3.0
2807912044,2019,41.8,16.6,23.5,1660.0,3.0
2807912044,2020,42.0,17.3,24.1,1564.0,2.9
2807912044,2021,42.0,16.6,23.2,1602.0,2.9
2807912044,2022,41.8,16.6,24.1,1611.0,3.0
2807912045,2015,40.0,14.7,27.7,1623.0,2.8
2807912045,2016,39.5,14.1,27.7,1671.0,2.9
2807912045,2017,39.0,12.4,27.6,1753.0,2.9
2807912045,2018,39.3,12.7,27.1,1808.0,3.0
2807912045,2019,39.4,12.7,27.0,1790.0,3.0
2807912045,2020,39.8,12.5,26.2,1796.0,3.0
2807912045,2021,40.0,13.0,27.6,1790.0,2.9
2807912045,2022,39.8,12.6,26.7,1871.0,3.0
2807912046,2015,40.0,15.2,29.1,1593.0,2.8
2807912046,2016,39.9,14.3,27.7,1645.0,2.8
2807912046,2017,39.7,13.7,24.8,1712.0,3.0
2807912046,2018,39.1,12.8,24.9,1772.0,3.0
2807912046,2019,38.9,12.7,25.3,1811.0,3.1
2807912046,2020,39.6,12.9,24.8,1795.0,3.1
2807912046,2021,40.2,13.1,26.7,1741.0,3.0
2807912046,2022,40.2,12.7,26.4,1757.0,3.0
2807912047,2015,40.4,14.8,29.7,1114.0,2.9
2807912047,2016,40.8,14.6,28.5,1117.0,2.9
2807912047,2017,41.2,14.9,32.5,1097.0,2.8
2807912047,2018,41.0,15.1,30.2,1074.0,2.8
2807912047,2019,40.7,13.4,30.0,1131.0,3.0
2807912047,2020,41.2,13.5,31.1,1167.0,3.0
2807912047,2021,41.0,13.3,30.5,1138.0,2.9
2807912047,2022,40.6,12.2,31.3,1192.0,2.9
2807912048,2015,41.5,17.5,30.0,1483.0,2.8
2807912048,2016,41.9,17.1,30.5,1467.0,2.7
2807912048,2017,41.9,16.4,29.6,1505.0,2.8
2807912048,2018,41.1,16.1,30.9,1521.0,2.8
2807912048,2019,41.0,16.0,29.1,1589.0,2.8
2807912048,2020,40.8,15.1,27.7,1571.0,2.8
2807912048,2021,40.7,15.0,29.4,1554.0,2.8
2807912048,2022,40.4,14.3,29.2,1543.0,2.8
2807912049,2015,41.6,17.1,20.9,1618.0,2.9
2807912049,2016,42.0,17.4,20.5,1618.0,2.8
2807912049,2017,42.4,17.7,21.8,1610.0,2.8
2807912049,2018,42.2,17.1,21.8,1627.0,2.9
2807912049,2019,42.1,17.7,21.9,1641.0,2.9
2807912049,2020,41.9,17.1,23.8,1654.0,2.8
2807912049,2021,42.3,17.2,24.3,1681.0,2.9
2807912049,2022,42.3,16.8,25.5,1657.0,2.8
2807912050,2015,42.8,19.3,35.9,1354.0,2.4
2807912050,2016,42.9,18.8,37.8,1335.0,2.4
2807912050,2017,43.2,19.3,38.0,1353.0,2.4
2807912050,2018,43.0,18.9,36.6,1362.0,2.4
2807912050,2019,43.3,18.5,38.1,1383.0,2.4
2807912050,2020,43.3,18.2,38.4,1380.0,2.4
2807912050,2021,44.1,18.5,38.8,1356.0,2.4
2807912050,2022,43.7,17.8,38.3,1379.0,2.4
2807912051,2015,46.1,24.3,26.7,1265.0,2.7
2807912051,2016,45.4,22.9,24.8,1264.0,2.8
2807912051,2017,44.8,21.5,25.7,1301.0,2.8
2807912051,2018,43.9,19.8,27.3,1326.0,2.8
2807912051,2019,44.1,19.7,25.9,1351.0,2.9
2807912051,2020,44.1,20.2,26.4,1304.0,2.8
2807912051,2021,44.0,19.4,26.9,1305.0,2.8
2807912051,2022,43.3,18.7,26.7,1320.0,2.8
2807912052,2015,42.4,18.4,28.8,1186.0,2.5
2807912052,2016,42.6,18.2,29.1,1187.0,2.5
2807912052,2017,42.6,17.9,29.3,1236.0,2.6
2807912052,2018,42.8,18.4,28.8,1222.0,2.6
2807912052,2019,43.0,18.2,31.0,1212.0,2.5
2807912052,2020,39.3,13.1,26.5,1833.0,2.6
2807912052,2021,38.5,12.5,25.2,2114.0,2.6
2807912052,2022,38.7,12.6,26.2,2227.0,2.6
2807912053,2015,47.4,25.4,27.3,1955.0,2.4
2807912053,2016,47.5,25.8,27.8,1963.0,2.4
2807912053,2017,48.1,26.8,27.9,1941.0,2.4
2807912053,2018,48.5,28.0,27.9,1952.0,2.4
2807912053,2019,48.9,29.0,29.2,1944.0,2.3
2807912053,2020,49.3,29.6,30.5,1907.0,2.3
2807912053,2021,49.6,30.2,31.7,1864.0,2.3
2807912053,2022,50.1,31.3,32.5,1836.0,2.2
2807912054,2015,47.5,27.8,29.5,1329.0,2.5
2807912054,2016,48.3,28.9,30.6,1291.0,2.4
2807912054,2017,49.0,29.5,30.6,1279.0,2.4
2807912054,2018,48.8,28.6,30.9,1298.0,2.4
2807912054,2019,48.3,27.8,31.0,1312.0,2.4
2807912054,2020,49.1,28.7,32.2,1262.0,2.3
2807912054,2021,49.3,29.0,31.4,1258.0,2.3
2807912054,2022,49.3,28.3,33.3,1273.0,2.3
2807912055,2015,42.5,17.8,29.2,1763.0,2.8
2807912055,2016,42.2,16.8,29.0,1769.0,2.8
2807912055,2017,42.6,17.1,29.0,1764.0,2.8
2807912055,2018,42.2,16.2,29.2,1794.0,2.8
2807912055,2019,42.7,16.6,29.4,1799.0,2.8
2807912055,2020,43.0,16.5,31.2,1723.0,2.7
2807912055,2021,43.3,16.6,31.9,1716.0,2.7
2807912055,2022,43.3,17.1,31.7,1722.0,2.7
2807912056,2015,40.3,14.5,28.9,1726.0,2.8
2807912056,2016,40.0,14.1,28.8,1693.0,2.8
2807912056,2017,40.3,14.1,29.7,1724.0,2.8
2807912056,2018,39.7,14.0,28.1,1836.0,2.9
2807912056,2019,40.2,13.7,29.7,1764.0,2.8
2807912056,2020,40.1,13.5,31.1,1721.0,2.8
2807912056,2021,40.6,14.2,31.3,1701.0,2.8
2807912056,2022,39.6,13.3,33.2,1758.0,2.8
2807912057,2015,40.2,13.7,26.9,1394.0,2.8
2807912057,2016,39.3,12.6,25.6,1441.0,2.9
2807912057,2017,39.3,11.8,23.6,1511.0,3.0
2807912057,2018,39.5,12.6,23.6,1515.0,3.0
2807912057,2019,40.1,13.0,23.6,1517.0,3.0
2807912057,2020,40.1,12.7,25.3,1554.0,3.0
2807912057,2021,40.5,13.0,27.3,1508.0,2.9
2807912057,2022,39.9,12.9,26.4,1548.0,2.9
2807912059,2015,46.3,22.7,29.8,1713.0,2.6
2807912059,2016,46.5,22.6,28.7,1732.0,2.6
2807912059,2017,46.6,22.7,28.2,1699.0,2.6
2807912059,2018,46.6,22.9,28.5,1701.0,2.6
2807912059,2019,46.8,23.0,27.2,1730.0,2.6
2807912059,2020,47.2,23.9,29.2,1648.0,2.5
2807912059,2021,47.8,25.7,30.5,1610.0,2.5
2807912059,2022,47.8,26.0,29.3,1645.0,2.5
2807912061,2015,43.8,20.6,29.1,2212.0,2.6
2807912061,2016,44.2,20.5,28.7,2150.0,2.5
2807912061,2017,44.1,20.3,29.6,2174.0,2.5
2807912061,2018,43.7,19.9,30.4,2212.0,2.5
2807912061,2019,43.9,19.9,30.7,2289.0,2.5
2807912061,2020,44.3,20.1,32.0,2212.0,2.5
2807912061,2021,44.8,20.4,31.6,2196.0,2.5
2807912061,2022,44.7,20.3,31.4,2245.0,2.5
2807912062,2015,45.0,22.0,36.2,1349.0,2.4
2807912062,2016,44.9,22.5,36.3,1356.0,2.4
2807912062,2017,44.5,21.3,34.0,1364.0,2.5
2807912062,2018,44.2,20.3,32.3,1392.0,2.5
2807912062,2019,43.5,19.3,34.2,1417.0,2.5
2807912062,2020,42.8,18.5,32.8,1446.0,2.6
2807912062,2021,42.8,18.6,32.6,1416.0,2.5
2807912062,2022,41.9,16.8,30.3,1481.0,2.6
2807912064,2015,45.0,22.1,35.7,1285.0,2.4
2807912064,2016,44.9,21.8,35.3,1300.0,2.4
2807912064,2017,44.8,21.6,33.7,1315.0,2.4
2807912064,2018,44.5,21.0,34.2,1336.0,2.5
2807912064,2019,44.6,21.1,34.1,1363.0,2.5
2807912064,2020,44.9,21.0,36.4,1310.0,2.4
2807912064,2021,45.3,20.0,34.2,1316.0,2.4
2807912064,2022,45.1,19.6,32.8,1330.0,2.5
2807912065,2015,43.7,20.7,28.1,1205.0,2.8
2807912065,2016,42.5,18.7,27.9,1230.0,2.8
2807912065,2017,43.0,18.7,26.3,1233.0,2.8
2807912065,2018,42.7,17.6,26.9,1236.0,2.9
2807912065,2019,42.4,17.3,26.7,1295.0,3.0
2807912065,2020,42.1,17.2,26.7,1277.0,2.9
2807912065,2021,42.2,17.0,26.4,1296.0,2.9
2807912065,2022,42.1,16.6,26.6,1305.0,2.9
2807912066,2015,40.1,14.4,24.6,1428.0,3.0
2807912066,2016,39.7,14.2,25.5,1391.0,3.0
2807912066,2017,39.2,12.9,25.3,1489.0,3.1
2807912066,2018,39.2,11.9,25.3,1574.0,3.2
2807912066,2019,38.6,10.8,22.6,1715.0,3.4
2807912066,2020,38.6,10.0,23.4,1662.0,3.3
2807912066,2021,38.8,10.1,24.3,1626.0,3.2
2807912066,2022,38.2,9.4,21.8,1742.0,3.4
2807912067,2015,39.7,13.0,27.5,1927.0,3.0
2807912067,2016,39.3,12.5,24.9,1903.0,2.9
2807912067,2017,39.2,12.5,26.7,1965.0,3.0
2807912067,2018,38.8,11.5,27.1,2033.0,3.0
2807912067,2019,38.6,10.8,25.4,2182.0,3.2
2807912067,2020,39.2,11.1,24.2,2070.0,3.1
2807912067,2021,39.2,10.6,23.7,2089.0,3.1
2807912067,2022,39.2,10.9,22.5,2136.0,3.1
2807912069,2015,45.6,25.0,30.7,1194.0,2.5
2807912069,2016,45.3,23.7,29.9,1223.0,2.6
2807912069,2017,45.3,22.9,31.1,1230.0,2.6
2807912069,2018,44.6,22.0,30.2,1247.0,2.7
2807912069,2019,44.6,20.9,29.6,1232.0,2.6
2807912069,2020,44.2,19.7,29.2,1265.0,2.7
2807912069,2021,44.5,20.7,29.3,1191.0,2.6
2807912069,2022,43.5,19.0,31.3,1243.0,2.6
2807912070,2015,48.0,27.4,23.3,1084.0,2.5
2807912070,2016,47.7,26.6,24.6,1091.0,2.5
2807912070,2017,47.7,26.8,26.4,1102.0,2.5
2807912070,2018,47.5,26.0,27.8,1125.0,2.5
2807912070,2019,47.6,25.7,27.4,1149.0,2.6
2807912070,2020,47.7,26.8,27.1,1121.0,2.5
2807912070,2021,47.3,26.5,28.8,1112.0,2.5
2807912070,2022,46.6,25.5,27.5,1161.0,2.6
2807912071,2015,46.6,25.7,34.8,1553.0,2.4
2807912071,2016,46.0,24.2,35.2,1622.0,2.4
2807912071,2017,45.8,22.8,34.9,1660.0,2.4
2807912071,2018,45.7,21.9,35.0,1677.0,2.4
2807912071,2019,45.1,20.5,31.6,1738.0,2.5
2807912071,2020,44.9,19.5,32.7,1728.0,2.5
2807912071,2021,44.6,19.1,33.4,1742.0,2.5
2807912071,2022,43.5,18.2,33.3,1785.0,2.5
2807912073,2015,43.3,17.9,36.7,873.0,2.3
2807912073,2016,43.1,17.1,35.9,863.0,2.3
2807912073,2017,42.9,16.7,37.5,887.0,2.3
2807912073,2018,41.6,15.4,35.9,955.0,2.5
2807912073,2019,41.2,14.2,33.9,1024.0,2.6
2807912073,2020,41.1,13.6,36.2,977.0,2.5
2807912073,2021,41.1,13.5,36.3,965.0,2.5
2807912073,2022,39.9,12.1,33.5,1021.0,2.6
2807912074,2015,45.4,23.6,37.7,802.0,2.5
2807912074,2016,45.4,22.5,35.4,825.0,2.6
2807912074,2017,45.3,22.4,34.2,825.0,2.6
2807912074,2018,44.1,22.2,32.6,848.0,2.6
2807912074,2019,44.5,22.2,30.6,838.0,2.6
2807912074,2020,44.7,21.4,32.6,841.0,2.6
2807912074,2021,44.2,20.1,31.7,904.0,2.7
2807912074,2022,44.6,20.6,34.2,884.0,2.6
2807912075,2015,44.3,20.8,34.8,1504.0,2.5
2807912075,2016,43.9,19.5,32.7,1539.0,2.6
2807912075,2017,43.7,18.0,31.6,1602.0,2.6
2807912075,2018,43.7,17.9,31.0,1615.0,2.7
2807912075,2019,43.3,16.6,27.6,1715.0,2.8
2807912075,2020,43.3,16.6,27.2,1644.0,2.7
2807912075,2021,43.0,16.6,25.9,1665.0,2.7
2807912075,2022,42.3,16.3,26.7,1688.0,2.8
2807912077,2015,46.9,24.3,28.4,1447.0,2.5
2807912077,2016,46.0,23.2,26.6,1489.0,2.6
2807912077,2017,46.3,23.2,25.7,1474.0,2.6
2807912077,2018,45.9,22.6,25.4,1546.0,2.6
2807912077,2019,45.8,22.4,27.4,1538.0,2.6
2807912077,2020,45.9,22.4,28.1,1494.0,2.6
2807912077,2021,46.2,22.9,27.0,1470.0,2.6
2807912077,2022,46.1,23.0,26.3,1525.0,2.6
2807912078,2015,44.0,20.7,30.4,1326.0,2.6
2807912078,2016,43.7,19.8,28.9,1354.0,2.6
2807912078,2017,43.6,19.6,26.9,1397.0,2.7
2807912078,2018,43.7,19.4,26.8,1390.0,2.7
2807912078,2019,42.9,18.1,27.9,1468.0,2.8
2807912078,2020,43.0,18.8,28.8,1453.0,2.7
2807912078,2021,44.5,20.3,30.0,1386.0,2.6
2807912078,2022,43.8,19.0,30.0,1461.0,2.6
2807912079,2015,42.9,20.5,24.9,1073.0,2.7
2807912079,2016,43.0,20.7,24.7,1066.0,2.7
2807912079,2017,42.7,20.2,27.2,1089.0,2.7
2807912079,2018,42.2,19.2,25.3,1134.0,2.8
2807912079,2019,41.6,18.6,26.6,1168.0,2.8
2807912079,2020,41.3,18.0,26.5,1184.0,2.8
2807912079,2021,41.7,18.0,25.7,1177.0,2.8
2807912079,2022,41.1,17.8,25.9,1213.0,2.8
2807912080,2015,40.8,18.2,28.6,1419.0,2.8
2807912080,2016,41.1,17.9,26.8,1465.0,2.9
2807912080,2017,41.6,17.8,26.8,1489.0,2.8
2807912080,2018,41.2,17.5,26.8,1544.0,2.9
2807912080,2019,41.2,16.9,27.6,1548.0,2.9
2807912080,2020,41.1,16.5,28.2,1559.0,2.9
2807912080,2021,41.9,17.4,27.7,1504.0,2.8
2807912080,2022,41.2,16.7,27.1,1582.0,2.8
2807912081,2015,43.8,21.8,25.3,1231.0,2.6
2807912081,2016,43.8,21.6,26.5,1240.0,2.6
2807912081,2017,42.4,19.7,26.0,1297.0,2.7
2807912081,2018,42.1,19.0,25.0,1347.0,2.7
2807912081,2019,41.7,18.0,25.1,1397.0,2.8
2807912081,2020,41.5,17.1,26.3,1441.0,2.9
2807912081,2021,41.6,17.5,26.9,1375.0,2.8
2807912081,2022,40.7,15.2,27.6,1452.0,2.8
2807912082,2015,41.1,16.4,26.1,959.0,2.9
2807912082,2016,40.8,16.3,22.1,991.0,3.0
2807912082,2017,40.7,15.8,24.7,1008.0,2.9
2807912082,2018,40.5,15.4,24.1,1023.0,3.0
2807912082,2019,40.4,15.6,23.0,1061.0,3.1
2807912082,2020,40.7,14.8,21.2,1042.0,3.1
2807912082,2021,41.3,15.5,23.3,1024.0,2.9
2807912082,2022,41.1,15.5,21.7,1064.0,3.0
2807912083,2015,42.0,21.3,22.1,1237.0,2.9
2807912083,2016,42.3,21.2,23.0,1234.0,2.9
2807912083,2017,42.7,21.4,23.7,1208.0,2.9
2807912083,2018,42.2,20.2,23.5,1233.0,2.9
2807912083,2019,42.6,20.1,25.4,1230.0,2.8
2807912083,2020,42.7,19.5,23.2,1236.0,2.8
2807912083,2021,43.0,19.1,22.8,1250.0,2.9
2807912083,2022,42.5,17.8,23.5,1312.0,3.0
2807912084,2015,44.5,25.3,21.6,1037.0,2.7
2807912084,2016,44.0,24.0,23.7,1061.0,2.7
2807912084,2017,43.5,23.1,23.7,1069.0,2.7
2807912084,2018,44.2,23.4,23.8,1057.0,2.7
2807912084,2019,44.0,22.7,23.9,1059.0,2.8
2807912084,2020,44.1,21.7,26.0,1064.0,2.8
2807912084,2021,42.7,20.4,25.3,1091.0,2.9
2807912084,2022,43.3,20.5,25.8,1115.0,2.9
2807912086,2015,46.6,24.2,20.1,1070.0,2.8
2807912086,2016,46.5,24.1,20.6,1068.0,2.8
2807912086,2017,45.7,23.1,21.2,1082.0,2.8
2807912086,2018,45.1,22.7,21.9,1130.0,2.9
2807912086,2019,45.6,23.3,21.4,1108.0,2.8
2807912086,2020,45.3,22.2,23.4,1113.0,2.8
2807912086,2021,44.7,21.4,23.4,1115.0,2.9
2807912086,2022,45.1,21.6,23.1,1105.0,2.8
2807912087,2015,43.8,20.9,24.2,1761.0,2.8
2807912087,2016,43.8,20.7,24.8,1762.0,2.8
2807912087,2017,43.1,20.0,23.5,1822.0,2.9
2807912087,2018,42.6,19.2,22.0,1867.0,3.0
2807912087,2019,42.1,18.2,22.9,1932.0,3.0
2807912087,2020,42.6,18.4,23.2,1892.0,3.0
2807912087,2021,42.3,17.8,21.8,1931.0,3.1
2807912087,2022,41.5,17.0,22.1,1971.0,3.1
2807912088,2015,40.0,14.0,26.2,1803.0,2.8
2807912088,2016,39.7,13.6,26.8,1849.0,2.8
2807912088,2017,39.8,13.5,26.2,1904.0,2.9
2807912088,2018,39.9,13.2,25.9,1901.0,2.9
2807912088,2019,39.8,12.4,25.4,1976.0,3.0
2807912088,2020,39.8,12.1,24.8,2014.0,3.1
2807912088,2021,40.4,12.7,25.0,1951.0,2.9
2807912088,2022,40.3,12.7,25.5,1959.0,2.9
2807912089,2015,42.1,18.2,24.8,1233.0,2.9
2807912089,2016,42.5,18.6,23.8,1180.0,2.8
2807912089,2017,42.1,18.3,25.2,1189.0,2.9
2807912089,2018,41.0,16.9,24.6,1213.0,2.9
2807912089,2019,41.0,15.7,22.9,1262.0,2.9
2807912089,2020,41.3,15.8,23.9,1243.0,2.8
2807912089,2021,41.9,16.2,24.4,1201.0,2.7
2807912089,2022,42.0,16.2,24.3,1213.0,2.7
2807912090,2015,42.7,19.0,23.0,1103.0,2.8
2807912090,2016,41.9,17.3,24.6,1147.0,2.8
2807912090,2017,42.0,17.3,24.6,1173.0,2.7
2807912090,2018,42.0,17.1,23.6,1245.0,2.9
2807912090,2019,41.8,16.2,23.2,1257.0,2.9
2807912090,2020,42.1,17.0,28.3,1177.0,2.7
2807912090,2021,41.8,16.5,27.4,1198.0,2.7
2807912090,2022,40.9,16.0,25.1,1276.0,2.8
2807912091,2015,43.6,22.0,26.9,1582.0,2.7
2807912091,2016,43.3,21.0,26.1,1620.0,2.8
2807912091,2017,43.1,21.2,27.8,1631.0,2.7
2807912091,2018,42.9,21.3,28.3,1646.0,2.7
2807912091,2019,42.9,20.3,26.8,1707.0,2.8
2807912091,2020,42.7,19.8,27.3,1719.0,2.8
2807912091,2021,43.3,21.2,27.0,1687.0,2.8
2807912091,2022,43.1,20.2,26.5,1710.0,2.8
2807912092,2015,43.6,21.7,25.9,1334.0,2.8
2807912092,2016,42.9,20.7,27.1,1364.0,2.8
2807912092,2017,42.8,20.2,26.4,1384.0,2.9
2807912092,2018,43.3,20.4,26.1,1380.0,2.9
2807912092,2019,42.7,19.7,26.3,1440.0,2.9
2807912092,2020,43.1,19.9,26.3,1381.0,2.8
2807912092,2021,43.8,19.9,27.8,1340.0,2.7
2807912092,2022,43.1,18.9,28.2,1399.0,2.8
2807912093,2015,40.8,16.3,29.4,1915.0,2.9
2807912093,2016,41.0,16.3,28.2,1929.0,2.9
2807912093,2017,41.0,15.6,28.7,1926.0,2.9
2807912093,2018,41.3,16.2,27.5,1900.0,2.9
2807912093,2019,41.6,15.9,27.1,1931.0,2.9
2807912093,2020,42.0,15.3,27.5,1864.0,2.8
2807912093,2021,41.7,14.5,26.1,1895.0,2.9
2807912093,2022,41.2,14.1,26.6,1974.0,2.9
2807912094,2015,40.5,16.2,26.0,1961.0,2.8
2807912094,2016,41.3,16.4,26.1,1922.0,2.7
2807912094,2017,40.4,15.2,27.1,2002.0,2.8
2807912094,2018,40.3,14.5,26.5,1999.0,2.8
2807912094,2019,39.5,13.4,25.8,2157.0,2.9
2807912094,2020,39.9,13.8,25.8,2202.0,2.9
2807912094,2021,40.2,13.9,27.3,2094.0,2.8
2807912094,2022,40.2,13.8,26.4,2138.0,2.8
2807912096,2015,41.2,15.8,25.9,1369.0,2.9
2807912096,2016,41.3,15.9,26.5,1410.0,2.9
2807912096,2017,40.8,15.1,27.0,1436.0,3.0
2807912096,2018,40.8,14.9,28.3,1394.0,2.9
2807912096,2019,40.2,13.7,28.4,1472.0,3.0
2807912096,2020,40.4,13.2,26.5,1466.0,3.1
2807912096,2021,40.7,13.3,26.5,1435.0,3.0
2807912096,2022,40.9,13.1,26.9,1457.0,3.0
2807912097,2015,40.8,15.7,29.0,1143.0,2.8
2807912097,2016,41.2,16.1,28.3,1135.0,2.8
2807912097,2017,41.0,15.6,29.7,1146.0,2.8
2807912097,2018,41.5,15.5,30.2,1154.0,2.8
2807912097,2019,41.9,15.5,31.3,1160.0,2.8
2807912097,2020,42.3,15.2,30.9,1165.0,2.8
2807912097,2021,42.6,14.6,29.0,1168.0,2.9
2807912097,2022,42.0,14.8,29.7,1220.0,2.9
2807912098,2015,40.3,8.0,17.9,1868.0,2.8
2807912098,2016,41.1,8.7,18.0,1848.0,2.8
2807912098,2017,41.9,9.5,18.8,1826.0,2.8
2807912098,2018,42.7,10.6,19.1,1836.0,2.8
2807912098,2019,43.1,11.0,20.2,1848.0,2.8
2807912098,2020,43.6,11.6,21.7,1810.0,2.7
2807912098,2021,44.7,13.1,21.8,1786.0,2.7
2807912098,2022,44.7,14.6,22.9,1813.0,2.7
2807912099,2015,40.6,14.0,19.8,1076.0,3.0
2807912099,2016,41.1,14.0,21.6,1072.0,2.9
2807912099,2017,41.0,13.8,23.0,1096.0,3.0
2807912099,2018,41.0,13.4,22.9,1103.0,3.0
2807912099,2019,41.3,13.4,22.4,1116.0,3.0
2807912099,2020,40.9,12.8,21.7,1123.0,3.0
2807912099,2021,41.6,13.4,21.0,1119.0,3.0
2807912099,2022,42.6,14.7,21.7,1098.0,2.9
2807912100,2015,42.7,17.2,30.4,1559.0,2.6
2807912100,2016,42.7,17.5,30.2,1572.0,2.6
2807912100,2017,42.9,18.1,29.6,1622.0,2.7
2807912100,2018,42.7,18.2,29.4,1606.0,2.7
2807912100,2019,43.1,17.7,28.2,1624.0,2.7
2807912100,2020,43.1,16.9,28.3,1644.0,2.7
2807912100,2021,43.9,17.6,28.9,1617.0,2.6
2807912100,2022,43.8,16.6,30.7,1624.0,2.6
2807912101,2015,33.4,4.3,14.8,1826.0,3.0
2807912101,2016,34.2,4.6,15.1,1833.0,3.0
2807912101,2017,35.1,5.0,15.3,1806.0,3.0
2807912101,2018,35.8,5.4,14.6,1841.0,3.1
2807912101,2019,36.5,5.7,13.7,1885.0,3.1
2807912101,2020,37.0,5.8,14.7,1867.0,3.1
2807912101,2021,37.9,6.4,14.4,1819.0,3.0
2807912101,2022,38.7,6.7,17.3,1801.0,2.9
2807912102,2015,31.7,4.0,18.1,2477.0,2.9
2807912102,2016,32.6,4.6,18.4,2522.0,2.9
2807912102,2017,33.3,5.0,18.7,2522.0,2.9
2807912102,2018,34.0,5.3,16.6,2552.0,3.0
2807912102,2019,34.7,5.5,16.0,2580.0,3.0
2807912102,2020,35.2,5.8,16.5,2556.0,3.0
2807912102,2021,35.8,6.2,17.2,2519.0,3.0
2807912102,2022,36.7,6.7,19.1,2518.0,2.9
2807912103,2015,33.0,6.4,20.1,2525.0,3.2
2807912103,2016,33.6,6.6,20.1,2440.0,3.1
2807912103,2017,34.3,7.2,20.2,2452.0,3.0
2807912103,2018,34.8,7.4,20.0,2488.0,3.1
2807912103,2019,35.6,8.1,19.7,2511.0,3.1
2807912103,2020,36.2,8.4,20.1,2477.0,3.0
2807912103,2021,36.9,8.9,20.0,2427.0,3.0
2807912103,2022,37.1,8.9,19.7,2456.0,3.0
2807912104,2015,35.4,7.2,22.6,1775.0,2.8
2807912104,2016,35.9,7.6,22.0,1796.0,2.9
2807912104,2017,36.3,7.8,22.1,1794.0,2.9
2807912104,2018,36.8,7.7,20.8,1840.0,3.0
2807912104,2019,37.8,8.6,22.1,1771.0,2.9
2807912104,2020,38.5,8.5,20.6,1756.0,2.9
2807912104,2021,39.4,9.5,20.6,1788.0,2.9
2807912104,2022,39.7,10.2,22.8,1812.0,2.8
2807912105,2015,33.9,5.1,15.4,1581.0,3.1
2807912105,2016,34.1,4.9,14.2,1622.0,3.1
2807912105,2017,34.7,5.2,14.8,1629.0,3.2
2807912105,2018,35.1,5.6,16.5,1688.0,3.2
2807912105,2019,35.9,6.4,15.8,1681.0,3.2
2807912105,2020,36.5,7.0,17.1,1634.0,3.2
2807912105,2021,37.5,7.4,15.7,1618.0,3.1
2807912105,2022,38.4,7.9,17.5,1584.0,3.1
2807912106,2015,32.2,5.6,20.6,2355.0,2.9
2807912106,2016,32.6,5.6,19.3,2414.0,2.9
2807912106,2017,33.6,6.0,19.8,2388.0,2.9
2807912106,2018,34.1,5.8,19.6,2432.0,2.9
2807912106,2019,35.0,6.4,18.6,2466.0,3.0
2807912106,2020,35.9,6.9,19.4,2420.0,2.9
2807912106,2021,36.7,7.4,19.2,2445.0,2.9
2807912106,2022,37.3,7.8,19.7,2439.0,2.9
2807912107,2015,37.7,10.8,26.9,2370.0,2.6
2807912107,2016,38.8,11.2,28.7,2362.0,2.6
2807912107,2017,39.1,11.5,29.5,2427.0,2.5
2807912107,2018,39.2,11.9,28.5,2473.0,2.5
2807912107,2019,39.8,12.7,26.3,2522.0,2.6
2807912107,2020,40.5,13.6,27.1,2451.0,2.5
2807912107,2021,41.0,14.3,29.3,2458.0,2.5
2807912107,2022,41.7,15.1,30.0,2471.0,2.4
2807912108,2015,33.1,5.1,30.2,2802.0,2.6
2807912108,2016,33.5,5.6,29.9,2868.0,2.7
2807912108,2017,34.0,5.8,28.7,2926.0,2.7
2807912108,2018,34.8,6.3,28.5,2964.0,2.7
2807912108,2019,35.1,6.2,28.7,3001.0,2.7
2807912108,2020,35.9,6.5,30.1,3033.0,2.6
2807912108,2021,36.3,7.0,30.2,3103.0,2.7
2807912108,2022,36.6,6.6,40.0,1445.0,2.2
2807912109,2015,32.9,5.5,22.2,2182.0,2.9
2807912109,2016,33.6,5.7,22.2,2168.0,2.9
2807912109,2017,34.2,6.0,22.2,2155.0,2.9
2807912109,2018,34.7,6.0,21.1,2177.0,2.9
2807912109,2019,34.8,6.1,20.6,2245.0,3.0
2807912109,2020,35.6,6.5,21.0,2206.0,2.9
2807912109,2021,36.7,6.8,20.6,2159.0,2.9
2807912109,2022,36.9,7.1,21.4,2135.0,2.8
2807912110,2015,,,,,
2807912110,2016,,,,,
2807912110,2017,,,,,
2807912110,2018,,,,,
2807912110,2019,,,,,
2807912110,2020,,,,,
2807912110,2021,,,,,
2807912110,2022,37.1,7.7,22.0,1714.0,3.0
2807913002,2015,42.6,18.4,22.0,1219.0,2.8
2807913002,2016,42.7,18.4,25.3,1199.0,2.8
2807913002,2017,42.8,18.9,25.4,1211.0,2.8
2807913002,2018,43.1,19.2,24.8,1209.0,2.8
2807913002,2019,43.2,18.7,26.1,1218.0,2.8
2807913002,2020,43.6,19.2,27.5,1185.0,2.7
2807913002,2021,43.3,18.9,25.5,1211.0,2.8
2807913002,2022,44.0,19.4,25.6,1191.0,2.8
2807913003,2015,45.0,23.7,22.1,727.0,2.7
2807913003,2016,45.1,23.5,24.2,718.0,2.7
2807913003,2017,45.1,22.6,21.1,727.0,2.7
2807913003,2018,44.7,21.9,21.9,748.0,2.8
2807913003,2019,43.5,21.4,20.7,801.0,2.9
2807913003,2020,43.0,20.8,19.9,811.0,2.9
2807913003,2021,42.2,20.5,19.8,850.0,3.0
2807913003,2022,41.7,18.4,20.9,898.0,3.1
2807913004,2015,47.2,22.8,29.0,692.0,2.6
2807913004,2016,46.8,22.5,25.4,689.0,2.6
2807913004,2017,46.7,23.5,23.8,712.0,2.6
2807913004,2018,45.8,22.6,23.9,738.0,2.7
2807913004,2019,45.7,22.7,24.6,741.0,2.7
2807913004,2020,45.3,21.5,24.8,726.0,2.6
2807913004,2021,45.1,21.9,23.9,743.0,2.7
2807913004,2022,45.6,23.5,23.8,753.0,2.7
2807913005,2015,45.5,24.1,24.2,796.0,2.7
2807913005,2016,45.2,23.0,25.3,827.0,2.8
2807913005,2017,44.8,22.7,23.7,843.0,2.8
2807913005,2018,43.9,22.6,21.4,881.0,2.9
2807913005,2019,43.6,22.0,21.5,899.0,2.9
2807913005,2020,43.4,21.7,21.6,895.0,2.9
2807913005,2021,43.3,21.4,23.4,885.0,2.9
2807913005,2022,42.4,21.1,19.8,916.0,3.0
2807913006,2015,44.1,20.2,19.8,885.0,2.9
2807913006,2016,44.6,21.2,22.8,887.0,2.8
2807913006,2017,44.7,21.2,23.6,897.0,2.9
2807913006,2018,44.9,21.1,23.7,882.0,2.8
2807913006,2019,44.3,21.1,23.4,930.0,2.9
2807913006,2020,44.8,21.3,24.0,919.0,2.9
2807913006,2021,45.4,22.1,23.1,904.0,2.9
2807913006,2022,44.8,23.3,23.9,948.0,2.9
2807913007,2015,43.8,18.7,23.6,1026.0,2.8
2807913007,2016,44.3,19.1,23.3,1018.0,2.7
2807913007,2017,45.1,19.8,24.1,998.0,2.7
2807913007,2018,44.8,19.5,23.2,1002.0,2.7
2807913007,2019,44.6,19.9,25.4,1031.0,2.8
2807913007,2020,44.7,20.7,25.0,1033.0,2.8
2807913007,2021,44.5,21.3,23.8,1042.0,2.8
2807913007,2022,44.7,21.4,26.3,1026.0,2.7
2807913008,2015,44.0,21.6,27.1,1469.0,2.7
2807913008,2016,44.1,21.3,27.0,1434.0,2.6
2807913008,2017,43.5,20.2,26.7,1443.0,2.6
2807913008,2018,42.8,19.0,25.8,1509.0,2.7
2807913008,2019,43.3,19.1,26.6,1491.0,2.6
2807913008,2020,44.1,19.4,27.4,1456.0,2.6
2807913008,2021,43.9,19.9,28.9,1471.0,2.6
2807913008,2022,42.9,18.2,30.2,1552.0,2.6
2807913010,2015,44.7,25.1,29.3,1057.0,2.5
2807913010,2016,43.9,23.6,27.4,1096.0,2.5
2807913010,2017,44.0,23.2,26.2,1115.0,2.6
2807913010,2018,44.4,22.8,26.2,1112.0,2.6
2807913010,2019,44.1,21.7,25.9,1135.0,2.7
2807913010,2020,43.5,20.2,27.2,1143.0,2.7
2807913010,2021,44.2,20.6,28.3,1093.0,2.6
2807913010,2022,44.0,20.3,27.7,1096.0,2.6
2807913011,2015,42.5,19.9,26.4,790.0,2.7
2807913011,2016,41.9,19.1,25.6,839.0,2.8
2807913011,2017,41.6,18.8,23.6,819.0,2.8
2807913011,2018,41.5,18.0,24.0,859.0,2.8
2807913011,2019,41.3,17.1,23.6,876.0,2.9
2807913011,2020,40.7,16.4,21.2,865.0,2.9
2807913011,2021,41.3,16.9,23.8,845.0,2.8
2807913011,2022,40.2,16.0,22.5,899.0,2.9
2807913012,2015,42.6,19.6,23.8,1175.0,2.8
2807913012,2016,41.8,18.7,23.6,1184.0,2.7
2807913012,2017,41.3,17.9,22.8,1208.0,2.8
2807913012,2018,40.9,18.1,24.4,1249.0,2.9
2807913012,2019,41.0,17.6,23.3,1264.0,2.8
2807913012,2020,41.2,17.0,23.3,1278.0,2.9
2807913012,2021,41.5,17.6,23.1,1262.0,2.9
2807913012,2022,40.9,17.2,23.8,1286.0,2.9
2807913013,2015,43.9,23.7,23.9,1243.0,2.6
2807913013,2016,43.4,22.5,24.9,1251.0,2.6
2807913013,2017,43.2,21.7,24.6,1278.0,2.7
2807913013,2018,43.4,21.1,24.5,1284.0,2.7
2807913013,2019,42.9,20.1,24.6,1335.0,2.8
2807913013,2020,43.2,20.6,25.5,1309.0,2.7
2807913013,2021,43.8,20.5,25.9,1295.0,2.7
2807913013,2022,43.3,20.1,27.6,1313.0,2.7
2807913014,2015,45.6,25.5,28.5,1195.0,2.5
2807913014,2016,45.1,24.2,26.6,1215.0,2.5
2807913014,2017,45.2,23.9,27.5,1239.0,2.5
2807913014,2018,45.0,22.9,25.3,1264.0,2.6
2807913014,2019,44.4,21.5,25.3,1310.0,2.7
2807913014,2020,44.2,20.7,25.5,1288.0,2.6
2807913014,2021,43.5,19.2,27.0,1243.0,2.6
2807913014,2022,42.7,18.4,27.2,2020.0,2.7
2807913016,2015,43.3,21.6,25.5,1119.0,2.7
2807913016,2016,43.0,20.4,25.6,1159.0,2.7
2807913016,2017,42.7,19.8,23.8,1194.0,2.8
2807913016,2018,42.4,18.7,26.1,1222.0,2.8
2807913016,2019,42.6,18.7,23.5,1237.0,2.9
2807913016,2020,42.2,17.6,24.9,1231.0,2.9
2807913016,2021,43.2,18.7,25.5,1204.0,2.8
2807913016,2022,43.6,18.9,25.6,1184.0,2.8
2807913017,2015,42.1,17.3,26.9,962.0,2.7
2807913017,2016,41.9,17.9,27.5,950.0,2.6
2807913017,2017,42.3,17.9,24.2,955.0,2.6
2807913017,2018,41.6,16.9,22.8,992.0,2.7
2807913017,2019,42.0,16.8,23.1,993.0,2.7
2807913017,2020,42.1,16.6,23.0,977.0,2.7
2807913017,2021,41.8,16.7,23.0,973.0,2.7
2807913017,2022,41.5,17.0,23.8,1009.0,2.7
2807913018,2015,43.8,23.2,27.9,920.0,2.7
2807913018,2016,43.7,22.6,26.3,933.0,2.8
2807913018,2017,43.6,21.3,27.8,942.0,2.8
2807913018,2018,44.4,21.8,27.8,918.0,2.7
2807913018,2019,44.4,21.1,27.3,915.0,2.7
2807913018,2020,44.0,20.4,26.7,909.0,2.7
2807913018,2021,43.6,19.5,26.6,912.0,2.7
2807913018,2022,43.4,19.4,26.9,922.0,2.8
2807913019,2015,44.0,21.5,28.1,741.0,2.6
2807913019,2016,44.3,21.0,25.8,725.0,2.6
2807913019,2017,43.6,19.1,29.2,732.0,2.6
2807913019,2018,43.4,18.3,29.9,722.0,2.6
2807913019,2019,42.8,16.3,30.1,768.0,2.7
2807913019,2020,42.4,15.4,30.7,747.0,2.7
2807913019,2021,42.2,14.6,31.3,713.0,2.6
2807913019,2022,42.3,14.2,30.5,738.0,2.6
2807913021,2015,44.4,21.9,26.6,990.0,2.6
2807913021,2016,44.7,21.2,28.4,969.0,2.5
2807913021,2017,44.5,20.8,28.2,971.0,2.5
2807913021,2018,43.9,19.0,28.9,999.0,2.5
2807913021,2019,44.6,19.3,29.2,998.0,2.6
2807913021,2020,44.4,18.4,27.1,993.0,2.5
2807913021,2021,44.4,18.7,25.7,981.0,2.6
2807913021,2022,44.1,19.0,25.7,1002.0,2.6
2807913022,2015,44.3,22.0,23.6,957.0,2.8
2807913022,2016,45.1,22.5,24.0,934.0,2.7
2807913022,2017,44.8,22.0,24.2,966.0,2.8
2807913022,2018,45.0,22.0,23.3,971.0,2.8
2807913022,2019,45.3,22.2,23.0,979.0,2.9
2807913022,2020,45.5,21.9,21.1,963.0,2.8
2807913022,2021,44.9,20.7,22.9,952.0,2.8
2807913022,2022,44.5,21.2,22.5,974.0,2.8
2807913023,2015,46.8,25.9,27.9,837.0,2.6
2807913023,2016,47.0,27.0,28.1,827.0,2.6
2807913023,2017,47.5,27.8,27.6,805.0,2.6
2807913023,2018,47.6,27.8,27.3,825.0,2.6
2807913023,2019,47.3,27.7,25.8,852.0,2.7
2807913023,2020,47.1,27.5,28.4,837.0,2.6
2807913023,2021,47.2,26.7,26.4,834.0,2.6
2807913023,2022,46.7,26.5,28.4,849.0,2.7
2807913024,2015,43.9,21.6,22.3,862.0,2.9
2807913024,2016,44.1,21.1,22.4,864.0,2.8
2807913024,2017,43.9,20.3,22.0,885.0,2.9
2807913024,2018,44.1,20.6,21.9,876.0,2.9
2807913024,2019,43.7,20.0,21.2,892.0,2.9
2807913024,2020,43.9,19.9,21.1,885.0,2.9
2807913024,2021,43.4,18.9,20.7,896.0,2.9
2807913024,2022,43.7,18.6,20.2,909.0,2.9
2807913026,2015,48.6,28.7,26.8,886.0,2.5
2807913026,2016,49.0,28.2,29.8,879.0,2.4
2807913026,2017,48.9,26.9,29.7,882.0,2.5
2807913026,2018,47.8,24.9,29.6,906.0,2.5
2807913026,2019,46.6,23.1,29.2,948.0,2.6
2807913026,2020,46.2,22.3,30.9,918.0,2.6
2807913026,2021,45.6,21.4,31.3,919.0,2.6
2807913026,2022,45.9,21.2,30.9,942.0,2.6
2807913027,2015,41.1,20.9,24.1,738.0,2.9
2807913027,2016,41.6,20.5,26.2,733.0,2.9
2807913027,2017,41.7,19.9,24.3,718.0,2.8
2807913027,2018,41.6,19.5,24.8,749.0,2.9
2807913027,2019,41.1,18.3,22.2,769.0,3.0
2807913027,2020,41.3,18.3,25.2,737.0,2.8
2807913027,2021,42.7,18.7,29.6,685.0,2.7
2807913027,2022,,,,,
2807913028,2015,39.8,16.8,26.5,804.0,2.8
2807913028,2016,40.3,16.6,26.1,790.0,2.8
2807913028,2017,40.4,16.3,24.0,816.0,2.9
2807913028,2018,40.4,16.6,22.0,834.0,3.0
2807913028,2019,40.5,16.0,22.2,843.0,3.0
2807913028,2020,40.0,15.9,25.4,823.0,2.9
2807913028,2021,40.2,15.5,26.9,809.0,2.8
2807913028,2022,39.9,14.7,23.4,821.0,2.9
2807913029,2015,49.6,30.6,28.6,1163.0,2.4
2807913029,2016,48.3,28.5,29.4,1180.0,2.4
2807913029,2017,47.9,27.0,29.4,1201.0,2.5
2807913029,2018,47.0,25.5,28.9,1231.0,2.5
2807913029,2019,46.8,25.5,30.2,1220.0,2.5
2807913029,2020,47.4,25.6,33.5,1169.0,2.4
2807913029,2021,46.8,24.9,34.7,1170.0,2.4
2807913029,2022,45.4,23.5,32.9,1249.0,2.5
2807913030,2015,48.2,27.0,29.6,1777.0,2.4
2807913030,2016,47.1,25.2,30.4,1787.0,2.4
2807913030,2017,47.0,24.9,31.1,1771.0,2.4
2807913030,2018,46.3,23.6,30.8,1808.0,2.5
2807913030,2019,45.8,22.8,30.3,1858.0,2.5
2807913030,2020,45.1,22.0,29.6,1883.0,2.5
2807913030,2021,45.4,22.8,30.8,1854.0,2.5
2807913030,2022,44.8,21.6,30.4,1859.0,2.5
2807913031,2015,39.9,14.8,23.6,1062.0,2.7
2807913031,2016,38.9,13.9,23.6,1104.0,2.9
2807913031,2017,39.2,14.2,23.5,1151.0,2.8
2807913031,2018,39.2,14.9,22.8,1177.0,2.9
2807913031,2019,38.9,14.2,23.4,1199.0,2.9
2807913031,2020,39.7,14.1,23.3,1188.0,2.9
2807913031,2021,39.9,13.8,23.0,1142.0,2.8
2807913031,2022,39.9,13.6,24.4,1147.0,2.9
2807913032,2015,43.1,19.5,26.4,1848.0,2.6
2807913032,2016,43.3,18.9,27.5,1858.0,2.6
2807913032,2017,43.4,18.9,27.3,1896.0,2.6
2807913032,2018,42.9,18.0,26.4,1971.0,2.7
2807913032,2019,43.0,18.6,25.2,1967.0,2.7
2807913032,2020,43.3,18.3,26.8,1939.0,2.7
2807913032,2021,42.9,17.4,25.5,1964.0,2.7
2807913032,2022,42.4,16.4,25.6,2035.0,2.8
2807913033,2015,40.6,16.1,24.6,1241.0,2.7
2807913033,2016,40.6,16.1,24.8,1261.0,2.8
2807913033,2017,41.2,16.4,23.4,1271.0,2.8
2807913033,2018,41.2,15.5,23.6,1329.0,2.8
2807913033,2019,41.1,15.7,24.1,1339.0,2.9
2807913033,2020,41.0,15.5,24.2,1309.0,2.9
2807913033,2021,40.7,15.7,25.2,1337.0,2.9
2807913033,2022,40.4,15.6,26.6,1366.0,2.9
2807913034,2015,41.0,17.5,28.8,1199.0,2.6
2807913034,2016,41.3,18.7,29.7,1190.0,2.6
2807913034,2017,41.3,18.2,29.4,1206.0,2.6
2807913034,2018,41.8,17.5,30.0,1201.0,2.6
2807913034,2019,41.5,17.4,29.2,1240.0,2.6
2807913034,2020,42.1,17.7,31.4,1226.0,2.6
2807913034,2021,42.0,16.9,29.9,1222.0,2.6
2807913034,2022,41.6,16.5,30.1,1283.0,2.6
2807913035,2015,39.8,12.8,26.9,2583.0,2.6
2807913035,2016,40.0,12.7,26.3,2607.0,2.6
2807913035,2017,40.3,12.8,26.0,2624.0,2.7
2807913035,2018,40.8,13.1,25.7,2640.0,2.7
2807913035,2019,40.9,13.0,25.8,2711.0,2.7
2807913035,2020,41.3,12.8,25.8,2655.0,2.7
2807913035,2021,42.0,13.6,25.8,2624.0,2.7
2807913035,2022,41.9,14.0,25.9,2660.0,2.7
2807913036,2015,39.7,17.3,33.9,1004.0,2.4
2807913036,2016,40.0,17.3,33.7,1006.0,2.4
2807913036,2017,39.6,16.5,32.4,1056.0,2.5
2807913036,2018,38.7,14.8,29.0,1115.0,2.7
2807913036,2019,39.0,14.5,28.8,1149.0,2.7
2807913036,2020,38.7,13.9,28.7,1156.0,2.7
2807913036,2021,39.3,14.0,28.5,1148.0,2.6
2807913036,2022,39.0,13.4,29.7,1181.0,2.6
2807913037,2015,41.8,15.5,36.0,1225.0,2.3
2807913037,2016,41.6,14.9,34.9,1267.0,2.4
2807913037,2017,41.6,15.0,36.4,1290.0,2.4
2807913037,2018,41.3,14.8,34.7,1324.0,2.4
2807913037,2019,41.2,14.7,33.5,1382.0,2.5
2807913037,2020,41.3,14.6,34.9,1335.0,2.4
2807913037,2021,41.1,14.7,35.8,1337.0,2.4
2807913037,2022,40.5,13.8,36.8,1440.0,2.4
2807913038,2015,40.0,14.6,32.5,904.0,2.5
2807913038,2016,40.2,14.7,34.3,906.0,2.5
2807913038,2017,40.4,14.4,32.5,914.0,2.5
2807913038,2018,39.8,12.1,31.5,907.0,2.5
2807913038,2019,39.4,12.1,30.7,984.0,2.6
2807913038,2020,39.0,11.0,30.6,990.0,2.6
2807913038,2021,38.8,10.9,27.5,1055.0,2.7
2807913038,2022,38.3,10.8,28.5,1115.0,2.8
2807913039,2015,40.3,14.1,37.0,992.0,2.4
2807913039,2016,40.3,14.1,37.6,986.0,2.4
2807913039,2017,40.1,12.9,37.1,1011.0,2.4
2807913039,2018,39.5,12.0,35.7,1075.0,2.5
2807913039,2019,39.8,11.8,34.0,1076.0,2.5
2807913039,2020,39.7,12.1,34.3,1087.0,2.5
2807913039,2021,40.1,12.5,36.8,1037.0,2.4
2807913039,2022,39.6,11.2,34.8,1090.0,2.5
2807913040,2015,40.6,13.7,34.6,1318.0,2.4
2807913040,2016,40.7,13.6,33.7,1344.0,2.4
2807913040,2017,41.1,13.5,33.1,1375.0,2.4
2807913040,2018,41.0,12.5,32.9,1373.0,2.4
2807913040,2019,40.4,11.1,31.8,1506.0,2.6
2807913040,2020,40.8,11.4,34.2,1402.0,2.5
2807913040,2021,41.3,12.6,36.5,1373.0,2.4
2807913040,2022,40.9,11.3,36.7,1445.0,2.5
2807913041,2015,38.6,9.6,37.4,1719.0,2.3
2807913041,2016,38.8,9.5,36.0,1734.0,2.4
2807913041,2017,38.5,9.4,38.2,1784.0,2.4
2807913041,2018,38.4,8.9,35.8,1891.0,2.5
2807913041,2019,38.2,8.8,36.0,2007.0,2.6
2807913041,2020,38.7,9.3,34.3,1951.0,2.5
2807913041,2021,39.1,9.3,37.2,1908.0,2.4
2807913041,2022,39.2,9.2,36.7,2010.0,2.5
2807913042,2015,38.8,11.7,33.6,1429.0,2.6
2807913042,2016,38.9,11.7,31.3,1432.0,2.6
2807913042,2017,39.3,12.0,33.3,1434.0,2.6
2807913042,2018,39.5,11.6,32.1,1490.0,2.7
2807913042,2019,38.9,10.8,32.6,1535.0,2.7
2807913042,2020,39.5,11.1,32.6,1467.0,2.6
2807913042,2021,39.6,11.4,32.9,1403.0,2.6
2807913042,2022,39.4,11.3,33.6,1440.0,2.6
2807913043,2015,39.8,11.4,37.7,1389.0,2.4
2807913043,2016,39.6,10.8,35.4,1404.0,2.5
2807913043,2017,39.5,10.6,36.4,1416.0,2.6
2807913043,2018,39.4,10.7,36.2,1483.0,2.6
2807913043,2019,39.5,10.2,35.1,1546.0,2.7
2807913043,2020,39.8,10.7,35.5,1530.0,2.6
2807913043,2021,40.9,11.1,36.8,1477.0,2.5
2807913043,2022,40.4,11.2,35.8,1512.0,2.6
2807913044,2015,40.6,13.2,33.4,1964.0,2.5
2807913044,2016,40.7,13.4,33.2,1996.0,2.6
2807913044,2017,40.8,13.1,36.1,1980.0,2.5
2807913044,2018,40.2,12.1,35.7,2093.0,2.6
2807913044,2019,40.7,11.9,34.9,2173.0,2.6
2807913044,2020,40.9,11.8,36.7,2088.0,2.5
2807913044,2021,40.7,12.4,35.4,2109.0,2.6
2807913044,2022,40.8,12.3,33.6,2167.0,2.6
2807913045,2015,40.1,13.6,32.3,1235.0,2.5
2807913045,2016,39.0,12.2,34.4,1292.0,2.6
2807913045,2017,38.5,12.3,31.8,1345.0,2.7
2807913045,2018,38.5,12.1,32.3,1386.0,2.7
2807913045,2019,38.2,11.7,31.9,1447.0,2.7
2807913045,2020,39.0,11.4,32.6,1438.0,2.7
2807913045,2021,38.7,11.4,32.3,1416.0,2.6
2807913045,2022,38.3,11.1,32.9,1483.0,2.7
2807913046,2015,39.9,13.0,37.6,1680.0,2.4
2807913046,2016,39.8,12.4,37.1,1747.0,2.4
2807913046,2017,39.9,12.2,38.6,1804.0,2.4
2807913046,2018,39.8,12.3,39.0,1825.0,2.4
2807913046,2019,39.2,11.3,37.6,1978.0,2.5
2807913046,2020,39.4,11.3,37.4,1970.0,2.5
2807913046,2021,39.4,11.7,35.4,1936.0,2.5
2807913046,2022,38.7,11.3,34.8,2084.0,2.6
2807913047,2015,42.0,17.3,34.4,1457.0,2.4
2807913047,2016,42.8,17.8,35.0,1429.0,2.3
2807913047,2017,42.4,17.1,34.7,1481.0,2.4
2807913047,2018,42.3,16.1,35.3,1543.0,2.4
2807913047,2019,42.2,15.5,32.8,1616.0,2.5
2807913047,2020,42.2,15.4,32.5,1618.0,2.5
2807913047,2021,42.3,15.8,32.3,1597.0,2.5
2807913047,2022,41.8,15.5,33.5,1669.0,2.5
2807913048,2015,41.7,19.6,31.3,1301.0,2.6
2807913048,2016,41.8,19.0,31.1,1281.0,2.6
2807913048,2017,41.0,17.8,30.8,1343.0,2.6
2807913048,2018,40.4,16.8,29.1,1415.0,2.8
2807913048,2019,40.2,15.8,28.6,1492.0,2.9
2807913048,2020,40.3,15.3,29.5,1456.0,2.8
2807913048,2021,39.7,13.7,30.7,1460.0,2.8
2807913048,2022,39.3,12.8,29.8,1491.0,2.9
2807913049,2015,42.7,17.2,27.3,1892.0,2.6
2807913049,2016,42.4,17.0,27.7,1914.0,2.6
2807913049,2017,42.6,17.6,28.0,1919.0,2.6
2807913049,2018,42.9,18.0,28.4,1944.0,2.6
2807913049,2019,42.7,17.3,27.8,1996.0,2.7
2807913049,2020,42.8,17.4,28.6,1958.0,2.7
2807913049,2021,42.7,16.6,29.6,1945.0,2.6
2807913049,2022,42.9,16.9,29.6,1933.0,2.6
2807913050,2015,39.3,12.2,33.2,1121.0,2.6
2807913050,2016,39.4,12.8,33.3,1114.0,2.5
2807913050,2017,39.4,12.8,35.6,1132.0,2.5
2807913050,2018,39.0,11.7,35.0,1132.0,2.6
2807913050,2019,38.6,11.2,35.8,1135.0,2.5
2807913050,2020,38.5,11.0,33.3,1196.0,2.6
2807913050,2021,39.4,12.0,35.1,1138.0,2.5
2807913050,2022,39.0,11.5,37.4,1180.0,2.5
2807913052,2015,42.1,16.5,33.3,1042.0,2.6
2807913052,2016,42.4,16.5,35.5,1030.0,2.5
2807913052,2017,42.1,16.5,37.1,1024.0,2.5
2807913052,2018,41.4,15.7,34.9,1080.0,2.6
2807913052,2019,41.0,13.8,34.9,1144.0,2.7
2807913052,2020,41.9,14.4,35.3,1088.0,2.6
2807913052,2021,41.9,14.5,34.9,1066.0,2.6
2807913052,2022,42.3,15.2,35.6,1066.0,2.5
2807913053,2015,42.5,18.7,31.3,1343.0,2.7
2807913053,2016,42.7,17.8,30.1,1337.0,2.8
2807913053,2017,42.7,17.9,31.4,1340.0,2.8
2807913053,2018,42.4,17.3,31.5,1351.0,2.7
2807913053,2019,41.3,15.5,30.4,1397.0,2.8
2807913053,2020,41.5,15.0,30.9,1374.0,2.8
2807913053,2021,41.6,15.2,32.6,1341.0,2.7
2807913053,2022,41.5,14.8,30.8,1373.0,2.7
2807913054,2015,40.4,15.7,30.8,1767.0,2.6
2807913054,2016,40.2,15.4,32.3,1807.0,2.6
2807913054,2017,40.3,15.0,31.3,1828.0,2.6
2807913054,2018,40.0,14.5,31.1,1884.0,2.6
2807913054,2019,40.2,14.6,29.9,1958.0,2.7
2807913054,2020,40.8,15.2,30.7,1881.0,2.6
2807913054,2021,40.5,14.2,31.4,1878.0,2.6
2807913054,2022,40.5,13.7,30.2,1961.0,2.6
2807913055,2015,42.4,20.3,28.5,1216.0,2.6
2807913055,2016,42.2,19.1,29.0,1246.0,2.7
2807913055,2017,42.5,18.7,30.2,1259.0,2.7
2807913055,2018,42.8,18.4,29.5,1274.0,2.7
2807913055,2019,42.5,17.7,28.8,1330.0,2.8
2807913055,2020,42.1,16.2,30.1,1343.0,2.8
2807913055,2021,42.3,16.0,32.4,1304.0,2.7
2807913055,2022,41.4,15.2,32.5,1352.0,2.8
2807913056,2015,43.0,20.8,33.5,1159.0,2.4
2807913056,2016,42.8,19.7,32.1,1202.0,2.4
2807913056,2017,42.1,17.7,31.3,1328.0,2.5
2807913056,2018,42.0,17.0,33.6,1339.0,2.4
2807913056,2019,41.8,16.4,31.8,1399.0,2.5
2807913056,2020,42.1,16.6,35.1,1366.0,2.4
2807913056,2021,39.7,13.9,29.1,1851.0,2.5
2807913056,2022,36.7,10.7,25.4,2522.0,2.6
2807913057,2015,42.9,19.9,28.7,1476.0,2.6
2807913057,2016,42.6,19.9,27.6,1496.0,2.6
2807913057,2017,42.1,18.3,27.5,1549.0,2.7
2807913057,2018,41.2,17.2,28.4,1601.0,2.7
2807913057,2019,41.1,16.5,27.4,1652.0,2.8
2807913057,2020,40.9,16.3,28.1,1646.0,2.7
2807913057,2021,41.2,16.8,28.5,1598.0,2.7
2807913057,2022,41.4,16.2,29.8,1686.0,2.8
2807913058,2015,39.5,15.5,31.2,1000.0,2.6
2807913058,2016,38.8,14.2,30.2,1032.0,2.6
2807913058,2017,38.5,13.6,28.5,1073.0,2.7
2807913058,2018,38.2,12.4,27.6,1148.0,2.8
2807913058,2019,37.6,11.5,28.4,1187.0,2.9
2807913058,2020,38.3,11.3,27.8,1186.0,2.9
2807913058,2021,39.5,12.8,27.8,1127.0,2.8
2807913058,2022,38.9,11.8,27.5,1209.0,2.8
2807913059,2015,41.3,16.5,30.5,1078.0,2.5
2807913059,2016,40.3,15.4,30.9,1101.0,2.5
2807913059,2017,40.0,14.4,30.2,1143.0,2.6
2807913059,2018,40.6,14.1,30.2,1151.0,2.6
2807913059,2019,39.5,12.9,29.9,1227.0,2.7
2807913059,2020,39.3,12.8,30.4,1227.0,2.7
2807913059,2021,39.4,12.0,31.5,1152.0,2.6
2807913059,2022,39.2,11.0,31.5,1247.0,2.6
2807913060,2015,41.8,19.8,25.9,1102.0,2.7
2807913060,2016,41.4,18.1,26.3,1160.0,2.8
2807913060,2017,40.9,16.6,24.8,1189.0,2.8
2807913060,2018,40.5,16.0,24.7,1254.0,2.9
2807913060,2019,40.4,15.3,25.3,1279.0,2.9
2807913060,2020,40.6,15.0,26.0,1257.0,2.9
2807913060,2021,40.7,15.4,27.5,1227.0,2.8
2807913060,2022,40.9,15.6,29.3,1190.0,2.8
2807913061,2015,41.6,17.2,32.5,930.0,2.4
2807913061,2016,41.1,16.0,33.1,964.0,2.5
2807913061,2017,41.0,15.0,31.8,1005.0,2.5
2807913061,2018,40.5,14.0,31.6,1017.0,2.6
2807913061,2019,40.5,13.0,32.9,1069.0,2.6
2807913061,2020,40.7,13.2,29.1,1103.0,2.7
2807913061,2021,40.6,14.0,29.7,1066.0,2.6
2807913061,2022,40.1,13.6,29.2,1109.0,2.7
2807913062,2015,39.6,15.2,31.3,1084.0,2.7
2807913062,2016,39.7,14.9,29.1,1077.0,2.7
2807913062,2017,40.3,14.2,30.6,1127.0,2.7
2807913062,2018,40.2,13.6,31.1,1152.0,2.7
2807913062,2019,39.6,12.8,29.7,1207.0,2.9
2807913062,2020,39.2,12.5,26.7,1235.0,2.9
2807913062,2021,39.6,12.1,27.7,1187.0,2.8
2807913062,2022,39.1,12.1,27.4,1257.0,2.9
2807913063,2015,43.2,19.8,31.1,865.0,2.7
2807913063,2016,42.6,19.2,30.6,875.0,2.7
2807913063,2017,41.7,17.9,31.9,914.0,2.7
2807913063,2018,42.2,17.5,31.5,924.0,2.7
2807913063,2019,41.4,16.5,29.1,974.0,2.8
2807913063,2020,42.0,17.0,33.0,965.0,2.7
2807913063,2021,41.5,15.8,31.4,959.0,2.8
2807913063,2022,39.5,13.9,28.1,1010.0,3.0
2807913064,2015,42.6,19.7,31.8,777.0,2.5
2807913064,2016,42.7,19.8,32.3,774.0,2.4
2807913064,2017,,,,,
2807913064,2018,,,,,
2807913064,2019,,,,,
2807913064,2020,,,,,
2807913064,2021,,,,,
2807913064,2022,,,,,
2807913065,2015,40.8,17.9,31.8,925.0,2.5
2807913065,2016,41.5,17.8,33.3,910.0,2.4
2807913065,2017,41.8,18.1,33.7,1721.0,2.5
2807913065,2018,40.8,16.4,32.2,1829.0,2.6
2807913065,2019,40.6,15.8,30.3,1942.0,2.7
2807913065,2020,40.7,15.5,30.9,1856.0,2.6
2807913065,2021,40.3,14.0,32.5,1920.0,2.6
2807913065,2022,39.9,12.8,33.2,1982.0,2.7
2807913066,2015,41.3,18.2,28.8,1029.0,2.7
2807913066,2016,41.9,18.3,28.3,1024.0,2.7
2807913066,2017,41.4,17.6,27.1,1037.0,2.7
2807913066,2018,41.7,18.0,27.7,1014.0,2.7
2807913066,2019,41.1,17.4,26.4,1039.0,2.7
2807913066,2020,40.3,15.8,25.1,1076.0,2.8
2807913066,2021,40.4,15.4,24.7,1088.0,2.8
2807913066,2022,40.5,15.5,25.2,1086.0,2.8
2807913069,2015,42.4,19.7,28.2,836.0,2.6
2807913069,2016,42.2,19.7,28.2,831.0,2.5
2807913069,2017,42.9,20.1,30.3,797.0,2.5
2807913069,2018,42.4,18.7,28.0,850.0,2.6
2807913069,2019,42.6,18.0,29.9,882.0,2.6
2807913069,2020,42.2,17.8,29.3,853.0,2.6
2807913069,2021,41.7,16.4,28.9,834.0,2.6
2807913069,2022,41.6,16.5,30.0,862.0,2.6
2807913074,2015,42.2,12.6,21.2,2088.0,2.7
2807913074,2016,42.7,13.1,19.9,2112.0,2.7
2807913074,2017,43.4,14.1,20.3,2097.0,2.7
2807913074,2018,44.1,15.3,20.5,2101.0,2.7
2807913074,2019,44.9,16.9,22.0,2114.0,2.7
2807913074,2020,45.8,18.4,20.9,2065.0,2.6
2807913074,2021,46.3,19.7,20.6,2049.0,2.6
2807913074,2022,46.9,21.2,21.1,2041.0,2.6
2807913077,2015,49.9,29.2,21.4,1423.0,2.5
2807913077,2016,50.1,29.8,23.6,1402.0,2.5
2807913077,2017,50.3,30.7,24.1,1407.0,2.4
2807913077,2018,50.8,32.0,23.7,1405.0,2.4
2807913077,2019,50.9,33.0,25.5,1401.0,2.4
2807913077,2020,51.1,33.9,25.7,1368.0,2.4
2807913077,2021,51.6,35.8,27.7,1345.0,2.3
2807913077,2022,52.0,37.5,29.1,1316.0,2.3
2807913078,2015,46.9,22.9,19.9,1697.0,2.6
2807913078,2016,46.6,23.4,21.7,1737.0,2.7
2807913078,2017,47.4,25.7,21.5,1674.0,2.6
2807913078,2018,47.4,26.1,21.1,1707.0,2.7
2807913078,2019,47.8,27.9,21.3,1686.0,2.6
2807913078,2020,47.2,28.7,22.3,1693.0,2.6
2807913078,2021,48.4,30.7,25.1,1619.0,2.5
2807913078,2022,48.7,31.8,25.6,1644.0,2.5
2807913079,2015,40.8,15.2,38.8,1510.0,2.4
2807913079,2016,40.4,14.9,37.4,1492.0,2.4
2807913079,2017,40.3,14.4,37.1,1539.0,2.4
2807913079,2018,40.2,13.8,34.2,1584.0,2.5
2807913079,2019,39.9,13.0,34.3,1653.0,2.6
2807913079,2020,40.5,12.9,33.9,1627.0,2.6
2807913079,2021,40.3,13.3,32.9,1650.0,2.6
2807913079,2022,39.6,12.0,33.8,1711.0,2.6
2807913080,2015,38.5,13.0,31.4,1431.0,2.7
2807913080,2016,39.1,12.7,30.3,1443.0,2.6
2807913080,2017,38.9,12.1,30.5,1479.0,2.7
2807913080,2018,38.1,11.2,30.1,1519.0,2.7
2807913080,2019,38.3,11.2,31.4,1596.0,2.8
2807913080,2020,38.5,11.2,31.6,1538.0,2.8
2807913080,2021,39.0,12.1,31.7,1534.0,2.7
2807913080,2022,38.2,11.8,31.6,1590.0,2.7
2807913083,2015,40.7,15.5,28.1,1772.0,2.9
2807913083,2016,41.0,15.6,28.8,1729.0,2.9
2807913083,2017,40.7,14.6,27.0,1801.0,2.9
2807913083,2018,40.9,15.0,28.3,1763.0,2.9
2807913083,2019,40.6,14.7,27.0,1833.0,3.0
2807913083,2020,40.4,13.9,29.5,1839.0,3.0
2807913083,2021,40.5,14.3,29.0,1852.0,3.0
2807913083,2022,40.7,14.4,27.8,1898.0,3.1
2807913084,2015,41.8,16.7,32.3,863.0,2.8
2807913084,2016,41.4,15.7,31.5,883.0,2.8
2807913084,2017,40.7,14.2,30.3,901.0,2.8
2807913084,2018,40.6,12.8,31.4,959.0,2.9
2807913084,2019,40.3,12.6,30.1,994.0,2.9
2807913084,2020,39.9,12.3,30.1,999.0,3.0
2807913084,2021,40.1,13.2,31.6,973.0,2.9
2807913084,2022,39.6,12.6,30.1,1035.0,3.0
2807913086,2015,45.1,24.0,35.5,1252.0,2.3
2807913086,2016,44.3,22.3,34.4,1267.0,2.3
2807913086,2017,43.6,20.2,34.1,1347.0,2.4
2807913086,2018,43.3,18.9,33.3,1399.0,2.4
2807913086,2019,43.1,18.1,32.9,1439.0,2.5
2807913086,2020,43.2,17.7,35.0,1403.0,2.4
2807913086,2021,43.3,16.9,34.8,1430.0,2.4
2807913086,2022,42.7,15.7,34.6,1458.0,2.4
2807913087,2015,46.1,25.8,22.9,739.0,2.6
2807913087,2016,46.1,24.7,21.7,729.0,2.6
2807913087,2017,46.3,24.5,26.5,740.0,2.6
2807913087,2018,46.2,25.0,25.0,749.0,2.7
2807913087,2019,46.4,24.8,25.7,745.0,2.7
2807913087,2020,46.5,24.7,24.0,768.0,2.7
2807913087,2021,47.2,26.5,26.2,725.0,2.6
2807913087,2022,47.1,25.7,27.2,736.0,2.5
2807913088,2015,53.6,39.4,36.4,961.0,2.1
2807913088,2016,53.3,38.9,35.9,961.0,2.1
2807913088,2017,53.1,38.0,35.8,967.0,2.1
2807913088,2018,51.9,35.4,36.0,1003.0,2.2
2807913088,2019,51.1,34.2,33.2,1060.0,2.3
2807913088,2020,51.1,33.8,32.2,1046.0,2.3
2807913088,2021,51.9,34.9,32.7,993.0,2.2
2807913088,2022,51.3,33.3,34.4,1026.0,2.3
2807913089,2015,44.7,22.4,34.6,750.0,2.4
2807913089,2016,43.9,20.6,34.9,771.0,2.4
2807913089,2017,42.8,18.3,32.9,849.0,2.5
2807913089,2018,42.7,16.8,33.0,841.0,2.6
2807913089,2019,42.9,16.0,33.8,845.0,2.6
2807913089,2020,43.2,16.4,33.9,811.0,2.5
2807913089,2021,41.9,15.1,34.7,840.0,2.5
2807913089,2022,42.4,14.8,36.3,847.0,2.5
2807913090,2015,42.1,16.0,33.9,835.0,2.4
2807913090,2016,42.2,15.4,32.8,839.0,2.4
2807913090,2017,41.1,13.6,32.2,872.0,2.5
2807913090,2018,41.7,14.2,31.1,858.0,2.5
2807913090,2019,40.6,13.1,29.4,949.0,2.6
2807913090,2020,41.1,13.2,28.3,944.0,2.6
2807913090,2021,41.0,13.3,28.9,943.0,2.7
2807913090,2022,41.3,13.6,28.5,963.0,2.6
2807913091,2015,44.0,21.5,30.7,1075.0,2.4
2807913091,2016,43.9,20.5,30.3,1091.0,2.4
2807913091,2017,44.1,20.6,31.3,1092.0,2.5
2807913091,2018,43.7,19.8,31.8,1093.0,2.5
2807913091,2019,43.5,19.5,31.1,1122.0,2.5
2807913091,2020,43.7,18.4,31.9,1100.0,2.5
2807913091,2021,43.6,17.3,33.2,1085.0,2.4
2807913091,2022,43.8,16.7,32.7,1105.0,2.5
2807913092,2015,41.9,16.0,21.4,2127.0,2.7
2807913092,2016,42.3,16.5,21.9,2092.0,2.7
2807913092,2017,42.1,16.2,22.0,2102.0,2.7
2807913092,2018,42.1,16.0,21.7,2128.0,2.7
2807913092,2019,42.5,16.2,22.3,2174.0,2.7
2807913092,2020,43.2,16.7,24.8,2126.0,2.6
2807913092,2021,43.2,16.2,24.8,2116.0,2.6
2807913092,2022,43.1,16.1,24.8,2169.0,2.6
2807913094,2015,41.1,12.1,27.0,1956.0,2.5
2807913094,2016,41.2,12.2,25.9,1954.0,2.5
2807913094,2017,41.8,12.7,26.6,1967.0,2.5
2807913094,2018,42.3,12.6,27.4,2021.0,2.5
2807913094,2019,42.4,12.7,27.4,2049.0,2.5
2807913094,2020,42.9,12.9,28.5,2027.0,2.5
2807913094,2021,43.4,13.5,27.7,2023.0,2.6
2807913094,2022,43.8,14.7,28.8,2043.0,2.5
2807913103,2015,46.2,25.0,29.9,761.0,2.5
2807913103,2016,45.7,24.5,29.1,781.0,2.5
2807913103,2017,45.9,24.0,29.5,776.0,2.5
2807913103,2018,45.0,21.6,28.6,823.0,2.6
2807913103,2019,44.4,20.7,27.6,860.0,2.7
2807913103,2020,44.3,19.9,28.2,858.0,2.7
2807913103,2021,43.9,19.4,27.7,862.0,2.6
2807913103,2022,43.3,19.4,26.2,878.0,2.7
2807913104,2015,43.0,19.5,30.4,1677.0,2.5
2807913104,2016,43.0,19.5,31.6,1708.0,2.5
2807913104,2017,43.5,19.5,30.4,1700.0,2.5
2807913104,2018,43.6,18.8,30.7,1689.0,2.5
2807913104,2019,44.0,18.5,31.5,1704.0,2.5
2807913104,2020,44.4,18.3,31.4,1702.0,2.5
2807913104,2021,45.0,19.2,32.3,1688.0,2.5
2807913104,2022,44.7,18.7,32.3,1696.0,2.5
2807913108,2015,41.4,15.4,20.4,1812.0,2.8
2807913108,2016,42.0,15.4,20.3,1789.0,2.8
2807913108,2017,42.7,15.5,21.9,1756.0,2.7
2807913108,2018,42.4,14.9,21.5,1825.0,2.7
2807913108,2019,42.7,14.9,22.7,1822.0,2.7
2807913108,2020,43.0,15.0,24.7,1809.0,2.7
2807913108,2021,43.4,15.3,26.0,1786.0,2.7
2807913108,2022,43.6,15.7,25.5,1789.0,2.7
2807913109,2015,43.3,18.6,21.3,2182.0,2.7
2807913109,2016,43.7,18.7,20.7,2152.0,2.6
2807913109,2017,44.2,19.0,21.7,2149.0,2.6
2807913109,2018,44.4,18.9,21.0,2158.0,2.6
2807913109,2019,45.0,19.1,21.2,2167.0,2.6
2807913109,2020,45.6,19.1,23.5,2132.0,2.6
2807913109,2021,46.2,20.1,24.1,2103.0,2.5
2807913109,2022,45.8,19.6,24.3,2117.0,2.5
2807913110,2015,44.3,24.3,31.6,800.0,2.4
2807913110,2016,44.3,23.6,29.9,793.0,2.3
2807913110,2017,43.8,22.1,28.9,836.0,2.4
2807913110,2018,43.5,20.8,26.8,862.0,2.5
2807913110,2019,43.3,20.0,26.1,891.0,2.5
2807913110,2020,43.2,19.3,27.6,886.0,2.6
2807913110,2021,42.2,18.3,27.0,887.0,2.6
2807913110,2022,42.9,19.5,28.4,898.0,2.5
2807913111,2015,43.3,17.6,19.8,843.0,3.0
2807913111,2016,43.7,17.5,20.5,835.0,3.0
2807913111,2017,43.8,17.0,19.5,806.0,2.9
2807913111,2018,43.2,17.0,17.4,819.0,2.9
2807913111,2019,43.6,17.3,18.2,816.0,2.9
2807913111,2020,43.4,17.8,20.1,810.0,2.9
2807913111,2021,43.9,18.2,20.8,786.0,2.8
2807913111,2022,43.7,18.9,24.0,793.0,2.8
2807913112,2015,44.6,22.3,25.5,1332.0,2.6
2807913112,2016,45.1,22.2,28.1,1316.0,2.6
2807913112,2017,45.1,22.5,26.4,1324.0,2.6
2807913112,2018,45.7,23.0,27.9,1321.0,2.6
2807913112,2019,45.8,22.7,27.5,1320.0,2.6
2807913112,2020,45.6,22.7,27.8,1307.0,2.6
2807913112,2021,45.8,23.2,27.6,1295.0,2.6
2807913112,2022,45.5,22.5,27.2,1304.0,2.6
2807913114,2015,46.5,27.8,35.5,673.0,2.2
2807913114,2016,45.4,26.7,34.5,700.0,2.3
2807913114,2017,44.7,24.1,35.7,715.0,2.3
2807913114,2018,43.9,22.2,33.5,754.0,2.4
2807913114,2019,42.9,20.6,31.5,793.0,2.5
2807913114,2020,43.2,20.3,34.7,763.0,2.4
2807913114,2021,43.5,20.8,35.1,739.0,2.4
2807913114,2022,,,,,
2807913115,2015,44.4,21.7,26.6,1587.0,2.6
2807913115,2016,44.8,21.8,27.5,1585.0,2.5
2807913115,2017,44.8,21.4,26.9,1601.0,2.5
2807913115,2018,44.4,20.4,27.1,1609.0,2.6
2807913115,2019,44.3,19.5,27.8,1613.0,2.6
2807913115,2020,44.2,19.6,28.0,1583.0,2.6
2807913115,2021,44.3,19.4,29.6,1564.0,2.5
2807913115,2022,43.7,19.4,31.3,2323.0,2.5
2807913116,2015,44.7,21.0,26.3,785.0,2.6
2807913116,2016,45.3,21.2,26.7,765.0,2.6
2807913116,2017,46.3,22.7,26.4,746.0,2.5
2807913116,2018,46.4,22.8,27.0,751.0,2.5
2807913116,2019,46.4,23.4,25.6,764.0,2.5
2807913116,2020,46.3,22.6,26.5,771.0,2.6
2807913116,2021,46.5,23.7,28.6,769.0,2.5
2807913116,2022,45.6,24.0,26.5,791.0,2.6
2807913117,2015,45.3,25.5,23.2,805.0,2.7
2807913117,2016,45.4,25.5,24.9,792.0,2.7
2807913117,2017,45.0,23.9,26.6,809.0,2.7
2807913117,2018,45.4,23.0,23.3,829.0,2.7
2807913117,2019,45.7,22.3,23.9,824.0,2.7
2807913117,2020,45.5,21.9,23.0,826.0,2.7
2807913117,2021,45.5,22.8,25.7,824.0,2.7
2807913117,2022,42.7,17.8,26.9,1710.0,2.7
2807913118,2015,45.0,23.5,24.4,776.0,2.7
2807913118,2016,45.0,22.7,25.0,789.0,2.7
2807913118,2017,44.7,23.0,23.4,810.0,2.8
2807913118,2018,44.9,22.6,21.8,811.0,2.8
2807913118,2019,46.2,24.5,23.7,789.0,2.7
2807913118,2020,46.5,24.5,24.3,779.0,2.7
2807913118,2021,46.4,24.3,23.5,790.0,2.7
2807913118,2022,46.6,24.2,24.0,773.0,2.7
2807913119,2015,45.3,25.6,26.6,1274.0,2.6
2807913119,2016,45.2,25.1,26.4,1292.0,2.6
2807913119,2017,45.5,24.9,26.3,1277.0,2.6
2807913119,2018,45.5,24.2,27.0,1278.0,2.6
2807913119,2019,45.3,23.5,26.5,1293.0,2.6
2807913119,2020,45.3,22.7,28.0,1292.0,2.6
2807913119,2021,44.7,21.8,28.8,1303.0,2.6
2807913119,2022,44.8,21.6,29.4,1303.0,2.6
2807913120,2015,45.8,22.2,26.0,1237.0,2.7
2807913120,2016,45.2,21.2,26.6,1233.0,2.7
2807913120,2017,45.2,21.7,28.1,1233.0,2.6
2807913120,2018,45.4,21.5,28.5,1230.0,2.7
2807913120,2019,45.4,22.0,28.9,1275.0,2.7
2807913120,2020,45.5,22.0,27.5,1263.0,2.7
2807913120,2021,45.8,22.2,26.0,1249.0,2.7
2807913120,2022,45.4,22.5,27.5,1256.0,2.7
2807913121,2015,46.1,23.9,27.8,769.0,2.6
2807913121,2016,46.5,24.4,28.0,786.0,2.6
2807913121,2017,46.9,25.1,27.3,778.0,2.5
2807913121,2018,46.7,25.5,28.0,784.0,2.5
2807913121,2019,46.8,25.6,27.7,775.0,2.5
2807913121,2020,45.9,23.7,26.6,799.0,2.6
2807913121,2021,45.7,23.8,24.1,814.0,2.6
2807913121,2022,45.8,24.0,24.0,810.0,2.6
2807913122,2015,45.0,22.4,29.2,816.0,2.5
2807913122,2016,45.3,22.4,28.1,804.0,2.5
2807913122,2017,45.8,22.7,30.2,811.0,2.5
2807913122,2018,45.8,22.3,30.6,833.0,2.5
2807913122,2019,45.3,21.1,31.2,849.0,2.5
2807913122,2020,45.6,20.7,28.9,868.0,2.6
2807913122,2021,45.6,19.9,26.4,863.0,2.6
2807913122,2022,45.5,19.4,29.2,844.0,2.5
2807913123,2015,45.3,22.2,21.7,1227.0,2.7
2807913123,2016,45.6,21.9,20.6,1253.0,2.8
2807913123,2017,46.0,22.7,21.5,1233.0,2.7
2807913123,2018,45.4,22.5,21.5,1248.0,2.8
2807913123,2019,45.3,22.2,21.8,1259.0,2.8
2807913123,2020,46.1,22.8,22.3,1219.0,2.7
2807913123,2021,46.2,22.6,20.6,1232.0,2.8
2807913123,2022,46.3,21.8,20.8,1232.0,2.8
2807913124,2015,44.6,21.7,26.5,1385.0,2.6
2807913124,2016,45.0,21.9,26.7,1368.0,2.5
2807913124,2017,44.6,21.4,27.5,1370.0,2.5
2807913124,2018,44.2,20.8,27.6,1400.0,2.5
2807913124,2019,44.0,20.2,26.9,1443.0,2.6
2807913124,2020,44.2,20.3,27.0,1468.0,2.6
2807913124,2021,43.9,20.1,26.4,1457.0,2.6
2807913124,2022,43.8,20.7,27.4,1476.0,2.6
2807913125,2015,44.2,23.0,28.2,1147.0,2.6
2807913125,2016,43.8,21.6,28.3,1151.0,2.6
2807913125,2017,43.6,21.2,28.3,1156.0,2.6
2807913125,2018,42.7,20.8,27.5,1167.0,2.7
2807913125,2019,42.3,19.6,26.7,1172.0,2.7
2807913125,2020,42.5,19.1,27.4,1153.0,2.7
2807913125,2021,42.7,18.7,28.1,1114.0,2.6
2807913125,2022,41.6,17.8,28.1,1164.0,2.6
2807913126,2015,43.9,24.1,29.8,768.0,2.6
2807913126,2016,42.7,21.7,28.3,791.0,2.7
2807913126,2017,42.4,19.8,30.1,791.0,2.6
2807913126,2018,41.7,18.5,29.4,837.0,2.7
2807913126,2019,41.8,18.2,28.1,831.0,2.7
2807913126,2020,41.4,16.2,29.4,807.0,2.6
2807913126,2021,40.4,14.2,30.5,834.0,2.7
2807913126,2022,,,,,
2807913127,2015,33.3,4.7,23.7,2454.0,2.7
2807913127,2016,34.0,4.8,22.6,2509.0,2.7
2807913127,2017,34.3,4.8,23.4,2525.0,2.6
2807913127,2018,35.3,5.5,23.2,2529.0,2.6
2807913127,2019,35.8,5.9,22.3,2585.0,2.7
2807913127,2020,36.4,6.1,23.0,2591.0,2.7
2807913127,2021,37.4,6.9,23.5,2566.0,2.7
2807913127,2022,38.2,7.7,23.9,2570.0,2.6
2807913128,2015,44.4,19.6,22.8,1329.0,2.7
2807913128,2016,44.9,20.1,22.7,1340.0,2.6
2807913128,2017,45.3,20.2,22.6,1327.0,2.6
2807913128,2018,45.6,20.6,24.1,1331.0,2.6
2807913128,2019,46.2,21.2,24.1,1343.0,2.6
2807913128,2020,46.5,22.0,25.1,1323.0,2.6
2807913128,2021,47.5,22.4,27.3,1288.0,2.5
2807913128,2022,48.2,24.5,27.6,1290.0,2.5
2807913129,2015,43.2,21.1,27.4,836.0,2.8
2807913129,2016,43.6,21.3,27.0,815.0,2.7
2807913129,2017,43.7,21.4,26.5,826.0,2.7
2807913129,2018,43.9,22.0,26.0,826.0,2.7
2807913129,2019,44.3,22.3,26.4,837.0,2.6
2807913129,2020,44.6,21.1,28.0,834.0,2.6
2807913129,2021,44.7,22.4,29.5,818.0,2.6
2807913129,2022,45.1,22.6,26.7,805.0,2.6
2807913131,2015,43.9,19.6,22.4,735.0,2.7
2807913131,2016,44.2,19.9,21.6,728.0,2.7
2807913131,2017,44.0,20.3,22.5,733.0,2.7
2807913131,2018,43.8,19.4,23.4,732.0,2.7
2807913131,2019,43.3,18.9,26.0,746.0,2.7
2807913131,2020,43.6,20.2,26.2,709.0,2.7
2807913131,2021,43.9,19.7,24.1,721.0,2.7
2807913131,2022,44.1,20.5,24.9,731.0,2.7
2807913132,2015,44.4,18.3,24.5,1158.0,2.7
2807913132,2016,44.0,17.2,24.1,1140.0,2.7
2807913132,2017,43.9,17.5,24.3,1146.0,2.7
2807913132,2018,44.2,17.4,22.7,1139.0,2.6
2807913132,2019,44.4,16.9,22.0,1138.0,2.6
2807913132,2020,44.6,17.3,23.9,1118.0,2.6
2807913132,2021,44.9,17.9,27.3,1113.0,2.6
2807913132,2022,44.8,18.4,25.5,1152.0,2.7
2807913133,2015,43.7,19.6,23.9,966.0,2.7
2807913133,2016,43.6,19.3,22.7,978.0,2.8
2807913133,2017,43.0,19.6,23.0,987.0,2.8
2807913133,2018,43.7,20.1,21.4,983.0,2.8
2807913133,2019,43.8,20.2,21.8,1003.0,2.8
2807913133,2020,43.9,20.2,22.6,1001.0,2.8
2807913133,2021,44.2,21.1,22.4,990.0,2.8
2807913133,2022,44.6,21.7,24.2,1002.0,2.7
2807913134,2015,45.8,21.2,19.7,1033.0,2.6
2807913134,2016,44.8,20.8,19.9,1069.0,2.7
2807913134,2017,44.9,21.0,21.5,1060.0,2.7
2807913134,2018,45.2,21.4,22.9,1049.0,2.6
2807913134,2019,45.2,21.6,23.3,1061.0,2.6
2807913134,2020,45.3,21.7,22.2,1067.0,2.7
2807913134,2021,45.5,22.2,22.3,1085.0,2.7
2807913134,2022,45.7,23.1,24.1,1078.0,2.7
2807913135,2015,45.8,21.2,21.5,855.0,2.6
2807913135,2016,45.9,22.1,22.1,859.0,2.6
2807913135,2017,45.9,22.4,23.8,865.0,2.6
2807913135,2018,45.8,22.8,22.9,868.0,2.6
2807913135,2019,46.2,23.3,23.6,836.0,2.6
2807913135,2020,47.0,25.1,23.4,802.0,2.5
2807913135,2021,46.6,24.5,23.5,822.0,2.5
2807913135,2022,46.6,24.4,26.2,808.0,2.5
2807913136,2015,44.7,22.0,27.4,1107.0,2.6
2807913136,2016,44.7,21.9,25.2,1130.0,2.7
2807913136,2017,44.9,21.9,26.2,1105.0,2.7
2807913136,2018,45.0,21.3,26.1,1107.0,2.7
2807913136,2019,45.0,21.6,26.7,1109.0,2.7
2807913136,2020,45.4,22.0,28.2,1081.0,2.6
2807913136,2021,44.9,21.5,28.9,1074.0,2.6
2807913136,2022,44.5,21.7,29.2,1127.0,2.6
2807913137,2015,44.8,20.0,18.0,1709.0,2.7
2807913137,2016,45.2,20.1,17.8,1709.0,2.7
2807913137,2017,45.4,20.7,18.4,1713.0,2.7
2807913137,2018,45.5,20.8,20.3,1719.0,2.7
2807913137,2019,46.1,21.5,20.4,1723.0,2.6
2807913137,2020,47.0,22.6,21.7,1652.0,2.6
2807913137,2021,47.6,23.6,22.8,1603.0,2.5
2807913137,2022,47.7,24.7,23.5,1644.0,2.5
2807913138,2015,43.4,19.8,26.6,935.0,2.6
2807913138,2016,43.8,18.9,26.6,906.0,2.6
2807913138,2017,43.8,19.2,27.7,913.0,2.6
2807913138,2018,43.4,18.5,27.9,927.0,2.6
2807913138,2019,43.1,18.0,26.7,928.0,2.7
2807913138,2020,42.6,18.2,28.6,940.0,2.7
2807913138,2021,42.9,18.1,26.9,940.0,2.6
2807913138,2022,42.9,19.5,26.5,956.0,2.7
2807913139,2015,45.0,26.1,30.9,1056.0,2.4
2807913139,2016,44.9,25.4,30.0,1044.0,2.4
2807913139,2017,44.9,24.3,29.7,1069.0,2.4
2807913139,2018,44.3,22.8,29.9,1105.0,2.5
2807913139,2019,43.6,21.6,29.2,1132.0,2.6
2807913139,2020,43.4,21.1,30.4,1115.0,2.5
2807913139,2021,44.0,21.0,30.0,1091.0,2.5
2807913139,2022,43.9,20.3,30.7,1117.0,2.5
2807913140,2015,44.2,19.4,23.9,1503.0,2.7
2807913140,2016,44.8,19.3,24.2,1500.0,2.6
2807913140,2017,45.2,19.6,25.4,1497.0,2.6
2807913140,2018,45.2,18.9,26.2,1526.0,2.6
2807913140,2019,45.8,19.1,24.6,1536.0,2.7
2807913140,2020,46.1,19.0,26.4,1533.0,2.6
2807913140,2021,47.1,19.9,26.2,1493.0,2.6
2807913140,2022,46.7,19.5,26.6,1497.0,2.5
2807913142,2015,43.9,22.6,31.6,1409.0,2.5
2807913142,2016,43.7,21.9,31.5,1435.0,2.4
2807913142,2017,43.6,21.4,31.8,1466.0,2.4
2807913142,2018,43.2,20.6,31.2,1517.0,2.5
2807913142,2019,42.6,19.6,31.7,1539.0,2.6
2807913142,2020,42.7,19.2,31.4,1524.0,2.6
2807913142,2021,43.2,19.2,31.4,1493.0,2.5
2807913142,2022,43.2,19.8,32.7,1500.0,2.5
2807913143,2015,48.8,32.2,23.5,755.0,2.5
2807913143,2016,49.5,32.3,23.1,756.0,2.5
2807913143,2017,49.2,32.0,24.1,773.0,2.5
2807913143,2018,50.2,32.8,24.9,742.0,2.4
2807913143,2019,49.8,32.0,25.8,772.0,2.4
2807913143,2020,50.5,32.5,28.2,748.0,2.4
2807913143,2021,51.1,33.6,28.4,727.0,2.3
2807913143,2022,49.6,31.9,29.5,769.0,2.4
2807913144,2015,42.9,21.1,31.0,1444.0,2.5
2807913144,2016,43.8,21.8,33.2,1397.0,2.4
2807913144,2017,43.2,20.8,31.2,1458.0,2.5
2807913144,2018,43.0,20.3,31.0,1464.0,2.5
2807913144,2019,42.8,19.6,30.8,1503.0,2.5
2807913144,2020,42.8,18.7,31.6,1489.0,2.5
2807913144,2021,42.4,18.4,34.4,1449.0,2.4
2807913144,2022,42.2,18.4,32.7,1470.0,2.5
2807913145,2015,43.9,20.1,35.3,910.0,2.3
2807913145,2016,43.6,19.1,34.8,902.0,2.3
2807913145,2017,42.8,16.4,34.7,919.0,2.3
2807913145,2018,43.1,17.4,34.3,919.0,2.3
2807913145,2019,42.6,16.6,33.7,986.0,2.4
2807913145,2020,42.8,17.5,37.2,963.0,2.3
2807913145,2021,43.1,17.4,35.3,964.0,2.4
2807913145,2022,42.8,16.6,33.9,989.0,2.5
2807913146,2015,43.6,20.2,26.2,1050.0,2.6
2807913146,2016,43.7,20.6,26.6,1050.0,2.6
2807913146,2017,43.2,19.3,25.2,1105.0,2.7
2807913146,2018,43.4,19.4,26.4,1111.0,2.7
2807913146,2019,43.3,19.1,24.1,1134.0,2.8
2807913146,2020,43.5,20.2,26.7,1094.0,2.7
2807913146,2021,43.3,20.0,25.9,1133.0,2.7
2807913146,2022,43.6,20.8,25.8,1142.0,2.7
2807913147,2015,42.0,19.1,27.1,1212.0,2.7
2807913147,2016,42.5,19.1,27.8,1227.0,2.7
2807913147,2017,42.8,19.2,30.1,1232.0,2.7
2807913147,2018,42.6,18.2,29.7,1258.0,2.7
2807913147,2019,43.0,18.5,27.7,1254.0,2.7
2807913147,2020,43.6,19.2,28.9,1226.0,2.6
2807913147,2021,44.1,19.3,31.3,1188.0,2.6
2807913147,2022,43.9,19.2,32.1,1196.0,2.5
2807913148,2015,45.7,26.0,32.9,1162.0,2.4
2807913148,2016,45.0,23.6,31.5,1177.0,2.5
2807913148,2017,44.2,23.0,29.9,1220.0,2.5
2807913148,2018,44.0,21.6,30.4,1235.0,2.5
2807913148,2019,43.1,19.9,29.3,1296.0,2.6
2807913148,2020,42.7,19.3,30.1,1303.0,2.6
2807913148,2021,43.1,18.9,29.2,1299.0,2.5
2807913148,2022,42.6,18.0,28.3,1337.0,2.6
2807913150,2015,41.9,17.4,26.9,1421.0,2.7
2807913150,2016,42.7,18.2,27.8,1382.0,2.6
2807913150,2017,43.7,19.1,27.9,1385.0,2.6
2807913150,2018,43.7,18.9,28.0,1389.0,2.5
2807913150,2019,43.3,18.7,26.8,1448.0,2.6
2807913150,2020,43.0,18.6,25.9,1453.0,2.7
2807913150,2021,42.9,18.1,26.8,1444.0,2.7
2807913150,2022,42.8,18.2,25.9,1446.0,2.6
2807913153,2015,39.3,14.9,24.4,1444.0,2.7
2807913153,2016,39.1,14.2,24.2,1477.0,2.8
2807913153,2017,38.8,13.6,24.7,1500.0,2.8
2807913153,2018,39.2,13.7,26.0,1509.0,2.8
2807913153,2019,39.2,13.5,25.8,1542.0,2.8
2807913153,2020,39.7,13.6,27.4,1534.0,2.8
2807913153,2021,39.7,13.5,27.6,1490.0,2.7
2807913153,2022,40.1,13.6,29.3,1483.0,2.7
2807913154,2015,45.6,24.9,24.0,1205.0,2.7
2807913154,2016,46.0,25.8,25.4,1184.0,2.6
2807913154,2017,46.0,25.8,24.3,1211.0,2.6
2807913154,2018,45.3,24.6,25.4,1263.0,2.7
2807913154,2019,45.4,24.6,25.7,1262.0,2.7
2807913154,2020,45.6,24.9,27.6,1224.0,2.6
2807913154,2021,46.2,25.1,29.0,1202.0,2.5
2807913154,2022,46.0,24.5,29.0,1216.0,2.6
2807913155,2015,41.9,19.9,26.9,2026.0,2.6
2807913155,2016,41.5,18.7,26.2,2036.0,2.6
2807913155,2017,40.9,17.6,27.1,2126.0,2.7
2807913155,2018,40.7,16.8,26.8,2195.0,2.7
2807913155,2019,41.0,16.7,26.9,2213.0,2.7
2807913155,2020,40.9,16.5,28.9,2168.0,2.7
2807913155,2021,41.4,16.8,29.0,2155.0,2.6
2807913155,2022,41.2,16.1,28.3,2217.0,2.7
2807913156,2015,50.0,34.8,29.7,836.0,2.4
2807913156,2016,49.9,33.8,28.4,837.0,2.4
2807913156,2017,49.5,32.6,28.2,853.0,2.4
2807913156,2018,49.3,31.6,29.1,862.0,2.4
2807913156,2019,49.2,31.4,28.3,874.0,2.4
2807913156,2020,49.2,31.0,28.5,851.0,2.4
2807913156,2021,49.9,31.0,31.1,827.0,2.4
2807913156,2022,48.9,28.6,29.5,856.0,2.4
2807913157,2015,44.5,23.9,25.9,1177.0,2.6
2807913157,2016,43.8,23.1,27.7,1220.0,2.6
2807913157,2017,44.7,23.3,27.8,1207.0,2.6
2807913157,2018,44.6,22.7,28.2,1241.0,2.6
2807913157,2019,44.6,22.5,28.7,1256.0,2.6
2807913157,2020,44.6,22.3,29.4,1229.0,2.6
2807913157,2021,44.9,22.3,28.3,1211.0,2.5
2807913157,2022,43.7,20.2,30.4,1310.0,2.6
2807913158,2015,43.9,19.9,31.9,1952.0,2.5
2807913158,2016,43.9,19.6,32.4,1940.0,2.5
2807913158,2017,44.0,19.4,33.0,1954.0,2.4
2807913158,2018,43.2,18.7,33.0,2030.0,2.5
2807913158,2019,43.5,18.5,32.2,2027.0,2.5
2807913158,2020,43.7,18.4,32.8,2002.0,2.5
2807913158,2021,43.6,19.0,32.3,1984.0,2.4
2807913158,2022,43.4,18.6,33.1,2037.0,2.5
2807913160,2015,46.3,23.7,25.6,1737.0,2.6
2807913160,2016,46.5,23.2,26.6,1720.0,2.5
2807913160,2017,46.9,23.8,26.6,1694.0,2.5
2807913160,2018,46.9,24.4,26.8,1721.0,2.5
2807913160,2019,46.4,24.3,26.3,1741.0,2.6
2807913160,2020,46.9,24.9,27.7,1681.0,2.5
2807913160,2021,46.6,24.7,27.6,1692.0,2.5
2807913160,2022,46.3,25.1,26.9,1714.0,2.6
2807913161,2015,49.9,34.3,24.2,937.0,2.6
2807913161,2016,49.9,34.6,25.6,926.0,2.6
2807913161,2017,49.7,34.2,27.1,922.0,2.5
2807913161,2018,49.8,33.6,28.0,913.0,2.5
2807913161,2019,49.6,32.9,31.4,898.0,2.5
2807913161,2020,49.4,31.6,30.6,900.0,2.5
2807913161,2021,49.7,31.8,32.7,868.0,2.4
2807913161,2022,49.6,31.4,30.7,869.0,2.5
2807913162,2015,44.6,19.5,24.6,742.0,2.7
2807913162,2016,44.5,19.3,24.8,731.0,2.7
2807913162,2017,44.8,20.8,26.6,725.0,2.6
2807913162,2018,44.3,20.7,25.9,745.0,2.6
2807913162,2019,44.2,20.5,24.7,758.0,2.7
2807913162,2020,44.1,20.9,22.9,772.0,2.8
2807913162,2021,45.1,22.9,26.5,734.0,2.6
2807913162,2022,45.4,24.1,27.0,731.0,2.6
2807913163,2015,49.1,33.2,25.1,916.0,2.5
2807913163,2016,49.8,34.1,27.2,909.0,2.4
2807913163,2017,49.9,33.2,26.4,921.0,2.5
2807913163,2018,49.4,31.6,26.6,937.0,2.5
2807913163,2019,49.2,30.6,26.7,934.0,2.5
2807913163,2020,49.3,30.3,28.8,920.0,2.5
2807913163,2021,50.0,31.0,28.6,920.0,2.4
2807913163,2022,49.8,30.3,29.7,910.0,2.4
2807913164,2015,47.6,31.0,26.5,851.0,2.5
2807913164,2016,48.2,31.8,27.2,830.0,2.5
2807913164,2017,48.8,33.3,26.7,820.0,2.5
2807913164,2018,47.9,32.2,28.1,843.0,2.5
2807913164,2019,49.0,33.0,28.8,833.0,2.5
2807913164,2020,48.4,31.3,30.5,843.0,2.5
2807913164,2021,48.8,31.8,32.2,812.0,2.4
2807913164,2022,48.0,30.1,30.7,847.0,2.5
2807913166,2015,43.2,19.9,23.2,1841.0,2.8
2807913166,2016,43.7,20.1,23.6,1807.0,2.7
2807913166,2017,43.5,19.4,23.8,1841.0,2.8
2807913166,2018,44.0,19.6,23.7,1824.0,2.7
2807913166,2019,44.0,19.6,26.9,1821.0,2.7
2807913166,2020,43.9,19.9,27.4,1847.0,2.7
2807913166,2021,44.3,20.3,27.2,1782.0,2.7
2807913166,2022,44.1,20.2,26.6,1860.0,2.8
2807913168,2015,42.0,16.3,31.7,2224.0,2.6
2807913168,2016,41.5,15.7,32.5,2299.0,2.6
2807913168,2017,41.5,15.2,29.4,2368.0,2.7
2807913168,2018,41.9,15.4,31.0,2367.0,2.6
2807913168,2019,41.6,15.3,29.4,2467.0,2.7
2807913168,2020,41.9,15.5,30.3,2440.0,2.6
2807913168,2021,41.8,15.3,30.7,2421.0,2.6
2807913168,2022,41.7,15.0,31.0,2471.0,2.7
2807913169,2015,41.6,17.6,37.6,1304.0,2.3
2807913169,2016,41.8,17.7,37.5,1313.0,2.3
2807913169,2017,41.6,16.9,37.2,1341.0,2.4
2807913169,2018,41.5,16.0,35.6,1391.0,2.4
2807913169,2019,41.6,15.6,36.1,1448.0,2.5
2807913169,2020,42.1,15.6,38.0,1406.0,2.4
2807913169,2021,42.5,15.5,39.8,1423.0,2.4
2807913169,2022,42.5,15.2,38.3,1485.0,2.4
2807913170,2015,43.6,21.5,33.0,1003.0,2.6
2807913170,2016,43.7,20.9,30.8,998.0,2.6
2807913170,2017,43.9,21.0,30.8,1018.0,2.6
2807913170,2018,43.2,19.2,30.9,1092.0,2.7
2807913170,2019,44.2,19.7,32.6,1035.0,2.6
2807913170,2020,44.0,18.5,34.6,1014.0,2.6
2807913170,2021,43.6,17.8,32.5,1049.0,2.6
2807913170,2022,43.3,17.2,34.9,1059.0,2.6
2807913171,2015,41.9,17.3,29.5,1030.0,2.7
2807913171,2016,42.3,18.0,29.0,1022.0,2.6
2807913171,2017,42.4,17.5,28.7,1020.0,2.6
2807913171,2018,41.6,17.4,29.7,1051.0,2.7
2807913171,2019,42.1,17.7,32.2,1065.0,2.6
2807913171,2020,42.1,17.5,30.0,1073.0,2.7
2807913171,2021,42.6,17.5,29.5,1056.0,2.6
2807913171,2022,41.7,16.0,28.9,1056.0,2.6
2807913172,2015,43.6,21.8,32.2,1090.0,2.6
2807913172,2016,43.1,20.9,31.8,1103.0,2.5
2807913172,2017,43.8,21.6,30.5,1102.0,2.5
2807913172,2018,42.0,19.1,29.1,1212.0,2.8
2807913172,2019,42.3,18.7,28.9,1216.0,2.7
2807913172,2020,42.0,17.9,28.4,1243.0,2.7
2807913172,2021,43.4,19.2,30.2,1192.0,2.6
2807913172,2022,43.1,18.3,29.6,1234.0,2.7
2807913173,2015,43.1,21.1,33.8,1047.0,2.6
2807913173,2016,43.1,21.0,34.3,1014.0,2.6
2807913173,2017,43.2,19.8,34.2,1045.0,2.6
2807913173,2018,42.5,18.9,33.3,1070.0,2.7
2807913173,2019,42.6,18.4,31.4,1079.0,2.7
2807913173,2020,41.8,16.4,31.2,1087.0,2.7
2807913173,2021,41.8,16.0,32.8,1040.0,2.6
2807913173,2022,41.6,15.4,30.6,1109.0,2.7
2807913174,2015,41.5,18.4,30.9,1367.0,2.5
2807913174,2016,41.4,17.6,30.4,1401.0,2.6
2807913174,2017,42.1,17.7,30.6,1395.0,2.5
2807913174,2018,42.1,16.7,33.6,1403.0,2.5
2807913174,2019,41.6,16.1,32.6,1486.0,2.6
2807913174,2020,41.7,15.3,32.6,1471.0,2.6
2807913174,2021,42.4,15.8,32.4,1467.0,2.5
2807913174,2022,41.8,15.3,31.9,1499.0,2.5
2807913175,2015,42.1,18.6,32.7,1332.0,2.5
2807913175,2016,42.1,18.5,30.1,1322.0,2.5
2807913175,2017,41.4,16.8,29.5,1367.0,2.6
2807913175,2018,40.7,15.5,30.2,1435.0,2.7
2807913175,2019,40.3,14.8,30.8,1457.0,2.7
2807913175,2020,40.7,14.6,30.4,1451.0,2.7
2807913175,2021,41.3,15.0,30.9,1417.0,2.6
2807913175,2022,41.6,15.1,32.9,1429.0,2.6
2807913176,2015,43.1,21.3,28.1,1007.0,2.6
2807913176,2016,42.3,19.2,26.8,1054.0,2.7
2807913176,2017,42.6,18.6,29.2,1067.0,2.6
2807913176,2018,41.9,16.9,28.0,1088.0,2.7
2807913176,2019,41.6,16.7,28.9,1119.0,2.7
2807913176,2020,41.5,17.1,30.4,1092.0,2.7
2807913176,2021,41.9,17.3,28.7,1098.0,2.7
2807913176,2022,41.8,17.1,29.4,1117.0,2.7
2807913177,2015,41.5,19.2,30.4,1118.0,2.6
2807913177,2016,42.0,18.7,29.7,1101.0,2.6
2807913177,2017,42.0,17.9,26.7,1124.0,2.7
2807913177,2018,41.9,17.2,27.7,1150.0,2.7
2807913177,2019,41.8,16.5,27.4,1163.0,2.7
2807913177,2020,42.0,16.5,27.7,1120.0,2.7
2807913177,2021,42.0,15.7,27.7,1114.0,2.7
2807913177,2022,40.8,14.5,28.8,1170.0,2.8
2807913178,2015,45.6,24.2,24.1,1229.0,2.7
2807913178,2016,46.4,24.6,23.0,1215.0,2.6
2807913178,2017,46.2,24.2,23.6,1208.0,2.6
2807913178,2018,46.4,24.0,25.7,1207.0,2.6
2807913178,2019,46.2,24.1,26.1,1210.0,2.7
2807913178,2020,47.6,25.2,25.7,1168.0,2.6
2807913178,2021,47.2,24.5,27.0,1166.0,2.5
2807913178,2022,47.6,26.0,27.5,1142.0,2.5
2807913179,2015,47.2,25.2,28.3,654.0,2.6
2807913179,2016,47.2,25.3,29.0,653.0,2.6
2807913179,2017,47.7,25.8,32.0,635.0,2.5
2807913179,2018,47.6,25.6,30.4,653.0,2.5
2807913179,2019,47.7,27.0,32.2,649.0,2.5
2807913179,2020,47.2,26.1,29.9,645.0,2.5
2807913179,2021,47.3,26.3,29.8,650.0,2.6
2807913179,2022,47.8,27.8,31.4,651.0,2.5
2807913180,2015,43.9,19.9,22.2,1002.0,2.9
2807913180,2016,43.9,20.2,23.9,996.0,2.8
2807913180,2017,43.6,19.9,21.9,1026.0,2.8
2807913180,2018,44.4,21.5,20.7,1020.0,2.8
2807913180,2019,44.3,21.5,23.0,1017.0,2.8
2807913180,2020,44.6,22.3,22.4,1017.0,2.7
2807913180,2021,44.3,22.3,21.1,1038.0,2.8
2807913180,2022,44.5,23.6,21.0,1032.0,2.7
2807913181,2015,47.2,25.5,30.9,1169.0,2.5
2807913181,2016,48.0,27.0,30.0,1182.0,2.5
2807913181,2017,47.7,26.7,30.5,1180.0,2.5
2807913181,2018,48.1,27.3,28.5,1210.0,2.6
2807913181,2019,48.0,26.7,28.6,1223.0,2.6
2807913181,2020,47.7,26.6,29.2,1201.0,2.6
2807913181,2021,47.5,26.4,30.0,1203.0,2.5
2807913181,2022,46.9,26.8,31.3,1222.0,2.5
2807913182,2015,48.2,27.3,18.8,1132.0,2.7
2807913182,2016,48.3,28.7,18.5,1153.0,2.7
2807913182,2017,49.4,30.6,18.1,1140.0,2.7
2807913182,2018,50.1,31.7,18.8,1119.0,2.6
2807913182,2019,50.8,33.9,20.1,1099.0,2.5
2807913182,2020,51.2,34.1,21.6,1092.0,2.5
2807913182,2021,51.7,35.0,22.8,1067.0,2.5
2807913182,2022,51.2,35.0,23.3,1109.0,2.6
2807913183,2015,45.3,20.4,21.0,1273.0,2.7
2807913183,2016,45.9,21.3,22.5,1256.0,2.6
2807913183,2017,45.9,21.6,22.9,1279.0,2.6
2807913183,2018,46.1,22.0,23.9,1287.0,2.6
2807913183,2019,46.7,22.4,24.9,1262.0,2.5
2807913183,2020,47.4,22.8,25.7,1227.0,2.5
2807913183,2021,47.5,23.5,27.5,1239.0,2.5
2807913183,2022,47.4,23.9,27.9,1250.0,2.5
2807913184,2015,42.9,16.7,24.4,1642.0,2.6
2807913184,2016,43.0,16.8,24.1,1644.0,2.7
2807913184,2017,43.8,17.7,24.7,1615.0,2.6
2807913184,2018,43.8,18.4,23.9,1602.0,2.6
2807913184,2019,44.1,19.3,24.1,1611.0,2.7
2807913184,2020,44.1,19.4,26.3,1615.0,2.6
2807913184,2021,43.9,19.8,28.7,1710.0,2.6
2807913184,2022,43.0,19.3,29.5,1805.0,2.6
2807913185,2015,41.6,17.2,30.1,1469.0,2.5
2807913185,2016,41.2,16.2,29.7,1521.0,2.6
2807913185,2017,41.4,16.4,27.9,1577.0,2.6
2807913185,2018,41.6,16.4,29.7,1571.0,2.6
2807913185,2019,41.9,16.5,28.1,1607.0,2.7
2807913185,2020,41.8,15.7,30.4,1597.0,2.6
2807913185,2021,42.1,15.7,30.4,1588.0,2.7
2807913185,2022,41.9,15.2,30.8,1591.0,2.6
2807913186,2015,42.8,18.6,32.5,2070.0,2.5
2807913186,2016,43.3,19.1,32.6,2030.0,2.5
2807913186,2017,43.1,18.6,33.2,2066.0,2.5
2807913186,2018,43.1,18.7,32.9,2129.0,2.5
2807913186,2019,43.6,18.4,31.7,2120.0,2.5
2807913186,2020,43.8,18.5,32.6,2058.0,2.5
2807913186,2021,43.8,19.3,31.4,2094.0,2.5
2807913186,2022,43.1,18.5,31.0,2202.0,2.6
2807913187,2015,40.2,15.6,32.2,1644.0,2.5
2807913187,2016,40.0,15.4,33.2,1683.0,2.6
2807913187,2017,39.6,14.4,33.6,1763.0,2.6
2807913187,2018,40.0,14.5,31.5,1755.0,2.6
2807913187,2019,39.9,13.7,32.0,1828.0,2.7
2807913187,2020,40.1,13.4,32.5,1809.0,2.6
2807913187,2021,40.6,13.4,34.9,1769.0,2.6
2807913187,2022,39.9,12.4,34.6,1846.0,2.7
2807913189,2015,42.5,18.2,26.9,1055.0,2.6
2807913189,2016,41.4,16.7,24.5,1109.0,2.8
2807913189,2017,40.7,16.0,25.5,1144.0,2.8
2807913189,2018,40.7,15.5,25.1,1184.0,2.9
2807913189,2019,40.4,15.0,26.0,1221.0,2.9
2807913189,2020,41.2,15.2,26.1,1188.0,2.9
2807913189,2021,41.7,15.4,26.4,1168.0,2.8
2807913189,2022,41.3,14.6,25.1,1186.0,2.8
2807913190,2015,40.2,13.1,33.6,2925.0,2.4
2807913190,2016,40.6,13.0,34.4,2951.0,2.4
2807913190,2017,40.7,13.6,35.7,1831.0,2.4
2807913190,2018,40.3,13.0,34.8,1899.0,2.5
2807913190,2019,40.5,12.3,35.9,1941.0,2.5
2807913190,2020,41.1,12.5,37.1,1950.0,2.4
2807913190,2021,40.9,12.3,35.7,1931.0,2.4
2807913190,2022,40.1,11.4,35.5,2057.0,2.5
2807913191,2015,44.5,20.7,26.8,2047.0,2.6
2807913191,2016,44.8,21.2,27.1,1965.0,2.5
2807913191,2017,45.0,21.5,28.3,1984.0,2.5
2807913191,2018,44.9,22.1,28.8,1998.0,2.5
2807913191,2019,45.2,22.5,29.1,2050.0,2.5
2807913191,2020,45.5,23.2,29.6,2026.0,2.5
2807913191,2021,45.9,23.6,29.6,1979.0,2.4
2807913191,2022,45.7,23.8,31.4,2026.0,2.4
2807913192,2015,41.3,16.5,30.9,1365.0,2.6
2807913192,2016,41.5,16.6,32.5,1347.0,2.5
2807913192,2017,42.1,16.0,32.4,1340.0,2.5
2807913192,2018,42.4,16.7,33.4,1352.0,2.5
2807913192,2019,41.9,15.8,33.3,1398.0,2.6
2807913192,2020,42.3,15.6,32.7,1372.0,2.5
2807913192,2021,42.9,16.2,33.3,1344.0,2.4
2807913192,2022,41.7,15.5,32.0,1408.0,2.6
2807913193,2015,40.9,14.8,34.4,1354.0,2.5
2807913193,2016,41.3,14.6,34.7,1327.0,2.4
2807913193,2017,41.9,15.3,35.5,1297.0,2.4
2807913193,2018,41.5,14.1,32.7,1380.0,2.5
2807913193,2019,41.3,14.2,34.1,1417.0,2.5
2807913193,2020,42.1,15.1,33.5,1385.0,2.5
2807913193,2021,42.0,14.7,34.7,1385.0,2.5
2807913193,2022,42.3,15.1,36.9,1380.0,2.4
2807913194,2015,40.7,13.3,38.2,1512.0,2.4
2807913194,2016,40.6,13.5,37.7,1486.0,2.4
2807913194,2017,41.2,13.2,38.6,1506.0,2.4
2807913194,2018,41.1,13.5,38.0,1515.0,2.4
2807913194,2019,40.6,12.8,38.3,1604.0,2.4
2807913194,2020,40.8,12.6,37.8,1570.0,2.3
2807913194,2021,41.0,12.6,40.6,1527.0,2.3
2807913194,2022,40.6,12.3,39.8,1591.0,2.3
2807913195,2015,40.0,12.9,35.2,1021.0,2.4
2807913195,2016,40.6,13.1,35.8,1006.0,2.4
2807913195,2017,40.9,13.4,37.2,1009.0,2.3
2807913195,2018,40.1,11.7,37.1,1049.0,2.4
2807913195,2019,40.6,11.8,35.6,1076.0,2.4
2807913195,2020,41.1,12.3,36.1,1049.0,2.4
2807913195,2021,41.2,12.8,37.6,1036.0,2.3
2807913195,2022,41.5,12.9,38.8,1105.0,2.4
2807913196,2015,42.3,16.2,34.4,1167.0,2.5
2807913196,2016,41.7,16.0,31.2,1212.0,2.6
2807913196,2017,42.1,16.3,33.4,1208.0,2.6
2807913196,2018,41.5,15.0,31.3,1271.0,2.7
2807913196,2019,40.7,14.1,29.6,1338.0,2.7
2807913196,2020,40.5,13.9,32.0,1336.0,2.7
2807913196,2021,41.3,15.1,33.1,1281.0,2.6
2807913196,2022,41.6,15.4,34.6,1290.0,2.5
2807913197,2015,42.3,16.8,34.3,1504.0,2.5
2807913197,2016,42.0,16.6,33.4,1533.0,2.5
2807913197,2017,41.5,15.5,33.3,1576.0,2.5
2807913197,2018,42.5,16.6,33.8,1537.0,2.5
2807913197,2019,41.5,14.7,32.4,1618.0,2.6
2807913197,2020,41.6,14.4,31.7,1599.0,2.5
2807913197,2021,41.4,14.2,31.6,1595.0,2.5
2807913197,2022,40.3,13.1,32.8,1682.0,2.6
2807913198,2015,45.6,21.8,27.5,1283.0,2.6
2807913198,2016,45.3,21.5,25.7,1274.0,2.6
2807913198,2017,46.1,21.8,27.2,1236.0,2.5
2807913198,2018,45.9,21.7,27.4,1253.0,2.6
2807913198,2019,45.9,21.8,26.3,1310.0,2.7
2807913198,2020,45.7,22.1,26.7,1304.0,2.7
2807913198,2021,46.1,22.9,28.2,1286.0,2.6
2807913198,2022,46.5,24.1,27.9,1305.0,2.6
2807913199,2015,44.4,15.7,15.6,1639.0,2.8
2807913199,2016,44.9,16.3,15.5,1661.0,2.9
2807913199,2017,45.6,17.3,16.2,1652.0,2.8
2807913199,2018,46.6,18.6,15.2,1628.0,2.8
2807913199,2019,47.8,20.6,16.4,1582.0,2.7
2807913199,2020,48.0,20.7,17.7,1544.0,2.7
2807913199,2021,48.8,22.9,18.4,1551.0,2.7
2807913199,2022,48.9,24.9,20.8,1564.0,2.6
2807913200,2015,43.2,16.7,24.9,1481.0,2.7
2807913200,2016,43.9,17.4,25.4,1457.0,2.7
2807913200,2017,44.3,17.9,26.3,1442.0,2.6
2807913200,2018,44.1,17.8,26.4,1470.0,2.6
2807913200,2019,44.2,18.3,26.7,1475.0,2.7
2807913200,2020,44.5,19.1,25.7,1442.0,2.6
2807913200,2021,44.2,19.3,26.1,1439.0,2.6
2807913200,2022,43.9,19.2,28.0,1447.0,2.6
2807913201,2015,44.5,21.4,26.5,1053.0,2.6
2807913201,2016,44.2,20.4,25.5,1057.0,2.7
2807913201,2017,44.4,21.6,27.2,1035.0,2.6
2807913201,2018,44.5,22.0,27.4,1065.0,2.7
2807913201,2019,44.6,23.0,25.9,1083.0,2.7
2807913201,2020,44.7,23.4,25.2,1064.0,2.7
2807913201,2021,45.1,24.2,26.6,1047.0,2.6
2807913201,2022,45.2,24.1,26.5,1062.0,2.7
2807913202,2015,48.3,29.8,26.3,1529.0,2.5
2807913202,2016,48.9,30.7,26.4,1517.0,2.5
2807913202,2017,49.1,31.3,27.2,1529.0,2.5
2807913202,2018,49.8,32.2,27.0,1505.0,2.5
2807913202,2019,50.5,32.6,26.9,1477.0,2.5
2807913202,2020,51.0,33.3,29.4,1452.0,2.4
2807913202,2021,51.9,34.6,31.4,1430.0,2.4
2807913202,2022,52.6,36.1,32.5,1428.0,2.3
2807913203,2015,40.2,9.5,19.3,1536.0,2.9
2807913203,2016,41.1,10.4,19.5,1530.0,2.8
2807913203,2017,42.1,11.4,19.8,1495.0,2.8
2807913203,2018,42.7,12.0,20.3,1485.0,2.8
2807913203,2019,42.9,12.8,20.4,1498.0,2.8
2807913203,2020,43.6,14.0,21.5,1461.0,2.7
2807913203,2021,44.6,15.6,22.0,1422.0,2.7
2807913203,2022,45.7,18.1,24.5,1387.0,2.5
2807913204,2015,39.8,9.3,18.7,1507.0,2.8
2807913204,2016,40.6,9.9,18.7,1488.0,2.8
2807913204,2017,41.1,10.2,19.2,1510.0,2.8
2807913204,2018,42.0,11.2,19.7,1504.0,2.8
2807913204,2019,42.7,12.5,20.2,1502.0,2.8
2807913204,2020,43.4,13.6,20.4,1483.0,2.7
2807913204,2021,44.5,14.5,20.8,1453.0,2.7
2807913204,2022,45.2,15.7,23.9,1424.0,2.6
2807913205,2015,40.3,11.4,21.2,1247.0,2.8
2807913205,2016,41.3,12.2,20.1,1229.0,2.7
2807913205,2017,42.1,12.9,20.1,1244.0,2.7
2807913205,2018,42.8,13.7,19.8,1221.0,2.7
2807913205,2019,43.2,14.3,18.8,1226.0,2.7
2807913205,2020,43.4,14.6,20.1,1223.0,2.7
2807913205,2021,44.2,15.8,19.4,1215.0,2.7
2807913205,2022,44.2,16.1,21.6,1227.0,2.6
2807913206,2015,42.9,19.9,31.8,2346.0,2.5
2807913206,2016,42.8,19.5,32.3,2417.0,2.5
2807913206,2017,42.3,18.7,31.8,2530.0,2.5
2807913206,2018,41.9,18.0,31.2,2562.0,2.5
2807913206,2019,41.6,17.1,31.1,2640.0,2.6
2807913206,2020,41.7,16.9,32.3,2610.0,2.5
2807913206,2021,41.5,16.5,32.6,2623.0,2.5
2807913206,2022,40.9,15.9,33.0,2749.0,2.5
2807913207,2015,37.9,7.9,19.8,2222.0,2.8
2807913207,2016,38.8,8.6,19.7,2220.0,2.8
2807913207,2017,39.5,9.3,20.2,2198.0,2.8
2807913207,2018,40.3,9.8,21.9,2181.0,2.8
2807913207,2019,41.1,10.4,22.7,2174.0,2.8
2807913207,2020,41.6,10.7,21.3,2131.0,2.8
2807913207,2021,42.6,11.8,22.9,2083.0,2.7
2807913207,2022,43.6,13.9,24.3,2087.0,2.6
2807913208,2015,40.0,11.1,16.6,1781.0,2.9
2807913208,2016,40.6,11.7,18.1,1795.0,2.9
2807913208,2017,41.3,12.5,17.5,1779.0,2.9
2807913208,2018,42.4,13.8,15.9,1757.0,2.9
2807913208,2019,43.0,13.9,16.1,1761.0,2.8
2807913208,2020,43.6,15.3,16.5,1737.0,2.8
2807913208,2021,44.5,16.6,17.1,1720.0,2.8
2807913208,2022,45.2,17.8,19.0,1690.0,2.7
2807913209,2015,40.5,10.1,16.5,1568.0,2.9
2807913209,2016,41.3,10.5,15.7,1542.0,2.8
2807913209,2017,41.9,11.3,18.3,1520.0,2.8
2807913209,2018,42.9,12.0,19.9,1528.0,2.8
2807913209,2019,43.6,13.2,19.3,1543.0,2.8
2807913209,2020,44.2,13.9,19.2,1469.0,2.7
2807913209,2021,44.8,15.0,19.2,1463.0,2.7
2807913209,2022,45.9,17.0,21.7,1443.0,2.6
2807913210,2015,39.2,12.0,21.1,2461.0,2.9
2807913210,2016,39.5,12.4,20.4,2457.0,2.9
2807913210,2017,40.0,12.9,20.2,2428.0,2.9
2807913210,2018,40.3,13.2,21.4,2430.0,2.9
2807913210,2019,40.9,13.5,21.7,2436.0,2.8
2807913210,2020,41.3,14.1,22.4,2448.0,2.8
2807913210,2021,42.0,15.6,23.6,2379.0,2.8
2807913210,2022,42.5,17.1,25.2,2364.0,2.7
2807913211,2015,37.5,7.7,13.2,1102.0,3.2
2807913211,2016,37.8,7.9,14.7,1101.0,3.1
2807913211,2017,38.7,8.5,14.7,1085.0,3.1
2807913211,2018,39.4,9.0,13.2,1073.0,3.1
2807913211,2019,40.4,10.4,13.2,1057.0,3.0
2807913211,2020,40.8,11.2,13.6,1071.0,3.1
2807913211,2021,41.6,12.9,14.8,1054.0,3.0
2807913211,2022,42.2,14.0,16.3,1051.0,3.0
2807913212,2015,49.0,28.1,20.6,947.0,2.7
2807913212,2016,49.8,29.6,21.8,935.0,2.6
2807913212,2017,50.4,30.6,21.7,925.0,2.6
2807913212,2018,50.6,31.7,21.4,928.0,2.6
2807913212,2019,50.3,32.6,21.9,927.0,2.6
2807913212,2020,50.2,32.8,22.4,928.0,2.6
2807913212,2021,51.9,36.3,23.1,882.0,2.5
2807913212,2022,52.7,37.7,25.6,855.0,2.4
2807913213,2015,41.7,12.8,24.0,1262.0,2.6
2807913213,2016,42.3,13.1,24.2,1272.0,2.6
2807913213,2017,42.7,14.0,24.6,1281.0,2.6
2807913213,2018,43.1,14.3,23.7,1313.0,2.7
2807913213,2019,43.4,14.5,23.3,1332.0,2.7
2807913213,2020,44.0,15.5,24.8,1294.0,2.6
2807913213,2021,44.7,16.6,24.4,1287.0,2.6
2807913213,2022,44.8,17.3,27.7,1307.0,2.6
2807913214,2015,38.9,11.4,15.9,1258.0,3.1
2807913214,2016,38.7,11.7,14.8,1292.0,3.2
2807913214,2017,39.0,12.1,16.6,1284.0,3.1
2807913214,2018,39.4,12.9,18.8,1273.0,3.1
2807913214,2019,39.7,13.6,17.3,1283.0,3.1
2807913214,2020,39.7,14.1,17.9,1277.0,3.1
2807913214,2021,39.7,15.7,19.8,1264.0,3.0
2807913214,2022,39.5,16.1,20.4,1307.0,3.0
2807913215,2015,41.2,17.1,28.5,1081.0,2.6
2807913215,2016,41.8,17.4,29.1,1072.0,2.5
2807913215,2017,41.4,17.1,27.4,1109.0,2.6
2807913215,2018,41.5,17.0,26.6,1129.0,2.6
2807913215,2019,41.7,16.0,26.1,1154.0,2.6
2807913215,2020,41.5,15.3,26.6,1154.0,2.6
2807913215,2021,42.0,15.6,28.4,1100.0,2.5
2807913215,2022,41.6,15.3,29.3,1137.0,2.6
2807913216,2015,31.3,2.3,34.5,1766.0,2.4
2807913216,2016,31.7,2.5,35.0,1845.0,2.4
2807913216,2017,32.1,2.5,33.7,1891.0,2.4
2807913216,2018,32.9,3.0,33.3,1971.0,2.5
2807913216,2019,33.5,3.2,31.6,2047.0,2.5
2807913216,2020,34.3,3.6,32.4,2081.0,2.5
2807913216,2021,34.8,3.6,31.1,2245.0,2.4
2807913216,2022,35.2,3.9,32.4,2511.0,2.4
2807913217,2015,,,,,
2807913217,2016,,,,,
2807913217,2017,39.3,11.5,32.8,1211.0,2.5
2807913217,2018,39.2,11.5,33.9,1219.0,2.5
2807913217,2019,39.5,11.6,35.9,1221.0,2.5
2807913217,2020,39.6,12.4,38.5,1258.0,2.4
2807913217,2021,40.2,12.7,38.9,1257.0,2.3
2807913217,2022,39.5,11.7,38.0,1322.0,2.4
2807914001,2015,47.8,30.8,26.3,610.0,2.6
2807914001,2016,47.5,29.8,28.6,617.0,2.6
2807914001,2017,,,,,
2807914001,2018,,,,,
2807914001,2019,,,,,
2807914001,2020,,,,,
2807914001,2021,,,,,
2807914001,2022,,,,,
2807914002,2015,44.6,25.7,28.1,1329.0,2.5
2807914002,2016,44.8,25.6,29.6,1317.0,2.5
2807914002,2017,44.6,24.3,28.2,1352.0,2.5
2807914002,2018,45.3,24.4,29.6,1330.0,2.5
2807914002,2019,45.3,23.3,27.9,1394.0,2.5
2807914002,2020,45.5,23.3,28.7,1360.0,2.5
2807914002,2021,45.9,23.1,30.4,1300.0,2.4
2807914002,2022,45.3,21.8,30.6,1337.0,2.4
2807914003,2015,48.0,28.9,27.2,641.0,2.4
2807914003,2016,48.6,28.5,30.5,624.0,2.3
2807914003,2017,47.3,28.1,28.7,1275.0,2.5
2807914003,2018,46.6,27.1,26.9,1305.0,2.6
2807914003,2019,46.4,25.8,26.5,1302.0,2.6
2807914003,2020,46.8,25.5,29.0,1288.0,2.5
2807914003,2021,47.4,26.0,27.8,1259.0,2.5
2807914003,2022,47.1,25.7,28.9,1278.0,2.5
2807914004,2015,46.1,24.4,21.6,1211.0,2.7
2807914004,2016,46.8,25.1,22.4,1206.0,2.7
2807914004,2017,47.4,25.7,22.2,1195.0,2.7
2807914004,2018,47.4,25.7,24.5,1205.0,2.6
2807914004,2019,47.4,24.7,25.1,1200.0,2.6
2807914004,2020,48.2,25.0,24.8,1165.0,2.5
2807914004,2021,48.3,24.7,26.6,1148.0,2.5
2807914004,2022,48.3,25.1,27.5,1139.0,2.5
2807914005,2015,49.8,32.5,29.0,707.0,2.4
2807914005,2016,50.6,33.8,29.5,701.0,2.4
2807914005,2017,50.4,33.2,28.0,705.0,2.4
2807914005,2018,50.2,33.0,30.5,722.0,2.4
2807914005,2019,49.3,32.4,28.9,725.0,2.5
2807914005,2020,49.4,32.9,30.6,726.0,2.5
2807914005,2021,49.9,32.3,30.1,699.0,2.4
2807914005,2022,50.4,32.8,29.7,717.0,2.4
2807914006,2015,48.1,27.5,21.2,655.0,2.6
2807914006,2016,48.5,28.3,24.5,637.0,2.6
2807914006,2017,48.5,28.0,24.3,653.0,2.6
2807914006,2018,49.2,28.6,27.6,632.0,2.5
2807914006,2019,49.0,28.0,25.3,658.0,2.6
2807914006,2020,49.7,28.7,25.7,649.0,2.6
2807914006,2021,50.4,28.8,26.8,618.0,2.5
2807914006,2022,50.7,30.0,26.0,620.0,2.5
2807914010,2015,44.5,16.2,13.8,1293.0,2.9
2807914010,2016,45.1,17.2,14.3,1287.0,2.9
2807914010,2017,46.0,19.8,15.2,1273.0,2.8
2807914010,2018,46.6,21.9,16.0,1263.0,2.8
2807914010,2019,47.6,24.5,17.3,1237.0,2.8
2807914010,2020,48.5,26.8,18.1,1189.0,2.7
2807914010,2021,48.9,28.5,19.8,1189.0,2.7
2807914010,2022,49.7,32.3,20.3,1169.0,2.6
2807914012,2015,52.2,39.4,30.9,1437.0,2.3
2807914012,2016,52.2,39.4,31.5,1430.0,2.3
2807914012,2017,52.1,38.8,32.7,1442.0,2.3
2807914012,2018,52.1,38.7,33.7,1440.0,2.3
2807914012,2019,51.8,37.5,33.4,1485.0,2.3
2807914012,2020,52.5,37.8,33.9,1428.0,2.2
2807914012,2021,52.4,37.1,34.5,1436.0,2.2
2807914012,2022,51.9,35.7,34.7,1427.0,2.2
2807914013,2015,51.3,37.9,24.9,1019.0,2.5
2807914013,2016,52.3,39.0,25.8,994.0,2.4
2807914013,2017,53.0,40.0,25.2,977.0,2.4
2807914013,2018,53.5,40.7,25.8,995.0,2.4
2807914013,2019,53.6,41.5,26.0,994.0,2.4
2807914013,2020,53.4,40.6,25.9,976.0,2.4
2807914013,2021,53.6,40.9,25.6,985.0,2.4
2807914013,2022,53.8,40.8,27.5,978.0,2.4
2807914014,2015,51.8,37.6,23.8,660.0,2.4
2807914014,2016,51.1,35.7,23.5,664.0,2.4
2807914014,2017,51.7,36.3,21.9,666.0,2.4
2807914014,2018,51.9,35.9,23.5,672.0,2.4
2807914014,2019,52.9,36.0,23.8,677.0,2.4
2807914014,2020,53.0,36.7,26.7,645.0,2.3
2807914014,2021,53.2,36.9,28.3,634.0,2.3
2807914014,2022,52.6,35.9,30.7,632.0,2.3
2807914015,2015,52.2,37.1,22.0,874.0,2.4
2807914015,2016,52.5,37.5,24.0,869.0,2.4
2807914015,2017,53.3,37.8,25.6,849.0,2.4
2807914015,2018,53.5,38.6,26.6,832.0,2.4
2807914015,2019,53.6,39.3,26.7,838.0,2.4
2807914015,2020,54.1,40.0,29.1,796.0,2.3
2807914015,2021,53.9,40.2,30.9,816.0,2.3
2807914015,2022,54.1,40.7,32.8,826.0,2.2
2807914016,2015,50.4,32.6,29.3,748.0,2.4
2807914016,2016,51.2,34.0,27.3,739.0,2.4
2807914016,2017,51.4,33.9,26.0,737.0,2.4
2807914016,2018,52.3,34.9,27.5,731.0,2.3
2807914016,2019,52.8,36.6,28.7,710.0,2.3
2807914016,2020,52.7,37.3,28.1,699.0,2.3
2807914016,2021,52.6,36.5,32.6,687.0,2.2
2807914016,2022,52.0,36.0,34.5,686.0,2.2
2807914017,2015,50.7,37.4,26.0,776.0,2.3
2807914017,2016,51.0,37.3,26.2,790.0,2.4
2807914017,2017,50.7,36.2,25.7,792.0,2.4
2807914017,2018,51.3,35.9,25.4,794.0,2.4
2807914017,2019,51.5,35.4,26.4,793.0,2.4
2807914017,2020,51.7,35.1,26.6,803.0,2.4
2807914017,2021,50.8,34.1,27.7,793.0,2.4
2807914017,2022,51.7,34.9,27.6,768.0,2.3
2807914018,2015,51.4,37.1,28.5,1128.0,2.4
2807914018,2016,51.8,37.8,29.3,1119.0,2.3
2807914018,2017,52.0,37.8,29.5,1124.0,2.3
2807914018,2018,52.2,38.0,29.2,1129.0,2.4
2807914018,2019,52.9,38.7,31.7,1102.0,2.3
2807914018,2020,53.2,38.6,32.5,1092.0,2.3
2807914018,2021,53.2,39.3,33.0,1085.0,2.3
2807914018,2022,53.0,38.7,31.8,1094.0,2.3
2807914019,2015,52.2,40.1,27.5,611.0,2.4
2807914019,2016,52.6,40.3,29.3,605.0,2.3
2807914019,2017,53.2,39.8,28.2,613.0,2.4
2807914019,2018,52.8,41.2,25.4,626.0,2.4
2807914019,2019,53.4,42.3,28.6,607.0,2.3
2807914019,2020,54.1,42.9,30.0,587.0,2.3
2807914019,2021,52.5,39.1,30.0,598.0,2.3
2807914019,2022,,,,,
2807914020,2015,50.4,36.6,25.4,921.0,2.5
2807914020,2016,51.6,38.5,24.9,904.0,2.4
2807914020,2017,52.5,39.4,27.5,891.0,2.4
2807914020,2018,52.9,39.8,27.0,888.0,2.4
2807914020,2019,53.5,40.8,25.6,873.0,2.3
2807914020,2020,53.9,41.0,28.6,856.0,2.3
2807914020,2021,54.3,41.6,28.5,836.0,2.3
2807914020,2022,53.8,40.5,31.0,1432.0,2.3
2807914021,2015,53.3,40.4,29.5,915.0,2.3
2807914021,2016,53.5,41.0,31.3,913.0,2.3
2807914021,2017,53.2,39.9,31.1,945.0,2.3
2807914021,2018,53.3,39.9,31.1,952.0,2.3
2807914021,2019,53.1,39.2,30.5,967.0,2.4
2807914021,2020,53.6,39.0,33.0,925.0,2.3
2807914021,2021,54.0,38.8,32.4,915.0,2.3
2807914021,2022,53.5,37.3,31.0,923.0,2.3
2807914022,2015,51.2,39.9,28.5,864.0,2.4
2807914022,2016,51.0,39.7,28.5,878.0,2.4
2807914022,2017,51.8,40.2,27.4,883.0,2.3
2807914022,2018,52.2,40.8,28.2,882.0,2.4
2807914022,2019,52.1,40.8,29.6,883.0,2.4
2807914022,2020,52.6,41.0,33.6,856.0,2.3
2807914022,2021,52.9,40.0,32.3,861.0,2.3
2807914022,2022,54.1,41.2,32.8,838.0,2.3
2807914023,2015,51.7,36.9,29.6,585.0,2.3
2807914023,2016,52.4,38.0,33.6,574.0,2.2
2807914023,2017,,,,,
2807914023,2018,,,,,
2807914023,2019,,,,,
2807914023,2020,,,,,
2807914023,2021,,,,,
2807914023,2022,,,,,
2807914024,2015,53.7,41.5,25.5,879.0,2.3
2807914024,2016,54.0,41.9,26.1,869.0,2.3
2807914024,2017,53.8,40.7,29.6,1447.0,2.3
2807914024,2018,54.2,41.5,30.6,1427.0,2.3
2807914024,2019,54.7,41.8,31.2,1415.0,2.2
2807914024,2020,54.8,41.9,32.1,1381.0,2.2
2807914024,2021,55.1,42.4,33.0,1329.0,2.2
2807914024,2022,54.5,41.3,33.0,1379.0,2.2
2807914025,2015,52.1,36.9,35.2,1094.0,2.1
2807914025,2016,51.5,35.8,33.0,1122.0,2.1
2807914025,2017,51.4,35.0,32.8,1151.0,2.2
2807914025,2018,51.5,34.8,33.9,1149.0,2.2
2807914025,2019,51.0,33.6,32.5,1178.0,2.2
2807914025,2020,50.5,32.8,33.9,1142.0,2.2
2807914025,2021,50.5,32.8,35.3,1119.0,2.2
2807914025,2022,50.1,31.0,36.9,1151.0,2.2
2807914026,2015,45.7,22.9,32.9,898.0,2.4
2807914026,2016,46.6,23.9,31.7,880.0,2.3
2807914026,2017,46.6,23.5,31.1,895.0,2.4
2807914026,2018,47.2,23.8,32.0,885.0,2.3
2807914026,2019,47.6,23.6,32.8,893.0,2.3
2807914026,2020,47.7,23.7,32.5,882.0,2.3
2807914026,2021,47.5,23.4,33.3,855.0,2.3
2807914026,2022,47.5,23.7,33.7,873.0,2.2
2807914027,2015,47.8,28.9,33.5,1123.0,2.3
2807914027,2016,47.8,28.3,35.0,1122.0,2.2
2807914027,2017,48.5,29.0,36.8,1088.0,2.2
2807914027,2018,48.7,29.1,38.0,1078.0,2.2
2807914027,2019,49.4,29.1,40.3,1045.0,2.1
2807914027,2020,49.6,28.9,39.3,1041.0,2.1
2807914027,2021,49.9,28.0,42.7,993.0,2.1
2807914027,2022,49.3,26.6,40.2,1038.0,2.1
2807914028,2015,45.4,24.2,42.6,961.0,2.1
2807914028,2016,45.4,23.4,42.3,962.0,2.2
2807914028,2017,45.0,22.3,41.9,971.0,2.2
2807914028,2018,45.0,22.0,43.9,968.0,2.1
2807914028,2019,45.2,21.6,42.2,976.0,2.1
2807914028,2020,45.2,21.3,40.2,988.0,2.2
2807914028,2021,45.7,21.4,41.0,973.0,2.1
2807914028,2022,45.6,21.2,41.1,983.0,2.1
2807914029,2015,47.8,26.7,36.7,934.0,2.2
2807914029,2016,47.8,27.2,38.3,919.0,2.1
2807914029,2017,47.7,26.4,35.7,932.0,2.2
2807914029,2018,47.8,26.8,39.2,930.0,2.2
2807914029,2019,47.7,25.8,40.7,925.0,2.1
2807914029,2020,48.1,26.3,42.0,881.0,2.1
2807914029,2021,47.8,26.5,42.3,875.0,2.1
2807914029,2022,47.8,26.6,42.4,867.0,2.0
2807914030,2015,47.6,27.0,22.8,1765.0,2.6
2807914030,2016,48.3,29.3,23.5,1710.0,2.5
2807914030,2017,48.8,30.6,24.5,1706.0,2.5
2807914030,2018,49.1,31.9,24.0,1728.0,2.5
2807914030,2019,49.2,32.4,25.3,1728.0,2.5
2807914030,2020,49.7,33.8,27.1,1671.0,2.4
2807914030,2021,50.5,35.0,28.1,1645.0,2.4
2807914030,2022,50.6,35.4,29.9,1655.0,2.4
2807914031,2015,53.1,40.8,27.5,880.0,2.4
2807914031,2016,53.3,40.4,28.1,895.0,2.3
2807914031,2017,53.5,40.4,24.9,893.0,2.4
2807914031,2018,53.1,39.5,28.0,894.0,2.4
2807914031,2019,53.0,38.6,29.7,892.0,2.3
2807914031,2020,53.4,37.9,28.0,879.0,2.3
2807914031,2021,52.7,36.1,28.3,891.0,2.4
2807914031,2022,52.4,35.5,27.8,896.0,2.4
2807914032,2015,54.2,41.0,28.3,1015.0,2.3
2807914032,2016,54.6,41.3,28.4,1007.0,2.3
2807914032,2017,55.0,41.8,29.8,1010.0,2.2
2807914032,2018,55.3,41.7,30.7,995.0,2.3
2807914032,2019,55.7,41.7,31.2,990.0,2.2
2807914032,2020,55.6,41.6,33.9,957.0,2.2
2807914032,2021,56.1,42.6,35.5,943.0,2.2
2807914032,2022,55.9,41.9,35.0,949.0,2.2
2807914033,2015,49.5,30.9,30.7,745.0,2.4
2807914033,2016,49.8,30.9,32.0,727.0,2.4
2807914033,2017,49.6,30.8,33.8,733.0,2.4
2807914033,2018,49.0,29.8,33.1,762.0,2.4
2807914033,2019,49.2,29.7,30.4,751.0,2.4
2807914033,2020,48.3,27.6,30.8,768.0,2.5
2807914033,2021,48.5,27.8,31.2,755.0,2.4
2807914033,2022,49.3,29.4,32.6,724.0,2.4
2807914034,2015,51.6,38.3,28.0,874.0,2.4
2807914034,2016,51.5,37.9,29.4,877.0,2.4
2807914034,2017,51.5,37.8,29.6,884.0,2.4
2807914034,2018,51.8,37.3,28.4,887.0,2.3
2807914034,2019,52.2,37.2,28.3,873.0,2.3
2807914034,2020,52.1,37.3,29.8,860.0,2.3
2807914034,2021,52.3,36.6,28.7,864.0,2.3
2807914034,2022,52.1,36.8,30.0,862.0,2.3
2807914035,2015,47.8,29.3,31.2,727.0,2.4
2807914035,2016,47.6,28.9,34.0,707.0,2.3
2807914035,2017,47.0,27.8,34.2,724.0,2.3
2807914035,2018,46.9,26.3,35.4,720.0,2.3
2807914035,2019,46.7,25.7,34.9,739.0,2.3
2807914035,2020,45.9,24.2,35.4,757.0,2.4
2807914035,2021,46.3,24.4,39.1,725.0,2.3
2807914035,2022,46.8,24.9,41.0,694.0,2.2
2807914036,2015,47.0,26.9,31.9,1032.0,2.4
2807914036,2016,46.7,26.0,32.6,1040.0,2.4
2807914036,2017,46.3,24.8,33.5,1047.0,2.4
2807914036,2018,45.6,22.3,33.3,1066.0,2.5
2807914036,2019,44.8,20.5,33.2,1116.0,2.5
2807914036,2020,45.2,20.6,33.9,1087.0,2.5
2807914036,2021,44.6,19.9,35.6,1101.0,2.5
2807914036,2022,44.2,19.8,35.4,1104.0,2.5
2807914037,2015,48.5,29.9,41.1,950.0,2.1
2807914037,2016,48.0,28.2,42.6,951.0,2.1
2807914037,2017,48.1,28.0,43.1,942.0,2.1
2807914037,2018,47.2,26.6,42.4,971.0,2.1
2807914037,2019,47.5,26.2,42.1,966.0,2.1
2807914037,2020,47.7,26.5,43.4,939.0,2.0
2807914037,2021,47.6,25.5,44.6,910.0,2.0
2807914037,2022,46.4,23.2,45.0,934.0,2.1
2807914038,2015,47.7,26.3,38.3,779.0,2.1
2807914038,2016,47.4,25.6,39.1,766.0,2.1
2807914038,2017,46.3,23.6,38.4,798.0,2.1
2807914038,2018,45.6,22.5,36.7,796.0,2.2
2807914038,2019,45.2,21.5,36.2,805.0,2.2
2807914038,2020,45.3,21.1,37.6,812.0,2.2
2807914038,2021,45.0,20.9,40.6,798.0,2.1
2807914038,2022,44.2,19.5,39.3,835.0,2.2
2807914039,2015,45.7,20.7,34.3,1101.0,2.3
2807914039,2016,45.9,21.0,36.3,1081.0,2.3
2807914039,2017,46.4,22.0,38.4,1059.0,2.3
2807914039,2018,46.8,22.4,36.9,1066.0,2.3
2807914039,2019,47.0,21.3,35.9,1083.0,2.3
2807914039,2020,46.9,20.9,34.9,1070.0,2.3
2807914039,2021,46.6,21.0,36.3,1076.0,2.3
2807914039,2022,46.6,20.8,35.5,1099.0,2.3
2807914040,2015,44.2,18.6,21.8,1864.0,2.7
2807914040,2016,44.9,20.1,22.5,1836.0,2.7
2807914040,2017,45.7,22.2,23.7,1819.0,2.6
2807914040,2018,45.8,23.4,24.7,1824.0,2.6
2807914040,2019,46.0,24.5,25.2,1848.0,2.6
2807914040,2020,46.9,26.7,26.2,1795.0,2.5
2807914040,2021,47.7,28.6,27.4,1755.0,2.5
2807914040,2022,47.6,28.8,28.0,1748.0,2.5
2807914041,2015,53.3,40.8,20.4,905.0,2.5
2807914041,2016,53.4,40.7,22.2,912.0,2.5
2807914041,2017,54.5,43.1,22.7,880.0,2.4
2807914041,2018,54.6,43.2,22.6,882.0,2.4
2807914041,2019,55.3,43.4,22.7,868.0,2.4
2807914041,2020,56.1,46.7,25.1,842.0,2.3
2807914041,2021,57.5,48.9,28.3,805.0,2.3
2807914041,2022,57.7,50.3,28.5,797.0,2.2
2807914042,2015,49.8,32.0,22.2,1113.0,2.6
2807914042,2016,50.0,33.4,21.3,1130.0,2.6
2807914042,2017,51.3,36.6,21.5,1096.0,2.5
2807914042,2018,51.7,37.8,21.4,1093.0,2.5
2807914042,2019,51.9,40.0,22.5,1107.0,2.5
2807914042,2020,52.6,41.2,23.3,1082.0,2.5
2807914042,2021,53.0,42.2,24.7,1065.0,2.4
2807914042,2022,52.3,42.3,28.0,1079.0,2.5
2807914043,2015,53.5,39.2,31.8,762.0,2.2
2807914043,2016,53.5,38.3,31.8,780.0,2.2
2807914043,2017,52.9,37.0,30.9,792.0,2.3
2807914043,2018,53.0,36.2,32.1,802.0,2.3
2807914043,2019,52.8,35.9,30.9,814.0,2.3
2807914043,2020,52.6,35.6,31.0,789.0,2.3
2807914043,2021,52.0,34.1,30.3,788.0,2.3
2807914043,2022,52.2,33.6,31.6,782.0,2.3
2807914044,2015,48.6,31.1,28.5,936.0,2.5
2807914044,2016,48.9,31.2,27.7,939.0,2.5
2807914044,2017,48.4,29.8,27.9,968.0,2.5
2807914044,2018,48.0,28.4,27.8,968.0,2.5
2807914044,2019,48.2,28.4,28.2,968.0,2.5
2807914044,2020,48.1,28.4,29.3,953.0,2.4
2807914044,2021,49.1,29.0,27.0,925.0,2.4
2807914044,2022,49.1,29.2,27.3,941.0,2.4
2807914045,2015,50.6,34.8,30.4,911.0,2.3
2807914045,2016,49.7,32.7,30.5,944.0,2.4
2807914045,2017,49.6,31.0,31.9,957.0,2.4
2807914045,2018,48.8,29.7,32.1,973.0,2.4
2807914045,2019,48.3,28.3,31.0,998.0,2.5
2807914045,2020,48.6,27.7,34.1,948.0,2.4
2807914045,2021,48.5,28.3,35.4,959.0,2.4
2807914045,2022,48.5,27.3,35.4,953.0,2.3
2807914046,2015,47.3,26.2,27.8,1065.0,2.5
2807914046,2016,46.6,26.6,27.3,1085.0,2.5
2807914046,2017,45.7,25.4,28.9,1143.0,2.6
2807914046,2018,45.6,25.5,27.7,1155.0,2.6
2807914046,2019,46.3,26.3,27.5,1145.0,2.6
2807914046,2020,46.9,26.6,28.3,1101.0,2.5
2807914046,2021,46.8,25.5,29.2,1094.0,2.5
2807914046,2022,46.2,24.7,29.8,1133.0,2.5
2807914047,2015,46.1,26.2,32.0,1097.0,2.4
2807914047,2016,45.7,24.6,30.6,1090.0,2.4
2807914047,2017,45.6,23.5,32.6,1095.0,2.3
2807914047,2018,44.9,22.3,31.9,1137.0,2.4
2807914047,2019,44.7,20.9,32.6,1197.0,2.5
2807914047,2020,44.4,19.8,33.9,1149.0,2.5
2807914047,2021,44.1,18.6,34.1,1131.0,2.4
2807914047,2022,44.0,18.0,33.0,1155.0,2.4
2807914048,2015,47.3,27.5,30.1,1086.0,2.5
2807914048,2016,47.3,27.4,31.9,1078.0,2.5
2807914048,2017,46.8,25.7,31.7,1105.0,2.5
2807914048,2018,47.4,25.5,33.2,1080.0,2.5
2807914048,2019,47.4,24.7,32.7,1108.0,2.5
2807914048,2020,47.5,24.9,34.5,1080.0,2.5
2807914048,2021,48.6,25.9,35.2,1035.0,2.4
2807914048,2022,47.4,24.9,35.7,1085.0,2.4
2807914049,2015,47.7,29.5,29.9,1133.0,2.5
2807914049,2016,47.8,29.0,29.8,1139.0,2.5
2807914049,2017,47.2,27.1,29.6,1171.0,2.5
2807914049,2018,47.5,26.9,28.5,1177.0,2.6
2807914049,2019,47.7,26.6,29.8,1177.0,2.5
2807914049,2020,47.4,25.4,32.4,1164.0,2.5
2807914049,2021,47.5,25.8,32.8,1132.0,2.5
2807914049,2022,46.8,24.2,32.2,1173.0,2.5
2807914050,2015,47.8,28.6,32.3,1043.0,2.4
2807914050,2016,47.2,27.1,32.3,1054.0,2.4
2807914050,2017,46.6,26.1,31.1,1076.0,2.5
2807914050,2018,46.1,25.2,32.0,1089.0,2.5
2807914050,2019,45.3,23.0,30.2,1126.0,2.6
2807914050,2020,45.5,22.9,32.4,1097.0,2.5
2807914050,2021,44.9,21.9,30.7,1104.0,2.5
2807914050,2022,44.8,21.5,31.0,1137.0,2.6
2807914051,2015,45.5,24.4,30.3,951.0,2.4
2807914051,2016,45.7,24.3,29.7,948.0,2.4
2807914051,2017,45.4,23.5,30.3,959.0,2.5
2807914051,2018,45.2,22.2,31.7,993.0,2.5
2807914051,2019,44.8,22.3,29.8,1008.0,2.5
2807914051,2020,44.6,21.4,31.6,1008.0,2.5
2807914051,2021,44.9,20.9,31.4,985.0,2.5
2807914051,2022,44.8,20.6,34.6,984.0,2.5
2807914052,2015,46.7,27.6,29.4,914.0,2.5
2807914052,2016,46.7,27.3,31.2,898.0,2.4
2807914052,2017,47.5,27.6,32.4,878.0,2.4
2807914052,2018,47.5,26.7,31.2,879.0,2.4
2807914052,2019,47.0,25.8,29.4,904.0,2.4
2807914052,2020,46.7,24.9,28.0,884.0,2.4
2807914052,2021,47.1,24.7,28.2,899.0,2.4
2807914052,2022,45.8,22.5,31.2,940.0,2.5
2807914053,2015,44.2,22.1,30.4,777.0,2.5
2807914053,2016,43.5,20.2,28.7,841.0,2.7
2807914053,2017,43.7,20.5,31.0,816.0,2.6
2807914053,2018,43.4,19.6,28.7,833.0,2.7
2807914053,2019,43.3,18.8,26.8,861.0,2.7
2807914053,2020,43.0,18.4,28.4,857.0,2.7
2807914053,2021,44.2,18.3,32.5,804.0,2.6
2807914053,2022,43.0,17.1,29.3,880.0,2.8
2807914054,2015,44.8,23.8,31.6,1041.0,2.5
2807914054,2016,44.7,23.2,32.1,1033.0,2.5
2807914054,2017,44.1,22.5,32.9,1035.0,2.5
2807914054,2018,44.9,22.3,33.7,1009.0,2.4
2807914054,2019,44.2,21.9,32.0,1096.0,2.5
2807914054,2020,43.7,20.5,32.9,1105.0,2.6
2807914054,2021,44.0,19.9,32.3,1095.0,2.5
2807914054,2022,43.6,19.7,32.5,1096.0,2.5
2807914055,2015,48.7,31.0,28.1,894.0,2.4
2807914055,2016,48.8,30.6,32.5,866.0,2.4
2807914055,2017,49.1,30.7,31.7,867.0,2.4
2807914055,2018,49.2,30.9,30.2,888.0,2.4
2807914055,2019,49.5,31.0,30.9,903.0,2.4
2807914055,2020,48.9,30.2,31.6,898.0,2.4
2807914055,2021,48.9,29.2,33.4,902.0,2.4
2807914055,2022,47.9,28.2,32.8,909.0,2.4
2807914056,2015,47.5,29.7,25.3,757.0,2.6
2807914056,2016,48.0,29.6,26.3,751.0,2.5
2807914056,2017,47.7,28.2,26.4,751.0,2.5
2807914056,2018,46.9,26.8,27.2,760.0,2.6
2807914056,2019,45.4,24.1,27.5,796.0,2.6
2807914056,2020,45.7,23.4,30.1,786.0,2.5
2807914056,2021,45.5,23.0,29.5,797.0,2.6
2807914056,2022,46.3,23.9,30.3,754.0,2.4
2807914057,2015,46.8,26.5,31.3,942.0,2.4
2807914057,2016,46.3,26.2,30.3,978.0,2.4
2807914057,2017,45.4,24.5,31.6,1004.0,2.4
2807914057,2018,45.6,24.2,32.7,999.0,2.5
2807914057,2019,45.2,23.1,31.6,1020.0,2.5
2807914057,2020,45.4,23.1,31.5,985.0,2.4
2807914057,2021,44.7,22.1,31.3,1024.0,2.5
2807914057,2022,45.8,23.1,31.6,1003.0,2.4
2807914058,2015,46.9,29.4,26.7,875.0,2.5
2807914058,2016,46.6,28.5,27.6,874.0,2.6
2807914058,2017,46.5,27.9,27.2,893.0,2.6
2807914058,2018,45.8,26.9,26.6,919.0,2.7
2807914058,2019,44.9,25.2,27.5,912.0,2.6
2807914058,2020,45.4,25.4,30.1,901.0,2.6
2807914058,2021,45.5,25.1,28.8,901.0,2.6
2807914058,2022,45.3,24.4,29.2,918.0,2.6
2807914059,2015,48.2,28.7,28.8,1283.0,2.4
2807914059,2016,47.6,27.6,29.1,1309.0,2.5
2807914059,2017,47.8,26.9,28.6,1321.0,2.5
2807914059,2018,47.3,26.0,29.6,1352.0,2.5
2807914059,2019,47.1,25.2,30.2,1375.0,2.5
2807914059,2020,47.5,25.4,31.7,1337.0,2.5
2807914059,2021,47.7,25.3,31.8,1268.0,2.4
2807914059,2022,46.5,23.8,31.4,1328.0,2.5
2807914060,2015,51.2,33.8,32.0,715.0,2.3
2807914060,2016,50.6,32.6,30.6,726.0,2.4
2807914060,2017,50.7,32.7,28.3,755.0,2.4
2807914060,2018,50.1,31.7,27.8,772.0,2.4
2807914060,2019,50.5,32.3,28.8,755.0,2.4
2807914060,2020,51.0,32.7,28.9,734.0,2.4
2807914060,2021,50.7,31.3,28.7,738.0,2.4
2807914060,2022,50.7,31.6,30.1,724.0,2.4
2807914061,2015,48.1,30.5,22.8,1330.0,2.6
2807914061,2016,49.0,31.6,22.2,1299.0,2.6
2807914061,2017,49.4,32.1,22.5,1285.0,2.6
2807914061,2018,50.1,33.2,23.9,1261.0,2.5
2807914061,2019,50.2,33.2,22.6,1282.0,2.5
2807914061,2020,50.5,33.2,24.6,1239.0,2.5
2807914061,2021,51.0,33.4,24.6,1235.0,2.5
2807914061,2022,51.5,34.4,25.6,1227.0,2.5
2807914062,2015,47.7,30.1,25.3,1016.0,2.6
2807914062,2016,48.4,30.7,25.8,989.0,2.5
2807914062,2017,49.0,30.6,25.8,994.0,2.6
2807914062,2018,48.4,29.8,28.2,971.0,2.5
2807914062,2019,48.2,28.8,27.7,979.0,2.5
2807914062,2020,48.6,29.3,27.4,983.0,2.5
2807914062,2021,48.4,28.3,28.0,973.0,2.5
2807914062,2022,47.4,26.9,27.4,1000.0,2.6
2807914063,2015,52.9,41.1,26.9,912.0,2.3
2807914063,2016,52.6,40.9,26.1,926.0,2.3
2807914063,2017,53.0,41.3,26.0,934.0,2.3
2807914063,2018,52.7,40.4,27.0,921.0,2.3
2807914063,2019,51.8,39.4,28.4,948.0,2.4
2807914063,2020,52.7,39.9,29.9,895.0,2.3
2807914063,2021,52.3,39.1,29.9,903.0,2.3
2807914063,2022,52.0,39.0,29.3,923.0,2.3
2807914064,2015,49.5,32.9,32.9,1142.0,2.3
2807914064,2016,49.4,32.7,32.9,1134.0,2.3
2807914064,2017,49.7,32.2,34.7,1135.0,2.3
2807914064,2018,49.9,31.6,35.6,1115.0,2.3
2807914064,2019,49.8,30.3,35.2,1122.0,2.3
2807914064,2020,50.6,30.7,37.5,1092.0,2.2
2807914064,2021,49.8,29.2,38.8,1113.0,2.2
2807914064,2022,49.5,28.8,36.4,1818.0,2.3
2807914065,2015,49.4,33.9,36.8,924.0,2.3
2807914065,2016,49.3,33.3,36.7,916.0,2.3
2807914065,2017,49.4,32.3,37.9,920.0,2.3
2807914065,2018,49.0,31.3,37.7,931.0,2.3
2807914065,2019,49.5,31.1,37.3,941.0,2.3
2807914065,2020,50.4,31.0,35.4,909.0,2.3
2807914065,2021,51.0,30.9,38.5,889.0,2.2
2807914065,2022,50.9,30.9,36.1,893.0,2.2
2807914066,2015,45.3,23.0,35.0,714.0,2.4
2807914066,2016,45.2,22.6,34.9,717.0,2.4
2807914066,2017,44.8,22.2,35.3,712.0,2.3
2807914066,2018,44.6,21.3,34.9,722.0,2.4
2807914066,2019,44.8,20.7,34.0,731.0,2.4
2807914066,2020,43.9,18.5,31.2,729.0,2.5
2807914066,2021,44.8,18.8,32.7,729.0,2.4
2807914066,2022,,,,,
2807914067,2015,45.1,22.9,34.2,1039.0,2.4
2807914067,2016,44.1,21.7,35.7,1038.0,2.3
2807914067,2017,44.3,20.8,36.1,1034.0,2.3
2807914067,2018,43.8,19.7,33.4,1074.0,2.4
2807914067,2019,43.8,18.9,33.5,1101.0,2.4
2807914067,2020,44.0,18.6,33.9,1088.0,2.4
2807914067,2021,44.3,19.6,35.1,1075.0,2.4
2807914067,2022,43.9,18.6,34.7,1830.0,2.5
2807914068,2015,47.8,27.9,34.2,696.0,2.3
2807914068,2016,47.2,27.3,32.9,714.0,2.3
2807914068,2017,47.2,26.2,31.2,724.0,2.4
2807914068,2018,47.5,26.4,33.0,693.0,2.3
2807914068,2019,47.0,24.6,32.8,717.0,2.4
2807914068,2020,46.9,25.0,35.5,676.0,2.3
2807914068,2021,46.5,24.6,37.2,699.0,2.3
2807914068,2022,,,,,
2807914069,2015,49.5,34.7,31.5,671.0,2.3
2807914069,2016,50.6,35.0,32.0,671.0,2.2
2807914069,2017,50.6,33.8,34.2,657.0,2.2
2807914069,2018,51.0,32.5,34.2,653.0,2.2
2807914069,2019,50.5,30.1,32.4,694.0,2.3
2807914069,2020,50.6,31.0,34.9,675.0,2.2
2807914069,2021,51.2,30.3,37.1,663.0,2.2
2807914069,2022,47.7,26.3,37.0,1387.0,2.3
2807914070,2015,47.1,27.2,35.5,911.0,2.2
2807914070,2016,46.6,25.4,37.7,905.0,2.2
2807914070,2017,47.1,25.5,37.0,869.0,2.2
2807914070,2018,46.6,24.4,36.3,899.0,2.3
2807914070,2019,47.0,24.0,35.5,905.0,2.3
2807914070,2020,47.7,24.2,37.0,876.0,2.2
2807914070,2021,48.0,24.1,38.2,865.0,2.2
2807914070,2022,48.0,23.2,38.2,875.0,2.2
2807914071,2015,49.4,31.1,40.4,972.0,2.1
2807914071,2016,48.8,30.2,41.5,955.0,2.0
2807914071,2017,48.6,29.4,41.1,971.0,2.1
2807914071,2018,48.0,27.7,40.3,979.0,2.1
2807914071,2019,48.5,28.0,41.9,989.0,2.1
2807914071,2020,48.9,27.2,41.5,986.0,2.1
2807914071,2021,49.9,27.8,43.4,944.0,2.0
2807914071,2022,48.5,26.0,40.8,995.0,2.1
2807914072,2015,51.0,34.5,29.5,909.0,2.3
2807914072,2016,51.2,34.0,30.4,909.0,2.3
2807914072,2017,51.2,34.0,30.2,912.0,2.3
2807914072,2018,50.9,33.3,31.1,910.0,2.3
2807914072,2019,50.5,32.1,30.6,918.0,2.3
2807914072,2020,50.8,31.9,33.5,898.0,2.3
2807914072,2021,50.6,31.3,34.3,884.0,2.3
2807914072,2022,50.4,30.2,35.2,878.0,2.3
2807914073,2015,48.0,30.0,26.6,1044.0,2.4
2807914073,2016,48.5,30.3,27.5,1020.0,2.4
2807914073,2017,48.1,29.3,27.8,1032.0,2.4
2807914073,2018,48.5,29.1,28.9,1033.0,2.4
2807914073,2019,48.7,28.6,30.4,1043.0,2.4
2807914073,2020,48.6,28.3,31.3,1037.0,2.4
2807914073,2021,48.5,28.3,34.6,1009.0,2.3
2807914073,2022,48.8,27.6,31.7,1022.0,2.4
2807914074,2015,49.9,34.3,29.0,686.0,2.4
2807914074,2016,50.9,34.7,32.5,657.0,2.3
2807914074,2017,51.1,33.6,30.1,676.0,2.3
2807914074,2018,50.9,32.5,30.9,684.0,2.4
2807914074,2019,50.9,32.6,32.1,690.0,2.4
2807914074,2020,51.1,32.8,33.0,677.0,2.3
2807914074,2021,51.2,33.1,36.3,634.0,2.3
2807914074,2022,,,,,
2807914075,2015,49.7,32.7,37.7,843.0,2.2
2807914075,2016,49.5,31.9,37.4,844.0,2.2
2807914075,2017,49.0,30.6,37.5,857.0,2.2
2807914075,2018,49.7,31.0,38.9,845.0,2.2
2807914075,2019,49.0,29.9,38.2,866.0,2.3
2807914075,2020,48.7,28.4,37.7,857.0,2.3
2807914075,2021,48.8,28.2,36.6,857.0,2.2
2807914075,2022,47.5,27.3,35.1,899.0,2.3
2807914076,2015,50.3,36.2,28.5,876.0,2.4
2807914076,2016,50.6,35.9,28.7,849.0,2.4
2807914076,2017,50.3,34.7,31.6,861.0,2.3
2807914076,2018,50.2,34.7,32.1,888.0,2.3
2807914076,2019,49.4,33.1,32.4,915.0,2.4
2807914076,2020,49.6,32.3,30.4,894.0,2.4
2807914076,2021,49.8,32.2,29.9,888.0,2.4
2807914076,2022,49.5,31.2,30.0,882.0,2.4
2807914077,2015,49.4,33.0,31.4,789.0,2.3
2807914077,2016,50.0,33.0,33.2,772.0,2.3
2807914077,2017,49.1,31.0,32.4,1419.0,2.3
2807914077,2018,48.5,29.7,32.9,1449.0,2.3
2807914077,2019,48.3,28.8,32.9,1453.0,2.3
2807914077,2020,48.1,27.5,33.9,1421.0,2.3
2807914077,2021,48.2,26.8,34.8,1427.0,2.3
2807914077,2022,47.7,26.4,33.7,1492.0,2.4
2807914078,2015,48.6,32.1,34.1,641.0,2.3
2807914078,2016,47.2,29.4,32.4,650.0,2.4
2807914078,2017,,,,,
2807914078,2018,,,,,
2807914078,2019,,,,,
2807914078,2020,,,,,
2807914078,2021,,,,,
2807914078,2022,,,,,
2807914079,2015,45.8,20.0,18.7,1058.0,2.8
2807914079,2016,46.5,22.5,18.6,1054.0,2.8
2807914079,2017,47.5,25.1,20.2,1038.0,2.7
2807914079,2018,48.8,28.8,21.1,1029.0,2.7
2807914079,2019,49.6,31.0,21.5,1013.0,2.7
2807914079,2020,50.4,32.9,23.1,1000.0,2.6
2807914079,2021,51.3,36.4,24.1,957.0,2.5
2807914079,2022,51.9,38.8,25.3,951.0,2.5
2807914080,2015,42.3,13.4,12.8,1272.0,3.1
2807914080,2016,43.0,14.7,13.4,1268.0,3.1
2807914080,2017,43.6,15.8,13.5,1285.0,3.1
2807914080,2018,44.5,17.1,13.9,1237.0,3.1
2807914080,2019,45.4,18.2,14.4,1241.0,3.0
2807914080,2020,46.6,21.1,15.6,1197.0,2.9
2807914080,2021,47.5,24.1,16.1,1172.0,2.9
2807914080,2022,48.3,26.0,15.3,1165.0,2.8
2807914081,2015,40.9,12.9,17.8,2570.0,2.9
2807914081,2016,41.8,13.3,18.6,2506.0,2.8
2807914081,2017,37.0,4.6,16.9,855.0,3.1
2807914081,2018,37.8,5.0,16.7,864.0,3.1
2807914081,2019,38.9,5.4,16.7,858.0,3.0
2807914081,2020,39.5,5.0,14.6,855.0,3.1
2807914081,2021,40.4,5.8,13.9,842.0,3.0
2807914081,2022,41.5,6.3,15.0,822.0,2.9
2807914082,2015,37.4,12.2,17.3,1307.0,3.4
2807914082,2016,37.9,12.4,15.7,1320.0,3.4
2807914082,2017,38.4,12.8,15.6,1270.0,3.3
2807914082,2018,39.2,13.0,16.8,1267.0,3.3
2807914082,2019,39.2,13.2,15.8,1285.0,3.4
2807914082,2020,39.5,14.1,16.9,1253.0,3.3
2807914082,2021,39.4,14.6,16.0,1255.0,3.3
2807914082,2022,39.7,14.7,17.5,1247.0,3.3
2807914083,2015,41.7,15.1,18.6,1678.0,2.9
2807914083,2016,41.5,15.2,18.5,1692.0,2.9
2807914083,2017,41.8,15.9,17.6,1683.0,2.9
2807914083,2018,42.1,16.7,18.2,1698.0,2.9
2807914083,2019,42.2,17.6,20.8,1673.0,2.9
2807914083,2020,42.5,18.5,22.0,1656.0,2.9
2807914083,2021,43.2,20.1,21.4,1625.0,2.8
2807914083,2022,43.2,20.2,22.1,1619.0,2.7
2807914084,2015,45.4,20.9,29.9,1096.0,2.5
2807914084,2016,46.2,21.8,30.6,1079.0,2.4
2807914084,2017,46.6,22.5,30.1,1069.0,2.5
2807914084,2018,46.9,23.3,30.0,1070.0,2.5
2807914084,2019,47.5,24.0,30.7,1078.0,2.5
2807914084,2020,48.1,25.1,32.1,1044.0,2.4
2807914084,2021,48.1,25.5,33.0,1036.0,2.4
2807914084,2022,48.8,26.4,33.9,998.0,2.3
2807914085,2015,42.6,13.1,15.0,2394.0,2.9
2807914085,2016,43.4,14.3,15.1,2350.0,2.9
2807914085,2017,45.0,17.6,17.8,1481.0,2.8
2807914085,2018,45.9,19.4,17.3,1468.0,2.8
2807914085,2019,46.6,21.0,18.8,1459.0,2.7
2807914085,2020,47.3,22.2,18.7,1413.0,2.7
2807914085,2021,47.9,23.7,18.6,1399.0,2.6
2807914085,2022,48.8,26.7,19.0,1380.0,2.6
2807914086,2015,36.5,5.7,14.2,2147.0,3.3
2807914086,2016,37.5,6.2,14.8,2099.0,3.2
2807914086,2017,38.4,6.4,15.0,2096.0,3.2
2807914086,2018,39.1,6.9,15.4,2067.0,3.1
2807914086,2019,39.7,7.5,15.0,2092.0,3.1
2807914086,2020,40.5,8.5,16.5,2059.0,3.1
2807914086,2021,41.1,9.2,17.1,2029.0,3.1
2807914086,2022,42.1,10.5,17.8,1974.0,3.0
2807914087,2015,39.1,9.1,15.9,1383.0,3.0
2807914087,2016,39.5,9.6,16.5,1398.0,3.0
2807914087,2017,40.4,10.4,16.5,1391.0,3.0
2807914087,2018,41.0,11.2,17.0,1372.0,3.0
2807914087,2019,42.3,12.5,17.2,1350.0,2.9
2807914087,2020,43.4,14.2,16.6,1318.0,2.9
2807914087,2021,44.0,15.3,18.4,1300.0,2.8
2807914087,2022,44.8,17.3,18.7,1287.0,2.8
2807914088,2015,46.0,19.1,15.3,1129.0,2.7
2807914088,2016,46.9,21.5,16.3,1107.0,2.7
2807914088,2017,47.6,23.8,17.5,1097.0,2.7
2807914088,2018,48.2,26.4,17.8,1084.0,2.6
2807914088,2019,48.8,28.6,18.5,1051.0,2.6
2807914088,2020,49.4,31.3,21.0,1013.0,2.5
2807914088,2021,50.3,33.7,20.7,1010.0,2.5
2807914088,2022,51.5,36.1,19.5,995.0,2.5
2807914089,2015,36.4,7.0,17.5,1491.0,2.9
2807914089,2016,37.3,8.1,16.3,1513.0,2.9
2807914089,2017,37.9,8.6,17.3,1443.0,2.9
2807914089,2018,38.1,8.7,16.5,1490.0,3.0
2807914089,2019,38.3,9.3,14.5,1565.0,3.0
2807914089,2020,38.6,9.8,14.9,1557.0,3.0
2807914089,2021,39.7,10.6,15.9,1522.0,2.9
2807914089,2022,40.3,10.8,18.1,1512.0,2.9
2807914090,2015,35.3,6.0,16.1,1475.0,3.0
2807914090,2016,35.9,6.6,18.5,1476.0,2.9
2807914090,2017,36.4,7.1,17.6,1485.0,3.0
2807914090,2018,36.6,7.1,18.8,1485.0,3.0
2807914090,2019,37.9,8.8,18.6,1497.0,3.0
2807914090,2020,37.9,9.1,18.8,1466.0,3.0
2807914090,2021,38.2,9.6,18.6,1514.0,3.0
2807914090,2022,38.7,9.9,21.9,1531.0,2.9
2807914091,2015,38.7,7.5,15.9,1958.0,3.0
2807914091,2016,39.5,8.1,16.9,1956.0,3.0
2807914091,2017,40.2,8.6,17.0,1939.0,3.0
2807914091,2018,41.2,9.4,17.0,1926.0,3.0
2807914091,2019,42.0,10.1,17.3,1933.0,3.0
2807914091,2020,42.6,10.8,17.4,1898.0,2.9
2807914091,2021,43.4,12.2,17.8,1871.0,2.9
2807914091,2022,43.9,13.1,21.6,1868.0,2.8
2807914092,2015,33.7,3.6,11.9,1381.0,3.3
2807914092,2016,34.9,4.2,12.7,1347.0,3.2
2807914092,2017,35.7,5.2,12.9,1339.0,3.1
2807914092,2018,36.3,6.2,14.5,1349.0,3.1
2807914092,2019,36.7,6.7,13.8,1397.0,3.2
2807914092,2020,37.3,7.5,14.1,1386.0,3.2
2807914092,2021,38.3,8.4,14.2,1350.0,3.1
2807914092,2022,38.8,9.1,15.1,1340.0,3.1
2807914093,2015,36.1,6.9,20.0,1452.0,2.9
2807914093,2016,36.6,7.3,20.6,1464.0,2.9
2807914093,2017,37.5,7.8,22.4,1449.0,2.8
2807914093,2018,38.4,8.5,22.0,1435.0,2.8
2807914093,2019,39.1,9.0,21.0,1441.0,2.8
2807914093,2020,39.6,9.5,21.9,1439.0,2.8
2807914093,2021,40.6,10.0,21.7,1430.0,2.8
2807914093,2022,41.3,11.1,23.7,1416.0,2.7
2807914094,2015,,,,,
2807914094,2016,,,,,
2807914094,2017,45.4,18.9,18.4,1674.0,2.8
2807914094,2018,45.8,19.6,18.9,1686.0,2.8
2807914094,2019,46.5,20.3,19.6,1671.0,2.7
2807914094,2020,47.0,21.4,20.1,1658.0,2.7
2807914094,2021,47.8,22.6,21.3,1619.0,2.7
2807914094,2022,48.5,23.9,23.2,1586.0,2.6
2807914095,2015,,,,,
2807914095,2016,,,,,
2807914095,2017,43.6,13.5,12.9,820.0,2.9
2807914095,2018,44.6,15.5,13.2,809.0,2.9
2807914095,2019,44.8,15.9,12.2,812.0,2.9
2807914095,2020,45.3,16.5,12.4,790.0,2.9
2807914095,2021,45.5,17.3,12.7,786.0,2.9
2807914095,2022,46.6,19.2,14.1,749.0,2.8
2807915001,2015,47.3,25.8,32.1,989.0,2.4
2807915001,2016,47.5,26.3,30.6,975.0,2.4
2807915001,2017,47.1,25.7,30.3,986.0,2.5
2807915001,2018,46.7,25.2,30.1,1012.0,2.5
2807915001,2019,46.0,24.0,28.6,1041.0,2.6
2807915001,2020,46.1,24.4,27.9,1037.0,2.6
2807915001,2021,46.4,24.3,28.7,1003.0,2.5
2807915001,2022,46.0,23.3,28.1,1075.0,2.5
2807915002,2015,45.7,27.0,31.8,937.0,2.4
2807915002,2016,46.3,27.8,34.2,921.0,2.4
2807915002,2017,46.3,27.1,32.4,934.0,2.4
2807915002,2018,46.2,26.2,32.3,954.0,2.4
2807915002,2019,46.5,26.5,33.2,971.0,2.5
2807915002,2020,47.7,28.3,33.4,928.0,2.4
2807915002,2021,47.1,27.3,33.6,945.0,2.4
2807915002,2022,47.3,26.0,34.0,984.0,2.4
2807915003,2015,50.0,32.5,40.5,993.0,2.1
2807915003,2016,50.9,33.7,40.3,949.0,2.0
2807915003,2017,49.9,32.1,40.6,992.0,2.1
2807915003,2018,50.4,31.8,42.0,960.0,2.0
2807915003,2019,50.1,31.2,42.6,983.0,2.0
2807915003,2020,50.3,31.2,42.9,993.0,2.0
2807915003,2021,51.4,31.7,43.8,956.0,1.9
2807915003,2022,50.0,29.9,42.1,1007.0,2.0
2807915005,2015,46.6,26.6,23.1,831.0,2.6
2807915005,2016,47.2,27.0,24.6,837.0,2.6
2807915005,2017,47.8,27.0,24.9,826.0,2.5
2807915005,2018,48.4,27.8,24.0,830.0,2.6
2807915005,2019,49.0,28.6,24.3,817.0,2.5
2807915005,2020,49.2,28.7,25.3,802.0,2.5
2807915005,2021,49.4,28.4,25.6,814.0,2.5
2807915005,2022,49.4,30.2,23.8,818.0,2.4
2807915006,2015,45.6,23.9,28.6,1263.0,2.5
2807915006,2016,46.4,24.7,27.8,1225.0,2.5
2807915006,2017,46.5,23.6,27.4,1239.0,2.5
2807915006,2018,46.0,22.6,27.1,1285.0,2.6
2807915006,2019,46.1,22.3,28.3,1309.0,2.5
2807915006,2020,46.3,23.0,29.6,1305.0,2.5
2807915006,2021,46.4,22.9,30.3,1304.0,2.5
2807915006,2022,46.2,22.2,30.4,1385.0,2.5
2807915008,2015,49.8,31.3,34.0,1895.0,2.3
2807915008,2016,50.2,31.2,34.2,1883.0,2.3
2807915008,2017,49.9,29.9,34.6,1879.0,2.3
2807915008,2018,49.1,28.2,35.1,1954.0,2.3
2807915008,2019,49.5,28.2,35.2,1960.0,2.3
2807915008,2020,49.7,28.3,35.2,1925.0,2.2
2807915008,2021,49.7,28.0,35.5,1920.0,2.2
2807915008,2022,49.2,27.1,35.8,1970.0,2.3
2807915009,2015,43.9,20.5,28.1,1267.0,2.6
2807915009,2016,43.3,18.9,27.8,1295.0,2.7
2807915009,2017,43.6,19.1,27.5,1280.0,2.6
2807915009,2018,43.5,18.0,26.2,1302.0,2.7
2807915009,2019,43.1,16.7,28.1,1308.0,2.7
2807915009,2020,43.2,16.5,27.6,1311.0,2.6
2807915009,2021,42.9,16.2,27.1,1342.0,2.7
2807915009,2022,43.1,16.0,29.8,1372.0,2.6
2807915010,2015,47.0,23.1,41.2,873.0,2.2
2807915010,2016,46.9,22.3,42.9,864.0,2.1
2807915010,2017,45.7,20.5,40.0,910.0,2.2
2807915010,2018,45.6,20.0,40.7,886.0,2.2
2807915010,2019,45.6,19.4,41.5,918.0,2.3
2807915010,2020,45.3,18.7,41.0,911.0,2.3
2807915010,2021,45.0,18.0,39.9,915.0,2.3
2807915010,2022,44.5,17.4,36.2,961.0,2.3
2807915011,2015,44.4,22.3,33.2,1298.0,2.5
2807915011,2016,44.5,21.8,35.3,1275.0,2.5
2807915011,2017,43.5,19.4,33.5,1384.0,2.6
2807915011,2018,44.2,19.4,34.6,1351.0,2.6
2807915011,2019,43.5,18.6,34.2,1381.0,2.6
2807915011,2020,43.2,17.5,35.0,1386.0,2.6
2807915011,2021,43.0,17.3,35.6,1380.0,2.6
2807915011,2022,42.7,16.5,32.1,1495.0,2.7
2807915012,2015,47.0,28.3,27.6,868.0,2.6
2807915012,2016,46.9,27.3,29.8,872.0,2.5
2807915012,2017,46.4,26.1,28.8,876.0,2.5
2807915012,2018,46.8,26.1,31.7,857.0,2.5
2807915012,2019,46.7,24.6,30.8,882.0,2.6
2807915012,2020,46.3,23.6,31.7,860.0,2.5
2807915012,2021,45.6,22.2,31.9,864.0,2.6
2807915012,2022,45.0,19.9,31.2,895.0,2.6
2807915013,2015,45.0,20.9,27.6,973.0,2.6
2807915013,2016,45.5,21.6,29.7,943.0,2.5
2807915013,2017,45.3,20.6,28.9,957.0,2.5
2807915013,2018,44.9,19.5,30.6,955.0,2.5
2807915013,2019,44.9,18.9,28.9,970.0,2.5
2807915013,2020,44.9,18.6,30.1,951.0,2.5
2807915013,2021,45.8,19.5,31.5,932.0,2.5
2807915013,2022,45.2,18.4,28.9,995.0,2.5
2807915014,2015,44.2,21.1,30.5,1264.0,2.5
2807915014,2016,44.1,20.6,31.4,1257.0,2.5
2807915014,2017,44.2,20.6,31.2,1274.0,2.6
2807915014,2018,43.8,19.9,30.7,1299.0,2.6
2807915014,2019,43.9,20.0,30.3,1292.0,2.6
2807915014,2020,43.8,19.8,30.1,1283.0,2.6
2807915014,2021,43.9,19.6,33.1,1249.0,2.5
2807915014,2022,43.8,19.3,31.4,1304.0,2.5
2807915015,2015,46.5,25.7,33.5,769.0,2.4
2807915015,2016,47.2,26.1,34.2,747.0,2.4
2807915015,2017,47.0,25.4,34.4,755.0,2.4
2807915015,2018,47.6,26.7,33.9,741.0,2.4
2807915015,2019,47.4,26.0,35.0,751.0,2.4
2807915015,2020,47.1,24.9,37.7,724.0,2.3
2807915015,2021,46.5,22.7,36.1,755.0,2.4
2807915015,2022,46.2,21.8,38.3,772.0,2.4
2807915016,2015,47.0,26.8,33.2,1176.0,2.4
2807915016,2016,47.1,26.3,34.7,1180.0,2.4
2807915016,2017,46.8,24.8,34.7,1194.0,2.4
2807915016,2018,46.1,22.8,33.9,1205.0,2.4
2807915016,2019,45.9,22.4,34.1,1192.0,2.4
2807915016,2020,45.5,21.2,35.9,1183.0,2.4
2807915016,2021,45.6,20.6,36.3,1134.0,2.3
2807915016,2022,44.6,19.5,36.7,1264.0,2.4
2807915017,2015,47.3,28.8,27.3,855.0,2.5
2807915017,2016,47.9,29.5,28.5,837.0,2.5
2807915017,2017,48.6,29.1,27.3,843.0,2.5
2807915017,2018,48.9,29.3,27.7,840.0,2.5
2807915017,2019,48.9,29.7,27.9,849.0,2.5
2807915017,2020,49.6,30.0,30.4,799.0,2.4
2807915017,2021,49.2,28.5,31.0,793.0,2.4
2807915017,2022,48.9,28.1,33.4,805.0,2.3
2807915018,2015,47.5,29.9,27.0,854.0,2.5
2807915018,2016,47.3,29.6,28.0,850.0,2.5
2807915018,2017,47.3,30.1,27.9,853.0,2.6
2807915018,2018,48.6,31.2,28.6,849.0,2.5
2807915018,2019,48.2,30.8,29.3,852.0,2.5
2807915018,2020,48.4,29.9,28.5,871.0,2.6
2807915018,2021,49.6,31.3,29.9,809.0,2.5
2807915018,2022,48.6,29.8,28.1,862.0,2.5
2807915019,2015,46.5,29.1,32.9,825.0,2.4
2807915019,2016,45.6,27.2,30.3,854.0,2.4
2807915019,2017,45.9,26.4,31.9,860.0,2.4
2807915019,2018,45.2,24.9,33.0,882.0,2.4
2807915019,2019,45.7,24.9,33.2,877.0,2.5
2807915019,2020,45.6,24.0,30.6,838.0,2.4
2807915019,2021,45.0,23.2,34.1,840.0,2.4
2807915019,2022,44.6,21.8,33.2,889.0,2.4
2807915020,2015,44.4,21.3,32.3,1069.0,2.5
2807915020,2016,44.4,21.6,31.8,1044.0,2.5
2807915020,2017,44.0,20.8,34.9,1067.0,2.5
2807915020,2018,43.5,19.9,34.0,1062.0,2.5
2807915020,2019,43.4,19.3,31.3,1094.0,2.5
2807915020,2020,43.9,19.9,33.2,1085.0,2.5
2807915020,2021,44.1,20.4,33.6,1073.0,2.5
2807915020,2022,43.6,19.7,33.6,1131.0,2.5
2807915021,2015,45.6,24.5,32.8,767.0,2.4
2807915021,2016,46.0,24.8,32.2,749.0,2.4
2807915021,2017,45.3,23.4,31.9,792.0,2.5
2807915021,2018,46.0,24.3,31.2,779.0,2.4
2807915021,2019,46.2,24.4,33.6,764.0,2.4
2807915021,2020,46.7,24.7,34.4,744.0,2.3
2807915021,2021,47.3,25.8,36.6,732.0,2.3
2807915021,2022,46.1,23.9,34.5,771.0,2.4
2807915022,2015,45.0,23.9,34.2,1186.0,2.5
2807915022,2016,45.9,24.8,33.8,1164.0,2.5
2807915022,2017,45.6,23.9,33.4,1174.0,2.5
2807915022,2018,45.0,22.0,31.4,1200.0,2.6
2807915022,2019,44.9,21.7,32.1,1205.0,2.6
2807915022,2020,44.9,21.4,31.8,1181.0,2.6
2807915022,2021,44.7,20.4,31.1,1146.0,2.5
2807915022,2022,44.0,19.8,31.1,1218.0,2.6
2807915023,2015,45.7,22.7,32.4,1554.0,2.4
2807915023,2016,46.5,22.9,34.2,1482.0,2.4
2807915023,2017,46.4,23.1,33.3,1517.0,2.4
2807915023,2018,46.5,23.0,35.3,1526.0,2.4
2807915023,2019,46.6,22.6,33.0,1534.0,2.4
2807915023,2020,46.6,22.6,32.3,1510.0,2.4
2807915023,2021,46.3,22.6,31.3,1538.0,2.4
2807915023,2022,46.3,22.3,31.7,1573.0,2.4
2807915024,2015,45.4,22.8,32.0,1027.0,2.4
2807915024,2016,44.9,21.8,32.5,1066.0,2.4
2807915024,2017,44.8,21.5,33.8,1075.0,2.4
2807915024,2018,45.2,21.7,35.1,1061.0,2.4
2807915024,2019,44.2,20.1,34.3,1132.0,2.4
2807915024,2020,44.9,20.2,36.2,1103.0,2.4
2807915024,2021,45.4,20.9,37.2,1082.0,2.3
2807915024,2022,45.1,20.4,38.6,1120.0,2.3
2807915025,2015,46.6,23.9,25.2,1309.0,2.6
2807915025,2016,46.6,24.3,27.2,1296.0,2.5
2807915025,2017,46.6,24.4,26.6,1280.0,2.5
2807915025,2018,46.7,24.4,26.1,1262.0,2.5
2807915025,2019,46.7,24.4,28.1,1280.0,2.4
2807915025,2020,46.8,24.6,28.4,1268.0,2.4
2807915025,2021,47.6,25.6,29.0,1233.0,2.4
2807915025,2022,47.8,26.3,29.5,1280.0,2.4
2807915026,2015,45.2,24.9,31.5,920.0,2.5
2807915026,2016,45.2,24.6,31.4,919.0,2.5
2807915026,2017,44.8,23.7,31.7,939.0,2.5
2807915026,2018,45.1,22.9,33.2,944.0,2.5
2807915026,2019,44.6,22.3,35.5,938.0,2.5
2807915026,2020,44.7,21.9,36.1,942.0,2.5
2807915026,2021,45.3,21.7,35.0,926.0,2.5
2807915026,2022,45.6,21.6,33.3,967.0,2.5
2807915027,2015,44.8,23.7,29.8,908.0,2.6
2807915027,2016,45.5,25.0,28.3,888.0,2.5
2807915027,2017,45.9,24.5,27.9,867.0,2.5
2807915027,2018,46.2,24.8,27.7,839.0,2.5
2807915027,2019,45.3,22.6,28.8,890.0,2.5
2807915027,2020,45.4,22.5,29.4,886.0,2.5
2807915027,2021,45.4,22.9,30.2,879.0,2.5
2807915027,2022,44.8,21.8,26.0,916.0,2.5
2807915028,2015,50.5,32.3,31.2,882.0,2.3
2807915028,2016,50.3,32.5,30.6,888.0,2.3
2807915028,2017,49.7,30.7,33.4,887.0,2.3
2807915028,2018,49.2,29.4,33.9,900.0,2.3
2807915028,2019,49.1,28.4,35.3,904.0,2.4
2807915028,2020,49.4,28.3,37.8,859.0,2.3
2807915028,2021,49.4,27.3,36.2,860.0,2.3
2807915028,2022,48.2,25.8,34.3,895.0,2.3
2807915029,2015,50.3,33.0,40.5,1095.0,2.1
2807915029,2016,50.1,32.3,40.8,1090.0,2.2
2807915029,2017,49.5,31.3,39.6,1101.0,2.2
2807915029,2018,49.5,30.2,41.9,1108.0,2.1
2807915029,2019,49.3,29.1,40.0,1136.0,2.2
2807915029,2020,49.9,29.3,41.2,1093.0,2.1
2807915029,2021,50.3,29.6,40.9,1067.0,2.1
2807915029,2022,48.7,27.1,41.1,1140.0,2.1
2807915030,2015,49.9,32.9,29.1,1192.0,2.3
2807915030,2016,49.7,33.0,30.6,1188.0,2.3
2807915030,2017,49.7,33.0,31.7,1187.0,2.3
2807915030,2018,50.2,33.8,31.6,1184.0,2.3
2807915030,2019,49.7,33.0,32.2,1213.0,2.3
2807915030,2020,49.7,33.2,32.8,1205.0,2.3
2807915030,2021,50.7,34.7,32.8,1189.0,2.3
2807915030,2022,50.1,33.8,34.0,1228.0,2.3
2807915031,2015,48.4,30.9,32.4,1057.0,2.3
2807915031,2016,48.2,30.6,32.5,1080.0,2.4
2807915031,2017,48.5,30.1,33.5,1092.0,2.4
2807915031,2018,48.5,28.7,34.5,1103.0,2.4
2807915031,2019,49.2,29.6,34.3,1064.0,2.3
2807915031,2020,49.3,29.6,35.2,1063.0,2.3
2807915031,2021,49.2,29.2,36.5,1075.0,2.3
2807915031,2022,48.0,26.8,33.0,1144.0,2.3
2807915032,2015,49.9,28.5,33.3,1158.0,2.3
2807915032,2016,49.9,27.5,32.9,1147.0,2.3
2807915032,2017,49.2,26.6,31.1,1152.0,2.4
2807915032,2018,48.3,25.9,32.4,1146.0,2.4
2807915032,2019,47.9,25.1,32.0,1167.0,2.4
2807915032,2020,47.5,24.8,33.2,1162.0,2.4
2807915032,2021,47.5,25.9,30.9,1156.0,2.3
2807915032,2022,46.8,25.2,31.1,1240.0,2.4
2807915033,2015,45.8,23.7,39.1,1409.0,2.2
2807915033,2016,46.3,24.7,40.2,1367.0,2.2
2807915033,2017,46.8,25.2,39.7,1367.0,2.1
2807915033,2018,46.3,24.6,39.6,1391.0,2.2
2807915033,2019,46.7,24.8,38.3,1405.0,2.2
2807915033,2020,46.4,24.4,40.3,1382.0,2.2
2807915033,2021,45.9,23.0,41.7,1406.0,2.2
2807915033,2022,45.2,21.6,40.6,1540.0,2.2
2807915034,2015,47.0,24.1,32.9,885.0,2.4
2807915034,2016,47.0,24.2,35.0,890.0,2.4
2807915034,2017,45.8,22.3,35.6,920.0,2.4
2807915034,2018,45.4,22.4,35.3,926.0,2.4
2807915034,2019,44.4,21.0,34.6,932.0,2.4
2807915034,2020,44.9,21.5,35.0,883.0,2.3
2807915034,2021,45.4,21.6,35.4,881.0,2.4
2807915034,2022,45.3,20.8,34.3,911.0,2.4
2807915035,2015,47.2,24.5,34.3,1122.0,2.2
2807915035,2016,47.9,25.7,34.7,1132.0,2.2
2807915035,2017,47.3,24.6,35.7,1147.0,2.2
2807915035,2018,46.9,23.5,36.6,1130.0,2.2
2807915035,2019,47.3,24.7,37.1,1137.0,2.2
2807915035,2020,47.4,24.8,38.0,1134.0,2.2
2807915035,2021,47.4,25.0,37.4,1144.0,2.2
2807915035,2022,46.4,23.5,37.1,1240.0,2.3
2807915036,2015,47.2,23.4,34.1,892.0,2.3
2807915036,2016,47.1,23.2,35.6,885.0,2.3
2807915036,2017,47.9,23.7,35.9,883.0,2.3
2807915036,2018,46.8,22.6,35.3,919.0,2.3
2807915036,2019,46.2,21.2,33.1,948.0,2.4
2807915036,2020,46.5,22.2,34.1,906.0,2.3
2807915036,2021,46.2,21.6,37.2,871.0,2.2
2807915036,2022,45.3,21.2,33.3,972.0,2.3
2807915037,2015,44.2,22.0,35.2,1249.0,2.4
2807915037,2016,44.7,22.2,35.3,1220.0,2.4
2807915037,2017,45.1,22.4,35.0,1211.0,2.4
2807915037,2018,45.4,21.2,34.5,1260.0,2.4
2807915037,2019,46.1,21.8,35.0,1252.0,2.4
2807915037,2020,45.9,21.2,35.3,1246.0,2.4
2807915037,2021,45.3,20.7,34.8,1233.0,2.4
2807915037,2022,45.5,20.5,34.9,1271.0,2.3
2807915038,2015,45.0,21.1,31.9,1700.0,2.4
2807915038,2016,45.0,20.9,30.6,1693.0,2.4
2807915038,2017,45.0,21.1,30.9,1718.0,2.4
2807915038,2018,45.3,21.9,32.1,1721.0,2.4
2807915038,2019,45.1,21.1,30.3,1800.0,2.4
2807915038,2020,45.7,22.1,28.9,1780.0,2.4
2807915038,2021,46.5,22.9,30.5,1710.0,2.3
2807915038,2022,46.1,22.1,31.5,1817.0,2.3
2807915039,2015,46.6,25.2,39.2,1578.0,2.2
2807915039,2016,46.3,24.0,37.7,1606.0,2.3
2807915039,2017,46.4,23.8,38.7,1644.0,2.3
2807915039,2018,46.1,23.0,40.0,1669.0,2.3
2807915039,2019,46.1,22.6,37.8,1700.0,2.3
2807915039,2020,45.7,21.7,38.6,1667.0,2.3
2807915039,2021,45.8,21.4,39.1,1641.0,2.2
2807915039,2022,45.2,20.3,38.9,1765.0,2.3
2807915040,2015,46.5,24.7,36.6,1531.0,2.3
2807915040,2016,46.5,24.4,36.7,1518.0,2.3
2807915040,2017,46.0,24.3,36.6,1573.0,2.3
2807915040,2018,45.7,23.6,38.9,1546.0,2.3
2807915040,2019,44.8,22.3,37.2,1654.0,2.4
2807915040,2020,45.6,22.2,39.3,1584.0,2.3
2807915040,2021,45.6,22.5,40.2,1632.0,2.3
2807915040,2022,44.5,21.0,39.3,1734.0,2.3
2807915041,2015,43.6,20.0,33.1,1611.0,2.4
2807915041,2016,43.4,19.2,33.2,1624.0,2.4
2807915041,2017,43.5,18.9,32.2,1636.0,2.4
2807915041,2018,42.6,17.6,31.8,1716.0,2.5
2807915041,2019,42.7,17.3,32.1,1738.0,2.5
2807915041,2020,43.3,17.4,31.2,1712.0,2.5
2807915041,2021,42.5,16.2,31.3,1769.0,2.5
2807915041,2022,42.4,15.8,29.5,1825.0,2.5
2807915042,2015,43.9,18.9,25.2,1731.0,2.6
2807915042,2016,43.9,18.7,25.6,1741.0,2.6
2807915042,2017,44.2,19.0,26.4,1725.0,2.6
2807915042,2018,44.8,19.6,26.3,1753.0,2.6
2807915042,2019,45.2,20.4,26.5,1727.0,2.5
2807915042,2020,44.9,19.8,28.0,1699.0,2.5
2807915042,2021,46.0,20.6,27.9,1663.0,2.5
2807915042,2022,46.1,21.0,30.1,1735.0,2.5
2807915043,2015,45.5,22.4,30.0,1343.0,2.5
2807915043,2016,45.8,22.6,28.2,1361.0,2.5
2807915043,2017,45.9,22.3,28.9,1366.0,2.5
2807915043,2018,45.4,22.0,29.2,1370.0,2.5
2807915043,2019,45.1,21.6,29.4,1373.0,2.5
2807915043,2020,44.9,21.4,29.9,1356.0,2.5
2807915043,2021,45.1,21.5,30.7,1340.0,2.5
2807915043,2022,45.0,21.2,31.5,1393.0,2.5
2807915044,2015,47.3,26.3,30.1,1335.0,2.4
2807915044,2016,47.2,26.5,30.3,1369.0,2.5
2807915044,2017,47.5,26.2,30.1,1376.0,2.4
2807915044,2018,47.9,26.3,29.0,1367.0,2.4
2807915044,2019,47.8,25.7,29.9,1408.0,2.4
2807915044,2020,48.0,26.0,30.5,1395.0,2.4
2807915044,2021,48.3,26.9,31.5,1370.0,2.4
2807915044,2022,47.6,26.8,32.8,1413.0,2.4
2807915045,2015,47.6,25.8,28.7,1185.0,2.5
2807915045,2016,47.3,25.8,30.2,1182.0,2.5
2807915045,2017,47.1,25.6,31.1,1209.0,2.5
2807915045,2018,46.9,25.8,32.1,1228.0,2.5
2807915045,2019,47.3,26.6,32.9,1192.0,2.5
2807915045,2020,47.9,27.2,33.5,1155.0,2.4
2807915045,2021,47.8,27.3,34.0,1185.0,2.5
2807915045,2022,46.8,26.1,34.1,1230.0,2.5
2807915046,2015,45.2,20.5,27.0,1448.0,2.6
2807915046,2016,45.2,21.0,26.3,1420.0,2.6
2807915046,2017,45.0,20.9,27.2,1429.0,2.6
2807915046,2018,44.6,20.0,27.6,1445.0,2.6
2807915046,2019,44.3,19.6,27.0,1514.0,2.7
2807915046,2020,44.3,19.9,25.9,1536.0,2.7
2807915046,2021,45.3,20.8,27.6,1470.0,2.6
2807915046,2022,45.2,21.1,27.2,1528.0,2.6
2807915047,2015,47.3,24.3,35.5,953.0,2.5
2807915047,2016,46.4,22.9,33.4,989.0,2.6
2807915047,2017,47.0,22.7,35.4,958.0,2.5
2807915047,2018,47.4,23.4,36.5,935.0,2.4
2807915047,2019,46.7,23.1,37.0,962.0,2.4
2807915047,2020,47.0,24.6,34.4,934.0,2.4
2807915047,2021,46.7,24.2,32.4,948.0,2.5
2807915047,2022,46.5,23.4,33.9,957.0,2.5
2807915048,2015,44.8,20.4,31.7,1296.0,2.6
2807915048,2016,44.8,20.5,30.4,1300.0,2.6
2807915048,2017,44.5,20.0,28.6,1302.0,2.6
2807915048,2018,43.8,19.5,27.8,1356.0,2.7
2807915048,2019,43.9,19.8,28.4,1358.0,2.6
2807915048,2020,44.7,20.9,29.1,1306.0,2.6
2807915048,2021,44.9,20.6,29.3,1307.0,2.6
2807915048,2022,44.4,20.6,28.3,1342.0,2.7
2807915049,2015,43.0,19.3,31.1,1389.0,2.5
2807915049,2016,43.3,18.6,32.8,1335.0,2.5
2807915049,2017,43.5,18.2,33.1,1351.0,2.5
2807915049,2018,43.5,17.9,33.8,1391.0,2.6
2807915049,2019,43.3,17.6,31.8,1431.0,2.6
2807915049,2020,43.2,17.2,35.4,1381.0,2.5
2807915049,2021,42.6,16.4,34.9,1420.0,2.5
2807915049,2022,42.4,16.5,36.4,1427.0,2.5
2807915050,2015,45.9,23.8,31.5,1328.0,2.5
2807915050,2016,45.5,23.4,30.3,1292.0,2.5
2807915050,2017,45.1,22.5,30.0,1346.0,2.5
2807915050,2018,44.6,22.4,28.5,1390.0,2.6
2807915050,2019,44.6,22.6,29.5,1409.0,2.6
2807915050,2020,45.0,22.1,29.4,1419.0,2.6
2807915050,2021,45.0,22.1,29.7,1387.0,2.5
2807915050,2022,44.7,20.9,29.9,1414.0,2.5
2807915051,2015,43.3,18.1,29.6,1665.0,2.5
2807915051,2016,43.5,18.8,29.1,1663.0,2.5
2807915051,2017,43.1,18.4,28.2,1737.0,2.6
2807915051,2018,43.1,17.9,27.8,1746.0,2.6
2807915051,2019,43.4,18.7,27.8,1768.0,2.6
2807915051,2020,44.0,19.3,29.9,1752.0,2.5
2807915051,2021,44.7,20.0,30.6,1693.0,2.5
2807915051,2022,44.1,19.0,29.9,1782.0,2.5
2807915052,2015,43.0,17.5,24.7,731.0,2.7
2807915052,2016,42.3,16.4,29.7,742.0,2.6
2807915052,2017,43.4,18.4,31.1,734.0,2.5
2807915052,2018,43.2,18.2,29.7,768.0,2.6
2807915052,2019,43.5,17.9,30.5,759.0,2.6
2807915052,2020,43.2,17.7,31.2,768.0,2.6
2807915052,2021,43.6,18.1,31.1,763.0,2.5
2807915052,2022,43.4,18.2,31.5,788.0,2.5
2807915053,2015,42.6,20.5,28.0,1537.0,2.7
2807915053,2016,43.3,20.8,27.7,1511.0,2.6
2807915053,2017,43.2,20.4,27.0,1538.0,2.7
2807915053,2018,43.1,20.2,26.8,1578.0,2.7
2807915053,2019,43.2,19.9,25.6,1596.0,2.7
2807915053,2020,43.4,19.7,27.4,1585.0,2.7
2807915053,2021,43.2,20.1,27.8,1591.0,2.7
2807915053,2022,43.0,19.4,27.6,1626.0,2.7
2807915054,2015,44.7,23.5,29.4,1580.0,2.5
2807915054,2016,45.0,24.0,30.1,1525.0,2.4
2807915054,2017,45.2,23.6,30.4,1573.0,2.5
2807915054,2018,44.8,22.6,29.8,1632.0,2.5
2807915054,2019,44.2,21.4,28.7,1678.0,2.6
2807915054,2020,44.6,22.1,30.8,1650.0,2.5
2807915054,2021,44.7,22.2,30.3,1629.0,2.5
2807915054,2022,44.4,21.5,30.1,1686.0,2.5
2807915056,2015,44.9,21.6,29.9,1516.0,2.5
2807915056,2016,44.8,21.4,29.6,1520.0,2.5
2807915056,2017,45.6,22.7,31.4,1486.0,2.5
2807915056,2018,45.7,22.6,31.2,1490.0,2.5
2807915056,2019,45.8,22.4,30.4,1520.0,2.5
2807915056,2020,45.5,21.5,32.3,1512.0,2.5
2807915056,2021,45.6,22.1,32.5,1506.0,2.5
2807915056,2022,45.4,21.4,32.6,1535.0,2.5
2807915057,2015,43.8,21.5,26.1,1376.0,2.7
2807915057,2016,43.8,21.2,27.0,1371.0,2.6
2807915057,2017,44.3,21.1,26.0,1386.0,2.7
2807915057,2018,44.1,20.9,24.7,1399.0,2.6
2807915057,2019,44.2,21.0,25.1,1402.0,2.6
2807915057,2020,44.4,21.6,24.6,1413.0,2.6
2807915057,2021,44.5,21.5,26.8,1435.0,2.6
2807915057,2022,44.4,20.9,26.3,1466.0,2.7
2807915058,2015,42.3,20.0,22.6,1217.0,2.8
2807915058,2016,42.4,19.9,26.1,1197.0,2.7
2807915058,2017,42.7,19.4,25.6,1228.0,2.8
2807915058,2018,42.6,19.6,24.6,1239.0,2.8
2807915058,2019,42.2,18.9,23.8,1267.0,2.8
2807915058,2020,41.8,17.5,26.4,1288.0,2.8
2807915058,2021,42.6,17.9,28.0,1253.0,2.7
2807915058,2022,42.2,17.1,27.4,1274.0,2.7
2807915059,2015,42.8,20.3,24.6,912.0,2.7
2807915059,2016,42.6,20.3,26.2,918.0,2.7
2807915059,2017,41.9,19.9,25.9,941.0,2.7
2807915059,2018,42.9,20.2,27.2,945.0,2.7
2807915059,2019,43.2,19.7,30.6,953.0,2.7
2807915059,2020,43.3,18.9,32.7,955.0,2.6
2807915059,2021,44.5,20.1,32.2,927.0,2.6
2807915059,2022,44.8,20.6,31.8,928.0,2.6
2807915060,2015,43.1,21.8,27.3,1208.0,2.7
2807915060,2016,43.3,22.0,27.5,1178.0,2.6
2807915060,2017,43.1,20.9,28.2,1209.0,2.6
2807915060,2018,43.3,20.6,30.5,1202.0,2.6
2807915060,2019,43.7,20.8,29.8,1196.0,2.5
2807915060,2020,43.6,20.1,31.1,1196.0,2.5
2807915060,2021,43.8,19.6,29.9,1187.0,2.5
2807915060,2022,43.8,19.2,32.4,1182.0,2.5
2807915061,2015,45.4,23.0,25.7,1400.0,2.6
2807915061,2016,45.6,23.6,26.1,1411.0,2.6
2807915061,2017,45.1,23.5,26.3,1428.0,2.7
2807915061,2018,45.5,23.5,27.4,1443.0,2.7
2807915061,2019,45.7,23.5,26.6,1440.0,2.7
2807915061,2020,46.0,23.8,27.5,1434.0,2.6
2807915061,2021,46.0,24.5,28.0,1423.0,2.6
2807915061,2022,45.9,25.0,28.4,1410.0,2.6
2807915062,2015,42.0,19.7,28.4,2308.0,2.5
2807915062,2016,41.7,18.8,27.6,2421.0,2.6
2807915062,2017,41.7,18.5,28.4,2480.0,2.6
2807915062,2018,42.1,18.3,29.9,2471.0,2.5
2807915062,2019,42.1,17.9,31.0,2537.0,2.5
2807915062,2020,42.7,18.4,32.0,2464.0,2.5
2807915062,2021,43.2,18.8,32.0,2436.0,2.5
2807915062,2022,43.1,18.5,31.0,2443.0,2.5
2807915065,2015,43.5,17.8,21.9,1373.0,2.7
2807915065,2016,43.6,18.0,22.1,1387.0,2.7
2807915065,2017,44.2,19.4,22.0,1379.0,2.7
2807915065,2018,44.3,19.1,21.5,1408.0,2.7
2807915065,2019,44.5,19.7,22.0,1393.0,2.7
2807915065,2020,44.4,18.7,23.3,1371.0,2.7
2807915065,2021,45.0,19.6,22.4,1382.0,2.7
2807915065,2022,45.4,20.1,22.1,1356.0,2.6
2807915066,2015,51.4,39.8,26.3,678.0,2.3
2807915066,2016,51.9,40.8,28.0,676.0,2.3
2807915066,2017,52.4,41.1,28.3,679.0,2.3
2807915066,2018,52.5,40.1,28.4,686.0,2.3
2807915066,2019,51.0,37.1,26.2,719.0,2.4
2807915066,2020,51.2,36.2,28.0,708.0,2.4
2807915066,2021,51.4,35.8,30.5,702.0,2.3
2807915066,2022,51.0,34.5,32.1,688.0,2.3
2807915067,2015,52.3,39.0,24.6,942.0,2.4
2807915067,2016,52.9,40.9,24.1,930.0,2.4
2807915067,2017,53.0,40.7,24.3,938.0,2.4
2807915067,2018,53.2,41.9,25.0,932.0,2.4
2807915067,2019,53.4,42.0,26.1,920.0,2.3
2807915067,2020,53.7,41.8,25.8,894.0,2.3
2807915067,2021,54.1,41.9,26.4,884.0,2.3
2807915067,2022,54.5,43.0,28.4,891.0,2.2
2807915068,2015,43.6,17.5,29.9,1208.0,2.4
2807915068,2016,44.2,17.2,28.6,1215.0,2.5
2807915068,2017,44.7,18.1,28.1,1203.0,2.4
2807915068,2018,45.3,19.5,28.7,1204.0,2.5
2807915068,2019,46.0,20.2,30.0,1189.0,2.4
2807915068,2020,46.5,20.9,30.6,1182.0,2.4
2807915068,2021,46.9,22.3,30.9,1178.0,2.4
2807915068,2022,47.9,22.9,33.5,1163.0,2.3
2807915069,2015,36.9,6.7,17.8,1929.0,2.9
2807915069,2016,37.4,6.9,17.4,1944.0,2.9
2807915069,2017,38.1,7.9,17.4,1978.0,2.9
2807915069,2018,39.2,8.9,18.3,1983.0,2.9
2807915069,2019,39.9,9.3,17.5,1988.0,2.9
2807915069,2020,40.6,10.0,18.4,1938.0,2.8
2807915069,2021,41.2,10.8,20.1,1937.0,2.8
2807915069,2022,42.1,11.6,20.5,1922.0,2.7
2807915070,2015,41.7,19.1,21.4,2196.0,2.7
2807915070,2016,41.8,19.3,19.9,2277.0,2.7
2807915070,2017,42.3,19.5,20.3,2292.0,2.7
2807915070,2018,42.4,19.3,20.3,2330.0,2.7
2807915070,2019,43.0,19.8,20.9,2361.0,2.7
2807915070,2020,43.3,19.5,20.8,2370.0,2.7
2807915070,2021,44.0,20.7,21.1,2351.0,2.7
2807915070,2022,44.2,20.5,21.1,2424.0,2.7
2807915071,2015,47.9,26.3,38.0,1265.0,2.3
2807915071,2016,47.0,24.5,37.0,1272.0,2.3
2807915071,2017,47.3,24.5,37.9,1284.0,2.2
2807915071,2018,46.4,22.8,35.4,1316.0,2.3
2807915071,2019,46.5,22.7,34.9,1329.0,2.4
2807915071,2020,46.7,22.7,36.3,1272.0,2.3
2807915071,2021,46.2,22.2,36.4,1295.0,2.3
2807915071,2022,44.9,20.7,34.6,1389.0,2.5
2807915073,2015,43.6,20.7,31.1,1162.0,2.7
2807915073,2016,43.7,20.6,31.1,1143.0,2.6
2807915073,2017,43.0,19.4,30.0,1181.0,2.7
2807915073,2018,43.2,19.1,29.8,1199.0,2.8
2807915073,2019,42.1,17.6,27.8,1270.0,2.9
2807915073,2020,42.0,17.7,29.7,1261.0,2.8
2807915073,2021,42.3,17.6,29.7,1223.0,2.8
2807915073,2022,42.2,17.9,30.1,1229.0,2.8
2807915074,2015,45.5,25.3,31.1,1794.0,2.5
2807915074,2016,45.5,24.8,30.9,1801.0,2.5
2807915074,2017,45.5,24.0,31.7,1833.0,2.5
2807915074,2018,44.8,22.5,31.5,1897.0,2.5
2807915074,2019,44.7,23.2,31.1,1959.0,2.6
2807915074,2020,45.4,22.8,32.3,1898.0,2.5
2807915074,2021,45.1,22.6,32.0,1879.0,2.5
2807915074,2022,44.6,21.6,32.1,1951.0,2.5
2807915075,2015,47.0,27.1,29.0,1408.0,2.5
2807915075,2016,47.1,26.3,31.6,1443.0,2.5
2807915075,2017,47.1,25.9,31.0,1465.0,2.5
2807915075,2018,48.0,26.7,30.9,1450.0,2.5
2807915075,2019,47.8,25.9,30.3,1480.0,2.5
2807915075,2020,47.7,25.6,31.7,1491.0,2.5
2807915075,2021,47.4,25.3,32.1,1460.0,2.5
2807915075,2022,47.4,25.2,32.5,1503.0,2.5
2807915076,2015,49.0,32.4,25.6,924.0,2.4
2807915076,2016,47.8,30.6,25.3,963.0,2.5
2807915076,2017,48.1,30.2,25.5,949.0,2.5
2807915076,2018,47.8,29.0,26.8,953.0,2.5
2807915076,2019,47.1,27.5,25.9,985.0,2.5
2807915076,2020,47.5,27.6,27.5,955.0,2.5
2807915076,2021,47.9,26.9,28.2,959.0,2.5
2807915076,2022,48.0,26.7,29.3,940.0,2.4
2807915077,2015,49.4,31.3,27.1,1022.0,2.4
2807915077,2016,50.1,32.6,27.3,1016.0,2.4
2807915077,2017,49.1,30.9,27.3,1060.0,2.5
2807915077,2018,49.2,31.4,28.5,1045.0,2.5
2807915077,2019,49.2,30.7,29.7,1032.0,2.4
2807915077,2020,50.1,31.0,30.9,1002.0,2.4
2807915077,2021,49.4,29.8,31.1,1029.0,2.4
2807915077,2022,48.7,28.4,29.4,1055.0,2.5
2807915078,2015,46.4,25.2,37.5,857.0,2.3
2807915078,2016,47.0,25.1,39.5,824.0,2.2
2807915078,2017,46.5,24.0,38.0,870.0,2.3
2807915078,2018,46.3,24.3,38.0,888.0,2.3
2807915078,2019,45.4,22.8,34.8,940.0,2.4
2807915078,2020,45.6,21.6,33.5,883.0,2.4
2807915078,2021,45.6,21.9,36.4,859.0,2.3
2807915078,2022,44.0,19.1,36.4,923.0,2.4
2807915079,2015,47.5,24.7,35.8,716.0,2.3
2807915079,2016,47.7,25.1,35.3,722.0,2.3
2807915079,2017,48.2,25.7,36.8,721.0,2.2
2807915079,2018,46.3,23.3,36.6,725.0,2.4
2807915079,2019,45.9,22.5,36.9,770.0,2.4
2807915079,2020,46.2,23.1,37.2,737.0,2.3
2807915079,2021,44.8,22.0,40.1,769.0,2.4
2807915079,2022,44.4,20.8,43.8,759.0,2.3
2807915080,2015,46.2,22.4,40.2,820.0,2.2
2807915080,2016,46.2,22.6,39.9,789.0,2.2
2807915080,2017,45.2,20.6,39.3,830.0,2.3
2807915080,2018,44.3,18.4,38.8,848.0,2.4
2807915080,2019,44.2,19.0,37.8,849.0,2.4
2807915080,2020,44.0,18.7,36.9,862.0,2.4
2807915080,2021,44.1,18.7,34.9,854.0,2.4
2807915080,2022,43.6,18.1,37.1,867.0,2.4
2807915081,2015,41.2,17.6,26.2,1720.0,2.8
2807915081,2016,41.5,17.1,27.1,1709.0,2.8
2807915081,2017,42.0,17.4,26.4,1667.0,2.7
2807915081,2018,41.6,17.0,27.0,1738.0,2.8
2807915081,2019,41.1,16.0,26.8,1846.0,2.9
2807915081,2020,41.4,15.3,26.8,1783.0,2.8
2807915081,2021,41.9,15.6,29.6,1664.0,2.7
2807915081,2022,41.0,14.3,26.9,1795.0,2.8
2807915082,2015,49.9,30.6,25.9,1185.0,2.5
2807915082,2016,49.5,31.3,26.7,1212.0,2.5
2807915082,2017,49.9,32.0,27.4,1238.0,2.5
2807915082,2018,49.3,32.0,26.9,1258.0,2.5
2807915082,2019,49.5,32.9,29.7,1254.0,2.4
2807915082,2020,49.9,34.3,30.2,1239.0,2.4
2807915082,2021,50.2,34.8,30.6,1217.0,2.4
2807915082,2022,49.6,33.4,30.6,1250.0,2.4
2807915083,2015,42.4,20.1,30.7,1402.0,2.6
2807915083,2016,42.1,18.8,28.8,1442.0,2.7
2807915083,2017,41.8,18.1,29.8,1460.0,2.7
2807915083,2018,41.3,17.4,30.4,1490.0,2.7
2807915083,2019,41.5,16.1,29.5,1484.0,2.7
2807915083,2020,41.8,15.7,29.8,1481.0,2.7
2807915083,2021,41.5,15.5,28.8,1522.0,2.7
2807915083,2022,41.5,15.4,28.5,1509.0,2.7
2807915084,2015,45.4,22.3,30.4,1018.0,2.5
2807915084,2016,45.1,21.9,26.1,1053.0,2.6
2807915084,2017,44.8,22.0,27.9,1078.0,2.6
2807915084,2018,44.6,21.6,27.6,1101.0,2.7
2807915084,2019,43.6,20.3,26.3,1148.0,2.8
2807915084,2020,44.5,21.3,29.4,1073.0,2.6
2807915084,2021,44.3,20.4,26.9,1090.0,2.7
2807915084,2022,43.7,18.9,29.4,1126.0,2.7
2807915085,2015,44.4,21.1,24.3,1447.0,2.8
2807915085,2016,44.5,21.0,24.4,1434.0,2.8
2807915085,2017,44.6,22.2,26.8,1412.0,2.8
2807915085,2018,45.2,22.5,26.9,1403.0,2.7
2807915085,2019,44.4,21.5,25.9,1449.0,2.8
2807915085,2020,44.5,20.8,28.1,1436.0,2.8
2807915085,2021,44.5,20.3,29.8,1422.0,2.7
2807915085,2022,44.2,20.6,31.0,1469.0,2.7
2807915086,2015,47.1,25.5,29.8,1004.0,2.5
2807915086,2016,47.4,26.2,31.1,989.0,2.4
2807915086,2017,47.2,26.3,31.9,1023.0,2.4
2807915086,2018,47.3,25.6,31.9,1034.0,2.5
2807915086,2019,47.2,25.5,32.6,1061.0,2.5
2807915086,2020,46.6,24.6,33.0,1052.0,2.4
2807915086,2021,46.2,23.5,32.6,1063.0,2.4
2807915086,2022,46.8,24.0,32.8,1042.0,2.5
2807915087,2015,44.5,18.6,36.9,1144.0,2.3
2807915087,2016,44.1,18.4,36.5,1172.0,2.3
2807915087,2017,43.2,16.9,38.2,1223.0,2.3
2807915087,2018,42.2,16.1,36.1,1315.0,2.5
2807915087,2019,42.6,16.2,35.4,1334.0,2.5
2807915087,2020,42.9,16.0,35.6,1291.0,2.5
2807915087,2021,44.0,17.4,36.9,1207.0,2.3
2807915087,2022,42.6,15.8,38.2,1305.0,2.4
2807915088,2015,43.8,19.9,31.6,1147.0,2.6
2807915088,2016,44.0,19.7,34.1,1149.0,2.6
2807915088,2017,44.1,19.0,34.0,1134.0,2.5
2807915088,2018,43.6,18.1,31.9,1159.0,2.6
2807915088,2019,43.6,17.4,31.6,1198.0,2.7
2807915088,2020,43.7,17.6,31.8,1151.0,2.6
2807915088,2021,42.8,16.6,29.9,1179.0,2.6
2807915088,2022,43.2,16.6,31.3,1184.0,2.6
2807915089,2015,46.3,25.9,28.0,1131.0,2.6
2807915089,2016,46.0,24.7,28.6,1153.0,2.6
2807915089,2017,45.7,23.3,29.1,1182.0,2.7
2807915089,2018,44.8,21.4,30.0,1206.0,2.7
2807915089,2019,44.8,21.5,29.2,1241.0,2.7
2807915089,2020,44.9,21.2,30.2,1253.0,2.7
2807915089,2021,45.2,21.7,31.3,1256.0,2.7
2807915089,2022,44.3,19.7,30.2,1295.0,2.7
2807915090,2015,46.8,23.3,29.9,1865.0,2.5
2807915090,2016,47.1,23.8,29.7,1846.0,2.5
2807915090,2017,47.3,23.9,29.6,1887.0,2.5
2807915090,2018,48.0,24.8,31.2,1865.0,2.4
2807915090,2019,48.7,25.5,30.0,1887.0,2.5
2807915090,2020,48.8,26.5,31.1,1864.0,2.4
2807915090,2021,49.3,27.1,30.0,1833.0,2.4
2807915090,2022,49.8,27.5,32.1,1827.0,2.3
2807915092,2015,46.4,25.2,32.2,1533.0,2.4
2807915092,2016,46.4,24.9,33.5,1535.0,2.4
2807915092,2017,47.0,25.5,33.9,1519.0,2.3
2807915092,2018,47.6,26.5,35.0,1530.0,2.3
2807915092,2019,47.0,25.3,33.1,1597.0,2.3
2807915092,2020,47.2,25.7,34.4,1543.0,2.3
2807915092,2021,47.4,25.7,36.2,1539.0,2.3
2807915092,2022,47.3,25.2,35.4,1533.0,2.3
2807915093,2015,45.5,22.5,31.4,1349.0,2.4
2807915093,2016,45.8,22.6,31.4,1330.0,2.4
2807915093,2017,45.9,22.3,32.1,1307.0,2.4
2807915093,2018,44.7,21.7,32.6,1380.0,2.4
2807915093,2019,45.1,21.2,30.0,1403.0,2.5
2807915093,2020,45.7,21.2,30.8,1363.0,2.5
2807915093,2021,45.6,21.6,30.3,1348.0,2.5
2807915093,2022,45.6,21.9,32.3,1349.0,2.4
2807915094,2015,44.7,21.1,35.3,1383.0,2.3
2807915094,2016,45.0,21.2,35.6,1371.0,2.3
2807915094,2017,45.2,21.4,35.6,1369.0,2.3
2807915094,2018,45.8,22.1,37.3,1356.0,2.3
2807915094,2019,46.2,22.4,39.9,1336.0,2.2
2807915094,2020,46.4,22.9,38.5,1312.0,2.2
2807915094,2021,46.2,22.6,37.1,1297.0,2.2
2807915094,2022,45.7,21.3,37.3,1349.0,2.2
2807915095,2015,46.3,24.8,33.1,833.0,2.3
2807915095,2016,46.1,25.3,31.2,858.0,2.4
2807915095,2017,46.2,24.4,32.7,861.0,2.3
2807915095,2018,45.5,23.8,32.0,894.0,2.4
2807915095,2019,45.8,23.8,32.2,888.0,2.4
2807915095,2020,46.2,22.9,34.5,864.0,2.3
2807915095,2021,46.5,23.3,35.8,856.0,2.3
2807915095,2022,45.4,22.3,36.5,896.0,2.3
2807915096,2015,47.5,27.3,32.4,1252.0,2.4
2807915096,2016,46.7,26.1,32.6,1256.0,2.4
2807915096,2017,46.8,26.4,32.0,1252.0,2.4
2807915096,2018,46.5,25.5,33.2,1258.0,2.4
2807915096,2019,46.8,25.4,33.1,1269.0,2.4
2807915096,2020,46.8,24.5,34.2,1272.0,2.4
2807915096,2021,46.4,24.4,35.0,1282.0,2.4
2807915096,2022,45.3,22.9,31.3,1369.0,2.5
2807915097,2015,42.2,18.3,25.9,922.0,2.7
2807915097,2016,42.7,19.2,27.2,922.0,2.8
2807915097,2017,43.0,19.1,27.1,896.0,2.7
2807915097,2018,42.9,18.6,27.2,926.0,2.7
2807915097,2019,43.3,18.6,29.9,922.0,2.7
2807915097,2020,44.1,19.5,28.1,899.0,2.6
2807915097,2021,44.2,20.4,29.3,886.0,2.6
2807915097,2022,43.5,20.3,30.8,894.0,2.6
2807915098,2015,45.1,22.6,38.0,1037.0,2.4
2807915098,2016,45.3,22.6,38.1,1042.0,2.3
2807915098,2017,45.0,21.8,36.9,1080.0,2.4
2807915098,2018,44.6,20.4,36.0,1106.0,2.5
2807915098,2019,44.7,20.0,35.2,1108.0,2.5
2807915098,2020,44.0,19.4,35.7,1095.0,2.5
2807915098,2021,44.8,20.4,38.2,1057.0,2.4
2807915098,2022,44.1,19.9,36.4,1163.0,2.5
2807915099,2015,44.3,21.1,30.0,1532.0,2.6
2807915099,2016,43.9,21.1,30.8,1506.0,2.6
2807915099,2017,43.7,20.6,29.6,1531.0,2.7
2807915099,2018,43.8,20.1,28.5,1527.0,2.6
2807915099,2019,43.8,20.0,29.3,1537.0,2.6
2807915099,2020,44.6,20.5,31.6,1408.0,2.5
2807915099,2021,44.6,19.9,32.8,1374.0,2.5
2807915099,2022,44.4,19.3,32.9,1473.0,2.6
2807915100,2015,46.6,25.8,37.0,806.0,2.4
2807915100,2016,46.1,24.1,38.1,793.0,2.4
2807915100,2017,46.0,23.9,36.3,779.0,2.3
2807915100,2018,45.3,22.5,36.4,810.0,2.4
2807915100,2019,45.5,22.4,34.4,840.0,2.4
2807915100,2020,46.0,22.8,37.6,807.0,2.4
2807915100,2021,45.6,22.2,38.7,790.0,2.3
2807915100,2022,45.4,21.1,36.3,811.0,2.4
2807915101,2015,44.8,21.4,32.6,1046.0,2.4
2807915101,2016,44.9,21.3,32.1,1040.0,2.5
2807915101,2017,44.8,20.7,32.4,1048.0,2.5
2807915101,2018,44.7,19.7,32.3,1050.0,2.5
2807915101,2019,44.1,18.7,32.6,1079.0,2.5
2807915101,2020,44.5,19.4,35.1,1052.0,2.5
2807915101,2021,44.9,19.8,33.5,1062.0,2.4
2807915101,2022,44.8,20.2,35.5,1089.0,2.5
2807915102,2015,46.0,23.3,34.9,1007.0,2.4
2807915102,2016,46.3,22.5,35.6,992.0,2.4
2807915102,2017,45.6,21.2,35.0,1033.0,2.4
2807915102,2018,45.6,21.0,35.0,1038.0,2.4
2807915102,2019,45.5,20.1,36.9,1072.0,2.4
2807915102,2020,45.0,19.3,35.7,1061.0,2.4
2807915102,2021,45.2,19.7,35.8,1026.0,2.4
2807915102,2022,44.8,19.1,35.9,1068.0,2.4
2807915103,2015,43.9,20.0,35.4,1202.0,2.4
2807915103,2016,44.2,19.9,38.4,1170.0,2.3
2807915103,2017,44.8,20.1,38.6,1183.0,2.3
2807915103,2018,45.2,20.5,40.0,1183.0,2.3
2807915103,2019,44.3,19.8,38.0,1285.0,2.4
2807915103,2020,44.6,20.0,38.8,1256.0,2.3
2807915103,2021,45.1,19.6,42.0,1226.0,2.2
2807915103,2022,44.5,18.0,39.7,1319.0,2.3
2807915104,2015,48.4,27.7,40.3,692.0,2.1
2807915104,2016,48.6,26.6,42.8,681.0,2.1
2807915104,2017,48.6,26.4,45.8,702.0,2.1
2807915104,2018,47.7,24.6,45.5,716.0,2.1
2807915104,2019,46.8,23.2,41.9,745.0,2.2
2807915104,2020,46.7,22.9,43.6,726.0,2.2
2807915104,2021,46.3,21.9,46.4,681.0,2.1
2807915104,2022,,,,,
2807915105,2015,49.4,28.9,40.4,1362.0,2.1
2807915105,2016,49.0,27.7,40.7,1385.0,2.2
2807915105,2017,48.7,27.1,40.9,1420.0,2.2
2807915105,2018,48.4,26.2,40.7,1402.0,2.2
2807915105,2019,47.6,24.3,39.7,1430.0,2.2
2807915105,2020,47.9,24.1,42.2,1384.0,2.1
2807915105,2021,47.1,22.9,42.2,1415.0,2.2
2807915105,2022,46.6,22.5,39.5,1507.0,2.2
2807915106,2015,45.4,23.4,31.6,1245.0,2.4
2807915106,2016,45.1,22.8,31.6,1261.0,2.5
2807915106,2017,45.3,22.2,32.5,1250.0,2.5
2807915106,2018,45.7,23.4,32.6,1246.0,2.5
2807915106,2019,45.6,23.2,29.5,1276.0,2.6
2807915106,2020,45.7,22.7,32.3,1247.0,2.5
2807915106,2021,46.0,22.5,33.2,1248.0,2.4
2807915106,2022,43.9,20.2,30.0,1423.0,2.6
2807915108,2015,49.4,30.5,39.3,883.0,2.2
2807915108,2016,48.3,28.7,40.1,896.0,2.2
2807915108,2017,48.4,28.0,39.6,906.0,2.2
2807915108,2018,47.0,26.3,36.3,962.0,2.4
2807915108,2019,47.4,26.5,35.0,936.0,2.3
2807915108,2020,48.0,26.8,37.8,900.0,2.3
2807915108,2021,47.7,26.2,38.0,907.0,2.3
2807915108,2022,46.5,23.8,38.0,987.0,2.3
2807915109,2015,46.2,21.8,36.0,1395.0,2.3
2807915109,2016,46.5,22.4,33.8,1399.0,2.4
2807915109,2017,46.2,21.9,34.6,1405.0,2.3
2807915109,2018,46.3,21.5,35.0,1400.0,2.3
2807915109,2019,46.2,21.4,34.5,1446.0,2.4
2807915109,2020,45.6,20.4,34.1,1454.0,2.3
2807915109,2021,45.9,20.8,35.8,1402.0,2.3
2807915109,2022,45.6,20.7,35.1,1466.0,2.3
2807915110,2015,44.1,19.1,37.7,964.0,2.3
2807915110,2016,44.3,19.7,38.0,942.0,2.2
2807915110,2017,43.8,20.3,37.6,943.0,2.2
2807915110,2018,43.5,19.5,38.0,966.0,2.2
2807915110,2019,43.5,18.9,37.5,984.0,2.3
2807915110,2020,43.7,19.5,39.8,938.0,2.2
2807915110,2021,43.9,20.6,40.4,932.0,2.2
2807915110,2022,44.3,19.8,40.4,1688.0,2.2
2807915111,2015,48.0,26.3,38.8,820.0,2.2
2807915111,2016,48.4,26.6,39.1,822.0,2.2
2807915111,2017,48.7,26.6,41.4,811.0,2.2
2807915111,2018,48.7,26.4,42.3,812.0,2.2
2807915111,2019,48.8,26.2,41.8,814.0,2.1
2807915111,2020,48.7,26.3,42.1,796.0,2.1
2807915111,2021,48.3,25.6,40.1,823.0,2.2
2807915111,2022,46.9,24.3,38.3,872.0,2.2
2807915112,2015,45.5,21.2,34.5,1383.0,2.4
2807915112,2016,45.6,20.8,33.9,1386.0,2.4
2807915112,2017,45.2,20.0,34.8,1398.0,2.4
2807915112,2018,45.2,20.0,34.9,1390.0,2.4
2807915112,2019,44.7,18.9,35.5,1406.0,2.4
2807915112,2020,44.5,19.0,34.9,1381.0,2.4
2807915112,2021,45.3,20.0,35.8,1387.0,2.3
2807915112,2022,44.5,18.6,35.1,1475.0,2.4
2807915113,2015,45.1,21.9,36.4,1336.0,2.3
2807915113,2016,45.3,21.9,38.0,1307.0,2.2
2807915113,2017,45.1,21.9,37.2,1304.0,2.2
2807915113,2018,44.9,20.4,39.2,1314.0,2.2
2807915113,2019,45.0,20.2,38.0,1379.0,2.3
2807915113,2020,45.6,20.8,39.2,1345.0,2.2
2807915113,2021,46.0,21.0,39.6,1326.0,2.2
2807915113,2022,45.5,20.3,37.8,1383.0,2.2
2807915114,2015,48.2,26.3,40.5,819.0,2.2
2807915114,2016,48.1,25.7,43.0,833.0,2.1
2807915114,2017,47.9,25.1,42.3,856.0,2.1
2807915114,2018,47.1,23.1,40.4,883.0,2.2
2807915114,2019,46.7,23.4,39.1,894.0,2.2
2807915114,2020,47.0,23.8,41.4,883.0,2.1
2807915114,2021,47.1,23.9,41.9,884.0,2.1
2807915114,2022,46.3,23.7,40.4,917.0,2.2
2807915115,2015,45.3,23.6,41.1,1806.0,2.2
2807915115,2016,45.5,23.2,40.3,1798.0,2.2
2807915115,2017,45.5,22.2,39.5,1840.0,2.2
2807915115,2018,46.0,23.2,40.8,1813.0,2.2
2807915115,2019,46.1,23.4,39.8,1872.0,2.2
2807915115,2020,46.4,23.8,40.4,1801.0,2.2
2807915115,2021,46.7,24.0,39.6,1800.0,2.2
2807915115,2022,47.1,24.7,39.1,1808.0,2.2
2807915116,2015,45.4,25.4,32.8,1111.0,2.5
2807915116,2016,46.1,25.9,33.6,1102.0,2.4
2807915116,2017,46.4,25.8,33.0,1114.0,2.4
2807915116,2018,46.0,24.2,34.8,1123.0,2.4
2807915116,2019,46.9,24.8,33.6,1089.0,2.4
2807915116,2020,47.2,25.0,35.2,1059.0,2.3
2807915116,2021,46.9,24.6,35.7,1060.0,2.4
2807915116,2022,46.5,22.7,36.6,1074.0,2.3
2807915117,2015,46.6,25.7,39.0,1361.0,2.3
2807915117,2016,46.1,24.2,39.3,1391.0,2.3
2807915117,2017,46.0,24.2,38.4,1411.0,2.4
2807915117,2018,45.9,23.9,38.3,1359.0,2.3
2807915117,2019,45.7,23.7,39.8,1370.0,2.3
2807915117,2020,46.0,24.2,37.4,1352.0,2.3
2807915117,2021,45.7,23.5,38.3,1343.0,2.3
2807915117,2022,45.9,24.0,38.4,1357.0,2.2
2807915118,2015,47.4,27.5,44.4,907.0,2.0
2807915118,2016,46.6,27.1,45.5,929.0,2.0
2807915118,2017,47.2,26.9,46.5,919.0,2.0
2807915118,2018,47.6,26.4,48.4,904.0,2.0
2807915118,2019,47.0,25.7,45.8,955.0,2.0
2807915118,2020,47.5,25.1,44.2,947.0,2.0
2807915118,2021,47.2,24.8,42.7,948.0,2.1
2807915118,2022,47.0,23.9,42.7,978.0,2.0
2807915119,2015,47.0,26.1,42.2,1083.0,2.1
2807915119,2016,46.8,25.7,42.1,1106.0,2.1
2807915119,2017,47.4,26.3,44.2,1105.0,2.1
2807915119,2018,47.4,25.9,45.3,1111.0,2.0
2807915119,2019,47.4,26.0,46.7,1104.0,2.0
2807915119,2020,47.4,25.9,47.1,1097.0,2.0
2807915119,2021,48.2,26.0,48.0,1049.0,1.9
2807915119,2022,47.0,24.2,47.5,1114.0,2.0
2807915120,2015,46.6,25.8,40.1,887.0,2.2
2807915120,2016,46.9,26.6,39.6,892.0,2.2
2807915120,2017,46.7,26.4,38.6,901.0,2.2
2807915120,2018,46.3,25.4,42.3,928.0,2.2
2807915120,2019,47.0,26.0,43.9,920.0,2.2
2807915120,2020,46.3,24.1,41.6,931.0,2.3
2807915120,2021,47.0,24.4,43.4,897.0,2.2
2807915120,2022,46.9,24.0,43.0,920.0,2.2
2807915121,2015,49.5,30.0,46.6,687.0,2.0
2807915121,2016,49.3,29.3,45.4,704.0,2.0
2807915121,2017,48.8,28.0,45.4,701.0,2.0
2807915121,2018,49.1,28.1,44.4,700.0,2.0
2807915121,2019,49.2,28.2,43.1,720.0,2.0
2807915121,2020,49.5,28.9,43.8,689.0,2.0
2807915121,2021,49.2,27.6,45.3,686.0,2.0
2807915121,2022,48.4,26.7,44.7,685.0,2.0
2807915122,2015,48.5,26.9,36.8,1117.0,2.3
2807915122,2016,49.1,26.7,37.5,1098.0,2.3
2807915122,2017,48.9,26.2,38.4,1083.0,2.3
2807915122,2018,47.9,24.8,37.1,1106.0,2.3
2807915122,2019,47.1,23.5,39.2,1116.0,2.3
2807915122,2020,47.9,24.6,37.9,1079.0,2.2
2807915122,2021,47.4,24.5,36.0,1106.0,2.3
2807915122,2022,47.0,24.1,34.2,1124.0,2.3
2807915123,2015,47.0,23.4,32.8,1117.0,2.4
2807915123,2016,46.4,22.8,32.6,1125.0,2.4
2807915123,2017,46.6,23.1,33.3,1152.0,2.4
2807915123,2018,46.2,22.2,34.8,1157.0,2.4
2807915123,2019,46.4,22.3,32.2,1172.0,2.4
2807915123,2020,46.3,22.1,32.4,1125.0,2.4
2807915123,2021,46.2,22.0,30.4,1127.0,2.4
2807915123,2022,45.7,22.1,31.0,1202.0,2.4
2807915124,2015,47.4,25.6,33.3,954.0,2.4
2807915124,2016,47.3,25.0,34.6,953.0,2.4
2807915124,2017,47.1,24.2,35.5,974.0,2.3
2807915124,2018,46.3,23.0,33.5,997.0,2.4
2807915124,2019,46.0,23.0,31.1,1030.0,2.5
2807915124,2020,46.3,23.1,32.1,1016.0,2.4
2807915124,2021,46.8,23.1,32.9,973.0,2.3
2807915124,2022,46.0,22.3,32.5,1035.0,2.4
2807915125,2015,47.0,27.3,26.0,807.0,2.6
2807915125,2016,47.2,27.8,24.9,818.0,2.6
2807915125,2017,46.3,26.6,25.9,842.0,2.7
2807915125,2018,47.1,27.6,24.5,823.0,2.6
2807915125,2019,46.7,27.4,26.2,844.0,2.6
2807915125,2020,47.3,28.1,24.8,835.0,2.6
2807915125,2021,47.3,28.0,25.9,843.0,2.6
2807915125,2022,47.5,27.4,27.7,824.0,2.5
2807915126,2015,44.6,22.2,32.4,1180.0,2.5
2807915126,2016,44.8,21.4,32.7,1186.0,2.5
2807915126,2017,45.0,21.2,32.0,1170.0,2.5
2807915126,2018,45.4,21.8,33.3,1167.0,2.4
2807915126,2019,45.1,21.2,34.6,1210.0,2.5
2807915126,2020,45.5,21.2,34.9,1163.0,2.4
2807915126,2021,46.4,23.1,34.5,1134.0,2.4
2807915126,2022,46.0,22.6,35.0,1172.0,2.4
2807915127,2015,45.6,24.6,32.6,1556.0,2.4
2807915127,2016,46.2,25.6,33.8,1533.0,2.3
2807915127,2017,46.5,26.0,34.8,1541.0,2.3
2807915127,2018,46.7,25.4,34.5,1555.0,2.3
2807915127,2019,46.3,24.8,32.9,1612.0,2.4
2807915127,2020,47.0,25.8,34.9,1530.0,2.3
2807915127,2021,47.0,24.9,35.2,1517.0,2.3
2807915127,2022,47.8,25.8,37.8,1506.0,2.2
2807915128,2015,43.8,20.8,30.1,2111.0,2.4
2807915128,2016,43.9,21.7,30.5,2099.0,2.4
2807915128,2017,44.3,22.0,30.6,2150.0,2.4
2807915128,2018,44.3,22.1,31.9,2115.0,2.4
2807915128,2019,44.9,22.9,33.2,2102.0,2.4
2807915128,2020,45.4,23.6,33.9,2056.0,2.3
2807915128,2021,46.3,25.1,33.5,1993.0,2.3
2807915128,2022,46.7,25.5,35.8,2021.0,2.3
2807915129,2015,45.8,20.4,35.4,864.0,2.3
2807915129,2016,45.9,20.2,33.9,857.0,2.2
2807915129,2017,45.9,19.5,35.2,880.0,2.2
2807915129,2018,45.3,18.4,32.3,919.0,2.3
2807915129,2019,45.3,18.8,33.0,948.0,2.3
2807915129,2020,45.8,20.3,33.3,927.0,2.2
2807915129,2021,45.4,20.2,33.4,965.0,2.2
2807915129,2022,44.8,20.4,35.0,993.0,2.2
2807915130,2015,48.7,27.7,38.5,967.0,2.2
2807915130,2016,48.5,26.6,39.3,966.0,2.2
2807915130,2017,48.2,25.6,39.6,979.0,2.2
2807915130,2018,47.8,24.9,39.3,988.0,2.2
2807915130,2019,47.8,24.1,40.2,1002.0,2.2
2807915130,2020,47.7,24.5,40.5,1003.0,2.2
2807915130,2021,48.1,25.1,39.9,970.0,2.1
2807915130,2022,47.8,24.5,39.2,997.0,2.2
2807915131,2015,47.9,25.2,34.3,919.0,2.3
2807915131,2016,46.8,23.8,35.7,915.0,2.3
2807915131,2017,46.8,23.4,34.7,933.0,2.3
2807915131,2018,46.3,22.8,34.7,932.0,2.3
2807915131,2019,46.0,22.6,33.2,956.0,2.3
2807915131,2020,46.3,23.5,32.8,948.0,2.4
2807915131,2021,45.8,22.9,34.2,949.0,2.3
2807915131,2022,45.8,24.2,35.2,957.0,2.3
2807915132,2015,46.7,21.5,23.9,1272.0,2.7
2807915132,2016,46.9,21.4,23.3,1287.0,2.7
2807915132,2017,48.1,22.9,24.6,1256.0,2.6
2807915132,2018,48.0,23.4,24.8,1269.0,2.7
2807915132,2019,49.0,25.7,24.9,1248.0,2.6
2807915132,2020,49.5,27.6,26.2,1234.0,2.5
2807915132,2021,49.9,28.6,27.3,1208.0,2.5
2807915132,2022,49.2,29.5,27.2,1249.0,2.5
2807915133,2015,48.1,27.5,30.3,1528.0,2.5
2807915133,2016,48.4,26.9,30.6,1528.0,2.4
2807915133,2017,48.5,26.3,29.3,1521.0,2.4
2807915133,2018,47.9,24.9,28.5,1562.0,2.5
2807915133,2019,48.0,25.5,30.9,1528.0,2.4
2807915133,2020,47.8,25.7,30.1,1555.0,2.4
2807915133,2021,48.1,27.1,31.6,1503.0,2.3
2807915133,2022,47.7,26.6,32.5,1554.0,2.3
2807915134,2015,47.7,29.3,29.5,1102.0,2.4
2807915134,2016,48.1,31.4,28.1,1094.0,2.4
2807915134,2017,48.7,32.2,33.8,1062.0,2.3
2807915134,2018,48.7,32.6,36.2,1054.0,2.3
2807915134,2019,49.4,32.9,34.6,1063.0,2.3
2807915134,2020,49.9,32.7,36.1,1044.0,2.3
2807915134,2021,49.9,32.7,35.1,1044.0,2.3
2807915134,2022,49.5,31.5,37.0,1081.0,2.2
2807915135,2015,44.3,18.6,33.0,2196.0,2.4
2807915135,2016,45.0,19.0,31.2,2143.0,2.4
2807915135,2017,45.1,19.4,32.2,2151.0,2.4
2807915135,2018,45.5,20.5,33.3,2155.0,2.4
2807915135,2019,46.2,21.6,34.4,2109.0,2.3
2807915135,2020,46.7,22.7,35.3,2044.0,2.3
2807915135,2021,47.3,23.4,36.7,2016.0,2.3
2807915135,2022,46.7,23.5,35.1,2117.0,2.3
2807915136,2015,48.5,28.1,35.3,962.0,2.2
2807915136,2016,48.0,27.4,36.0,959.0,2.2
2807915136,2017,48.1,26.8,35.9,961.0,2.2
2807915136,2018,48.4,26.7,35.2,967.0,2.2
2807915136,2019,47.8,26.1,33.9,1001.0,2.3
2807915136,2020,47.8,26.3,35.4,969.0,2.3
2807915136,2021,48.6,26.9,35.5,959.0,2.2
2807915136,2022,48.0,25.8,36.2,1017.0,2.2
2807915138,2015,48.8,29.3,39.2,1225.0,2.1
2807915138,2016,48.1,28.1,39.4,1238.0,2.1
2807915138,2017,48.7,28.2,40.1,1215.0,2.1
2807915138,2018,48.2,27.3,39.6,1246.0,2.1
2807915138,2019,47.5,25.9,41.4,1254.0,2.1
2807915138,2020,47.8,25.4,40.8,1207.0,2.1
2807915138,2021,47.6,24.7,41.9,1212.0,2.1
2807915138,2022,46.5,22.8,40.9,1296.0,2.1
2807915139,2015,49.3,32.9,38.9,663.0,2.1
2807915139,2016,48.9,32.3,38.9,657.0,2.1
2807915139,2017,,,,,
2807915139,2018,,,,,
2807915139,2019,,,,,
2807915139,2020,,,,,
2807915139,2021,,,,,
2807915139,2022,,,,,
2807915140,2015,50.6,32.5,42.7,698.0,2.0
2807915140,2016,51.3,32.9,43.4,687.0,2.0
2807915140,2017,49.8,31.0,42.3,1359.0,2.0
2807915140,2018,49.6,30.5,42.0,1362.0,2.0
2807915140,2019,49.2,28.9,41.9,1379.0,2.0
2807915140,2020,49.5,28.7,43.5,1354.0,2.0
2807915140,2021,48.6,27.0,42.9,1363.0,2.0
2807915140,2022,47.6,24.8,41.6,1466.0,2.0
2807915141,2015,46.9,27.6,35.2,1098.0,2.3
2807915141,2016,47.1,27.2,35.1,1122.0,2.3
2807915141,2017,46.9,27.1,36.4,1129.0,2.3
2807915141,2018,47.2,26.7,35.4,1137.0,2.3
2807915141,2019,47.9,27.5,35.4,1139.0,2.3
2807915141,2020,47.7,26.8,33.9,1160.0,2.3
2807915141,2021,48.4,28.1,37.2,1111.0,2.2
2807915141,2022,47.8,26.4,37.0,1172.0,2.3
2807915142,2015,49.6,32.3,24.9,1148.0,2.4
2807915142,2016,49.9,33.0,27.0,1151.0,2.4
2807915142,2017,50.8,35.4,28.6,1139.0,2.3
2807915142,2018,51.5,37.5,29.0,1134.0,2.3
2807915142,2019,52.4,39.7,28.4,1118.0,2.3
2807915142,2020,53.1,40.8,29.4,1098.0,2.2
2807915142,2021,53.4,41.7,30.6,1079.0,2.2
2807915142,2022,53.7,41.9,32.9,1104.0,2.2
2807915143,2015,43.6,22.0,27.2,1829.0,2.5
2807915143,2016,43.7,23.0,27.7,1825.0,2.5
2807915143,2017,43.6,23.2,28.1,1876.0,2.5
2807915143,2018,44.3,23.9,29.3,1893.0,2.5
2807915143,2019,44.1,23.7,29.7,1933.0,2.5
2807915143,2020,44.6,24.5,28.7,1898.0,2.5
2807915143,2021,44.6,24.5,32.1,1853.0,2.4
2807915143,2022,44.8,24.3,32.0,1908.0,2.4
2807915144,2015,41.5,18.3,20.7,1745.0,2.8
2807915144,2016,41.6,19.4,21.0,1767.0,2.8
2807915144,2017,41.9,20.2,20.9,1773.0,2.8
2807915144,2018,42.4,20.9,19.6,1753.0,2.8
2807915144,2019,42.8,21.2,19.8,1744.0,2.8
2807915144,2020,43.6,22.4,21.4,1712.0,2.7
2807915144,2021,44.1,23.3,21.0,1657.0,2.7
2807915144,2022,43.5,22.5,22.0,1782.0,2.7
2807915145,2015,43.6,25.7,21.0,690.0,2.7
2807915145,2016,44.1,26.2,22.6,680.0,2.6
2807915145,2017,44.2,25.8,21.8,698.0,2.7
2807915145,2018,44.7,26.1,22.7,697.0,2.6
2807915145,2019,45.6,27.8,21.8,676.0,2.6
2807915145,2020,45.9,28.0,23.9,658.0,2.6
2807915145,2021,46.4,28.9,24.4,644.0,2.6
2807915145,2022,,,,,
2807915146,2015,45.9,23.9,30.9,1011.0,2.5
2807915146,2016,46.8,25.9,31.7,1019.0,2.4
2807915146,2017,46.8,26.5,32.6,1015.0,2.4
2807915146,2018,46.8,27.2,32.2,1026.0,2.4
2807915146,2019,47.0,27.8,31.3,1026.0,2.4
2807915146,2020,47.6,29.0,33.0,1016.0,2.3
2807915146,2021,48.3,30.6,34.0,1017.0,2.3
2807915146,2022,47.5,29.4,33.8,1086.0,2.4
2807915147,2015,45.1,26.3,20.5,744.0,2.8
2807915147,2016,45.3,26.9,22.3,762.0,2.8
2807915147,2017,45.6,28.1,25.1,743.0,2.8
2807915147,2018,45.8,27.5,23.6,737.0,2.8
2807915147,2019,46.0,27.8,23.8,727.0,2.7
2807915147,2020,46.7,29.1,24.5,712.0,2.7
2807915147,2021,47.8,30.9,25.8,692.0,2.7
2807915147,2022,47.0,29.5,25.1,1351.0,2.6
2807915148,2015,47.6,28.3,31.3,983.0,2.4
2807915148,2016,47.7,28.0,30.8,971.0,2.4
2807915148,2017,47.7,27.8,32.7,958.0,2.4
2807915148,2018,47.7,27.1,32.1,959.0,2.3
2807915148,2019,47.8,26.7,32.1,972.0,2.4
2807915148,2020,47.7,26.6,33.8,961.0,2.3
2807915148,2021,47.3,25.5,33.0,965.0,2.4
2807915148,2022,47.0,25.2,35.7,980.0,2.3
2807915149,2015,46.5,27.9,24.4,1417.0,2.6
2807915149,2016,47.0,28.4,22.9,1447.0,2.6
2807915149,2017,47.0,28.0,23.1,1449.0,2.6
2807915149,2018,47.2,28.0,24.3,1427.0,2.6
2807915149,2019,47.2,27.9,24.9,1436.0,2.6
2807915149,2020,47.5,27.5,26.8,1401.0,2.6
2807915149,2021,47.6,27.2,25.5,1406.0,2.5
2807915149,2022,47.2,26.9,25.5,1431.0,2.6
2807915150,2015,44.2,23.5,28.2,1539.0,2.6
2807915150,2016,43.9,23.1,28.4,1538.0,2.6
2807915150,2017,44.0,23.1,28.6,1527.0,2.6
2807915150,2018,43.9,23.2,27.2,1604.0,2.6
2807915150,2019,43.7,23.0,27.5,1631.0,2.6
2807915150,2020,44.3,24.3,27.9,1623.0,2.6
2807915150,2021,44.4,24.4,28.6,1625.0,2.6
2807915150,2022,44.3,24.5,29.9,1679.0,2.6
2807915151,2015,44.9,24.3,29.9,1572.0,2.5
2807915151,2016,44.4,23.5,29.3,1585.0,2.5
2807915151,2017,43.7,22.7,28.3,1625.0,2.6
2807915151,2018,43.7,22.9,28.9,1628.0,2.6
2807915151,2019,43.3,22.7,27.2,1712.0,2.6
2807915151,2020,44.0,23.4,28.4,1610.0,2.6
2807915151,2021,44.9,24.1,29.0,1586.0,2.5
2807915151,2022,44.7,24.4,29.0,1625.0,2.5
2807915153,2015,47.7,33.7,24.2,719.0,2.6
2807915153,2016,48.3,34.8,27.4,701.0,2.5
2807915153,2017,48.4,34.5,27.7,705.0,2.5
2807915153,2018,48.7,34.3,29.7,724.0,2.5
2807915153,2019,49.0,34.2,29.2,722.0,2.5
2807915153,2020,50.0,35.2,29.8,707.0,2.5
2807915153,2021,50.4,34.6,29.5,674.0,2.4
2807915153,2022,50.6,34.5,29.0,676.0,2.4
2807915154,2015,44.9,24.6,32.4,1059.0,2.4
2807915154,2016,45.9,25.1,34.2,1030.0,2.3
2807915154,2017,45.5,25.2,31.6,1039.0,2.3
2807915154,2018,45.1,24.8,29.1,1075.0,2.4
2807915154,2019,45.0,24.7,29.6,1107.0,2.4
2807915154,2020,46.0,25.4,32.1,1097.0,2.3
2807915154,2021,46.1,26.7,30.5,1094.0,2.3
2807915154,2022,44.8,24.6,32.5,1148.0,2.3
2807915155,2015,43.3,21.3,32.0,1476.0,2.5
2807915155,2016,43.4,21.4,31.6,1469.0,2.5
2807915155,2017,43.1,21.5,30.4,1521.0,2.5
2807915155,2018,43.5,21.9,31.1,1543.0,2.6
2807915155,2019,44.3,22.3,33.2,1546.0,2.5
2807915155,2020,45.0,23.5,32.4,1501.0,2.4
2807915155,2021,45.4,24.0,31.2,1515.0,2.4
2807915155,2022,45.3,24.0,33.6,1549.0,2.4
2807915156,2015,45.5,25.2,32.6,1311.0,2.3
2807915156,2016,45.3,25.1,32.9,1310.0,2.3
2807915156,2017,45.3,25.3,33.6,1357.0,2.3
2807915156,2018,44.8,24.5,35.1,1401.0,2.3
2807915156,2019,44.6,23.8,35.9,1440.0,2.3
2807915156,2020,44.7,23.6,35.0,1384.0,2.3
2807915156,2021,45.4,24.2,35.4,1368.0,2.2
2807915156,2022,45.1,23.1,36.5,1419.0,2.2
2807915157,2015,44.0,20.9,31.8,970.0,2.4
2807915157,2016,44.2,21.5,31.9,978.0,2.4
2807915157,2017,44.1,20.5,29.4,991.0,2.4
2807915157,2018,43.9,20.5,30.8,990.0,2.4
2807915157,2019,44.0,20.9,31.8,1006.0,2.4
2807915157,2020,44.3,21.1,32.5,988.0,2.4
2807915157,2021,45.1,22.5,33.5,962.0,2.4
2807915157,2022,45.0,21.2,33.2,1019.0,2.4
2807915158,2015,43.6,21.9,24.7,1194.0,2.7
2807915158,2016,43.7,22.4,25.2,1234.0,2.7
2807915158,2017,43.3,21.5,24.1,1262.0,2.7
2807915158,2018,43.2,21.1,26.2,1256.0,2.7
2807915158,2019,43.6,21.6,25.6,1299.0,2.7
2807915158,2020,43.6,22.0,26.2,1289.0,2.7
2807915158,2021,44.1,22.4,26.7,1322.0,2.7
2807915158,2022,43.8,22.1,27.4,1297.0,2.6
2807915159,2015,43.2,21.1,29.9,1466.0,2.6
2807915159,2016,43.7,21.3,29.6,1444.0,2.6
2807915159,2017,43.4,21.4,29.3,1442.0,2.6
2807915159,2018,43.7,21.4,31.1,1430.0,2.6
2807915159,2019,43.9,21.6,31.4,1424.0,2.5
2807915159,2020,43.7,20.2,30.8,1458.0,2.5
2807915159,2021,43.3,20.4,31.2,1498.0,2.5
2807915159,2022,43.3,20.6,32.2,1522.0,2.5
2807915160,2015,44.2,24.9,33.2,1785.0,2.5
2807915160,2016,43.9,24.9,32.4,1832.0,2.5
2807915160,2017,44.0,24.3,32.7,1841.0,2.5
2807915160,2018,44.1,24.1,32.3,1881.0,2.5
2807915160,2019,44.1,23.3,32.8,1890.0,2.5
2807915160,2020,45.0,23.8,34.4,1864.0,2.4
2807915160,2021,45.2,23.4,33.6,1857.0,2.4
2807915160,2022,45.0,22.7,35.6,1929.0,2.5
2807915161,2015,38.7,14.8,18.9,2164.0,3.2
2807915161,2016,39.2,15.7,19.1,2121.0,3.1
2807915161,2017,39.8,16.5,19.0,2148.0,3.1
2807915161,2018,40.2,16.9,18.1,2161.0,3.2
2807915161,2019,40.4,16.5,18.3,2223.0,3.1
2807915161,2020,40.4,16.4,19.6,2221.0,3.1
2807915161,2021,41.0,17.2,19.5,2234.0,3.1
2807915161,2022,41.3,17.6,20.6,2247.0,3.0
2807915162,2015,44.7,23.2,18.3,1880.0,2.9
2807915162,2016,45.8,24.6,20.8,1852.0,2.8
2807915162,2017,46.1,25.1,21.2,1856.0,2.8
2807915162,2018,46.3,26.0,21.0,1863.0,2.8
2807915162,2019,46.7,27.0,21.4,1894.0,2.8
2807915162,2020,47.1,27.6,23.3,1887.0,2.8
2807915162,2021,47.3,28.1,24.2,1862.0,2.7
2807915162,2022,46.7,28.0,25.0,1922.0,2.8
2807915163,2015,43.6,23.5,24.6,1220.0,2.8
2807915163,2016,43.8,23.8,25.8,1241.0,2.8
2807915163,2017,43.5,23.2,24.9,1265.0,2.8
2807915163,2018,43.8,23.6,25.1,1248.0,2.7
2807915163,2019,44.3,24.2,25.8,1246.0,2.8
2807915163,2020,44.5,23.7,25.8,1238.0,2.7
2807915163,2021,44.5,22.7,27.0,1227.0,2.7
2807915163,2022,44.4,22.0,26.7,1216.0,2.7
2807915164,2015,46.9,27.9,17.9,1084.0,2.9
2807915164,2016,47.0,28.4,19.8,1080.0,2.8
2807915164,2017,47.4,29.3,19.6,1047.0,2.8
2807915164,2018,47.3,28.8,19.1,1052.0,2.8
2807915164,2019,47.1,28.4,20.4,1074.0,2.8
2807915164,2020,46.9,28.6,21.7,1083.0,2.8
2807915164,2021,47.8,29.2,22.5,1051.0,2.8
2807915164,2022,48.5,30.6,23.4,1032.0,2.7
2807915165,2015,46.5,30.4,21.6,1011.0,2.8
2807915165,2016,46.2,29.2,22.5,1022.0,2.8
2807915165,2017,46.9,29.7,23.3,991.0,2.7
2807915165,2018,46.8,29.3,24.3,990.0,2.7
2807915165,2019,46.8,28.6,21.9,1013.0,2.8
2807915165,2020,47.0,28.5,22.0,1012.0,2.8
2807915165,2021,47.5,28.3,21.2,1008.0,2.8
2807915165,2022,47.7,29.0,22.1,997.0,2.7
2807915166,2015,46.0,30.4,20.1,881.0,2.8
2807915166,2016,46.3,30.6,18.3,869.0,2.7
2807915166,2017,46.3,30.6,20.4,868.0,2.7
2807915166,2018,47.3,32.2,23.6,839.0,2.6
2807915166,2019,47.8,33.1,23.0,838.0,2.7
2807915166,2020,47.5,32.4,23.0,851.0,2.7
2807915166,2021,46.9,31.0,25.0,846.0,2.7
2807915166,2022,46.1,30.3,26.0,854.0,2.7
2807915167,2015,44.8,26.7,16.7,1062.0,3.0
2807915167,2016,45.6,28.5,14.7,1033.0,2.9
2807915167,2017,46.0,28.8,18.4,1054.0,2.9
2807915167,2018,46.5,29.6,19.2,1058.0,2.9
2807915167,2019,46.5,29.1,19.8,1052.0,2.9
2807915167,2020,46.8,29.5,20.0,1048.0,2.9
2807915167,2021,46.8,29.5,22.2,1030.0,2.8
2807915167,2022,46.4,28.8,22.3,1038.0,2.8
2807915168,2015,42.8,22.9,27.6,1606.0,2.7
2807915168,2016,43.0,23.5,26.5,1636.0,2.7
2807915168,2017,43.7,24.6,25.9,1633.0,2.7
2807915168,2018,44.2,24.4,26.3,1633.0,2.7
2807915168,2019,44.2,24.0,25.2,1672.0,2.8
2807915168,2020,44.2,24.1,25.2,1665.0,2.8
2807915168,2021,44.5,23.7,26.3,1673.0,2.8
2807915168,2022,45.2,24.5,27.7,1621.0,2.7
2807915170,2015,38.5,12.4,23.4,2196.0,2.9
2807915170,2016,39.3,13.3,22.9,2158.0,2.8
2807915170,2017,40.0,14.0,22.8,2152.0,2.8
2807915170,2018,40.5,14.8,24.0,2170.0,2.8
2807915170,2019,41.3,15.9,24.1,2114.0,2.7
2807915170,2020,42.4,17.2,23.8,2065.0,2.7
2807915170,2021,43.2,18.7,24.4,2050.0,2.7
2807915170,2022,43.6,20.0,24.6,2088.0,2.7
2807915171,2015,42.2,16.9,26.7,1271.0,2.6
2807915171,2016,42.4,17.0,28.4,1262.0,2.6
2807915171,2017,42.9,18.2,28.8,1278.0,2.6
2807915171,2018,43.2,18.4,27.0,1300.0,2.6
2807915171,2019,43.2,17.7,27.2,1333.0,2.6
2807915171,2020,43.1,18.2,28.4,1319.0,2.6
2807915171,2021,43.4,18.4,28.6,1297.0,2.6
2807915171,2022,44.0,19.8,30.3,1285.0,2.5
2807915172,2015,43.3,21.0,18.5,1087.0,2.9
2807915172,2016,43.8,21.1,18.1,1074.0,2.8
2807915172,2017,44.0,22.4,18.6,1092.0,2.8
2807915172,2018,44.3,23.1,19.1,1085.0,2.8
2807915172,2019,44.8,24.5,19.5,1084.0,2.8
2807915172,2020,46.0,26.4,20.4,1059.0,2.7
2807915172,2021,46.6,27.5,22.2,1046.0,2.7
2807915172,2022,47.1,29.2,22.9,1057.0,2.7
2807915173,2015,39.9,15.7,16.9,1908.0,2.9
2807915173,2016,40.2,16.4,17.1,1915.0,3.0
2807915173,2017,40.8,17.2,18.5,1924.0,2.9
2807915173,2018,42.0,18.7,20.4,1848.0,2.8
2807915173,2019,42.2,18.9,20.4,1878.0,2.8
2807915173,2020,42.4,19.2,21.8,1853.0,2.8
2807915173,2021,42.9,19.9,22.6,1825.0,2.8
2807915173,2022,43.1,20.6,23.3,1866.0,2.8
2807915174,2015,43.0,20.7,28.7,1364.0,2.7
2807915174,2016,43.3,21.5,26.8,1365.0,2.8
2807915174,2017,43.3,21.4,28.5,1335.0,2.7
2807915174,2018,43.6,21.6,27.5,1324.0,2.6
2807915174,2019,43.5,20.8,26.8,1369.0,2.7
2807915174,2020,44.2,21.5,28.4,1374.0,2.6
2807915174,2021,44.7,22.5,30.5,1353.0,2.6
2807915174,2022,43.6,21.9,31.6,1419.0,2.6
2807915175,2015,48.2,29.5,33.6,1096.0,2.3
2807915175,2016,48.7,29.9,33.1,1089.0,2.3
2807915175,2017,49.2,31.0,32.0,1084.0,2.3
2807915175,2018,48.9,31.2,32.8,1102.0,2.3
2807915175,2019,48.6,30.6,34.9,1134.0,2.3
2807915175,2020,48.7,31.1,36.0,1106.0,2.3
2807915175,2021,49.6,32.5,34.7,1084.0,2.3
2807915175,2022,50.0,32.7,35.7,1079.0,2.2
2807915176,2015,39.0,11.6,32.2,1787.0,2.4
2807915176,2016,38.9,11.6,32.9,1801.0,2.4
2807915176,2017,39.7,12.2,34.1,1781.0,2.3
2807915176,2018,39.8,12.8,32.5,1809.0,2.4
2807915176,2019,40.3,13.3,33.1,1868.0,2.4
2807915176,2020,40.4,13.6,32.6,1866.0,2.4
2807915176,2021,41.9,16.0,35.5,1734.0,2.3
2807915176,2022,42.1,16.6,34.9,1811.0,2.3
2807915177,2015,49.9,35.2,25.3,1191.0,2.5
2807915177,2016,50.0,34.7,27.1,1180.0,2.4
2807915177,2017,50.1,34.0,24.8,1195.0,2.5
2807915177,2018,49.6,32.6,25.1,1219.0,2.5
2807915177,2019,50.4,32.6,24.3,1201.0,2.5
2807915177,2020,50.0,32.2,25.0,1223.0,2.6
2807915177,2021,50.2,31.3,25.4,1219.0,2.5
2807915177,2022,49.9,30.6,27.7,1256.0,2.5
2807915178,2015,39.1,9.6,26.9,1303.0,2.6
2807915178,2016,39.8,10.8,26.1,1293.0,2.6
2807915178,2017,40.1,12.0,26.8,1319.0,2.5
2807915178,2018,40.5,12.9,26.4,1331.0,2.6
2807915178,2019,41.0,13.9,27.2,1321.0,2.5
2807915178,2020,41.4,14.4,29.3,1280.0,2.5
2807915178,2021,42.3,16.1,29.1,1256.0,2.4
2807915178,2022,42.8,16.8,29.5,1264.0,2.4
2807915179,2015,48.5,25.0,17.0,1422.0,2.6
2807915179,2016,49.2,26.0,17.9,1381.0,2.5
2807915179,2017,49.5,27.4,18.4,1396.0,2.6
2807915179,2018,49.5,27.7,17.3,1410.0,2.6
2807915179,2019,49.9,28.6,19.8,1421.0,2.6
2807915179,2020,50.7,29.9,21.5,1375.0,2.5
2807915179,2021,50.9,30.5,23.9,1344.0,2.5
2807915179,2022,51.1,32.8,25.0,1343.0,2.4
2807915180,2015,36.2,6.8,31.5,2074.0,2.6
2807915180,2016,36.5,6.9,29.5,2118.0,2.6
2807915180,2017,37.0,7.2,29.9,2156.0,2.5
2807915180,2018,37.6,7.9,29.1,2167.0,2.6
2807915180,2019,38.2,8.6,29.8,2186.0,2.5
2807915180,2020,38.6,9.0,30.9,2148.0,2.5
2807915180,2021,39.4,10.0,30.3,2129.0,2.5
2807915180,2022,40.2,11.1,33.2,2106.0,2.4
2807915181,2015,41.4,13.2,25.7,1206.0,2.7
2807915181,2016,42.3,14.5,23.2,1201.0,2.7
2807915181,2017,42.7,15.5,22.5,1187.0,2.6
2807915181,2018,43.6,16.6,22.6,1202.0,2.6
2807915181,2019,44.4,18.0,22.1,1198.0,2.6
2807915181,2020,45.1,19.4,22.4,1192.0,2.6
2807915181,2021,45.8,21.5,23.1,1170.0,2.6
2807915181,2022,46.7,23.1,24.8,1137.0,2.5
2807915182,2015,42.1,16.1,19.6,757.0,2.9
2807915182,2016,42.8,17.4,18.7,759.0,2.9
2807915182,2017,43.2,19.3,19.4,760.0,2.9
2807915182,2018,44.0,21.3,20.5,737.0,2.9
2807915182,2019,44.9,24.5,19.9,719.0,2.8
2807915182,2020,46.1,26.5,21.0,697.0,2.8
2807915182,2021,46.0,26.8,22.4,687.0,2.7
2807915182,2022,46.3,27.5,22.3,677.0,2.6
2807916001,2015,39.8,15.3,13.7,1820.0,3.2
2807916001,2016,40.5,16.6,14.1,1855.0,3.2
2807916001,2017,40.8,16.8,14.7,1838.0,3.1
2807916001,2018,40.8,17.1,13.7,1867.0,3.2
2807916001,2019,41.1,17.4,14.1,1889.0,3.2
2807916001,2020,40.7,16.9,13.6,1995.0,3.2
2807916001,2021,40.6,17.0,14.0,1998.0,3.2
2807916001,2022,40.1,15.8,13.2,2056.0,3.2
2807916002,2015,35.5,9.2,14.8,1761.0,3.2
2807916002,2016,35.5,9.6,12.3,1828.0,3.3
2807916002,2017,35.9,10.2,13.1,1823.0,3.3
2807916002,2018,36.6,10.5,13.3,1859.0,3.3
2807916002,2019,36.9,10.9,13.0,1867.0,3.2
2807916002,2020,37.5,11.2,13.4,1843.0,3.2
2807916002,2021,38.4,12.0,14.4,1852.0,3.2
2807916002,2022,38.9,13.1,17.5,1862.0,3.0
2807916003,2015,35.9,7.0,18.3,2097.0,2.9
2807916003,2016,36.3,7.6,18.5,2127.0,3.0
2807916003,2017,36.9,7.8,18.2,2175.0,2.9
2807916003,2018,37.7,9.1,18.2,2149.0,2.9
2807916003,2019,38.6,9.5,20.3,2095.0,2.9
2807916003,2020,39.6,10.9,20.4,2022.0,2.9
2807916003,2021,40.1,11.0,21.5,2027.0,2.9
2807916003,2022,41.2,12.8,21.0,2037.0,2.8
2807916004,2015,39.4,15.6,16.0,2161.0,3.4
2807916004,2016,39.7,16.1,17.6,2149.0,3.3
2807916004,2017,39.9,16.0,17.7,2178.0,3.4
2807916004,2018,39.8,15.6,16.7,2278.0,3.4
2807916004,2019,39.6,14.9,16.0,2370.0,3.4
2807916004,2020,39.8,15.0,18.1,2376.0,3.4
2807916004,2021,40.8,16.2,17.6,2427.0,3.4
2807916004,2022,40.7,16.8,17.0,2537.0,3.4
2807916005,2015,42.7,19.5,18.1,1825.0,3.0
2807916005,2016,42.8,20.0,18.2,1837.0,3.0
2807916005,2017,42.6,20.0,17.6,1873.0,3.0
2807916005,2018,42.6,20.3,17.5,1903.0,3.1
2807916005,2019,43.0,20.6,18.6,1872.0,3.0
2807916005,2020,43.0,20.6,19.4,1878.0,3.0
2807916005,2021,42.8,21.0,19.0,1875.0,3.0
2807916005,2022,42.3,20.1,20.7,1938.0,3.0
2807916006,2015,42.7,19.4,26.3,1755.0,2.8
2807916006,2016,43.0,19.7,26.5,1697.0,2.7
2807916006,2017,42.8,19.7,26.3,1735.0,2.7
2807916006,2018,42.9,20.3,28.2,1753.0,2.7
2807916006,2019,43.2,20.5,28.3,1762.0,2.7
2807916006,2020,43.9,20.4,29.1,1730.0,2.6
2807916006,2021,43.8,20.4,28.3,1738.0,2.6
2807916006,2022,43.8,20.8,29.7,1769.0,2.7
2807916007,2015,43.6,22.4,25.4,2081.0,2.7
2807916007,2016,43.3,22.1,23.4,2133.0,2.7
2807916007,2017,43.2,22.3,23.4,2193.0,2.7
2807916007,2018,43.1,21.8,24.0,2241.0,2.8
2807916007,2019,43.2,21.8,23.9,2235.0,2.8
2807916007,2020,43.5,21.9,24.1,2241.0,2.8
2807916007,2021,44.5,23.0,25.3,2205.0,2.7
2807916007,2022,44.6,22.9,25.3,2195.0,2.7
2807916008,2015,49.2,28.6,31.4,979.0,2.4
2807916008,2016,49.1,28.5,28.5,987.0,2.4
2807916008,2017,48.3,27.4,28.4,1005.0,2.5
2807916008,2018,48.1,27.1,27.7,986.0,2.5
2807916008,2019,45.2,23.4,27.5,1142.0,2.6
2807916008,2020,45.5,23.1,27.4,1122.0,2.6
2807916008,2021,44.9,23.0,26.6,1114.0,2.6
2807916008,2022,45.4,23.1,25.1,1098.0,2.6
2807916009,2015,45.3,23.4,34.2,1019.0,2.3
2807916009,2016,45.1,21.7,32.7,1025.0,2.4
2807916009,2017,45.0,20.7,33.0,1040.0,2.4
2807916009,2018,44.9,19.5,31.5,1041.0,2.4
2807916009,2019,44.9,18.8,32.5,1065.0,2.4
2807916009,2020,44.9,18.8,33.6,1027.0,2.3
2807916009,2021,44.4,17.5,32.4,1022.0,2.3
2807916009,2022,43.1,16.4,30.4,1037.0,2.4
2807916011,2015,47.6,26.7,30.8,1226.0,2.4
2807916011,2016,47.0,24.9,29.2,1245.0,2.4
2807916011,2017,45.9,22.9,31.3,1255.0,2.5
2807916011,2018,45.1,21.4,34.1,1284.0,2.5
2807916011,2019,44.6,20.2,32.6,1324.0,2.5
2807916011,2020,44.8,20.4,32.6,1305.0,2.5
2807916011,2021,45.1,20.1,31.0,1282.0,2.5
2807916011,2022,44.5,18.9,30.3,1314.0,2.5
2807916012,2015,49.6,28.8,39.8,702.0,2.1
2807916012,2016,49.9,28.6,38.0,707.0,2.2
2807916012,2017,50.0,27.7,38.0,700.0,2.2
2807916012,2018,48.9,26.2,39.0,729.0,2.2
2807916012,2019,48.4,24.7,39.8,738.0,2.2
2807916012,2020,48.8,25.4,39.4,728.0,2.2
2807916012,2021,49.4,25.2,38.1,694.0,2.2
2807916012,2022,48.4,24.4,38.3,704.0,2.2
2807916013,2015,49.8,35.1,20.0,1075.0,2.7
2807916013,2016,50.4,35.9,21.2,1055.0,2.6
2807916013,2017,50.8,36.0,22.4,1027.0,2.6
2807916013,2018,50.4,35.0,23.2,1012.0,2.6
2807916013,2019,50.9,35.2,23.7,999.0,2.5
2807916013,2020,51.2,35.6,22.1,988.0,2.6
2807916013,2021,51.5,35.6,24.7,973.0,2.5
2807916013,2022,50.8,34.8,24.7,975.0,2.5
2807916014,2015,54.6,43.3,24.1,842.0,2.4
2807916014,2016,55.1,43.0,24.9,816.0,2.3
2807916014,2017,54.4,43.1,23.4,839.0,2.4
2807916014,2018,53.8,43.2,24.7,867.0,2.4
2807916014,2019,55.0,43.4,25.4,837.0,2.3
2807916014,2020,55.3,46.1,26.7,830.0,2.3
2807916014,2021,55.0,44.6,26.4,820.0,2.3
2807916014,2022,54.9,43.4,27.8,819.0,2.3
2807916015,2015,49.5,35.4,22.9,1244.0,2.5
2807916015,2016,50.7,36.4,23.2,1216.0,2.5
2807916015,2017,51.0,36.5,22.5,1226.0,2.5
2807916015,2018,50.5,35.2,22.8,1271.0,2.5
2807916015,2019,51.1,34.9,23.4,1237.0,2.5
2807916015,2020,51.6,35.8,25.3,1211.0,2.5
2807916015,2021,51.9,36.6,26.1,1167.0,2.4
2807916015,2022,51.8,35.3,25.9,1181.0,2.4
2807916016,2015,50.2,38.2,20.1,1020.0,2.5
2807916016,2016,49.9,38.2,19.2,1005.0,2.5
2807916016,2017,49.8,37.6,19.0,1013.0,2.5
2807916016,2018,49.9,36.7,18.8,1008.0,2.5
2807916016,2019,49.3,36.0,20.2,1024.0,2.6
2807916016,2020,49.5,34.8,24.8,987.0,2.4
2807916016,2021,48.6,32.9,23.6,1001.0,2.5
2807916016,2022,48.6,32.6,25.1,1010.0,2.5
2807916017,2015,50.7,39.2,21.5,1050.0,2.6
2807916017,2016,50.8,39.1,21.2,1046.0,2.5
2807916017,2017,51.6,39.3,23.7,1018.0,2.5
2807916017,2018,51.6,39.0,25.6,1011.0,2.5
2807916017,2019,51.8,38.9,27.2,1014.0,2.5
2807916017,2020,52.2,38.6,27.5,985.0,2.5
2807916017,2021,52.7,38.5,29.7,968.0,2.4
2807916017,2022,53.4,39.0,29.3,958.0,2.4
2807916018,2015,50.8,38.4,21.3,818.0,2.5
2807916018,2016,51.0,39.1,21.0,810.0,2.5
2807916018,2017,50.5,38.3,23.7,825.0,2.5
2807916018,2018,50.9,38.8,23.4,822.0,2.5
2807916018,2019,50.6,38.4,24.8,846.0,2.5
2807916018,2020,50.9,37.9,26.4,811.0,2.4
2807916018,2021,51.6,38.7,27.8,802.0,2.4
2807916018,2022,52.1,39.4,29.6,797.0,2.3
2807916019,2015,51.2,40.6,23.6,895.0,2.4
2807916019,2016,51.4,40.4,24.7,912.0,2.4
2807916019,2017,50.7,39.2,23.6,928.0,2.5
2807916019,2018,51.3,39.7,25.1,905.0,2.4
2807916019,2019,51.0,39.2,24.7,915.0,2.5
2807916019,2020,51.7,39.2,26.1,903.0,2.4
2807916019,2021,51.9,39.1,27.2,906.0,2.4
2807916019,2022,51.8,38.3,27.2,915.0,2.4
2807916020,2015,47.5,30.5,17.5,1242.0,2.7
2807916020,2016,48.4,32.9,19.9,1196.0,2.6
2807916020,2017,48.4,33.3,19.7,1215.0,2.6
2807916020,2018,49.1,34.1,19.9,1192.0,2.6
2807916020,2019,49.7,34.7,20.3,1148.0,2.6
2807916020,2020,49.1,33.6,21.4,1183.0,2.6
2807916020,2021,49.3,33.1,20.4,1185.0,2.6
2807916020,2022,50.0,34.0,22.8,1158.0,2.5
2807916021,2015,49.4,32.8,23.8,1172.0,2.5
2807916021,2016,49.8,34.5,23.9,1164.0,2.5
2807916021,2017,50.3,35.2,23.0,1138.0,2.4
2807916021,2018,50.6,35.7,23.7,1135.0,2.4
2807916021,2019,50.8,35.4,23.3,1131.0,2.5
2807916021,2020,51.4,37.0,24.6,1097.0,2.4
2807916021,2021,51.3,36.8,27.2,1084.0,2.4
2807916021,2022,52.1,37.9,27.5,1086.0,2.3
2807916022,2015,47.4,31.3,22.0,1382.0,2.6
2807916022,2016,47.8,31.5,21.9,1364.0,2.5
2807916022,2017,47.8,31.7,23.1,1380.0,2.5
2807916022,2018,48.9,32.6,24.6,1330.0,2.4
2807916022,2019,49.6,33.4,24.2,1339.0,2.4
2807916022,2020,49.7,33.0,24.7,1339.0,2.4
2807916022,2021,49.6,33.3,23.9,1322.0,2.4
2807916022,2022,50.1,33.8,26.6,1280.0,2.4
2807916024,2015,43.1,21.0,21.6,2198.0,2.6
2807916024,2016,43.3,21.5,22.0,2255.0,2.6
2807916024,2017,43.8,21.5,22.4,2253.0,2.7
2807916024,2018,44.4,21.8,23.1,2217.0,2.6
2807916024,2019,44.9,22.0,23.6,2205.0,2.6
2807916024,2020,45.3,21.7,25.7,2167.0,2.5
2807916024,2021,45.6,21.8,26.8,2172.0,2.5
2807916024,2022,45.8,21.7,26.2,2158.0,2.5
2807916025,2015,40.4,11.3,29.5,2205.0,2.5
2807916025,2016,40.4,11.6,29.6,2189.0,2.5
2807916025,2017,41.3,12.5,31.4,2129.0,2.4
2807916025,2018,41.8,13.9,32.5,2143.0,2.4
2807916025,2019,42.7,15.1,30.8,2165.0,2.4
2807916025,2020,43.2,15.9,30.6,2126.0,2.4
2807916025,2021,44.4,18.0,33.4,2070.0,2.3
2807916025,2022,45.1,18.8,34.5,2093.0,2.3
2807916026,2015,48.4,31.8,32.8,735.0,2.3
2807916026,2016,48.6,32.0,31.7,734.0,2.3
2807916026,2017,48.5,30.6,32.6,733.0,2.3
2807916026,2018,48.9,30.3,31.9,720.0,2.3
2807916026,2019,48.6,28.7,30.7,749.0,2.3
2807916026,2020,48.2,28.8,32.7,765.0,2.3
2807916026,2021,48.3,29.1,33.1,756.0,2.3
2807916026,2022,48.5,29.0,32.1,773.0,2.3
2807916027,2015,49.4,34.6,24.9,732.0,2.5
2807916027,2016,49.5,33.9,25.0,744.0,2.5
2807916027,2017,49.1,32.7,24.2,756.0,2.5
2807916027,2018,49.0,31.6,23.6,791.0,2.6
2807916027,2019,48.9,30.5,24.2,814.0,2.6
2807916027,2020,49.7,30.7,27.7,775.0,2.5
2807916027,2021,50.8,31.8,28.5,742.0,2.5
2807916027,2022,51.0,32.3,27.5,721.0,2.4
2807916028,2015,49.1,37.2,22.7,958.0,2.5
2807916028,2016,49.2,37.9,22.8,964.0,2.5
2807916028,2017,49.9,39.2,21.9,956.0,2.4
2807916028,2018,51.0,40.3,23.8,928.0,2.4
2807916028,2019,51.8,41.8,24.5,926.0,2.3
2807916028,2020,52.1,41.6,25.9,914.0,2.3
2807916028,2021,52.8,42.9,28.0,890.0,2.3
2807916028,2022,52.7,41.9,29.1,887.0,2.2
2807916029,2015,48.5,33.4,23.7,1239.0,2.5
2807916029,2016,48.6,33.7,25.4,1243.0,2.5
2807916029,2017,48.7,34.1,25.3,1251.0,2.5
2807916029,2018,49.3,34.2,25.7,1229.0,2.5
2807916029,2019,49.6,33.8,25.9,1242.0,2.5
2807916029,2020,50.4,34.4,27.5,1202.0,2.4
2807916029,2021,50.3,33.3,29.0,1192.0,2.4
2807916029,2022,50.9,34.0,29.2,1172.0,2.4
2807916030,2015,45.3,22.3,28.3,1838.0,2.4
2807916030,2016,45.6,22.1,28.1,1848.0,2.4
2807916030,2017,45.6,21.9,28.8,1846.0,2.4
2807916030,2018,46.0,22.0,30.6,1854.0,2.4
2807916030,2019,46.3,22.2,31.6,1846.0,2.3
2807916030,2020,46.6,23.4,33.1,1789.0,2.3
2807916030,2021,47.2,24.1,33.9,1765.0,2.2
2807916030,2022,47.2,24.8,36.4,1776.0,2.2
2807916031,2015,46.4,20.0,18.0,1350.0,2.7
2807916031,2016,47.3,21.7,19.1,1329.0,2.6
2807916031,2017,47.9,23.2,17.2,1324.0,2.6
2807916031,2018,48.4,25.3,18.2,1306.0,2.6
2807916031,2019,49.4,27.5,19.2,1275.0,2.5
2807916031,2020,50.3,30.5,20.2,1238.0,2.5
2807916031,2021,51.0,33.2,20.3,1219.0,2.5
2807916031,2022,51.0,35.1,21.2,1248.0,2.5
2807916032,2015,43.3,13.0,25.8,1632.0,2.6
2807916032,2016,44.2,14.0,27.8,1604.0,2.5
2807916032,2017,44.9,15.5,28.8,1592.0,2.5
2807916032,2018,45.5,17.0,28.4,1579.0,2.5
2807916032,2019,46.0,18.3,29.2,1586.0,2.5
2807916032,2020,46.7,20.3,29.4,1555.0,2.4
2807916032,2021,47.6,22.5,29.7,1501.0,2.4
2807916032,2022,48.4,24.9,32.0,1519.0,2.3
2807916033,2015,43.1,21.5,32.6,1545.0,2.4
2807916033,2016,43.4,21.4,31.4,1545.0,2.4
2807916033,2017,43.7,21.3,30.5,1568.0,2.4
2807916033,2018,43.5,20.4,30.2,1606.0,2.4
2807916033,2019,43.4,19.6,32.4,1620.0,2.4
2807916033,2020,43.8,19.9,33.2,1585.0,2.4
2807916033,2021,44.5,21.0,34.7,1511.0,2.3
2807916033,2022,44.2,20.5,35.4,1566.0,2.3
2807916034,2015,41.7,17.3,33.5,1812.0,2.4
2807916034,2016,41.9,17.1,32.6,1833.0,2.4
2807916034,2017,42.4,17.4,33.9,1834.0,2.4
2807916034,2018,42.1,16.1,34.2,1881.0,2.5
2807916034,2019,42.4,16.7,33.6,1899.0,2.5
2807916034,2020,43.0,17.3,33.9,1849.0,2.4
2807916034,2021,42.8,17.0,35.0,1858.0,2.4
2807916034,2022,42.3,16.5,35.2,1998.0,2.4
2807916035,2015,43.9,22.0,23.8,1611.0,2.7
2807916035,2016,44.6,23.2,25.8,1584.0,2.6
2807916035,2017,45.0,24.1,25.7,1561.0,2.6
2807916035,2018,45.1,24.9,26.6,1594.0,2.6
2807916035,2019,45.6,25.6,25.8,1628.0,2.7
2807916035,2020,45.5,25.7,26.3,1606.0,2.6
2807916035,2021,45.9,25.7,26.1,1612.0,2.7
2807916035,2022,46.1,25.6,28.2,1605.0,2.6
2807916036,2015,36.3,11.4,14.3,2649.0,3.2
2807916036,2016,37.2,11.6,15.2,2554.0,3.1
2807916036,2017,37.3,11.8,15.4,2621.0,3.1
2807916036,2018,37.6,11.6,15.1,2676.0,3.1
2807916036,2019,38.0,11.6,14.8,2654.0,3.1
2807916036,2020,38.4,11.7,15.1,2602.0,3.1
2807916036,2021,39.2,12.6,16.6,2565.0,3.1
2807916036,2022,39.8,13.0,18.6,2538.0,3.0
2807916037,2015,49.2,30.2,31.8,995.0,2.3
2807916037,2016,49.4,29.5,32.6,988.0,2.3
2807916037,2017,50.1,29.9,33.4,950.0,2.2
2807916037,2018,49.8,28.8,33.9,962.0,2.2
2807916037,2019,49.4,27.1,32.5,986.0,2.3
2807916037,2020,49.1,26.4,35.3,954.0,2.2
2807916037,2021,48.3,24.6,38.4,976.0,2.2
2807916037,2022,47.7,24.1,37.5,973.0,2.2
2807916038,2015,46.9,26.0,31.7,1275.0,2.3
2807916038,2016,47.2,25.8,32.0,1266.0,2.3
2807916038,2017,46.8,24.8,31.8,1305.0,2.4
2807916038,2018,47.1,25.0,30.8,1319.0,2.4
2807916038,2019,47.9,25.4,33.8,1272.0,2.3
2807916038,2020,47.5,25.0,33.6,1263.0,2.3
2807916038,2021,47.0,23.9,35.7,1286.0,2.3
2807916038,2022,47.0,24.0,36.2,1298.0,2.3
2807916039,2015,47.0,27.4,33.2,1048.0,2.3
2807916039,2016,46.4,25.6,32.7,1026.0,2.3
2807916039,2017,45.9,24.4,33.2,1035.0,2.3
2807916039,2018,45.2,23.2,35.4,1041.0,2.3
2807916039,2019,44.6,22.1,34.5,1092.0,2.4
2807916039,2020,44.4,20.7,34.4,1080.0,2.4
2807916039,2021,44.0,20.7,34.8,1057.0,2.3
2807916039,2022,43.5,18.6,35.5,1069.0,2.4
2807916040,2015,48.8,31.1,36.9,1091.0,2.2
2807916040,2016,48.9,29.7,38.3,1077.0,2.2
2807916040,2017,47.7,28.1,36.9,1064.0,2.3
2807916040,2018,46.9,26.5,37.2,1087.0,2.3
2807916040,2019,47.1,25.3,37.0,1081.0,2.3
2807916040,2020,46.2,23.3,35.0,1128.0,2.3
2807916040,2021,46.1,22.7,36.7,1103.0,2.2
2807916040,2022,45.1,20.2,36.5,1888.0,2.3
2807916041,2015,48.8,30.0,36.3,709.0,2.2
2807916041,2016,49.6,30.3,35.4,677.0,2.2
2807916041,2017,48.3,28.5,37.7,688.0,2.2
2807916041,2018,47.5,27.7,40.1,694.0,2.3
2807916041,2019,46.7,25.7,37.4,720.0,2.3
2807916041,2020,46.8,24.6,37.6,699.0,2.3
2807916041,2021,45.8,22.4,36.1,704.0,2.3
2807916041,2022,,,,,
2807916042,2015,47.2,29.2,33.2,791.0,2.4
2807916042,2016,47.5,28.7,32.9,794.0,2.4
2807916042,2017,47.2,28.3,32.2,807.0,2.4
2807916042,2018,47.3,27.9,30.6,815.0,2.4
2807916042,2019,47.2,27.6,30.4,805.0,2.4
2807916042,2020,47.6,27.1,32.2,800.0,2.3
2807916042,2021,47.3,26.9,32.4,795.0,2.3
2807916042,2022,49.5,31.4,33.0,1403.0,2.3
2807916043,2015,45.3,25.7,28.3,918.0,2.5
2807916043,2016,45.8,25.6,29.4,893.0,2.4
2807916043,2017,45.2,23.7,29.5,929.0,2.5
2807916043,2018,45.7,24.7,29.2,942.0,2.5
2807916043,2019,45.7,24.4,29.3,948.0,2.5
2807916043,2020,46.0,24.4,31.1,951.0,2.5
2807916043,2021,47.5,25.8,30.6,901.0,2.4
2807916043,2022,47.3,25.1,31.5,935.0,2.4
2807916044,2015,45.4,26.4,27.3,1089.0,2.6
2807916044,2016,45.5,26.2,26.1,1102.0,2.6
2807916044,2017,45.9,26.2,27.2,1114.0,2.6
2807916044,2018,46.3,25.8,27.9,1092.0,2.6
2807916044,2019,46.2,25.3,28.8,1117.0,2.6
2807916044,2020,46.2,24.9,28.3,1113.0,2.6
2807916044,2021,46.3,24.3,29.3,1105.0,2.6
2807916044,2022,46.6,24.4,29.9,1101.0,2.5
2807916045,2015,42.5,18.2,22.9,1648.0,2.7
2807916045,2016,42.3,18.4,24.4,1644.0,2.7
2807916045,2017,42.7,19.2,23.4,1637.0,2.7
2807916045,2018,43.2,19.8,22.8,1642.0,2.7
2807916045,2019,43.8,20.6,23.2,1610.0,2.6
2807916045,2020,44.5,21.4,22.1,1605.0,2.6
2807916045,2021,44.8,22.1,22.6,1607.0,2.6
2807916045,2022,45.0,22.5,24.9,1594.0,2.6
2807916046,2015,46.6,27.5,25.7,1788.0,2.5
2807916046,2016,46.7,27.5,26.6,1778.0,2.5
2807916046,2017,47.1,28.6,25.6,1757.0,2.4
2807916046,2018,47.9,30.1,27.3,1716.0,2.4
2807916046,2019,48.2,29.5,28.0,1717.0,2.4
2807916046,2020,48.7,29.7,28.7,1673.0,2.4
2807916046,2021,49.1,30.2,30.4,1659.0,2.3
2807916046,2022,48.8,30.2,31.3,1703.0,2.3
2807916047,2015,51.0,37.4,31.1,623.0,2.2
2807916047,2016,51.6,38.1,30.6,616.0,2.2
2807916047,2017,52.1,38.2,30.9,617.0,2.2
2807916047,2018,52.9,39.0,30.6,595.0,2.2
2807916047,2019,52.6,38.6,32.5,593.0,2.2
2807916047,2020,52.3,37.6,32.7,601.0,2.2
2807916047,2021,52.6,36.9,33.1,593.0,2.2
2807916047,2022,,,,,
2807916048,2015,44.4,21.2,25.9,2207.0,2.5
2807916048,2016,45.0,22.3,26.3,2168.0,2.5
2807916048,2017,45.3,22.3,24.9,2193.0,2.5
2807916048,2018,45.5,23.3,26.1,2197.0,2.5
2807916048,2019,45.4,23.2,24.6,2243.0,2.5
2807916048,2020,45.6,23.1,26.2,2220.0,2.5
2807916048,2021,46.5,24.9,27.2,2139.0,2.5
2807916048,2022,47.0,26.0,30.4,2135.0,2.4
2807916049,2015,47.8,21.8,18.5,1250.0,2.7
2807916049,2016,49.0,24.3,18.4,1222.0,2.7
2807916049,2017,49.8,27.2,18.7,1202.0,2.6
2807916049,2018,49.6,28.7,19.1,1229.0,2.6
2807916049,2019,50.0,30.1,19.5,1226.0,2.6
2807916049,2020,50.8,33.0,22.8,1180.0,2.5
2807916049,2021,51.4,35.1,23.7,1171.0,2.5
2807916049,2022,51.7,36.8,26.2,1167.0,2.5
2807916050,2015,45.8,23.8,21.5,1537.0,2.6
2807916050,2016,46.5,25.6,21.2,1506.0,2.5
2807916050,2017,47.1,27.5,22.2,1485.0,2.5
2807916050,2018,47.2,27.8,20.4,1493.0,2.5
2807916050,2019,47.2,28.2,21.6,1528.0,2.5
2807916050,2020,47.7,29.0,20.2,1518.0,2.5
2807916050,2021,48.0,29.9,20.9,1517.0,2.5
2807916050,2022,48.8,31.2,22.4,1478.0,2.4
2807916051,2015,43.9,26.7,22.6,1004.0,2.6
2807916051,2016,44.3,26.5,23.6,969.0,2.6
2807916051,2017,44.7,26.4,23.4,969.0,2.6
2807916051,2018,44.4,26.1,23.0,1000.0,2.6
2807916051,2019,44.4,25.8,24.3,1002.0,2.5
2807916051,2020,44.5,25.9,24.8,1002.0,2.5
2807916051,2021,44.9,25.6,25.1,996.0,2.5
2807916051,2022,44.9,25.2,24.2,1026.0,2.6
2807916052,2015,46.2,28.7,23.2,1179.0,2.5
2807916052,2016,47.6,30.1,25.9,1127.0,2.5
2807916052,2017,46.9,29.9,25.9,1150.0,2.4
2807916052,2018,46.9,29.6,26.0,1154.0,2.5
2807916052,2019,47.0,29.4,25.0,1199.0,2.5
2807916052,2020,46.9,28.8,24.7,1174.0,2.5
2807916052,2021,47.5,30.0,26.0,1165.0,2.4
2807916052,2022,47.5,29.8,25.8,1156.0,2.4
2807916053,2015,44.1,24.5,29.8,889.0,2.4
2807916053,2016,43.9,25.0,27.0,912.0,2.5
2807916053,2017,43.6,24.4,28.0,937.0,2.5
2807916053,2018,44.0,24.7,29.6,931.0,2.5
2807916053,2019,44.0,23.5,28.3,957.0,2.5
2807916053,2020,44.4,23.1,28.0,949.0,2.5
2807916053,2021,45.2,24.7,28.5,899.0,2.4
2807916053,2022,45.1,24.2,29.7,921.0,2.5
2807916054,2015,50.1,34.3,28.9,798.0,2.3
2807916054,2016,50.3,34.5,30.7,785.0,2.2
2807916054,2017,49.7,32.8,32.3,813.0,2.3
2807916054,2018,50.1,33.6,34.1,786.0,2.2
2807916054,2019,49.6,32.1,33.4,795.0,2.3
2807916054,2020,50.1,31.2,35.0,786.0,2.2
2807916054,2021,50.7,31.2,35.5,759.0,2.2
2807916054,2022,50.8,31.2,38.6,756.0,2.1
2807916055,2015,48.0,30.1,32.6,762.0,2.2
2807916055,2016,48.1,29.8,33.2,759.0,2.3
2807916055,2017,49.2,30.0,34.6,753.0,2.2
2807916055,2018,48.8,28.6,34.3,781.0,2.3
2807916055,2019,48.4,27.4,34.6,792.0,2.3
2807916055,2020,47.5,25.6,33.6,781.0,2.3
2807916055,2021,47.8,25.4,37.7,767.0,2.2
2807916055,2022,47.3,24.2,35.8,1467.0,2.3
2807916056,2015,49.0,30.7,33.8,691.0,2.2
2807916056,2016,48.7,29.7,32.6,704.0,2.2
2807916056,2017,49.0,29.2,33.3,678.0,2.2
2807916056,2018,48.9,27.9,33.4,677.0,2.2
2807916056,2019,49.7,27.9,35.2,660.0,2.2
2807916056,2020,48.5,25.8,34.9,687.0,2.2
2807916056,2021,47.7,24.7,37.4,679.0,2.2
2807916056,2022,,,,,
2807916057,2015,47.9,30.3,30.4,984.0,2.3
2807916057,2016,47.7,29.2,31.7,976.0,2.3
2807916057,2017,48.0,30.0,33.7,971.0,2.3
2807916057,2018,47.9,29.2,33.7,994.0,2.3
2807916057,2019,48.0,28.8,35.0,1011.0,2.3
2807916057,2020,47.9,27.7,33.3,1016.0,2.3
2807916057,2021,48.4,29.0,35.0,988.0,2.3
2807916057,2022,49.0,28.8,37.9,989.0,2.3
2807916058,2015,44.3,21.9,29.5,1396.0,2.5
2807916058,2016,44.5,21.7,29.6,1382.0,2.5
2807916058,2017,44.9,22.8,32.1,1371.0,2.4
2807916058,2018,44.5,22.0,29.6,1387.0,2.5
2807916058,2019,44.4,21.4,30.3,1432.0,2.5
2807916058,2020,45.4,22.8,29.4,1380.0,2.5
2807916058,2021,45.7,22.9,29.7,1381.0,2.4
2807916058,2022,45.5,22.8,29.6,1414.0,2.4
2807916059,2015,48.3,30.1,24.3,1789.0,2.6
2807916059,2016,48.7,30.7,22.7,1776.0,2.6
2807916059,2017,49.1,31.3,23.7,1780.0,2.6
2807916059,2018,48.8,31.0,22.4,1837.0,2.6
2807916059,2019,49.4,31.5,22.7,1837.0,2.6
2807916059,2020,50.5,32.1,25.1,1775.0,2.5
2807916059,2021,51.2,33.6,24.4,1760.0,2.5
2807916059,2022,51.8,34.6,24.4,1731.0,2.5
2807916060,2015,48.1,30.1,22.8,1527.0,2.6
2807916060,2016,48.9,32.3,22.2,1532.0,2.6
2807916060,2017,48.8,32.8,22.4,1560.0,2.6
2807916060,2018,49.5,34.6,21.8,1540.0,2.6
2807916060,2019,49.8,36.1,21.8,1534.0,2.6
2807916060,2020,50.3,37.1,22.8,1495.0,2.5
2807916060,2021,50.6,37.5,23.5,1487.0,2.5
2807916060,2022,50.5,37.5,23.7,1498.0,2.5
2807916061,2015,50.8,36.4,20.5,1392.0,2.5
2807916061,2016,50.8,37.4,20.7,1398.0,2.5
2807916061,2017,50.7,38.2,21.5,1401.0,2.5
2807916061,2018,50.6,38.1,21.9,1425.0,2.5
2807916061,2019,51.4,40.0,23.1,1409.0,2.5
2807916061,2020,51.9,40.5,26.4,1372.0,2.4
2807916061,2021,51.8,40.3,27.7,1361.0,2.4
2807916061,2022,52.1,39.4,28.6,1350.0,2.4
2807916062,2015,48.4,34.8,26.1,598.0,2.4
2807916062,2016,49.1,34.9,28.2,585.0,2.3
2807916062,2017,,,,,
2807916062,2018,,,,,
2807916062,2019,,,,,
2807916062,2020,,,,,
2807916062,2021,,,,,
2807916062,2022,,,,,
2807916063,2015,51.7,38.3,22.5,1023.0,2.5
2807916063,2016,52.4,39.8,22.5,1020.0,2.4
2807916063,2017,51.3,38.1,25.0,1616.0,2.4
2807916063,2018,51.8,38.7,27.0,1585.0,2.4
2807916063,2019,52.1,39.2,27.0,1565.0,2.4
2807916063,2020,52.6,39.7,28.0,1555.0,2.3
2807916063,2021,52.5,39.4,28.8,1560.0,2.4
2807916063,2022,52.4,39.1,30.1,1536.0,2.3
2807916064,2015,48.2,31.5,23.1,1168.0,2.5
2807916064,2016,48.5,32.7,23.2,1179.0,2.6
2807916064,2017,48.8,33.1,21.9,1189.0,2.6
2807916064,2018,49.5,33.7,22.8,1175.0,2.5
2807916064,2019,50.2,34.5,24.3,1162.0,2.5
2807916064,2020,50.2,34.5,25.6,1147.0,2.4
2807916064,2021,50.6,35.0,25.9,1141.0,2.4
2807916064,2022,50.6,34.4,25.1,1167.0,2.5
2807916065,2015,47.8,28.8,44.0,884.0,1.9
2807916065,2016,47.6,28.3,44.5,891.0,1.9
2807916065,2017,47.3,28.3,46.7,921.0,1.9
2807916065,2018,47.3,28.1,47.5,941.0,1.9
2807916065,2019,46.1,26.4,44.8,1017.0,2.0
2807916065,2020,46.3,26.1,47.3,997.0,1.9
2807916065,2021,46.6,26.4,45.7,1004.0,2.0
2807916065,2022,46.4,26.0,43.3,1018.0,2.0
2807916066,2015,46.9,29.3,41.1,932.0,2.1
2807916066,2016,46.3,28.3,41.3,954.0,2.1
2807916066,2017,47.0,29.1,40.7,967.0,2.1
2807916066,2018,47.2,29.5,43.1,973.0,2.1
2807916066,2019,47.5,29.3,44.8,1004.0,2.0
2807916066,2020,48.4,29.9,45.5,971.0,2.0
2807916066,2021,47.7,28.4,45.3,1010.0,2.0
2807916066,2022,46.9,25.7,44.5,1056.0,2.0
2807916067,2015,46.5,25.6,34.5,1366.0,2.3
2807916067,2016,47.0,25.5,30.3,1685.0,2.4
2807916067,2017,47.5,25.4,32.6,1668.0,2.3
2807916067,2018,47.1,24.5,31.7,1686.0,2.3
2807916067,2019,46.6,23.4,34.9,1702.0,2.2
2807916067,2020,47.1,23.9,35.4,1689.0,2.2
2807916067,2021,47.5,23.9,35.9,1855.0,2.2
2807916067,2022,47.2,23.7,35.3,1885.0,2.2
2807916069,2015,45.1,26.3,26.5,1158.0,2.5
2807916069,2016,44.9,26.4,25.6,1192.0,2.5
2807916069,2017,44.8,26.4,26.4,1214.0,2.5
2807916069,2018,45.0,26.5,27.9,1236.0,2.5
2807916069,2019,45.0,26.5,28.4,1266.0,2.5
2807916069,2020,45.8,27.1,30.1,1242.0,2.4
2807916069,2021,46.1,27.3,32.5,1218.0,2.4
2807916069,2022,46.5,27.8,29.5,1211.0,2.4
2807916070,2015,42.7,17.7,22.1,1794.0,2.7
2807916070,2016,43.3,18.3,21.7,1805.0,2.7
2807916070,2017,43.5,18.8,21.5,1828.0,2.7
2807916070,2018,44.1,19.7,22.4,1808.0,2.7
2807916070,2019,44.7,20.2,22.8,1800.0,2.7
2807916070,2020,45.4,21.5,22.3,1756.0,2.6
2807916070,2021,46.0,22.4,23.1,1722.0,2.6
2807916070,2022,46.7,22.6,25.8,1684.0,2.5
2807916071,2015,47.1,24.5,18.4,1329.0,2.7
2807916071,2016,46.7,23.6,18.8,1157.0,2.7
2807916071,2017,46.2,22.5,20.0,1161.0,2.7
2807916071,2018,45.5,21.1,19.3,1165.0,2.7
2807916071,2019,45.1,20.3,19.0,1165.0,2.8
2807916071,2020,45.9,21.5,17.7,1127.0,2.7
2807916071,2021,46.0,21.3,19.4,1088.0,2.6
2807916071,2022,44.0,18.5,21.7,1407.0,2.6
2807916072,2015,44.9,23.3,15.9,936.0,2.9
2807916072,2016,42.9,20.8,17.8,798.0,3.0
2807916072,2017,42.4,18.9,19.4,783.0,3.0
2807916072,2018,43.4,19.1,19.2,759.0,2.9
2807916072,2019,43.6,18.6,19.8,763.0,3.0
2807916072,2020,43.8,18.7,22.0,739.0,2.9
2807916072,2021,37.9,11.2,29.0,366.0,2.7
2807916072,2022,,,,,
2807916073,2015,45.1,25.3,27.7,1440.0,2.5
2807916073,2016,44.7,24.6,27.3,1457.0,2.5
2807916073,2017,44.4,23.5,28.3,1474.0,2.5
2807916073,2018,44.1,22.6,25.4,1508.0,2.6
2807916073,2019,44.1,22.1,26.6,1532.0,2.6
2807916073,2020,44.3,21.6,26.6,1520.0,2.6
2807916073,2021,45.5,22.4,26.4,1641.0,2.6
2807916073,2022,45.1,21.7,27.8,1681.0,2.6
2807916074,2015,46.2,27.3,30.6,1092.0,2.4
2807916074,2016,46.2,26.1,31.3,1111.0,2.4
2807916074,2017,46.4,25.6,29.7,1111.0,2.4
2807916074,2018,46.2,24.9,30.7,1127.0,2.4
2807916074,2019,45.5,22.8,29.7,1161.0,2.5
2807916074,2020,45.9,22.6,32.0,1110.0,2.4
2807916074,2021,46.1,22.2,35.5,1082.0,2.3
2807916074,2022,45.1,20.5,35.0,1124.0,2.4
2807916075,2015,47.4,27.3,31.3,1180.0,2.3
2807916075,2016,47.9,27.7,33.1,1160.0,2.2
2807916075,2017,48.3,27.9,35.3,1154.0,2.2
2807916075,2018,47.7,26.2,35.0,1190.0,2.2
2807916075,2019,47.7,25.5,34.0,1236.0,2.3
2807916075,2020,47.9,24.9,34.9,1193.0,2.3
2807916075,2021,48.3,25.3,35.7,1175.0,2.2
2807916075,2022,48.0,25.2,36.6,1198.0,2.2
2807916076,2015,49.0,31.9,33.8,1175.0,2.2
2807916076,2016,48.2,31.4,32.5,1234.0,2.2
2807916076,2017,48.3,32.1,34.9,1218.0,2.2
2807916076,2018,47.8,30.6,35.6,1248.0,2.2
2807916076,2019,47.9,30.1,35.5,1282.0,2.2
2807916076,2020,48.1,30.4,37.1,1279.0,2.1
2807916076,2021,47.3,28.9,35.4,1315.0,2.2
2807916076,2022,46.2,26.6,33.3,1370.0,2.2
2807916077,2015,45.2,25.6,28.5,1336.0,2.5
2807916077,2016,44.6,23.8,27.4,1344.0,2.5
2807916077,2017,44.3,22.8,27.2,1402.0,2.5
2807916077,2018,43.9,21.8,28.2,1433.0,2.6
2807916077,2019,44.3,22.2,26.8,1403.0,2.6
2807916077,2020,44.7,22.0,29.0,1408.0,2.5
2807916077,2021,44.3,20.7,29.3,1411.0,2.5
2807916077,2022,44.5,20.4,28.3,1436.0,2.6
2807916078,2015,43.4,20.1,25.2,910.0,2.6
2807916078,2016,44.5,21.5,26.4,882.0,2.6
2807916078,2017,44.1,20.2,24.7,914.0,2.6
2807916078,2018,44.0,19.7,27.5,905.0,2.6
2807916078,2019,44.3,19.4,28.4,897.0,2.6
2807916078,2020,44.2,19.2,25.8,863.0,2.5
2807916078,2021,43.9,19.0,26.7,885.0,2.5
2807916078,2022,43.8,19.2,28.6,889.0,2.5
2807916079,2015,42.6,14.3,19.6,2005.0,2.9
2807916079,2016,43.2,14.5,19.8,2000.0,2.9
2807916079,2017,43.3,14.7,20.4,1994.0,2.8
2807916079,2018,43.6,15.4,20.5,2019.0,2.9
2807916079,2019,44.2,16.2,19.4,2015.0,2.8
2807916079,2020,44.2,17.9,20.0,2000.0,2.8
2807916079,2021,44.8,19.3,21.0,1971.0,2.7
2807916079,2022,44.5,20.7,22.8,2021.0,2.7
2807916080,2015,47.0,31.1,12.4,861.0,3.0
2807916080,2016,47.8,31.7,14.8,842.0,2.9
2807916080,2017,48.2,31.6,16.4,822.0,2.9
2807916080,2018,47.9,31.6,16.7,824.0,2.9
2807916080,2019,48.1,31.2,16.6,824.0,2.9
2807916080,2020,48.6,31.8,17.6,819.0,2.9
2807916080,2021,48.5,31.3,17.2,820.0,2.8
2807916080,2022,48.8,31.1,19.1,826.0,2.8
2807916081,2015,45.7,28.5,27.6,1089.0,2.5
2807916081,2016,46.1,28.9,26.5,1084.0,2.5
2807916081,2017,46.0,28.1,27.1,1087.0,2.5
2807916081,2018,45.3,27.5,25.5,1126.0,2.6
2807916081,2019,45.8,28.1,26.4,1151.0,2.6
2807916081,2020,45.4,27.7,27.6,1151.0,2.6
2807916081,2021,46.0,28.2,28.8,1126.0,2.5
2807916081,2022,45.1,27.1,28.8,1180.0,2.6
2807916082,2015,43.9,18.6,26.5,842.0,2.6
2807916082,2016,44.2,18.5,28.1,822.0,2.6
2807916082,2017,45.0,18.7,30.1,801.0,2.5
2807916082,2018,44.9,18.9,29.3,808.0,2.6
2807916082,2019,44.9,18.6,31.1,813.0,2.6
2807916082,2020,45.6,20.3,31.1,798.0,2.5
2807916082,2021,44.6,19.6,31.2,802.0,2.5
2807916082,2022,44.5,19.3,28.4,810.0,2.6
2807916083,2015,42.3,16.5,28.7,2162.0,2.5
2807916083,2016,42.6,16.2,29.4,2185.0,2.6
2807916083,2017,42.9,16.4,29.2,2192.0,2.6
2807916083,2018,43.3,16.8,29.1,2199.0,2.6
2807916083,2019,43.5,16.6,29.7,2236.0,2.6
2807916083,2020,43.7,16.8,29.2,2231.0,2.6
2807916083,2021,43.7,17.4,29.5,2229.0,2.5
2807916083,2022,44.0,17.5,29.8,2223.0,2.5
2807916085,2015,42.7,16.5,29.0,1307.0,2.5
2807916085,2016,42.4,16.0,28.0,1321.0,2.6
2807916085,2017,42.6,16.0,28.9,1347.0,2.6
2807916085,2018,42.8,15.4,30.5,1352.0,2.6
2807916085,2019,43.3,15.9,29.6,1366.0,2.6
2807916085,2020,43.9,16.0,29.1,1331.0,2.5
2807916085,2021,43.8,15.8,26.9,1375.0,2.6
2807916085,2022,44.2,16.3,31.1,1332.0,2.5
2807916086,2015,42.3,15.0,24.0,2137.0,2.7
2807916086,2016,42.4,15.3,25.7,2124.0,2.6
2807916086,2017,42.7,15.4,24.8,2106.0,2.6
2807916086,2018,42.6,15.2,24.6,2141.0,2.7
2807916086,2019,42.9,15.1,25.0,2151.0,2.7
2807916086,2020,43.1,15.1,26.8,2120.0,2.6
2807916086,2021,43.8,15.9,26.1,2103.0,2.6
2807916086,2022,44.1,16.4,26.3,2114.0,2.6
2807916087,2015,45.5,24.9,30.2,869.0,2.4
2807916087,2016,45.9,25.7,30.9,849.0,2.4
2807916087,2017,46.8,27.3,31.2,836.0,2.3
2807916087,2018,46.8,26.3,32.8,837.0,2.3
2807916087,2019,47.0,26.4,30.2,833.0,2.4
2807916087,2020,47.2,26.7,31.9,847.0,2.4
2807916087,2021,47.1,27.0,34.0,831.0,2.4
2807916087,2022,47.2,26.3,33.2,845.0,2.4
2807916088,2015,48.6,28.7,28.3,1416.0,2.5
2807916088,2016,48.5,29.0,27.6,1412.0,2.5
2807916088,2017,48.5,29.4,27.6,1417.0,2.5
2807916088,2018,48.1,28.4,29.0,1448.0,2.5
2807916088,2019,48.3,28.9,29.3,1468.0,2.5
2807916088,2020,48.1,28.1,30.3,1448.0,2.5
2807916088,2021,48.1,27.9,31.1,1412.0,2.5
2807916088,2022,47.8,27.6,32.6,1430.0,2.4
2807916089,2015,51.0,36.6,30.0,795.0,2.4
2807916089,2016,51.1,36.8,30.1,791.0,2.4
2807916089,2017,51.2,36.1,30.6,785.0,2.3
2807916089,2018,51.4,35.7,32.0,777.0,2.3
2807916089,2019,51.2,35.1,32.7,789.0,2.4
2807916089,2020,51.9,36.2,35.4,754.0,2.3
2807916089,2021,52.0,36.4,34.6,748.0,2.3
2807916089,2022,52.1,36.3,34.1,758.0,2.3
2807916090,2015,45.7,23.1,23.6,1470.0,2.6
2807916090,2016,46.1,23.5,24.9,1441.0,2.6
2807916090,2017,46.0,23.6,23.9,1473.0,2.6
2807916090,2018,45.7,22.9,24.5,1492.0,2.6
2807916090,2019,45.9,22.8,24.0,1506.0,2.6
2807916090,2020,46.2,23.7,23.7,1492.0,2.6
2807916090,2021,45.8,23.0,23.9,1503.0,2.7
2807916090,2022,46.4,23.6,25.8,1472.0,2.6
2807916091,2015,31.1,2.4,9.4,2481.0,3.4
2807916091,2016,31.4,2.6,7.3,2493.0,3.4
2807916091,2017,32.1,2.8,9.3,2496.0,3.4
2807916091,2018,32.8,3.3,9.0,2537.0,3.4
2807916091,2019,33.7,4.0,8.2,2558.0,3.4
2807916091,2020,34.3,4.3,8.1,2529.0,3.9
2807916091,2021,34.8,5.0,8.8,2507.0,3.9
2807916091,2022,35.3,5.5,9.2,2525.0,3.9
2807916092,2015,44.2,21.8,20.5,1207.0,2.7
2807916092,2016,44.7,24.8,22.3,1190.0,2.6
2807916092,2017,45.4,26.3,21.7,1191.0,2.6
2807916092,2018,45.4,26.9,20.0,1213.0,2.6
2807916092,2019,45.1,26.6,21.0,1228.0,2.7
2807916092,2020,45.6,28.3,20.9,1192.0,2.6
2807916092,2021,46.1,29.0,21.9,1187.0,2.6
2807916092,2022,47.3,30.4,23.1,1180.0,2.5
2807916093,2015,44.4,22.1,20.3,1061.0,2.8
2807916093,2016,44.7,23.6,20.0,1073.0,2.8
2807916093,2017,45.2,24.6,19.4,1088.0,2.8
2807916093,2018,45.5,25.9,18.8,1085.0,2.8
2807916093,2019,45.9,27.1,19.7,1090.0,2.8
2807916093,2020,47.1,29.3,19.8,1054.0,2.7
2807916093,2021,47.9,31.7,21.3,991.0,2.6
2807916093,2022,47.2,30.8,23.2,1015.0,2.6
2807916096,2015,38.6,10.6,15.6,1484.0,3.1
2807916096,2016,39.0,10.8,15.4,1473.0,3.0
2807916096,2017,39.2,11.3,16.8,1480.0,3.0
2807916096,2018,39.7,11.9,17.7,1501.0,3.0
2807916096,2019,40.2,12.5,16.1,1553.0,3.1
2807916096,2020,40.4,13.0,17.4,1565.0,3.0
2807916096,2021,41.2,13.6,19.7,1579.0,2.9
2807916096,2022,40.9,14.3,20.0,1631.0,2.9
2807916097,2015,46.3,20.2,25.6,1562.0,2.5
2807916097,2016,47.4,21.4,25.8,1526.0,2.5
2807916097,2017,47.5,22.6,24.4,1543.0,2.5
2807916097,2018,47.9,24.4,24.8,1542.0,2.5
2807916097,2019,48.6,26.3,24.0,1530.0,2.4
2807916097,2020,48.7,27.4,24.8,1521.0,2.4
2807916097,2021,48.9,28.7,27.3,1498.0,2.4
2807916097,2022,49.2,31.5,28.4,1487.0,2.4
2807916098,2015,46.4,20.8,23.5,1459.0,2.6
2807916098,2016,46.9,23.3,22.8,1495.0,2.6
2807916098,2017,47.6,26.0,24.1,1457.0,2.6
2807916098,2018,48.0,28.3,24.1,1447.0,2.6
2807916098,2019,48.5,30.6,24.3,1430.0,2.5
2807916098,2020,49.3,33.5,25.9,1385.0,2.5
2807916098,2021,50.1,36.6,28.6,1366.0,2.4
2807916098,2022,50.5,38.4,28.5,1371.0,2.4
2807916099,2015,43.3,18.2,19.1,1724.0,2.7
2807916099,2016,43.5,20.7,20.1,1726.0,2.7
2807916099,2017,44.1,23.3,20.5,1736.0,2.7
2807916099,2018,44.6,24.9,20.1,1753.0,2.7
2807916099,2019,45.3,27.1,21.1,1737.0,2.7
2807916099,2020,45.8,29.1,21.3,1697.0,2.6
2807916099,2021,46.4,30.9,22.6,1672.0,2.6
2807916099,2022,46.7,31.1,23.3,1682.0,2.6
2807916100,2015,42.4,11.1,14.4,1062.0,3.0
2807916100,2016,42.9,11.9,13.7,1045.0,2.9
2807916100,2017,43.9,13.6,13.0,1044.0,2.9
2807916100,2018,44.9,15.0,13.9,1015.0,2.9
2807916100,2019,45.5,17.3,14.6,1022.0,2.8
2807916100,2020,46.3,19.2,17.5,1005.0,2.8
2807916100,2021,47.0,22.5,16.3,992.0,2.8
2807916100,2022,47.6,25.2,16.4,982.0,2.7
2807916101,2015,44.5,13.0,14.1,1263.0,2.8
2807916101,2016,45.6,14.2,13.6,1259.0,2.8
2807916101,2017,46.1,15.3,13.6,1249.0,2.8
2807916101,2018,46.9,16.5,13.5,1248.0,2.8
2807916101,2019,47.6,18.3,15.7,1222.0,2.7
2807916101,2020,49.0,20.7,15.9,1174.0,2.6
2807916101,2021,49.1,23.3,17.7,1157.0,2.6
2807916101,2022,49.7,26.3,18.9,1143.0,2.5
2807916102,2015,38.4,11.1,21.9,2350.0,3.0
2807916102,2016,39.0,12.7,22.1,2328.0,2.9
2807916102,2017,39.2,13.1,21.9,2377.0,2.9
2807916102,2018,39.3,13.7,23.1,2425.0,3.0
2807916102,2019,39.9,14.9,21.4,2398.0,3.0
2807916102,2020,40.3,15.0,20.4,2319.0,3.0
2807916102,2021,40.2,14.7,21.5,2355.0,3.0
2807916102,2022,40.0,14.6,21.6,2409.0,2.9
2807916103,2015,40.5,15.4,22.6,1877.0,3.1
2807916103,2016,41.1,16.7,21.2,1885.0,3.1
2807916103,2017,41.7,17.7,21.4,1847.0,3.1
2807916103,2018,41.8,18.0,20.6,1874.0,3.1
2807916103,2019,41.6,18.0,20.8,1882.0,3.1
2807916103,2020,42.1,19.0,21.1,1854.0,3.0
2807916103,2021,41.8,19.0,19.3,1919.0,3.1
2807916103,2022,41.9,19.3,20.8,1909.0,3.0
2807916104,2015,39.3,6.4,17.6,2118.0,2.9
2807916104,2016,39.9,7.0,17.1,2089.0,2.9
2807916104,2017,40.4,7.8,17.8,2105.0,2.9
2807916104,2018,41.0,8.6,17.1,2104.0,2.9
2807916104,2019,41.7,9.7,17.1,2113.0,2.9
2807916104,2020,42.6,11.0,17.4,2056.0,2.8
2807916104,2021,43.6,12.6,17.6,2017.0,2.8
2807916104,2022,44.4,14.7,19.3,1998.0,2.8
2807916105,2015,43.2,22.7,14.8,1328.0,3.1
2807916105,2016,43.3,23.2,14.3,1321.0,3.1
2807916105,2017,43.5,23.7,13.7,1361.0,3.2
2807916105,2018,43.5,23.7,13.8,1366.0,3.1
2807916105,2019,44.2,24.8,16.2,1336.0,3.1
2807916105,2020,44.7,25.9,18.3,1300.0,3.0
2807916105,2021,45.1,26.5,19.5,1288.0,3.0
2807916105,2022,45.5,27.0,19.0,1272.0,3.0
2807916106,2015,37.1,9.6,37.3,1493.0,2.3
2807916106,2016,37.1,9.9,38.0,1551.0,2.3
2807916106,2017,37.4,10.5,39.2,1601.0,2.2
2807916106,2018,37.7,11.0,39.4,1635.0,2.2
2807916106,2019,38.6,11.6,40.7,1644.0,2.2
2807916106,2020,39.0,11.7,39.6,1661.0,2.2
2807916106,2021,38.9,11.7,42.2,1787.0,2.2
2807916106,2022,39.0,11.2,43.0,1919.0,2.1
2807916107,2015,34.8,9.9,20.2,2577.0,3.0
2807916107,2016,33.8,8.5,20.3,3141.0,3.0
2807916107,2017,35.4,9.3,16.8,1827.0,3.1
2807916107,2018,35.0,8.9,15.3,2058.0,3.2
2807916107,2019,34.8,8.5,12.8,2307.0,3.2
2807916107,2020,34.9,8.0,11.9,2445.0,3.3
2807916107,2021,35.6,8.5,11.5,2482.0,3.3
2807916107,2022,35.6,8.4,11.5,2659.0,3.3
2807916108,2015,30.6,4.9,19.0,3465.0,3.0
2807916108,2016,31.0,5.6,18.9,3539.0,3.0
2807916108,2017,31.0,5.3,18.3,2117.0,3.1
2807916108,2018,31.6,5.4,19.2,2127.0,3.1
2807916108,2019,32.4,5.5,17.9,2193.0,3.1
2807916108,2020,32.6,5.6,19.2,2227.0,3.1
2807916108,2021,33.4,6.1,19.7,2179.0,3.1
2807916108,2022,34.2,6.1,21.0,2148.0,3.0
2807916109,2015,32.6,5.4,21.3,2423.0,3.0
2807916109,2016,33.2,5.9,22.2,2454.0,2.9
2807916109,2017,33.9,6.0,21.9,2427.0,2.9
2807916109,2018,34.2,5.8,22.3,2416.0,3.0
2807916109,2019,35.0,6.0,21.2,2437.0,3.0
2807916109,2020,35.2,5.8,22.1,2449.0,3.0
2807916109,2021,36.0,6.1,22.0,2416.0,2.9
2807916109,2022,36.3,7.0,23.1,2412.0,2.9
2807916110,2015,29.8,2.9,22.1,2418.0,2.8
2807916110,2016,30.1,2.9,22.0,2510.0,2.8
2807916110,2017,30.6,3.2,18.9,2568.0,2.9
2807916110,2018,31.3,4.0,18.8,2594.0,2.9
2807916110,2019,32.0,4.1,18.0,2613.0,2.9
2807916110,2020,32.5,4.1,18.7,2581.0,2.9
2807916110,2021,33.3,4.2,18.3,2612.0,2.9
2807916110,2022,34.2,4.6,20.0,2623.0,2.8
2807916111,2015,32.3,5.0,22.1,2927.0,2.9
2807916111,2016,32.5,5.4,22.0,3019.0,2.9
2807916111,2017,33.2,5.8,21.7,3123.0,3.0
2807916111,2018,33.9,6.3,22.0,3170.0,3.0
2807916111,2019,34.6,7.1,20.4,3179.0,3.0
2807916111,2020,35.2,7.4,21.3,3177.0,3.0
2807916111,2021,36.0,8.1,20.2,3159.0,3.0
2807916111,2022,36.0,7.9,19.4,1640.0,3.1
2807916112,2015,31.4,4.9,13.7,1538.0,3.4
2807916112,2016,32.3,5.4,13.9,1528.0,3.3
2807916112,2017,33.1,5.4,16.2,1506.0,3.2
2807916112,2018,33.9,5.7,14.5,1520.0,3.3
2807916112,2019,34.8,6.3,15.7,1501.0,3.2
2807916112,2020,35.3,6.6,14.8,1493.0,3.3
2807916112,2021,36.0,7.1,14.1,1487.0,3.3
2807916112,2022,36.9,8.2,17.2,1445.0,3.1
2807916113,2015,37.5,10.6,23.9,1739.0,3.0
2807916113,2016,37.9,11.0,25.4,1697.0,2.9
2807916113,2017,37.8,10.6,25.8,1842.0,2.9
2807916113,2018,37.8,10.9,23.8,1979.0,2.9
2807916113,2019,38.3,11.8,23.4,2013.0,2.9
2807916113,2020,38.7,12.3,23.2,1980.0,2.9
2807916113,2021,39.5,14.5,23.4,2047.0,2.9
2807916113,2022,39.8,14.8,24.1,2041.0,2.9
2807916114,2015,30.9,4.2,24.4,2501.0,2.8
2807916114,2016,31.4,4.4,25.0,2643.0,2.8
2807916114,2017,31.7,4.9,26.5,2768.0,2.8
2807916114,2018,32.6,5.5,25.5,2838.0,2.8
2807916114,2019,33.0,5.6,25.2,2944.0,2.8
2807916114,2020,33.6,5.6,27.0,2894.0,2.7
2807916114,2021,34.6,6.3,28.0,2854.0,2.7
2807916114,2022,35.2,6.4,29.9,2942.0,2.6
2807916115,2015,32.1,5.7,24.7,1692.0,2.7
2807916115,2016,32.4,6.1,24.4,1756.0,2.7
2807916115,2017,33.1,6.5,26.1,1785.0,2.7
2807916115,2018,33.5,6.9,26.3,1781.0,2.7
2807916115,2019,34.4,7.4,26.0,1786.0,2.7
2807916115,2020,35.1,7.8,26.8,1728.0,2.7
2807916115,2021,36.0,8.5,26.4,1705.0,2.7
2807916115,2022,36.9,9.1,27.5,1684.0,2.6
2807916116,2015,31.7,4.8,33.0,1448.0,2.4
2807916116,2016,31.9,4.6,34.1,1580.0,2.4
2807916116,2017,32.1,5.4,33.0,1569.0,2.4
2807916116,2018,32.7,6.2,30.4,1559.0,2.5
2807916116,2019,33.4,6.6,32.4,1585.0,2.5
2807916116,2020,33.3,6.3,29.7,1664.0,2.5
2807916116,2021,33.5,6.4,29.0,1745.0,2.5
2807916116,2022,33.8,6.5,29.2,1860.0,2.5
2807916117,2015,31.6,4.3,21.6,2416.0,2.8
2807916117,2016,31.9,4.7,20.6,2472.0,2.8
2807916117,2017,32.2,5.1,19.5,2508.0,2.9
2807916117,2018,32.7,5.2,18.0,2500.0,2.9
2807916117,2019,33.0,5.2,16.9,2592.0,3.0
2807916117,2020,33.7,5.3,18.2,2598.0,3.0
2807916117,2021,34.6,5.8,18.7,2569.0,2.9
2807916117,2022,34.8,6.3,17.6,2668.0,3.0
2807916118,2015,29.0,2.0,17.5,2552.0,3.1
2807916118,2016,29.8,2.5,16.3,2552.0,3.1
2807916118,2017,30.7,2.8,16.1,2571.0,3.1
2807916118,2018,31.3,2.8,17.2,2554.0,3.1
2807916118,2019,32.0,3.0,17.5,2560.0,3.1
2807916118,2020,33.1,3.4,18.9,2513.0,3.0
2807916118,2021,33.9,3.8,18.8,2502.0,3.1
2807916118,2022,34.5,4.0,18.3,2525.0,3.0
2807916119,2015,31.4,3.4,39.9,1628.0,2.2
2807916119,2016,31.5,4.3,37.0,1764.0,2.3
2807916119,2017,31.9,4.8,36.7,1875.0,2.4
2807916119,2018,31.3,4.7,32.4,2342.0,2.5
2807916119,2019,31.6,4.9,31.0,2476.0,2.5
2807916119,2020,32.0,5.0,31.1,2518.0,2.6
2807916119,2021,32.7,5.5,31.2,2563.0,2.6
2807916119,2022,33.2,5.8,29.6,2760.0,2.6
2807916120,2015,32.7,4.5,27.0,1834.0,2.6
2807916120,2016,33.1,4.2,26.2,1864.0,2.6
2807916120,2017,34.0,5.2,26.2,1880.0,2.6
2807916120,2018,34.3,5.5,25.9,1927.0,2.7
2807916120,2019,35.0,5.3,26.8,1922.0,2.7
2807916120,2020,35.9,6.2,26.8,1893.0,2.6
2807916120,2021,36.7,7.2,25.7,1902.0,2.7
2807916120,2022,37.4,7.4,25.0,1910.0,2.6
2807916121,2015,35.7,7.1,23.8,1625.0,2.7
2807916121,2016,36.3,7.5,24.5,1625.0,2.7
2807916121,2017,37.2,8.8,23.9,1666.0,2.7
2807916121,2018,37.2,8.5,21.5,1668.0,2.8
2807916121,2019,37.8,8.9,22.7,1700.0,2.8
2807916121,2020,38.8,10.0,23.5,1666.0,2.8
2807916121,2021,40.0,11.3,23.3,1674.0,2.7
2807916121,2022,40.5,12.4,26.0,1657.0,2.6
2807916122,2015,31.3,4.4,20.2,1596.0,3.0
2807916122,2016,31.5,4.4,18.9,1726.0,3.0
2807916122,2017,31.5,4.6,19.5,1779.0,3.0
2807916122,2018,32.3,5.2,20.0,1758.0,3.0
2807916122,2019,33.3,6.1,20.4,1749.0,3.0
2807916122,2020,33.8,6.5,21.2,1742.0,3.0
2807916122,2021,34.3,6.5,18.8,1901.0,3.0
2807916122,2022,34.6,7.1,19.2,1970.0,2.9
2807916123,2015,30.5,3.9,9.6,1623.0,3.4
2807916123,2016,31.1,4.3,11.3,1679.0,3.4
2807916123,2017,31.3,4.4,12.6,1710.0,3.4
2807916123,2018,31.8,4.6,12.7,1813.0,3.4
2807916123,2019,32.1,5.2,12.7,2124.0,3.4
2807916123,2020,32.6,5.6,13.8,2263.0,3.6
2807916123,2021,33.3,5.6,13.8,2349.0,3.6
2807916123,2022,33.8,6.1,14.8,2378.0,3.5
2807916124,2015,30.0,2.0,37.8,4006.0,2.2
2807916124,2016,30.0,2.1,34.5,3836.0,2.3
2807916124,2017,29.3,1.7,29.8,2541.0,2.5
2807916124,2018,29.7,2.3,27.0,3465.0,2.6
2807916124,2019,29.9,3.0,24.0,4158.0,2.7
2807916124,2020,29.8,3.0,22.4,5044.0,2.8
2807916124,2021,30.1,3.1,21.7,7234.0,2.9
2807916124,2022,31.7,4.5,22.0,2904.0,2.8
2807916125,2015,31.5,4.7,19.5,1967.0,3.0
2807916125,2016,32.0,5.3,17.1,1979.0,3.1
2807916125,2017,32.3,5.6,17.6,2044.0,3.1
2807916125,2018,33.3,6.6,17.4,2047.0,3.1
2807916125,2019,34.1,6.9,17.2,2037.0,3.1
2807916125,2020,34.9,7.5,18.8,2031.0,3.0
2807916125,2021,35.2,7.7,18.3,2118.0,3.0
2807916125,2022,35.3,7.5,19.8,2233.0,3.0
2807916126,2015,,,,,
2807916126,2016,,,,,
2807916126,2017,30.4,5.9,21.2,1588.0,2.9
2807916126,2018,30.5,5.6,19.9,1672.0,3.0
2807916126,2019,30.6,5.6,17.9,1764.0,3.1
2807916126,2020,31.0,5.6,18.0,1761.0,3.1
2807916126,2021,31.8,5.4,17.3,1821.0,3.1
2807916126,2022,32.5,6.0,16.8,1826.0,3.1
2807916127,2015,,,,,
2807916127,2016,,,,,
2807916127,2017,33.0,6.8,21.9,1508.0,2.8
2807916127,2018,33.3,6.9,22.2,1507.0,2.9
2807916127,2019,34.2,7.4,22.4,1518.0,2.8
2807916127,2020,35.1,8.2,21.9,1499.0,2.9
2807916127,2021,35.2,7.8,23.0,1505.0,2.8
2807916127,2022,36.2,8.8,23.1,1504.0,2.8
2807916128,2015,,,,,
2807916128,2016,,,,,
2807916128,2017,31.8,4.3,23.9,2187.0,2.8
2807916128,2018,30.9,3.8,20.5,2962.0,2.9
2807916128,2019,31.2,3.9,19.1,3407.0,3.0
2807916128,2020,31.4,4.2,18.2,3626.0,3.0
2807916128,2021,31.7,4.1,17.9,3969.0,3.0
2807916128,2022,30.7,3.0,19.1,2153.0,2.9
2807916129,2015,,,,,
2807916129,2016,,,,,
2807916129,2017,28.8,1.4,34.7,2067.0,2.4
2807916129,2018,28.6,1.6,28.3,2901.0,2.6
2807916129,2019,28.8,1.9,25.4,4158.0,2.7
2807916129,2020,29.0,2.1,24.2,4488.0,2.8
2807916129,2021,29.1,2.4,22.8,4682.0,2.8
2807916129,2022,30.0,2.7,24.4,2694.0,2.8
2807916130,2015,,,,,
2807916130,2016,,,,,
2807916130,2017,,,,,
2807916130,2018,,,,,
2807916130,2019,,,,,
2807916130,2020,,,,,
2807916130,2021,,,,,
2807916130,2022,30.2,3.0,24.5,2829.0,2.7
2807916131,2015,,,,,
2807916131,2016,,,,,
2807916131,2017,,,,,
2807916131,2018,,,,,
2807916131,2019,,,,,
2807916131,2020,,,,,
2807916131,2021,,,,,
2807916131,2022,29.7,2.7,15.4,2969.0,3.1
2807916132,2015,,,,,
2807916132,2016,,,,,
2807916132,2017,,,,,
2807916132,2018,,,,,
2807916132,2019,,,,,
2807916132,2020,,,,,
2807916132,2021,,,,,
2807916132,2022,29.4,2.8,19.3,2113.0,2.9
2807916133,2015,,,,,
2807916133,2016,,,,,
2807916133,2017,,,,,
2807916133,2018,,,,,
2807916133,2019,,,,,
2807916133,2020,,,,,
2807916133,2021,,,,,
2807916133,2022,37.5,10.4,25.3,1507.0,2.7
2807916134,2015,,,,,
2807916134,2016,,,,,
2807916134,2017,,,,,
2807916134,2018,,,,,
2807916134,2019,,,,,
2807916134,2020,,,,,
2807916134,2021,,,,,
2807916134,2022,33.1,5.2,14.6,2526.0,3.1
2807917002,2015,45.1,27.5,22.3,1261.0,2.7
2807917002,2016,45.0,26.4,22.0,1260.0,2.7
2807917002,2017,45.0,25.8,21.9,1278.0,2.7
2807917002,2018,45.2,25.6,22.9,1297.0,2.8
2807917002,2019,45.5,25.3,23.4,1310.0,2.8
2807917002,2020,45.6,24.7,22.7,1310.0,2.8
2807917002,2021,45.1,23.4,23.5,1302.0,2.8
2807917002,2022,44.1,21.7,21.7,1330.0,2.9
2807917003,2015,45.4,24.5,23.7,1272.0,2.6
2807917003,2016,45.9,25.0,23.8,1266.0,2.6
2807917003,2017,46.7,25.4,24.0,1263.0,2.6
2807917003,2018,46.3,24.4,24.1,1294.0,2.7
2807917003,2019,46.1,22.9,24.5,1350.0,2.7
2807917003,2020,46.7,23.2,26.9,1313.0,2.7
2807917003,2021,46.6,22.6,25.7,1286.0,2.6
2807917003,2022,45.5,20.5,25.8,1354.0,2.8
2807917004,2015,43.4,20.0,33.8,2105.0,2.5
2807917004,2016,42.5,18.8,32.4,2183.0,2.5
2807917004,2017,41.8,17.4,32.4,2208.0,2.6
2807917004,2018,41.6,17.1,32.7,2274.0,2.6
2807917004,2019,41.6,15.8,32.3,2301.0,2.6
2807917004,2020,40.8,15.3,32.5,2342.0,2.6
2807917004,2021,40.7,15.2,31.7,2362.0,2.6
2807917004,2022,40.4,14.7,30.7,2467.0,2.8
2807917006,2015,43.5,20.0,26.7,1500.0,2.6
2807917006,2016,43.8,20.3,27.8,1501.0,2.6
2807917006,2017,43.4,19.6,27.9,1568.0,2.7
2807917006,2018,42.7,18.6,25.5,1631.0,2.8
2807917006,2019,42.4,17.6,25.9,1674.0,2.8
2807917006,2020,43.0,17.9,28.0,1604.0,2.7
2807917006,2021,43.0,18.0,27.4,1594.0,2.7
2807917006,2022,42.2,16.8,27.2,1681.0,2.8
2807917007,2015,43.2,22.2,24.6,873.0,2.7
2807917007,2016,43.8,21.9,26.0,867.0,2.6
2807917007,2017,42.8,20.2,26.5,889.0,2.7
2807917007,2018,42.4,19.2,26.4,928.0,2.8
2807917007,2019,42.1,17.3,29.4,913.0,2.7
2807917007,2020,42.5,16.6,29.5,941.0,2.7
2807917007,2021,42.1,16.5,30.3,903.0,2.7
2807917007,2022,41.2,16.0,25.4,984.0,2.8
2807917008,2015,42.3,21.2,21.6,1443.0,2.8
2807917008,2016,41.9,20.0,22.8,1440.0,2.8
2807917008,2017,41.7,19.0,23.2,1444.0,2.8
2807917008,2018,41.1,17.1,23.9,1492.0,2.9
2807917008,2019,40.7,16.5,23.4,1544.0,2.9
2807917008,2020,40.8,15.7,24.1,1516.0,2.9
2807917008,2021,41.3,15.7,26.0,1519.0,2.8
2807917008,2022,41.0,15.0,25.8,1578.0,2.9
2807917009,2015,41.5,18.5,24.7,941.0,2.9
2807917009,2016,41.3,18.1,23.2,944.0,2.8
2807917009,2017,41.5,17.4,23.0,968.0,2.9
2807917009,2018,41.7,17.1,20.5,1007.0,3.0
2807917009,2019,41.7,16.7,19.2,971.0,3.0
2807917009,2020,41.4,16.2,18.4,999.0,3.0
2807917009,2021,41.5,16.0,19.0,984.0,3.0
2807917009,2022,40.0,14.4,19.8,1087.0,3.1
2807917010,2015,44.0,24.0,26.7,1221.0,2.6
2807917010,2016,43.8,23.2,26.2,1223.0,2.7
2807917010,2017,44.0,22.9,27.9,1188.0,2.6
2807917010,2018,43.2,21.5,28.0,1243.0,2.7
2807917010,2019,42.7,20.0,26.8,1304.0,2.8
2807917010,2020,42.9,19.6,28.1,1272.0,2.7
2807917010,2021,43.0,19.1,27.7,1212.0,2.7
2807917010,2022,42.7,18.8,26.6,1248.0,2.7
2807917011,2015,41.9,19.0,29.1,1212.0,2.7
2807917011,2016,42.2,19.2,27.6,1217.0,2.7
2807917011,2017,42.0,18.3,29.9,1248.0,2.7
2807917011,2018,42.2,18.1,28.4,1235.0,2.7
2807917011,2019,41.5,16.6,27.7,1327.0,2.8
2807917011,2020,41.9,16.9,29.5,1307.0,2.8
2807917011,2021,42.0,17.2,29.0,1306.0,2.8
2807917011,2022,41.1,16.1,30.0,1369.0,2.9
2807917012,2015,44.4,23.3,29.4,1468.0,2.6
2807917012,2016,43.8,22.3,27.2,1484.0,2.7
2807917012,2017,43.5,21.3,27.4,1523.0,2.7
2807917012,2018,43.2,20.7,26.3,1549.0,2.8
2807917012,2019,42.8,19.5,25.1,1717.0,2.9
2807917012,2020,43.5,19.4,26.3,1668.0,2.8
2807917012,2021,43.4,19.2,27.5,1571.0,2.8
2807917012,2022,42.0,17.1,25.7,1687.0,2.9
2807917013,2015,45.4,23.7,29.2,849.0,2.5
2807917013,2016,45.0,23.0,29.1,868.0,2.5
2807917013,2017,44.6,21.6,29.8,897.0,2.5
2807917013,2018,44.3,20.9,28.7,922.0,2.6
2807917013,2019,44.3,20.0,27.5,941.0,2.7
2807917013,2020,44.0,20.1,27.1,945.0,2.7
2807917013,2021,43.7,19.4,28.3,952.0,2.6
2807917013,2022,44.2,19.3,30.1,932.0,2.6
2807917014,2015,42.3,19.7,23.6,1093.0,2.7
2807917014,2016,42.3,19.1,24.4,1077.0,2.7
2807917014,2017,41.3,17.8,23.1,1156.0,2.8
2807917014,2018,41.7,17.7,22.8,1135.0,2.8
2807917014,2019,41.5,16.7,22.0,1195.0,2.9
2807917014,2020,40.4,14.6,21.3,1212.0,2.9
2807917014,2021,40.2,14.4,22.3,1194.0,2.9
2807917014,2022,40.0,13.9,20.9,1228.0,3.0
2807917015,2015,40.8,18.5,22.7,1302.0,2.8
2807917015,2016,40.8,18.4,22.4,1336.0,2.8
2807917015,2017,41.3,19.2,24.0,1305.0,2.7
2807917015,2018,41.6,18.5,25.8,1339.0,2.7
2807917015,2019,40.4,16.8,24.7,1432.0,2.9
2807917015,2020,41.0,16.1,25.2,1403.0,2.8
2807917015,2021,40.6,16.1,26.4,1400.0,2.8
2807917015,2022,40.2,15.3,27.4,1449.0,2.8
2807917016,2015,45.8,27.2,27.3,852.0,2.5
2807917016,2016,45.2,26.2,28.2,862.0,2.5
2807917016,2017,44.9,24.7,28.6,897.0,2.6
2807917016,2018,44.2,23.2,27.9,921.0,2.6
2807917016,2019,44.0,21.4,28.3,959.0,2.7
2807917016,2020,43.9,20.9,30.6,935.0,2.6
2807917016,2021,43.9,21.0,30.5,928.0,2.6
2807917016,2022,44.2,20.5,29.6,938.0,2.6
2807917017,2015,45.2,22.5,19.0,1099.0,2.7
2807917017,2016,45.7,23.6,17.0,1130.0,2.7
2807917017,2017,45.9,24.3,19.3,1127.0,2.7
2807917017,2018,45.5,24.4,18.0,1171.0,2.7
2807917017,2019,44.5,22.8,18.5,1275.0,2.9
2807917017,2020,45.1,23.5,19.8,1214.0,2.8
2807917017,2021,45.9,24.3,19.7,1179.0,2.8
2807917017,2022,46.1,25.3,20.5,1216.0,2.8
2807917018,2015,42.3,20.8,31.4,984.0,2.5
2807917018,2016,42.5,19.3,31.8,1007.0,2.5
2807917018,2017,41.9,18.1,29.4,1053.0,2.6
2807917018,2018,41.1,16.5,29.0,1105.0,2.6
2807917018,2019,40.8,16.4,29.6,1151.0,2.7
2807917018,2020,40.7,16.4,31.2,1125.0,2.7
2807917018,2021,41.1,15.9,32.2,1130.0,2.7
2807917018,2022,40.8,15.3,29.2,1159.0,2.7
2807917019,2015,42.9,22.6,28.6,847.0,2.5
2807917019,2016,42.8,21.9,29.9,862.0,2.5
2807917019,2017,42.2,20.9,29.9,916.0,2.6
2807917019,2018,42.2,19.6,30.9,930.0,2.6
2807917019,2019,41.7,18.8,30.6,964.0,2.7
2807917019,2020,42.0,18.6,29.5,984.0,2.7
2807917019,2021,42.4,19.0,31.6,947.0,2.6
2807917019,2022,42.4,19.1,30.6,976.0,2.6
2807917020,2015,43.5,16.5,20.5,822.0,2.9
2807917020,2016,44.0,16.9,20.3,838.0,2.9
2807917020,2017,43.8,16.7,21.6,840.0,2.8
2807917020,2018,43.4,17.0,21.7,846.0,2.8
2807917020,2019,42.8,16.7,21.4,858.0,2.9
2807917020,2020,42.5,16.0,21.7,868.0,2.9
2807917020,2021,43.1,17.4,22.5,864.0,2.9
2807917020,2022,42.6,17.8,21.3,887.0,3.0
2807917021,2015,37.7,10.0,14.9,1123.0,3.3
2807917021,2016,38.6,11.0,15.2,1091.0,3.2
2807917021,2017,39.2,11.1,14.9,1095.0,3.2
2807917021,2018,38.6,10.7,15.0,1117.0,3.2
2807917021,2019,39.2,12.1,15.5,1128.0,3.2
2807917021,2020,39.3,12.3,15.4,1112.0,3.2
2807917021,2021,39.7,12.7,16.7,1091.0,3.1
2807917021,2022,39.5,13.0,16.3,1110.0,3.2
2807917022,2015,44.6,21.1,29.6,1006.0,2.5
2807917022,2016,44.2,20.1,27.7,1010.0,2.5
2807917022,2017,44.4,20.2,26.5,1017.0,2.5
2807917022,2018,44.4,19.8,27.6,1019.0,2.6
2807917022,2019,43.5,19.5,26.6,1080.0,2.7
2807917022,2020,42.7,18.7,25.7,1102.0,2.8
2807917022,2021,42.6,18.6,28.3,1076.0,2.7
2807917022,2022,42.0,18.7,27.0,1137.0,2.8
2807917023,2015,43.6,18.9,24.1,1912.0,2.7
2807917023,2016,43.9,19.3,23.4,1897.0,2.7
2807917023,2017,44.0,19.5,24.2,1909.0,2.7
2807917023,2018,44.4,19.8,25.0,1930.0,2.7
2807917023,2019,44.3,19.6,25.4,1986.0,2.7
2807917023,2020,44.9,20.4,26.7,1903.0,2.6
2807917023,2021,44.8,20.3,27.5,1946.0,2.7
2807917023,2022,44.7,20.7,27.5,1962.0,2.7
2807917024,2015,42.8,20.2,28.2,1722.0,2.7
2807917024,2016,42.0,18.7,27.2,1800.0,2.7
2807917024,2017,42.6,19.3,28.3,1782.0,2.7
2807917024,2018,42.6,18.2,26.5,1849.0,2.8
2807917024,2019,42.2,17.4,26.6,1894.0,2.8
2807917024,2020,42.5,17.5,27.6,1872.0,2.8
2807917024,2021,42.6,17.2,28.6,1837.0,2.7
2807917024,2022,42.5,17.1,27.8,1886.0,2.8
2807917025,2015,44.5,24.5,21.6,779.0,2.8
2807917025,2016,44.2,24.9,20.6,799.0,2.7
2807917025,2017,43.6,23.7,20.6,816.0,2.8
2807917025,2018,42.4,21.7,20.3,872.0,2.9
2807917025,2019,42.4,21.3,21.3,870.0,2.9
2807917025,2020,41.9,20.4,22.9,876.0,2.9
2807917025,2021,42.4,20.8,24.4,852.0,2.8
2807917025,2022,41.4,18.4,22.9,925.0,3.0
2807917026,2015,43.3,24.5,24.1,1272.0,2.7
2807917026,2016,43.4,24.2,23.8,1251.0,2.7
2807917026,2017,42.7,22.8,24.5,1291.0,2.7
2807917026,2018,42.3,21.4,25.7,1320.0,2.8
2807917026,2019,42.8,21.2,25.3,1323.0,2.8
2807917026,2020,42.0,19.6,26.1,1362.0,2.8
2807917026,2021,43.0,20.4,27.4,1330.0,2.7
2807917026,2022,42.5,19.6,27.5,1364.0,2.8
2807917027,2015,42.3,17.0,21.8,1916.0,2.8
2807917027,2016,42.4,16.6,21.6,1925.0,2.8
2807917027,2017,42.6,16.4,21.3,1925.0,2.8
2807917027,2018,43.2,16.7,21.3,1927.0,2.8
2807917027,2019,43.3,16.1,21.6,1949.0,2.8
2807917027,2020,43.4,15.9,22.1,1901.0,2.8
2807917027,2021,43.6,16.3,24.8,1860.0,2.7
2807917027,2022,43.5,16.8,23.9,1916.0,2.7
2807917028,2015,41.2,18.6,26.4,1126.0,2.6
2807917028,2016,41.4,18.6,24.5,1174.0,2.7
2807917028,2017,40.7,16.7,25.9,1204.0,2.7
2807917028,2018,40.9,16.6,24.7,1178.0,2.7
2807917028,2019,40.8,15.5,24.2,1249.0,2.8
2807917028,2020,41.5,16.1,27.1,1177.0,2.7
2807917028,2021,41.9,15.5,28.4,1191.0,2.7
2807917028,2022,42.2,15.9,28.2,1230.0,2.7
2807917029,2015,37.1,8.0,33.4,1504.0,2.3
2807917029,2016,37.1,8.2,33.3,1517.0,2.3
2807917029,2017,37.6,8.2,31.5,1562.0,2.3
2807917029,2018,37.8,8.3,33.1,1613.0,2.3
2807917029,2019,38.2,8.3,33.7,1619.0,2.3
2807917029,2020,38.9,8.5,35.7,1597.0,2.3
2807917029,2021,39.4,9.0,36.4,1583.0,2.3
2807917029,2022,39.6,10.1,37.8,1669.0,2.3
2807917031,2015,37.5,13.9,23.9,1104.0,3.1
2807917031,2016,37.4,13.4,21.1,1114.0,3.1
2807917031,2017,37.8,12.9,25.1,1089.0,3.0
2807917031,2018,37.7,12.5,25.0,1097.0,3.0
2807917031,2019,37.8,12.2,24.1,1140.0,3.1
2807917031,2020,38.4,12.1,25.1,1120.0,3.1
2807917031,2021,38.8,12.1,26.1,1074.0,3.0
2807917031,2022,37.7,11.0,23.4,1140.0,3.1
2807917032,2015,39.6,16.0,26.6,1877.0,2.9
2807917032,2016,39.0,15.0,24.8,1947.0,3.1
2807917032,2017,39.2,14.6,25.9,1926.0,3.0
2807917032,2018,39.2,14.2,25.9,1953.0,3.0
2807917032,2019,39.6,13.6,25.8,1961.0,3.0
2807917032,2020,38.6,12.1,23.7,2000.0,3.1
2807917032,2021,38.2,11.6,26.7,2030.0,3.1
2807917032,2022,38.3,11.6,25.9,2084.0,3.1
2807917033,2015,37.6,12.9,25.8,1288.0,3.0
2807917033,2016,36.7,11.5,24.2,1326.0,3.1
2807917033,2017,36.6,11.5,23.4,1340.0,3.1
2807917033,2018,36.0,10.5,25.2,1408.0,3.1
2807917033,2019,36.1,10.2,22.3,1536.0,3.3
2807917033,2020,36.1,9.8,22.0,1516.0,3.2
2807917033,2021,35.6,9.3,23.3,1478.0,3.2
2807917033,2022,36.0,9.0,22.4,1558.0,3.3
2807917035,2015,37.8,13.9,25.8,1166.0,3.0
2807917035,2016,38.2,13.4,25.2,1152.0,3.0
2807917035,2017,37.1,12.2,23.3,1175.0,3.0
2807917035,2018,36.8,10.8,22.8,1209.0,3.1
2807917035,2019,35.8,9.8,22.4,1256.0,3.2
2807917035,2020,36.3,9.2,23.4,1237.0,3.1
2807917035,2021,36.2,9.0,23.1,1266.0,3.1
2807917035,2022,35.7,8.1,23.0,1308.0,3.2
2807917036,2015,42.5,20.2,31.6,896.0,2.7
2807917036,2016,42.3,19.3,30.8,885.0,2.7
2807917036,2017,41.9,18.7,29.4,931.0,2.8
2807917036,2018,40.7,16.4,29.3,962.0,2.9
2807917036,2019,40.7,15.5,28.3,992.0,3.0
2807917036,2020,41.5,16.6,29.6,946.0,2.8
2807917036,2021,41.2,15.5,27.7,962.0,2.9
2807917036,2022,40.8,14.8,26.9,1022.0,3.0
2807917037,2015,38.9,14.9,28.3,1086.0,2.9
2807917037,2016,38.3,13.9,28.9,1066.0,2.8
2807917037,2017,37.6,12.6,27.7,1086.0,2.9
2807917037,2018,37.5,11.4,27.3,1155.0,3.0
2807917037,2019,37.4,10.1,27.2,1223.0,3.2
2807917037,2020,37.6,10.2,26.4,1220.0,3.2
2807917037,2021,37.2,9.9,26.9,1201.0,3.1
2807917037,2022,36.6,9.3,24.4,1264.0,3.3
2807917038,2015,40.9,17.9,24.6,1236.0,2.9
2807917038,2016,40.7,16.7,23.2,1290.0,3.0
2807917038,2017,40.3,15.6,22.4,1364.0,3.1
2807917038,2018,39.7,14.8,22.9,1372.0,3.1
2807917038,2019,39.9,14.3,22.3,1452.0,3.2
2807917038,2020,39.7,13.7,21.6,1450.0,3.3
2807917038,2021,39.8,13.7,22.6,1455.0,3.3
2807917038,2022,39.0,12.7,20.8,1547.0,3.4
2807917039,2015,41.0,17.1,28.9,1646.0,2.8
2807917039,2016,40.7,16.2,28.1,1651.0,2.8
2807917039,2017,41.5,16.2,28.0,1667.0,2.8
2807917039,2018,40.5,15.1,26.6,1745.0,3.0
2807917039,2019,40.1,13.8,24.8,1794.0,3.0
2807917039,2020,40.1,13.5,25.0,1778.0,3.0
2807917039,2021,40.0,12.4,24.3,1803.0,3.0
2807917039,2022,39.8,12.0,21.9,1875.0,3.1
2807917041,2015,37.9,11.9,24.0,1091.0,3.1
2807917041,2016,37.3,11.7,24.1,1115.0,3.1
2807917041,2017,37.4,11.0,24.6,1151.0,3.1
2807917041,2018,36.9,10.1,23.9,1174.0,3.2
2807917041,2019,36.3,8.9,21.6,1310.0,3.4
2807917041,2020,36.9,9.7,22.2,1243.0,3.4
2807917041,2021,37.2,10.2,23.5,1193.0,3.3
2807917041,2022,36.2,9.5,27.4,1193.0,3.2
2807917042,2015,38.3,14.7,21.4,1436.0,3.1
2807917042,2016,38.2,14.2,23.7,1446.0,3.1
2807917042,2017,38.0,13.6,21.1,1466.0,3.1
2807917042,2018,37.2,13.0,22.6,1550.0,3.3
2807917042,2019,37.1,12.3,23.2,1583.0,3.3
2807917042,2020,36.7,11.5,24.0,1584.0,3.3
2807917042,2021,36.5,11.2,22.2,1592.0,3.3
2807917042,2022,36.0,10.6,24.7,1628.0,3.4
2807917043,2015,38.7,15.2,25.5,1884.0,3.1
2807917043,2016,38.8,15.5,25.5,1868.0,3.1
2807917043,2017,38.3,14.8,23.2,1902.0,3.1
2807917043,2018,38.4,14.6,22.5,1934.0,3.1
2807917043,2019,38.4,13.6,22.9,2007.0,3.2
2807917043,2020,38.2,12.8,21.1,2081.0,3.3
2807917043,2021,38.4,12.2,21.8,2021.0,3.2
2807917043,2022,38.4,11.9,19.6,2116.0,3.3
2807917045,2015,34.4,6.5,20.3,2784.0,2.8
2807917045,2016,34.3,6.6,21.1,3014.0,2.7
2807917045,2017,36.6,8.9,16.6,1989.0,3.0
2807917045,2018,37.4,9.5,14.9,2020.0,3.0
2807917045,2019,38.2,10.3,15.1,2024.0,3.0
2807917045,2020,38.7,11.2,15.1,2010.0,3.0
2807917045,2021,39.4,11.8,15.9,1956.0,2.9
2807917045,2022,39.9,12.4,16.7,1969.0,2.9
2807917046,2015,40.7,18.4,19.3,1739.0,2.9
2807917046,2016,40.7,18.4,19.3,1735.0,2.9
2807917046,2017,40.4,18.1,20.5,1752.0,2.9
2807917046,2018,40.6,18.3,21.2,1780.0,2.9
2807917046,2019,40.4,17.5,20.3,1834.0,3.0
2807917046,2020,40.8,17.4,21.4,1751.0,2.9
2807917046,2021,41.4,17.9,20.3,1730.0,2.9
2807917046,2022,41.7,18.1,20.3,1767.0,2.9
2807917047,2015,42.0,19.3,22.7,1501.0,2.7
2807917047,2016,41.9,19.5,22.3,1486.0,2.7
2807917047,2017,41.6,18.8,21.5,1562.0,2.8
2807917047,2018,42.0,18.6,21.7,1599.0,2.8
2807917047,2019,41.2,17.8,22.0,1665.0,2.9
2807917047,2020,41.4,16.8,23.0,1657.0,2.8
2807917047,2021,41.5,17.8,23.8,1633.0,2.8
2807917047,2022,41.1,16.5,25.2,1663.0,2.9
2807917048,2015,39.2,10.3,20.2,1840.0,2.9
2807917048,2016,39.7,10.9,21.0,1841.0,2.9
2807917048,2017,40.5,11.5,20.3,1839.0,2.8
2807917048,2018,40.6,11.4,20.7,1847.0,2.8
2807917048,2019,40.9,11.6,19.6,1901.0,2.9
2807917048,2020,41.8,11.9,20.8,1853.0,2.8
2807917048,2021,42.3,12.0,21.5,1831.0,2.8
2807917048,2022,42.7,13.5,23.7,1832.0,2.7
2807917049,2015,40.6,18.0,24.6,1061.0,2.9
2807917049,2016,40.1,17.2,24.5,1070.0,2.8
2807917049,2017,40.6,16.8,24.2,1089.0,2.9
2807917049,2018,40.7,16.3,24.5,1120.0,2.9
2807917049,2019,40.1,15.6,23.3,1188.0,3.0
2807917049,2020,40.9,16.0,25.8,1125.0,2.9
2807917049,2021,41.1,16.7,25.3,1092.0,2.9
2807917049,2022,40.6,16.0,25.5,1144.0,3.0
2807917050,2015,43.4,20.7,27.8,1352.0,2.6
2807917050,2016,44.4,21.4,29.8,1324.0,2.5
2807917050,2017,44.0,21.8,29.1,1346.0,2.5
2807917050,2018,43.7,21.2,30.0,1375.0,2.5
2807917050,2019,44.2,21.9,28.8,1368.0,2.5
2807917050,2020,44.5,22.5,29.7,1350.0,2.5
2807917050,2021,44.7,22.3,30.1,1335.0,2.5
2807917050,2022,44.6,22.1,33.2,1383.0,2.5
2807917051,2015,41.4,19.4,25.0,1080.0,2.8
2807917051,2016,41.2,19.1,23.6,1112.0,2.9
2807917051,2017,40.9,18.1,22.6,1157.0,3.0
2807917051,2018,40.6,17.1,21.6,1185.0,3.1
2807917051,2019,41.1,17.8,22.1,1166.0,3.0
2807917051,2020,41.4,17.4,24.4,1146.0,2.9
2807917051,2021,41.3,16.9,23.7,1158.0,3.0
2807917051,2022,41.6,16.9,24.8,1157.0,2.9
2807917052,2015,46.3,28.3,25.1,1107.0,2.7
2807917052,2016,46.0,28.4,23.8,1131.0,2.7
2807917052,2017,46.3,28.5,22.6,1144.0,2.7
2807917052,2018,45.8,27.3,23.9,1156.0,2.7
2807917052,2019,46.1,27.1,24.4,1173.0,2.7
2807917052,2020,46.5,27.6,24.9,1169.0,2.7
2807917052,2021,47.5,28.7,25.5,1099.0,2.6
2807917052,2022,47.2,27.9,26.3,1136.0,2.6
2807917053,2015,44.4,26.5,20.8,1016.0,2.7
2807917053,2016,45.2,28.2,20.9,991.0,2.7
2807917053,2017,45.1,28.2,22.0,1005.0,2.8
2807917053,2018,45.6,28.9,22.7,1017.0,2.8
2807917053,2019,46.2,29.1,22.7,1010.0,2.7
2807917053,2020,46.2,29.2,24.3,988.0,2.7
2807917053,2021,46.5,29.5,25.5,979.0,2.6
2807917053,2022,46.6,29.3,24.7,1016.0,2.7
2807917054,2015,42.8,23.1,23.9,1155.0,2.8
2807917054,2016,43.5,24.5,25.7,1142.0,2.8
2807917054,2017,43.6,23.7,24.6,1160.0,2.8
2807917054,2018,43.8,23.3,25.0,1194.0,2.8
2807917054,2019,43.1,21.5,24.3,1259.0,2.9
2807917054,2020,44.2,22.1,24.7,1199.0,2.8
2807917054,2021,44.2,22.4,25.5,1211.0,2.8
2807917054,2022,42.9,20.0,25.4,1278.0,2.9
2807917055,2015,46.6,26.8,21.6,1626.0,2.7
2807917055,2016,46.9,28.1,21.8,1640.0,2.7
2807917055,2017,47.5,28.7,24.0,1626.0,2.7
2807917055,2018,47.2,29.3,23.7,1671.0,2.7
2807917055,2019,47.3,29.8,23.1,1660.0,2.7
2807917055,2020,47.5,30.3,22.2,1641.0,2.7
2807917055,2021,47.7,30.2,22.6,1630.0,2.6
2807917055,2022,47.2,28.8,21.8,1662.0,2.7
2807917057,2015,43.2,21.8,29.9,1411.0,2.6
2807917057,2016,42.8,20.8,30.1,1462.0,2.6
2807917057,2017,43.1,20.0,29.7,1442.0,2.6
2807917057,2018,42.4,18.9,28.1,1521.0,2.7
2807917057,2019,42.3,17.7,27.6,1530.0,2.8
2807917057,2020,42.2,17.4,29.0,1542.0,2.7
2807917057,2021,41.9,16.9,30.4,1537.0,2.7
2807917057,2022,41.3,15.9,28.5,1602.0,2.8
2807917058,2015,41.4,15.8,23.8,1295.0,2.8
2807917058,2016,42.3,16.8,24.3,1283.0,2.8
2807917058,2017,41.9,16.6,22.2,1323.0,2.8
2807917058,2018,41.8,16.7,24.0,1338.0,2.8
2807917058,2019,41.9,16.5,23.3,1392.0,2.9
2807917058,2020,41.7,16.5,24.2,1397.0,2.8
2807917058,2021,41.5,16.3,22.7,1365.0,2.8
2807917058,2022,41.2,16.3,24.3,1405.0,2.8
2807917059,2015,43.1,19.7,26.2,1373.0,2.8
2807917059,2016,43.2,19.7,26.5,1391.0,2.7
2807917059,2017,42.7,18.8,24.6,1435.0,2.8
2807917059,2018,43.1,18.9,27.1,1436.0,2.7
2807917059,2019,43.0,18.6,27.8,1440.0,2.8
2807917059,2020,43.5,19.0,27.1,1428.0,2.7
2807917059,2021,42.9,18.3,27.7,1462.0,2.8
2807917059,2022,43.1,18.9,27.9,1448.0,2.8
2807917060,2015,44.0,21.5,23.3,902.0,2.6
2807917060,2016,43.3,21.3,24.6,926.0,2.6
2807917060,2017,42.9,20.7,23.0,938.0,2.7
2807917060,2018,42.8,19.5,24.6,966.0,2.8
2807917060,2019,43.2,20.3,25.0,955.0,2.8
2807917060,2020,43.6,20.1,24.4,910.0,2.7
2807917060,2021,44.1,20.9,21.1,906.0,2.7
2807917060,2022,43.8,19.6,24.0,923.0,2.7
2807917061,2015,40.9,18.8,24.0,1237.0,3.0
2807917061,2016,40.6,18.1,22.3,1239.0,3.0
2807917061,2017,39.7,16.6,23.0,1286.0,3.0
2807917061,2018,39.7,15.9,22.3,1308.0,3.1
2807917061,2019,39.9,15.3,21.8,1379.0,3.2
2807917061,2020,40.3,15.1,23.2,1318.0,3.1
2807917061,2021,40.0,14.3,22.9,1343.0,3.1
2807917061,2022,39.8,13.2,22.5,1384.0,3.2
2807917062,2015,42.1,19.7,24.0,1444.0,2.8
2807917062,2016,42.1,19.4,22.7,1413.0,2.8
2807917062,2017,41.5,18.7,21.9,1472.0,2.9
2807917062,2018,41.2,17.4,23.2,1493.0,2.9
2807917062,2019,41.3,17.0,23.9,1539.0,2.9
2807917062,2020,41.4,16.2,25.4,1549.0,2.9
2807917062,2021,41.3,15.9,26.1,1527.0,2.8
2807917062,2022,41.1,15.2,25.1,1570.0,2.9
2807917063,2015,43.0,21.4,23.2,1009.0,2.7
2807917063,2016,42.5,21.8,22.5,1010.0,2.7
2807917063,2017,42.9,21.0,23.7,1038.0,2.7
2807917063,2018,41.8,19.5,22.2,1076.0,2.9
2807917063,2019,42.2,19.2,22.3,1101.0,2.9
2807917063,2020,43.0,19.5,23.9,1051.0,2.8
2807917063,2021,42.8,18.9,25.5,1061.0,2.8
2807917063,2022,42.5,18.8,26.5,1081.0,2.8
2807917064,2015,44.3,23.6,29.9,1303.0,2.6
2807917064,2016,43.8,22.3,28.5,1339.0,2.6
2807917064,2017,43.7,20.9,27.6,1388.0,2.7
2807917064,2018,43.0,19.8,27.3,1437.0,2.7
2807917064,2019,42.9,19.9,27.9,1451.0,2.8
2807917064,2020,42.5,18.9,26.6,1505.0,2.8
2807917064,2021,42.7,18.0,26.4,1505.0,2.8
2807917064,2022,43.1,17.9,26.6,1529.0,2.8
2807917065,2015,45.7,26.3,21.6,1123.0,2.6
2807917065,2016,45.4,25.3,21.9,1137.0,2.7
2807917065,2017,45.0,23.7,21.6,1168.0,2.7
2807917065,2018,44.8,22.8,22.8,1204.0,2.8
2807917065,2019,44.0,21.2,22.1,1229.0,2.9
2807917065,2020,43.4,20.0,21.6,1223.0,2.9
2807917065,2021,44.2,20.7,21.7,1205.0,2.8
2807917065,2022,43.5,19.1,21.1,1264.0,3.0
2807917066,2015,41.6,19.5,22.6,1110.0,2.8
2807917066,2016,41.7,19.0,24.3,1125.0,2.9
2807917066,2017,41.4,18.5,23.8,1167.0,2.9
2807917066,2018,41.3,18.3,24.1,1192.0,3.0
2807917066,2019,41.2,17.1,23.5,1232.0,3.1
2807917066,2020,41.6,16.9,23.7,1242.0,3.1
2807917066,2021,41.5,16.6,23.5,1231.0,3.0
2807917066,2022,40.5,15.2,22.7,1310.0,3.2
2807917068,2015,41.4,16.4,26.4,1536.0,2.7
2807917068,2016,41.3,16.0,26.5,1529.0,2.7
2807917068,2017,41.4,15.9,26.3,1536.0,2.6
2807917068,2018,41.1,15.4,25.9,1648.0,2.6
2807917068,2019,40.5,14.4,25.4,1788.0,2.7
2807917068,2020,40.7,14.6,25.3,1817.0,2.6
2807917068,2021,40.7,14.1,26.4,1947.0,2.6
2807917068,2022,40.8,14.2,26.4,1995.0,2.6
2807917069,2015,44.3,23.4,27.1,1382.0,2.6
2807917069,2016,43.6,22.6,25.6,1440.0,2.7
2807917069,2017,42.8,21.7,24.5,1508.0,2.8
2807917069,2018,42.8,21.4,23.8,1541.0,2.9
2807917069,2019,43.1,21.9,21.1,1573.0,2.9
2807917069,2020,43.0,22.0,23.9,1533.0,2.8
2807917069,2021,43.6,21.5,23.9,1525.0,2.8
2807917069,2022,42.5,19.9,23.7,1589.0,2.9
2807917070,2015,49.2,26.4,14.9,1344.0,2.7
2807917070,2016,49.4,27.6,15.2,1346.0,2.7
2807917070,2017,50.2,29.4,16.4,1335.0,2.7
2807917070,2018,51.0,30.3,17.8,1309.0,2.6
2807917070,2019,51.2,30.6,19.4,1296.0,2.6
2807917070,2020,50.8,30.9,20.5,1285.0,2.6
2807917070,2021,51.3,32.1,21.7,1248.0,2.5
2807917070,2022,51.5,33.4,23.1,1246.0,2.5
2807917071,2015,46.3,26.0,21.6,1850.0,2.7
2807917071,2016,47.0,26.6,21.0,1858.0,2.7
2807917071,2017,47.1,26.9,21.2,1852.0,2.7
2807917071,2018,47.1,27.4,21.9,1886.0,2.7
2807917071,2019,47.5,28.0,21.6,1915.0,2.7
2807917071,2020,47.9,29.1,22.8,1867.0,2.6
2807917071,2021,47.3,28.5,24.7,1873.0,2.7
2807917071,2022,46.8,28.0,23.8,1901.0,2.7
2807917072,2015,40.7,17.7,28.3,1112.0,2.7
2807917072,2016,40.8,18.0,27.8,1085.0,2.6
2807917072,2017,40.3,16.3,28.7,1121.0,2.6
2807917072,2018,40.6,15.4,29.2,1136.0,2.7
2807917072,2019,40.3,13.8,27.1,1226.0,2.8
2807917072,2020,39.8,13.1,26.7,1244.0,2.8
2807917072,2021,40.1,13.1,27.2,1203.0,2.8
2807917072,2022,39.0,11.4,24.4,1286.0,3.0
2807917073,2015,50.5,34.0,31.9,905.0,2.3
2807917073,2016,49.8,32.7,33.5,927.0,2.3
2807917073,2017,50.3,33.5,33.5,920.0,2.4
2807917073,2018,48.9,31.3,33.5,949.0,2.4
2807917073,2019,48.3,29.7,32.4,986.0,2.4
2807917073,2020,48.5,29.6,35.5,928.0,2.4
2807917073,2021,48.8,29.1,38.6,890.0,2.3
2807917073,2022,48.1,26.9,37.9,943.0,2.4
2807917074,2015,48.1,31.8,29.0,864.0,2.6
2807917074,2016,48.7,31.7,27.3,854.0,2.5
2807917074,2017,49.1,31.9,27.3,844.0,2.6
2807917074,2018,48.3,30.0,29.6,859.0,2.6
2807917074,2019,47.8,28.4,28.7,885.0,2.6
2807917074,2020,46.4,25.8,29.9,892.0,2.7
2807917074,2021,47.3,25.7,27.1,860.0,2.6
2807917074,2022,47.4,24.8,27.1,891.0,2.7
2807917075,2015,47.1,28.8,25.8,1498.0,2.6
2807917075,2016,47.3,28.6,24.2,1465.0,2.6
2807917075,2017,47.5,28.7,25.7,1475.0,2.6
2807917075,2018,47.7,27.9,26.4,1493.0,2.6
2807917075,2019,47.9,27.7,26.7,1504.0,2.6
2807917075,2020,47.9,27.0,26.9,1506.0,2.7
2807917075,2021,48.1,27.4,28.2,1510.0,2.6
2807917075,2022,48.0,27.3,29.1,1486.0,2.6
2807917076,2015,51.8,41.5,21.6,1174.0,2.5
2807917076,2016,52.0,41.5,20.6,1194.0,2.5
2807917076,2017,51.7,40.4,21.9,1214.0,2.5
2807917076,2018,51.8,40.1,24.6,1209.0,2.5
2807917076,2019,52.3,40.4,25.0,1207.0,2.5
2807917076,2020,52.6,40.3,25.8,1163.0,2.4
2807917076,2021,52.2,38.8,26.2,1187.0,2.5
2807917076,2022,52.5,38.3,28.1,1200.0,2.5
2807917078,2015,52.5,43.0,26.5,1323.0,2.4
2807917078,2016,52.8,43.0,26.4,1326.0,2.4
2807917078,2017,53.3,42.9,28.2,1338.0,2.4
2807917078,2018,53.4,42.7,29.1,1328.0,2.4
2807917078,2019,54.1,43.1,32.0,1288.0,2.4
2807917078,2020,54.7,43.3,33.4,1232.0,2.3
2807917078,2021,55.1,42.7,33.9,1239.0,2.3
2807917078,2022,55.0,42.2,34.1,1257.0,2.3
2807917079,2015,50.6,33.3,38.5,766.0,2.0
2807917079,2016,49.5,32.2,38.2,789.0,2.1
2807917079,2017,49.0,30.9,38.2,822.0,2.1
2807917079,2018,47.9,30.1,37.1,842.0,2.2
2807917079,2019,48.3,30.0,38.2,860.0,2.2
2807917079,2020,47.8,28.3,37.8,859.0,2.2
2807917079,2021,47.8,27.6,40.2,845.0,2.2
2807917079,2022,48.5,28.3,39.7,814.0,2.1
2807917080,2015,41.9,14.9,16.5,1633.0,2.9
2807917080,2016,42.9,17.1,15.8,1632.0,2.9
2807917080,2017,43.7,18.4,17.2,1623.0,2.8
2807917080,2018,42.9,17.1,20.8,1825.0,2.7
2807917080,2019,40.2,14.1,23.4,2451.0,2.6
2807917080,2020,39.0,12.6,23.6,2933.0,2.6
2807917080,2021,37.9,11.4,24.9,3527.0,2.6
2807917080,2022,34.0,4.0,27.1,2519.0,2.6
2807917082,2015,45.9,26.1,30.6,1488.0,2.5
2807917082,2016,45.7,25.0,29.3,1522.0,2.5
2807917082,2017,46.4,25.3,30.0,1480.0,2.4
2807917082,2018,46.0,24.5,29.0,1505.0,2.5
2807917082,2019,45.4,23.2,27.9,1568.0,2.6
2807917082,2020,46.4,23.3,29.6,1544.0,2.5
2807917082,2021,46.6,23.0,30.9,1516.0,2.5
2807917082,2022,46.1,22.0,31.3,1536.0,2.5
2807917083,2015,44.9,22.5,30.1,1389.0,2.6
2807917083,2016,44.8,21.9,29.5,1381.0,2.6
2807917083,2017,44.2,21.2,29.1,1417.0,2.7
2807917083,2018,43.9,20.3,28.7,1451.0,2.7
2807917083,2019,42.9,18.3,28.5,1463.0,2.8
2807917083,2020,42.9,18.1,28.2,1423.0,2.7
2807917083,2021,43.4,18.7,28.3,1409.0,2.7
2807917083,2022,43.0,18.2,31.2,1449.0,2.7
2807917084,2015,47.1,27.2,35.9,985.0,2.3
2807917084,2016,46.8,26.7,35.5,975.0,2.3
2807917084,2017,46.0,24.9,36.2,995.0,2.4
2807917084,2018,46.3,24.6,35.3,984.0,2.4
2807917084,2019,45.1,22.6,31.4,1065.0,2.5
2807917084,2020,44.6,21.2,33.7,1056.0,2.5
2807917084,2021,44.5,21.3,32.1,1025.0,2.4
2807917084,2022,42.8,19.3,30.4,1084.0,2.6
2807917085,2015,52.7,38.4,28.4,730.0,2.4
2807917085,2016,52.7,37.7,29.0,730.0,2.4
2807917085,2017,52.9,38.6,30.8,722.0,2.4
2807917085,2018,52.1,37.2,33.2,734.0,2.5
2807917085,2019,52.2,36.3,33.4,741.0,2.5
2807917085,2020,51.6,34.8,34.9,729.0,2.5
2807917085,2021,51.5,33.5,36.3,714.0,2.4
2807917085,2022,50.0,30.2,34.3,778.0,2.5
2807917086,2015,52.2,38.1,30.6,721.0,2.4
2807917086,2016,51.7,37.0,31.0,745.0,2.4
2807917086,2017,51.1,34.7,30.9,772.0,2.5
2807917086,2018,50.6,33.8,29.9,781.0,2.5
2807917086,2019,51.4,34.5,31.4,777.0,2.5
2807917086,2020,51.9,34.6,31.5,758.0,2.4
2807917086,2021,52.8,35.0,33.1,748.0,2.4
2807917086,2022,51.9,33.6,32.6,764.0,2.4
2807917087,2015,49.3,31.9,30.0,1528.0,2.4
2807917087,2016,49.0,31.3,29.6,1541.0,2.5
2807917087,2017,49.1,30.5,29.5,1542.0,2.5
2807917087,2018,48.5,29.4,30.2,1584.0,2.5
2807917087,2019,48.7,28.6,28.4,1568.0,2.5
2807917087,2020,48.6,27.8,27.3,1538.0,2.5
2807917087,2021,48.7,27.4,27.0,1518.0,2.5
2807917087,2022,47.4,25.7,27.4,1597.0,2.6
2807917089,2015,46.8,24.8,33.9,1144.0,2.5
2807917089,2016,47.0,24.9,32.3,1142.0,2.5
2807917089,2017,46.5,23.8,30.4,1165.0,2.5
2807917089,2018,46.1,23.1,28.5,1194.0,2.6
2807917089,2019,46.2,22.4,28.6,1242.0,2.6
2807917089,2020,46.6,22.4,30.2,1196.0,2.6
2807917089,2021,47.1,22.6,30.8,1153.0,2.5
2807917089,2022,46.2,21.4,31.2,1162.0,2.5
2807917090,2015,47.7,29.7,25.6,1095.0,2.6
2807917090,2016,47.6,29.3,26.6,1072.0,2.6
2807917090,2017,47.5,28.4,26.2,1080.0,2.6
2807917090,2018,47.5,28.3,25.5,1125.0,2.7
2807917090,2019,47.2,26.8,27.9,1115.0,2.7
2807917090,2020,47.1,25.7,27.8,1104.0,2.7
2807917090,2021,47.1,25.6,27.1,1095.0,2.7
2807917090,2022,46.5,25.0,28.4,1135.0,2.7
2807917091,2015,45.2,22.7,28.6,1108.0,2.7
2807917091,2016,45.0,21.8,25.8,1144.0,2.7
2807917091,2017,44.9,20.5,27.9,1131.0,2.7
2807917091,2018,44.4,19.5,27.4,1131.0,2.7
2807917091,2019,44.0,19.1,27.0,1170.0,2.9
2807917091,2020,44.4,18.5,26.9,1140.0,2.8
2807917091,2021,43.8,18.1,28.0,1123.0,2.7
2807917091,2022,44.5,18.6,28.7,1129.0,2.7
2807917092,2015,48.3,30.6,23.4,791.0,2.5
2807917092,2016,48.1,30.1,23.6,823.0,2.6
2807917092,2017,48.6,31.3,23.9,832.0,2.6
2807917092,2018,48.2,31.7,24.1,812.0,2.6
2807917092,2019,48.2,31.0,25.2,833.0,2.6
2807917092,2020,48.7,31.3,23.8,836.0,2.6
2807917092,2021,48.9,31.4,23.4,838.0,2.6
2807917092,2022,50.0,32.3,23.8,812.0,2.6
2807917093,2015,47.4,28.9,24.9,706.0,2.5
2807917093,2016,47.8,30.1,25.0,700.0,2.5
2807917093,2017,48.1,30.6,24.1,693.0,2.6
2807917093,2018,48.8,31.0,23.7,693.0,2.6
2807917093,2019,48.9,30.0,24.4,710.0,2.6
2807917093,2020,49.0,29.1,25.9,707.0,2.6
2807917093,2021,49.6,28.9,27.3,678.0,2.5
2807917093,2022,49.3,28.5,25.6,702.0,2.6
2807917094,2015,46.2,28.4,23.7,824.0,2.6
2807917094,2016,45.8,27.5,23.4,829.0,2.6
2807917094,2017,45.8,27.3,23.5,827.0,2.6
2807917094,2018,46.7,28.9,23.6,805.0,2.6
2807917094,2019,46.2,27.2,24.5,815.0,2.6
2807917094,2020,46.7,26.4,26.2,806.0,2.6
2807917094,2021,46.6,26.9,24.6,800.0,2.6
2807917094,2022,45.8,25.1,24.5,820.0,2.7
2807917095,2015,47.3,31.8,29.8,868.0,2.4
2807917095,2016,47.7,33.0,29.0,842.0,2.4
2807917095,2017,47.7,32.9,29.8,852.0,2.4
2807917095,2018,48.0,32.9,32.0,832.0,2.4
2807917095,2019,47.9,31.8,31.6,858.0,2.4
2807917095,2020,48.3,31.7,31.6,826.0,2.4
2807917095,2021,47.8,30.3,29.6,829.0,2.4
2807917095,2022,47.2,28.7,32.4,863.0,2.4
2807917096,2015,39.8,10.4,19.3,2506.0,2.8
2807917096,2016,40.6,10.8,19.3,2512.0,2.8
2807917096,2017,41.6,12.6,17.9,1260.0,2.8
2807917096,2018,42.6,13.5,19.2,1244.0,2.8
2807917096,2019,43.3,14.1,20.2,1214.0,2.8
2807917096,2020,43.8,15.1,20.4,1203.0,2.7
2807917096,2021,44.4,16.2,19.7,1213.0,2.8
2807917096,2022,44.7,16.6,22.6,1222.0,2.7
2807917097,2015,43.7,15.6,15.3,1592.0,2.8
2807917097,2016,44.1,16.4,16.8,1595.0,2.8
2807917097,2017,45.4,18.1,16.9,1589.0,2.8
2807917097,2018,45.8,19.2,17.3,1566.0,2.8
2807917097,2019,47.0,20.3,19.1,1547.0,2.7
2807917097,2020,47.7,21.8,18.4,1526.0,2.7
2807917097,2021,48.6,23.6,19.7,1479.0,2.6
2807917097,2022,49.4,26.4,20.3,1458.0,2.6
2807917098,2015,38.3,11.1,15.4,1210.0,3.4
2807917098,2016,38.5,11.2,16.5,1187.0,3.3
2807917098,2017,38.3,11.3,16.6,1181.0,3.2
2807917098,2018,38.6,12.2,17.9,1157.0,3.2
2807917098,2019,38.7,12.4,17.9,1189.0,3.3
2807917098,2020,39.0,12.6,17.8,1185.0,3.3
2807917098,2021,39.4,14.0,19.4,1179.0,3.2
2807917098,2022,39.4,14.9,18.0,1159.0,3.2
2807917099,2015,40.3,9.8,13.0,825.0,3.2
2807917099,2016,40.8,11.1,12.3,818.0,3.1
2807917099,2017,41.8,13.1,12.6,815.0,3.1
2807917099,2018,42.2,14.3,14.9,803.0,3.1
2807917099,2019,43.8,16.2,14.2,799.0,3.1
2807917099,2020,44.4,17.4,15.5,787.0,3.1
2807917099,2021,44.8,18.8,12.1,783.0,3.1
2807917099,2022,45.7,21.1,13.9,769.0,3.0
2807917100,2015,41.7,20.4,24.5,974.0,2.7
2807917100,2016,41.1,19.3,21.7,1038.0,2.8
2807917100,2017,41.2,19.4,21.8,1034.0,2.8
2807917100,2018,40.9,17.8,21.5,1070.0,2.8
2807917100,2019,41.0,17.8,24.6,1085.0,2.8
2807917100,2020,41.0,17.6,23.4,1117.0,2.8
2807917100,2021,41.3,18.3,24.4,1081.0,2.8
2807917100,2022,41.0,17.8,24.6,1120.0,2.9
2807917101,2015,41.7,15.6,21.9,1649.0,2.6
2807917101,2016,41.7,15.8,23.3,1710.0,2.6
2807917101,2017,41.5,16.1,24.1,1828.0,2.7
2807917101,2018,41.7,17.0,26.0,1866.0,2.7
2807917101,2019,41.4,17.3,25.8,1955.0,2.7
2807917101,2020,41.8,18.1,28.6,1926.0,2.6
2807917101,2021,41.9,18.2,29.4,1931.0,2.6
2807917101,2022,42.2,18.4,28.6,2001.0,2.6
2807917102,2015,47.2,20.9,15.0,1204.0,2.8
2807917102,2016,47.7,22.4,15.8,1196.0,2.7
2807917102,2017,48.3,23.6,14.7,1189.0,2.7
2807917102,2018,48.8,24.8,14.0,1206.0,2.7
2807917102,2019,49.3,25.9,16.5,1184.0,2.7
2807917102,2020,50.0,29.3,18.3,1179.0,2.6
2807917102,2021,51.5,32.9,18.8,1147.0,2.6
2807917102,2022,52.8,37.2,17.1,1109.0,2.5
2807917103,2015,37.2,10.1,17.4,2295.0,2.8
2807917103,2016,37.8,10.6,18.4,2277.0,2.8
2807917103,2017,38.5,10.6,18.2,2302.0,2.8
2807917103,2018,39.3,11.2,17.8,2282.0,2.8
2807917103,2019,40.3,11.7,19.7,2251.0,2.8
2807917103,2020,41.1,12.5,20.1,2231.0,2.7
2807917103,2021,41.9,13.0,21.7,2193.0,2.7
2807917103,2022,42.9,13.9,23.1,2145.0,2.7
2807917104,2015,39.6,10.5,17.5,2025.0,3.0
2807917104,2016,40.6,11.5,18.8,1988.0,3.0
2807917104,2017,41.5,12.4,18.4,1976.0,3.0
2807917104,2018,41.8,12.9,18.6,2007.0,3.0
2807917104,2019,42.2,13.8,18.4,2007.0,3.0
2807917104,2020,42.7,14.2,19.5,1973.0,2.9
2807917104,2021,43.5,15.1,22.0,1921.0,2.8
2807917104,2022,44.1,16.6,23.2,1921.0,2.7
2807917105,2015,39.2,8.7,17.0,1562.0,3.0
2807917105,2016,39.7,9.3,16.1,1545.0,3.0
2807917105,2017,40.7,10.1,15.9,1537.0,2.9
2807917105,2018,41.6,10.7,16.2,1552.0,2.9
2807917105,2019,42.3,11.4,16.3,1565.0,2.9
2807917105,2020,42.9,11.9,17.5,1509.0,2.9
2807917105,2021,43.8,13.1,18.6,1521.0,2.9
2807917105,2022,44.1,14.2,18.6,1533.0,2.8
2807917106,2015,34.2,5.4,23.6,2920.0,2.8
2807917106,2016,34.7,5.4,23.7,2940.0,2.8
2807917106,2017,35.3,5.6,24.2,3037.0,2.8
2807917106,2018,35.6,5.6,24.2,3097.0,2.8
2807917106,2019,35.6,5.5,24.7,3158.0,2.9
2807917106,2020,36.5,6.0,23.6,3101.0,2.8
2807917106,2021,37.3,6.4,24.5,3085.0,2.8
2807917106,2022,37.2,6.4,25.0,3154.0,2.8
2807917107,2015,30.6,3.4,19.8,2489.0,2.9
2807917107,2016,31.2,3.7,18.4,2524.0,2.9
2807917107,2017,31.9,3.8,18.0,2550.0,2.9
2807917107,2018,32.6,3.9,19.0,2553.0,2.9
2807917107,2019,33.8,4.5,19.0,2561.0,2.9
2807917107,2020,34.6,4.6,18.8,2526.0,2.9
2807917107,2021,35.5,5.1,19.3,2492.0,2.8
2807917107,2022,36.1,5.3,19.1,2529.0,2.9
2807917108,2015,34.7,7.0,20.8,1534.0,2.7
2807917108,2016,35.7,7.5,20.4,1520.0,2.7
2807917108,2017,36.7,7.9,22.3,1494.0,2.6
2807917108,2018,37.2,8.3,21.7,1540.0,2.7
2807917108,2019,38.2,8.8,21.8,1542.0,2.7
2807917108,2020,39.4,9.8,21.1,1534.0,2.7
2807917108,2021,40.2,9.8,22.5,1528.0,2.6
2807917108,2022,40.5,9.9,21.4,1548.0,2.7
2807917109,2015,40.9,16.6,24.1,1195.0,2.8
2807917109,2016,41.9,16.8,22.1,1165.0,2.7
2807917109,2017,42.6,17.2,23.8,1192.0,2.7
2807917109,2018,42.8,17.1,26.6,1170.0,2.6
2807917109,2019,42.8,17.4,25.0,1198.0,2.7
2807917109,2020,42.8,17.5,26.1,1198.0,2.7
2807917109,2021,43.6,17.7,27.4,1187.0,2.7
2807917109,2022,43.8,18.1,27.8,1197.0,2.6
2807917110,2015,30.5,4.0,17.5,2212.0,2.9
2807917110,2016,31.6,4.4,16.4,2199.0,2.9
2807917110,2017,32.2,4.6,17.8,2219.0,2.9
2807917110,2018,32.9,4.9,17.8,2213.0,2.9
2807917110,2019,33.6,5.2,18.4,2213.0,2.9
2807917110,2020,34.5,5.3,18.4,2197.0,2.9
2807917110,2021,35.2,5.5,17.4,2196.0,2.9
2807917110,2022,35.9,5.9,19.4,2180.0,2.8
2807917111,2015,31.0,2.8,23.7,2367.0,2.8
2807917111,2016,31.3,3.1,24.6,2719.0,2.8
2807917111,2017,30.5,3.1,21.3,3435.0,2.9
2807917111,2018,30.7,3.2,20.9,3814.0,2.9
2807917111,2019,30.9,3.2,20.4,4158.0,2.9
2807917111,2020,31.5,3.7,20.2,4695.0,2.9
2807917111,2021,32.0,3.8,20.4,4859.0,2.9
2807917111,2022,33.3,4.4,18.9,2584.0,3.1
2807917112,2015,32.4,4.3,13.8,1959.0,3.0
2807917112,2016,33.2,5.0,13.4,2003.0,3.0
2807917112,2017,33.7,5.3,14.2,2076.0,3.0
2807917112,2018,34.6,6.1,15.5,2080.0,3.0
2807917112,2019,35.4,6.5,17.2,2090.0,3.0
2807917112,2020,36.1,6.7,17.3,2046.0,2.9
2807917112,2021,36.9,6.8,17.6,2047.0,2.9
2807917112,2022,37.7,7.4,18.9,2044.0,2.9
2807917113,2015,36.5,8.5,22.4,1916.0,2.7
2807917113,2016,36.9,8.5,22.7,2011.0,2.7
2807917113,2017,37.5,8.8,22.2,2072.0,2.7
2807917113,2018,38.2,9.0,22.7,2224.0,2.6
2807917113,2019,39.1,10.2,23.7,2267.0,2.6
2807917113,2020,39.7,10.8,24.4,2298.0,2.6
2807917113,2021,40.2,11.0,25.0,2386.0,2.5
2807917113,2022,40.4,10.9,24.1,2683.0,2.6
2807917114,2015,32.1,4.6,21.1,1664.0,2.8
2807917114,2016,32.5,4.9,21.1,1678.0,2.8
2807917114,2017,33.0,5.1,21.5,1697.0,2.8
2807917114,2018,33.9,5.8,20.5,1727.0,2.9
2807917114,2019,34.6,6.4,19.1,1764.0,2.9
2807917114,2020,35.5,6.3,19.2,1711.0,2.9
2807917114,2021,36.5,6.7,19.6,1691.0,2.8
2807917114,2022,36.7,6.7,19.9,1706.0,2.8
2807917115,2015,,,,,
2807917115,2016,,,,,
2807917115,2017,31.8,4.5,28.0,1081.0,2.4
2807917115,2018,31.7,4.4,29.3,1148.0,2.4
2807917115,2019,32.4,4.1,25.2,1547.0,2.5
2807917115,2020,32.5,3.7,23.6,1958.0,2.6
2807917115,2021,32.7,3.8,22.4,2086.0,2.7
2807917115,2022,33.1,4.5,23.3,2228.0,2.7
2807917116,2015,,,,,
2807917116,2016,,,,,
2807917116,2017,40.7,10.8,22.2,1250.0,2.8
2807917116,2018,41.6,11.4,22.3,1250.0,2.8
2807917116,2019,42.4,12.5,21.7,1256.0,2.8
2807917116,2020,42.7,12.0,22.3,1257.0,2.8
2807917116,2021,43.4,13.2,22.5,1238.0,2.8
2807917116,2022,44.3,14.0,24.0,1221.0,2.7
2807917117,2015,,,,,
2807917117,2016,,,,,
2807917117,2017,,,,,
2807917117,2018,,,,,
2807917117,2019,,,,,
2807917117,2020,,,,,
2807917117,2021,,,,,
2807917117,2022,31.6,3.8,24.0,2468.0,2.6
2807917118,2015,,,,,
2807917118,2016,,,,,
2807917118,2017,,,,,
2807917118,2018,,,,,
2807917118,2019,,,,,
2807917118,2020,,,,,
2807917118,2021,,,,,
2807917118,2022,39.0,14.8,24.5,2412.0,2.6
2807918002,2015,39.0,14.2,16.0,1435.0,2.9
2807918002,2016,39.7,15.0,18.3,1400.0,2.8
2807918002,2017,40.2,15.0,18.7,1419.0,2.8
2807918002,2018,41.1,15.0,19.2,1406.0,2.8
2807918002,2019,41.2,15.3,19.1,1448.0,2.9
2807918002,2020,41.8,15.8,20.6,1427.0,2.8
2807918002,2021,42.3,16.7,22.2,1374.0,2.7
2807918002,2022,42.6,16.8,21.8,1384.0,2.7
2807918003,2015,43.5,21.3,23.1,862.0,2.7
2807918003,2016,43.7,22.0,24.1,864.0,2.6
2807918003,2017,43.6,22.3,22.9,902.0,2.6
2807918003,2018,42.9,21.6,24.4,884.0,2.7
2807918003,2019,43.0,21.9,22.3,915.0,2.7
2807918003,2020,43.4,22.5,24.7,883.0,2.6
2807918003,2021,43.9,22.8,22.8,885.0,2.6
2807918003,2022,43.3,21.4,24.9,882.0,2.6
2807918004,2015,43.3,21.2,22.1,1136.0,2.7
2807918004,2016,43.4,20.9,21.4,1154.0,2.7
2807918004,2017,43.7,21.2,22.0,1168.0,2.7
2807918004,2018,44.3,21.5,21.0,1211.0,2.8
2807918004,2019,44.2,21.1,22.4,1211.0,2.8
2807918004,2020,43.9,19.5,25.2,1211.0,2.8
2807918004,2021,44.7,20.6,26.1,1148.0,2.7
2807918004,2022,44.3,20.0,25.3,1193.0,2.7
2807918005,2015,41.1,19.4,26.8,1099.0,2.6
2807918005,2016,40.9,18.7,27.9,1117.0,2.6
2807918005,2017,41.2,19.3,26.1,1116.0,2.6
2807918005,2018,41.2,19.1,27.9,1134.0,2.6
2807918005,2019,40.9,18.2,26.1,1156.0,2.6
2807918005,2020,40.3,16.8,27.7,1150.0,2.6
2807918005,2021,40.7,16.9,27.4,1178.0,2.6
2807918005,2022,40.1,15.9,25.3,1202.0,2.7
2807918006,2015,39.7,15.0,27.7,1187.0,2.8
2807918006,2016,39.9,14.9,26.3,1242.0,2.8
2807918006,2017,40.3,15.8,26.9,1256.0,2.8
2807918006,2018,39.8,14.5,27.4,1266.0,2.9
2807918006,2019,40.0,14.4,27.1,1323.0,2.9
2807918006,2020,41.0,14.3,28.4,1256.0,2.8
2807918006,2021,41.1,14.6,26.8,1284.0,2.9
2807918006,2022,41.1,14.9,25.9,1305.0,2.9
2807918007,2015,42.8,18.3,26.0,913.0,2.6
2807918007,2016,42.6,18.6,25.4,912.0,2.6
2807918007,2017,42.3,18.2,25.2,941.0,2.8
2807918007,2018,43.6,19.3,28.5,903.0,2.6
2807918007,2019,43.5,18.7,29.7,924.0,2.6
2807918007,2020,44.1,19.1,32.0,890.0,2.5
2807918007,2021,44.7,19.7,33.1,875.0,2.5
2807918007,2022,44.0,18.3,34.0,946.0,2.5
2807918008,2015,44.3,21.3,28.7,1110.0,2.5
2807918008,2016,44.6,21.4,27.0,1104.0,2.6
2807918008,2017,44.4,21.5,27.3,1115.0,2.5
2807918008,2018,43.8,20.2,26.1,1161.0,2.6
2807918008,2019,44.0,21.2,28.4,1173.0,2.6
2807918008,2020,44.1,20.7,30.7,1138.0,2.6
2807918008,2021,44.5,21.2,28.9,1165.0,2.6
2807918008,2022,44.1,19.6,29.8,1167.0,2.6
2807918009,2015,42.9,19.5,23.0,1540.0,2.7
2807918009,2016,43.1,20.1,24.6,1530.0,2.7
2807918009,2017,43.9,20.6,24.6,1517.0,2.7
2807918009,2018,43.1,19.9,23.3,1568.0,2.7
2807918009,2019,43.4,19.8,23.1,1586.0,2.8
2807918009,2020,43.7,19.9,24.5,1545.0,2.7
2807918009,2021,43.6,20.1,23.9,1524.0,2.7
2807918009,2022,44.2,20.4,24.3,1515.0,2.6
2807918010,2015,42.4,20.5,21.7,1024.0,2.8
2807918010,2016,42.6,20.8,23.8,1004.0,2.7
2807918010,2017,43.1,20.6,23.8,1017.0,2.8
2807918010,2018,43.2,19.9,24.2,1026.0,2.8
2807918010,2019,43.4,19.7,24.4,1036.0,2.8
2807918010,2020,43.4,19.2,25.1,1030.0,2.8
2807918010,2021,43.2,18.4,24.3,1033.0,2.7
2807918010,2022,43.2,17.9,24.8,1066.0,2.8
2807918011,2015,44.8,23.5,25.9,1155.0,2.6
2807918011,2016,44.1,22.8,23.1,1199.0,2.7
2807918011,2017,44.8,23.2,25.6,1152.0,2.6
2807918011,2018,44.4,22.2,25.7,1203.0,2.6
2807918011,2019,44.0,21.5,26.0,1242.0,2.7
2807918011,2020,44.4,21.7,27.7,1209.0,2.6
2807918011,2021,44.8,22.7,26.6,1193.0,2.6
2807918011,2022,44.2,21.8,27.6,1233.0,2.6
2807918012,2015,44.4,23.1,26.0,1521.0,2.6
2807918012,2016,44.3,23.2,25.5,1523.0,2.6
2807918012,2017,45.2,24.1,26.6,1510.0,2.5
2807918012,2018,45.0,23.9,26.2,1541.0,2.6
2807918012,2019,45.1,23.6,25.3,1536.0,2.6
2807918012,2020,45.4,24.2,27.7,1511.0,2.5
2807918012,2021,45.7,25.2,28.5,1471.0,2.5
2807918012,2022,45.8,25.3,29.2,1490.0,2.5
2807918013,2015,43.9,22.7,30.2,1100.0,2.5
2807918013,2016,43.8,22.7,29.4,1123.0,2.5
2807918013,2017,44.0,22.3,31.4,1142.0,2.5
2807918013,2018,43.6,21.1,30.5,1184.0,2.6
2807918013,2019,43.4,20.7,30.2,1196.0,2.6
2807918013,2020,43.7,20.1,29.9,1183.0,2.6
2807918013,2021,43.3,18.7,33.0,1128.0,2.5
2807918013,2022,43.1,18.4,32.7,1162.0,2.6
2807918014,2015,42.9,21.5,26.9,1294.0,2.7
2807918014,2016,42.9,21.2,27.7,1366.0,2.7
2807918014,2017,42.6,21.4,25.9,1372.0,2.7
2807918014,2018,42.8,21.1,27.2,1375.0,2.7
2807918014,2019,42.7,20.0,27.0,1490.0,2.8
2807918014,2020,43.3,20.1,26.7,1464.0,2.8
2807918014,2021,43.2,19.9,28.2,1459.0,2.7
2807918014,2022,43.5,19.8,29.1,1457.0,2.7
2807918015,2015,44.8,24.5,28.1,986.0,2.5
2807918015,2016,45.0,24.3,29.6,990.0,2.5
2807918015,2017,44.8,22.9,29.6,1015.0,2.5
2807918015,2018,44.9,22.1,30.3,1048.0,2.5
2807918015,2019,44.9,21.7,29.6,1045.0,2.5
2807918015,2020,43.5,19.4,31.7,1070.0,2.6
2807918015,2021,43.6,18.8,30.0,1062.0,2.6
2807918015,2022,43.2,18.7,28.3,1084.0,2.6
2807918016,2015,43.9,21.6,30.1,1136.0,2.4
2807918016,2016,43.2,20.7,29.6,1166.0,2.4
2807918016,2017,42.7,20.0,30.5,1200.0,2.5
2807918016,2018,42.1,19.2,29.9,1230.0,2.5
2807918016,2019,42.5,19.2,29.8,1227.0,2.5
2807918016,2020,41.7,17.6,29.0,1218.0,2.5
2807918016,2021,41.5,16.9,28.8,1258.0,2.6
2807918016,2022,41.4,16.6,28.8,1293.0,2.6
2807918017,2015,42.6,19.2,31.2,1072.0,2.4
2807918017,2016,42.6,18.8,32.0,1056.0,2.4
2807918017,2017,42.1,18.1,29.9,1109.0,2.5
2807918017,2018,42.4,17.5,28.0,1162.0,2.5
2807918017,2019,42.1,17.0,26.6,1167.0,2.6
2807918017,2020,41.9,16.4,28.2,1131.0,2.5
2807918017,2021,42.4,17.0,29.6,1094.0,2.4
2807918017,2022,42.4,17.2,31.4,1133.0,2.5
2807918018,2015,40.2,16.4,29.1,1828.0,2.5
2807918018,2016,40.3,16.9,28.5,1861.0,2.6
2807918018,2017,40.8,17.7,28.5,1855.0,2.5
2807918018,2018,40.9,17.3,28.1,1899.0,2.6
2807918018,2019,41.7,17.4,30.0,1882.0,2.6
2807918018,2020,42.0,17.1,30.3,1859.0,2.5
2807918018,2021,42.4,17.4,30.1,1848.0,2.5
2807918018,2022,42.1,16.5,28.9,1860.0,2.5
2807918019,2015,41.4,16.0,23.9,1662.0,2.6
2807918019,2016,41.8,16.5,24.6,1632.0,2.6
2807918019,2017,41.8,16.6,24.0,1668.0,2.6
2807918019,2018,42.2,16.9,24.3,1685.0,2.6
2807918019,2019,42.5,17.8,23.9,1722.0,2.6
2807918019,2020,42.3,17.6,25.1,1702.0,2.6
2807918019,2021,43.3,18.8,25.6,1659.0,2.6
2807918019,2022,43.5,19.0,26.6,1688.0,2.6
2807918020,2015,40.4,13.5,19.7,1531.0,2.8
2807918020,2016,41.2,14.3,19.9,1517.0,2.7
2807918020,2017,42.1,16.0,18.3,1483.0,2.7
2807918020,2018,42.9,16.5,18.9,1481.0,2.7
2807918020,2019,43.4,17.2,19.6,1458.0,2.6
2807918020,2020,43.9,17.8,22.4,1425.0,2.6
2807918020,2021,44.7,18.7,22.3,1414.0,2.6
2807918020,2022,45.1,19.6,23.3,1447.0,2.6
2807918021,2015,45.3,20.0,17.8,1057.0,2.6
2807918021,2016,45.7,21.1,19.9,1059.0,2.6
2807918021,2017,46.2,22.8,21.1,1061.0,2.5
2807918021,2018,46.8,24.8,20.4,1079.0,2.6
2807918021,2019,47.2,27.2,20.9,1076.0,2.6
2807918021,2020,47.8,29.5,22.4,1061.0,2.6
2807918021,2021,48.8,31.0,21.1,1035.0,2.5
2807918021,2022,49.3,32.5,21.8,1014.0,2.5
2807918022,2015,43.3,23.9,27.5,1353.0,2.5
2807918022,2016,43.6,23.8,29.4,1376.0,2.5
2807918022,2017,44.0,23.2,30.6,1369.0,2.5
2807918022,2018,44.1,22.6,30.4,1353.0,2.5
2807918022,2019,44.1,21.6,29.2,1382.0,2.5
2807918022,2020,44.0,21.1,30.3,1344.0,2.5
2807918022,2021,43.2,19.4,30.2,1336.0,2.5
2807918022,2022,42.9,19.2,30.1,1392.0,2.5
2807918023,2015,46.4,27.5,37.0,750.0,2.2
2807918023,2016,46.6,27.6,35.8,750.0,2.2
2807918023,2017,44.6,21.6,30.8,1235.0,2.4
2807918023,2018,45.0,21.3,30.6,1239.0,2.4
2807918023,2019,45.1,20.7,31.3,1238.0,2.4
2807918023,2020,45.5,20.6,33.1,1182.0,2.3
2807918023,2021,46.1,20.9,32.9,1170.0,2.3
2807918023,2022,45.0,19.8,30.9,1210.0,2.4
2807918024,2015,46.4,25.6,22.8,978.0,2.6
2807918024,2016,46.5,26.9,24.5,983.0,2.5
2807918024,2017,46.9,28.5,26.3,994.0,2.5
2807918024,2018,47.1,29.7,28.0,1018.0,2.6
2807918024,2019,48.2,30.9,28.0,1004.0,2.5
2807918024,2020,48.8,31.8,28.0,974.0,2.5
2807918024,2021,49.3,33.2,28.2,962.0,2.5
2807918024,2022,48.7,31.9,28.2,989.0,2.5
2807918025,2015,36.9,7.8,17.0,1785.0,2.9
2807918025,2016,37.6,8.1,17.8,1787.0,2.8
2807918025,2017,38.7,8.9,17.8,1771.0,2.8
2807918025,2018,39.5,10.0,18.9,1791.0,2.8
2807918025,2019,40.6,10.9,19.4,1760.0,2.8
2807918025,2020,41.3,12.1,20.3,1726.0,2.7
2807918025,2021,42.2,13.2,21.4,1718.0,2.7
2807918025,2022,42.9,14.7,22.3,1719.0,2.7
2807918026,2015,43.9,19.1,19.5,1546.0,2.9
2807918026,2016,44.2,19.6,20.3,1537.0,2.9
2807918026,2017,43.7,19.0,18.6,1556.0,3.0
2807918026,2018,43.8,18.9,19.0,1555.0,3.0
2807918026,2019,43.8,19.3,18.3,1578.0,3.0
2807918026,2020,43.9,19.8,19.7,1557.0,3.0
2807918026,2021,43.5,19.2,20.1,1555.0,3.0
2807918026,2022,43.3,19.7,19.6,1548.0,2.9
2807918027,2015,39.2,11.0,17.0,1812.0,3.0
2807918027,2016,40.1,11.3,17.9,1751.0,2.9
2807918027,2017,40.1,11.7,17.8,1811.0,3.0
2807918027,2018,40.7,12.1,18.8,1782.0,2.9
2807918027,2019,41.1,12.3,18.2,1815.0,3.0
2807918027,2020,41.8,13.4,20.0,1795.0,2.9
2807918027,2021,42.3,13.3,20.4,1793.0,2.9
2807918027,2022,42.4,13.7,20.9,1837.0,2.9
2807918028,2015,44.6,17.5,18.6,2128.0,2.8
2807918028,2016,44.8,18.7,19.0,2111.0,2.8
2807918028,2017,45.6,20.5,20.7,2081.0,2.7
2807918028,2018,45.7,22.0,21.3,2070.0,2.7
2807918028,2019,46.1,23.0,20.3,2059.0,2.7
2807918028,2020,47.0,25.6,21.7,1986.0,2.6
2807918028,2021,47.7,27.8,24.2,1951.0,2.5
2807918028,2022,48.2,29.3,24.7,1938.0,2.5
2807918029,2015,42.8,14.3,19.8,1192.0,2.8
2807918029,2016,43.7,15.5,19.7,1177.0,2.7
2807918029,2017,44.6,16.6,19.4,1171.0,2.7
2807918029,2018,45.0,18.1,20.6,1174.0,2.7
2807918029,2019,46.0,20.9,21.7,1151.0,2.6
2807918029,2020,46.5,22.3,21.8,1100.0,2.6
2807918029,2021,46.9,24.3,21.6,1091.0,2.5
2807918029,2022,47.9,27.1,21.7,1072.0,2.5
2807918030,2015,46.8,26.7,24.9,820.0,2.5
2807918030,2016,47.3,28.3,25.3,787.0,2.5
2807918030,2017,46.9,28.4,24.9,810.0,2.5
2807918030,2018,47.3,30.1,26.6,793.0,2.4
2807918030,2019,47.2,29.8,25.8,822.0,2.5
2807918030,2020,47.9,30.9,26.9,791.0,2.4
2807918030,2021,47.6,29.0,28.3,783.0,2.4
2807918030,2022,47.8,29.5,28.6,783.0,2.4
2807918031,2015,44.8,21.9,21.7,1135.0,2.7
2807918031,2016,45.2,23.0,22.6,1128.0,2.7
2807918031,2017,45.8,24.3,22.7,1107.0,2.6
2807918031,2018,46.1,25.4,22.4,1140.0,2.7
2807918031,2019,46.9,26.9,22.4,1152.0,2.7
2807918031,2020,47.4,27.7,25.0,1129.0,2.6
2807918031,2021,47.7,28.0,25.9,1101.0,2.6
2807918031,2022,48.3,28.7,27.8,1070.0,2.5
2807918032,2015,46.9,27.7,26.5,1355.0,2.5
2807918032,2016,47.0,28.1,26.4,1345.0,2.5
2807918032,2017,47.5,29.4,26.9,1363.0,2.5
2807918032,2018,47.6,29.3,27.6,1363.0,2.5
2807918032,2019,48.0,30.2,27.6,1364.0,2.5
2807918032,2020,47.9,30.6,27.9,1350.0,2.5
2807918032,2021,48.1,30.6,27.4,1342.0,2.5
2807918032,2022,48.7,31.1,29.0,1339.0,2.4
2807918033,2015,47.0,28.2,24.0,1282.0,2.5
2807918033,2016,47.8,30.2,24.4,1264.0,2.5
2807918033,2017,47.9,31.1,24.6,1272.0,2.5
2807918033,2018,48.2,32.1,25.7,1273.0,2.5
2807918033,2019,48.4,32.0,24.9,1277.0,2.5
2807918033,2020,48.5,32.5,24.4,1271.0,2.5
2807918033,2021,49.0,33.0,26.4,1273.0,2.5
2807918033,2022,49.2,33.5,25.4,1282.0,2.5
2807918034,2015,45.9,27.4,21.4,1317.0,2.5
2807918034,2016,46.8,29.0,22.0,1298.0,2.5
2807918034,2017,47.3,29.9,23.9,1288.0,2.4
2807918034,2018,48.0,31.1,23.8,1279.0,2.4
2807918034,2019,48.2,30.9,24.5,1283.0,2.4
2807918034,2020,49.0,32.2,25.5,1247.0,2.4
2807918034,2021,49.9,33.7,26.4,1233.0,2.4
2807918034,2022,49.7,33.7,26.9,1239.0,2.3
2807918035,2015,45.7,27.1,22.2,939.0,2.6
2807918035,2016,46.5,28.2,22.4,943.0,2.6
2807918035,2017,47.1,29.5,23.6,937.0,2.6
2807918035,2018,47.5,30.2,23.5,942.0,2.6
2807918035,2019,47.8,30.4,23.3,971.0,2.6
2807918035,2020,48.6,31.9,23.8,938.0,2.6
2807918035,2021,49.0,33.2,23.8,947.0,2.6
2807918035,2022,49.6,34.4,25.3,916.0,2.5
2807918036,2015,42.7,16.2,20.2,1367.0,2.8
2807918036,2016,43.6,16.6,20.0,1344.0,2.8
2807918036,2017,43.4,16.2,18.9,1366.0,2.8
2807918036,2018,44.2,16.4,21.4,1344.0,2.8
2807918036,2019,44.5,16.9,20.0,1351.0,2.8
2807918036,2020,44.9,17.6,21.5,1319.0,2.7
2807918036,2021,45.8,18.7,21.5,1286.0,2.7
2807918036,2022,46.1,20.2,22.5,1275.0,2.7
2807918037,2015,47.2,29.2,24.4,1027.0,2.5
2807918037,2016,46.7,28.3,25.6,1039.0,2.4
2807918037,2017,46.9,27.9,26.7,1046.0,2.5
2807918037,2018,46.6,26.8,23.9,1060.0,2.5
2807918037,2019,46.5,26.2,23.6,1082.0,2.6
2807918037,2020,46.7,26.0,23.9,1059.0,2.5
2807918037,2021,46.2,25.1,24.9,1063.0,2.6
2807918037,2022,46.1,23.8,25.6,1076.0,2.6
2807918038,2015,43.5,19.9,20.8,968.0,2.8
2807918038,2016,43.3,19.8,22.3,956.0,2.8
2807918038,2017,42.4,19.4,23.3,999.0,2.8
2807918038,2018,42.5,19.3,22.5,1013.0,2.9
2807918038,2019,42.7,19.4,22.7,1010.0,2.9
2807918038,2020,42.4,18.8,22.2,1000.0,2.9
2807918038,2021,43.1,20.2,21.1,1016.0,2.9
2807918038,2022,43.8,21.3,25.1,983.0,2.8
2807918039,2015,42.7,12.4,11.0,1380.0,2.9
2807918039,2016,43.4,13.1,11.4,1379.0,2.9
2807918039,2017,44.0,13.7,12.3,1364.0,2.9
2807918039,2018,45.2,14.6,12.7,1333.0,2.8
2807918039,2019,45.5,15.7,13.1,1338.0,2.8
2807918039,2020,46.0,16.9,15.7,1306.0,2.8
2807918039,2021,47.3,19.7,16.8,1267.0,2.7
2807918039,2022,47.9,21.2,19.0,1262.0,2.7
2807918040,2015,41.7,13.1,16.9,1914.0,2.8
2807918040,2016,42.4,14.4,16.5,1890.0,2.8
2807918040,2017,42.9,16.3,15.8,1922.0,2.8
2807918040,2018,42.9,17.1,15.5,2030.0,2.8
2807918040,2019,42.0,17.1,16.3,2279.0,2.8
2807918040,2020,42.5,18.2,16.2,2304.0,2.8
2807918040,2021,42.6,18.9,17.3,2307.0,2.8
2807918040,2022,43.1,20.0,18.5,2315.0,2.7
2807918041,2015,43.2,18.8,17.3,1308.0,2.8
2807918041,2016,43.6,19.9,18.5,1312.0,2.8
2807918041,2017,43.9,20.7,19.2,1345.0,2.8
2807918041,2018,44.5,22.5,18.5,1335.0,2.8
2807918041,2019,45.1,24.3,18.5,1322.0,2.7
2807918041,2020,45.3,25.3,21.1,1306.0,2.7
2807918041,2021,46.3,26.9,20.5,1277.0,2.7
2807918041,2022,46.8,27.8,22.6,1257.0,2.6
2807918042,2015,38.5,11.1,21.0,1890.0,2.8
2807918042,2016,39.0,11.2,20.1,1886.0,2.8
2807918042,2017,39.1,11.1,21.3,1912.0,2.8
2807918042,2018,39.8,11.5,22.9,1877.0,2.7
2807918042,2019,39.8,11.2,22.3,1905.0,2.7
2807918042,2020,40.1,11.4,22.8,1871.0,2.7
2807918042,2021,40.5,11.6,23.8,1833.0,2.7
2807918042,2022,40.6,12.1,24.7,1841.0,2.6
2807918043,2015,37.1,9.2,21.4,1978.0,2.7
2807918043,2016,37.5,9.6,20.6,1985.0,2.8
2807918043,2017,38.1,9.7,22.0,1969.0,2.8
2807918043,2018,38.9,9.9,24.1,1949.0,2.7
2807918043,2019,39.4,10.1,24.2,1996.0,2.7
2807918043,2020,39.9,10.3,25.0,1987.0,2.7
2807918043,2021,40.6,10.6,24.0,1988.0,2.7
2807918043,2022,40.8,10.7,25.0,2020.0,2.7
2807918044,2015,42.3,10.6,13.0,1385.0,3.0
2807918044,2016,43.4,11.5,12.4,1356.0,2.9
2807918044,2017,44.3,12.3,13.6,1353.0,2.9
2807918044,2018,44.9,13.9,12.3,1372.0,2.9
2807918044,2019,45.4,14.5,12.1,1354.0,2.9
2807918044,2020,45.7,15.9,13.8,1327.0,2.8
2807918044,2021,46.3,17.6,13.5,1321.0,2.8
2807918044,2022,47.5,20.4,14.2,1285.0,2.7
2807918045,2015,28.1,2.7,20.5,3428.0,3.4
2807918045,2016,28.2,2.9,19.9,3532.0,3.4
2807918045,2017,28.5,3.2,20.2,3508.0,3.4
2807918045,2018,28.6,4.0,19.7,3509.0,3.4
2807918045,2019,28.8,4.0,20.1,3491.0,3.4
2807918045,2020,27.0,4.4,21.7,3253.0,3.4
2807918045,2021,27.4,4.7,22.7,3157.0,3.4
2807918045,2022,27.6,4.8,24.1,3080.0,3.3
2807918046,2015,33.8,5.1,38.8,1849.0,2.2
2807918046,2016,34.2,4.7,38.0,1902.0,2.3
2807918046,2017,35.8,5.2,39.3,1353.0,2.2
2807918046,2018,35.8,5.1,39.2,1488.0,2.3
2807918046,2019,36.1,5.3,38.4,1562.0,2.4
2807918046,2020,36.3,5.7,37.3,1604.0,2.4
2807918046,2021,36.7,6.0,35.6,1581.0,2.4
2807918046,2022,35.2,5.7,32.7,2011.0,2.7
2807918047,2015,33.2,4.1,30.6,1095.0,2.3
2807918047,2016,33.8,4.5,31.1,1107.0,2.3
2807918047,2017,34.2,5.3,30.8,1129.0,2.4
2807918047,2018,34.6,5.7,29.5,1205.0,2.4
2807918047,2019,35.0,5.9,29.3,1235.0,2.5
2807918047,2020,35.0,6.5,30.7,1255.0,2.5
2807918047,2021,35.8,7.2,30.2,1287.0,2.5
2807918047,2022,36.4,7.5,31.4,1282.0,2.5
2807918048,2015,42.1,12.3,14.6,1380.0,2.9
2807918048,2016,43.0,13.7,13.6,1361.0,2.9
2807918048,2017,43.8,14.9,13.4,1364.0,2.9
2807918048,2018,44.7,16.5,15.3,1337.0,2.8
2807918048,2019,45.3,17.9,14.8,1321.0,2.8
2807918048,2020,46.0,19.5,16.1,1300.0,2.8
2807918048,2021,46.1,20.4,16.9,1332.0,2.8
2807918048,2022,47.1,22.8,18.0,1287.0,2.7
2807918049,2015,31.6,2.6,22.7,2594.0,2.7
2807918049,2016,32.1,3.0,21.8,2690.0,2.8
2807918049,2017,32.4,3.6,21.8,2816.0,2.8
2807918049,2018,33.0,4.0,21.0,2938.0,2.8
2807918049,2019,33.7,4.4,20.1,3076.0,2.9
2807918049,2020,34.3,4.5,20.5,3072.0,2.9
2807918049,2021,35.3,5.3,21.0,3022.0,2.8
2807918049,2022,36.0,6.7,16.2,1536.0,3.0
2807918050,2015,31.0,2.3,34.3,1407.0,2.4
2807918050,2016,31.4,2.6,33.7,1490.0,2.4
2807918050,2017,32.1,3.2,30.7,1811.0,2.5
2807918050,2018,32.5,3.3,29.6,2038.0,2.5
2807918050,2019,33.1,3.7,28.8,2388.0,2.6
2807918050,2020,33.7,4.1,28.3,2468.0,2.6
2807918050,2021,34.5,4.9,29.4,2467.0,2.6
2807918050,2022,34.9,5.3,30.4,2592.0,2.6
2807918051,2015,34.8,6.6,38.2,1686.0,2.2
2807918051,2016,34.9,6.8,37.5,1745.0,2.3
2807918051,2017,33.5,5.6,43.2,1317.0,2.1
2807918051,2018,34.4,5.7,42.2,1354.0,2.1
2807918051,2019,34.7,5.5,41.0,1433.0,2.1
2807918051,2020,35.4,5.6,39.7,1456.0,2.1
2807918051,2021,36.3,6.4,39.4,1460.0,2.1
2807918051,2022,37.1,7.4,40.9,1484.0,2.1
2807918052,2015,30.5,2.1,36.3,2979.0,2.4
2807918052,2016,31.0,2.3,35.7,3008.0,2.4
2807918052,2017,32.0,2.7,36.7,3111.0,2.4
2807918052,2018,32.4,3.1,35.8,3261.0,2.4
2807918052,2019,33.1,3.7,35.0,3422.0,2.4
2807918052,2020,33.8,4.3,35.3,3528.0,2.4
2807918052,2021,34.4,4.6,35.5,3632.0,2.4
2807918052,2022,33.0,3.8,24.5,2053.0,2.7
2807918053,2015,30.2,2.3,31.9,2001.0,2.4
2807918053,2016,30.9,3.0,31.0,2050.0,2.4
2807918053,2017,31.5,3.3,30.3,2109.0,2.5
2807918053,2018,32.1,3.2,29.4,2188.0,2.5
2807918053,2019,33.0,4.1,29.6,2263.0,2.5
2807918053,2020,33.6,4.6,29.6,2261.0,2.5
2807918053,2021,34.4,4.9,29.7,2301.0,2.5
2807918053,2022,34.9,5.2,28.8,2350.0,2.5
2807918054,2015,30.9,3.1,33.1,2131.0,2.3
2807918054,2016,31.0,3.2,33.2,2304.0,2.3
2807918054,2017,31.3,3.7,31.2,2535.0,2.4
2807918054,2018,31.7,3.9,30.3,2637.0,2.5
2807918054,2019,32.5,4.1,29.8,2681.0,2.5
2807918054,2020,32.9,4.6,29.1,2735.0,2.5
2807918054,2021,33.3,4.8,29.6,2954.0,2.5
2807918054,2022,33.8,4.9,30.8,3084.0,2.5
2807918055,2015,31.6,3.7,30.8,2858.0,2.4
2807918055,2016,31.7,3.7,30.4,3039.0,2.5
2807918055,2017,32.1,4.9,28.5,1703.0,2.5
2807918055,2018,32.2,4.9,27.2,1748.0,2.5
2807918055,2019,32.6,5.6,27.1,1840.0,2.6
2807918055,2020,33.1,5.7,26.2,1891.0,2.6
2807918055,2021,33.7,5.7,26.8,1888.0,2.6
2807918055,2022,34.3,6.0,29.3,1914.0,2.6
2807918056,2015,32.0,3.9,40.1,1522.0,2.2
2807918056,2016,32.6,3.9,39.0,1558.0,2.2
2807918056,2017,32.8,4.0,36.5,1756.0,2.3
2807918056,2018,33.4,4.5,34.4,1736.0,2.3
2807918056,2019,34.2,5.0,31.5,1839.0,2.4
2807918056,2020,34.8,5.4,31.3,1848.0,2.4
2807918056,2021,35.2,6.0,29.8,1887.0,2.4
2807918056,2022,35.5,6.2,29.2,2018.0,2.5
2807918057,2015,31.1,2.1,48.0,1848.0,1.9
2807918057,2016,31.8,2.3,47.6,1912.0,2.0
2807918057,2017,32.3,2.4,47.7,2208.0,2.0
2807918057,2018,32.7,2.9,45.9,2376.0,2.1
2807918057,2019,33.1,3.4,43.4,2579.0,2.1
2807918057,2020,33.4,3.4,41.9,2650.0,2.1
2807918057,2021,33.6,3.5,44.4,2629.0,2.1
2807918057,2022,34.3,3.9,43.1,2814.0,2.1
2807918058,2015,29.7,2.8,25.3,2179.0,2.8
2807918058,2016,30.4,2.9,25.0,2246.0,2.8
2807918058,2017,31.2,2.9,25.0,2339.0,2.9
2807918058,2018,31.9,3.2,25.6,2519.0,2.9
2807918058,2019,32.0,3.6,23.4,2752.0,2.9
2807918058,2020,32.6,3.7,21.9,2910.0,2.9
2807918058,2021,33.0,3.8,19.9,3159.0,3.0
2807918058,2022,33.3,3.7,20.9,3371.0,3.0
2807918059,2015,29.6,3.3,27.2,1753.0,2.6
2807918059,2016,30.2,3.5,26.9,1777.0,2.6
2807918059,2017,31.1,3.6,30.6,2362.0,2.5
2807918059,2018,31.8,4.0,28.5,2403.0,2.6
2807918059,2019,32.4,4.3,28.7,2491.0,2.6
2807918059,2020,32.9,4.0,27.4,2565.0,2.7
2807918059,2021,33.4,4.4,27.2,2529.0,2.7
2807918059,2022,34.0,4.7,26.6,2573.0,2.7
2807918060,2015,31.2,2.4,39.5,2289.0,2.1
2807918060,2016,31.4,2.5,37.5,2366.0,2.2
2807918060,2017,31.6,2.6,37.1,2459.0,2.2
2807918060,2018,32.3,2.7,35.6,2705.0,2.3
2807918060,2019,33.0,3.5,35.1,2864.0,2.3
2807918060,2020,33.4,3.8,35.2,2926.0,2.3
2807918060,2021,34.2,4.3,35.3,3081.0,2.3
2807918060,2022,33.6,4.0,27.4,1796.0,2.5
2807918061,2015,31.7,3.8,34.6,1967.0,2.3
2807918061,2016,31.5,3.8,30.9,2279.0,2.4
2807918061,2017,31.7,4.1,28.8,2630.0,2.4
2807918061,2018,32.4,4.4,28.8,2784.0,2.5
2807918061,2019,32.7,4.6,28.2,3066.0,2.5
2807918061,2020,33.0,4.6,27.4,3170.0,2.5
2807918061,2021,33.5,5.0,27.9,3235.0,2.5
2807918061,2022,35.2,6.2,31.5,1589.0,2.3
2807918062,2015,31.2,2.7,40.5,2411.0,2.1
2807918062,2016,31.3,3.0,37.5,2906.0,2.2
2807918062,2017,32.5,3.4,41.5,1628.0,2.1
2807918062,2018,32.4,3.4,38.7,1736.0,2.1
2807918062,2019,32.8,3.9,39.3,1874.0,2.1
2807918062,2020,33.3,4.2,41.7,1880.0,2.1
2807918062,2021,33.8,4.6,40.1,1897.0,2.1
2807918062,2022,34.1,5.1,42.2,1930.0,2.1
2807918063,2015,31.1,3.4,30.8,2445.0,2.4
2807918063,2016,31.6,4.0,31.0,2602.0,2.5
2807918063,2017,32.1,4.0,31.1,2670.0,2.5
2807918063,2018,32.5,4.6,29.8,2812.0,2.5
2807918063,2019,32.6,4.4,28.8,2885.0,2.6
2807918063,2020,33.2,4.5,28.6,2930.0,2.6
2807918063,2021,33.6,4.8,28.8,3048.0,2.6
2807918063,2022,33.5,4.3,27.8,1522.0,2.6
2807918064,2015,32.0,2.9,34.5,2820.0,2.3
2807918064,2016,32.2,3.0,34.0,2929.0,2.3
2807918064,2017,33.0,3.4,26.3,1954.0,2.6
2807918064,2018,33.7,3.7,28.2,1980.0,2.5
2807918064,2019,33.6,4.0,27.5,2276.0,2.6
2807918064,2020,34.0,4.5,26.2,2403.0,2.6
2807918064,2021,34.6,4.9,25.8,2448.0,2.6
2807918064,2022,35.3,5.9,25.9,2495.0,2.6
2807918065,2015,30.5,2.1,33.5,1876.0,2.5
2807918065,2016,30.5,2.6,31.6,2143.0,2.6
2807918065,2017,30.6,2.8,30.5,2363.0,2.7
2807918065,2018,30.9,2.9,31.2,2461.0,2.7
2807918065,2019,31.6,3.4,30.1,2638.0,2.7
2807918065,2020,32.2,3.9,28.5,2643.0,2.7
2807918065,2021,32.9,4.4,30.3,2679.0,2.7
2807918065,2022,33.5,5.1,31.9,2959.0,2.6
2807918066,2015,,,,,
2807918066,2016,,,,,
2807918066,2017,32.3,3.5,29.5,1501.0,2.5
2807918066,2018,33.2,3.5,29.2,1580.0,2.6
2807918066,2019,33.2,3.6,27.3,1805.0,2.7
2807918066,2020,33.3,3.8,25.3,1995.0,2.7
2807918066,2021,33.6,4.5,26.0,2073.0,2.7
2807918066,2022,34.2,5.0,28.7,2198.0,2.6
2807918067,2015,,,,,
2807918067,2016,,,,,
2807918067,2017,30.0,2.3,27.1,1590.0,2.6
2807918067,2018,30.2,2.9,26.2,1668.0,2.7
2807918067,2019,31.4,3.6,25.8,1683.0,2.7
2807918067,2020,31.8,3.5,24.0,1740.0,2.7
2807918067,2021,32.5,3.8,24.9,1700.0,2.7
2807918067,2022,33.2,4.4,25.3,1761.0,2.7
2807918068,2015,,,,,
2807918068,2016,,,,,
2807918068,2017,31.5,3.1,39.3,1204.0,2.2
2807918068,2018,32.2,3.6,39.7,1281.0,2.2
2807918068,2019,33.1,3.7,40.7,1297.0,2.2
2807918068,2020,33.7,4.1,41.1,1304.0,2.2
2807918068,2021,34.5,4.7,40.6,1283.0,2.2
2807918068,2022,35.1,5.1,40.9,1333.0,2.2
2807918069,2015,,,,,
2807918069,2016,,,,,
2807918069,2017,,,,,
2807918069,2018,,,,,
2807918069,2019,,,,,
2807918069,2020,,,,,
2807918069,2021,,,,,
2807918069,2022,32.6,4.7,25.5,1740.0,2.6
2807918070,2015,,,,,
2807918070,2016,,,,,
2807918070,2017,,,,,
2807918070,2018,,,,,
2807918070,2019,,,,,
2807918070,2020,,,,,
2807918070,2021,,,,,
2807918070,2022,36.5,5.2,26.0,1480.0,2.6
2807918071,2015,,,,,
2807918071,2016,,,,,
2807918071,2017,,,,,
2807918071,2018,,,,,
2807918071,2019,,,,,
2807918071,2020,,,,,
2807918071,2021,,,,,
2807918071,2022,36.2,5.3,41.5,1889.0,2.1
2807918072,2015,,,,,
2807918072,2016,,,,,
2807918072,2017,,,,,
2807918072,2018,,,,,
2807918072,2019,,,,,
2807918072,2020,,,,,
2807918072,2021,,,,,
2807918072,2022,36.0,5.6,41.1,1440.0,2.1
2807918073,2015,,,,,
2807918073,2016,,,,,
2807918073,2017,,,,,
2807918073,2018,,,,,
2807918073,2019,,,,,
2807918073,2020,,,,,
2807918073,2021,,,,,
2807918073,2022,35.0,5.6,29.3,1621.0,2.6
2807919001,2015,29.2,5.0,22.2,2289.0,3.4
2807919001,2016,30.3,5.3,24.4,2566.0,3.1
2807919001,2017,29.9,5.4,22.6,2251.0,3.3
2807919001,2018,30.1,5.3,21.2,2314.0,3.4
2807919001,2019,30.5,5.6,21.0,2360.0,3.4
2807919001,2020,30.6,5.9,21.3,2393.0,3.4
2807919001,2021,31.1,5.9,22.1,2427.0,3.3
2807919001,2022,31.3,5.9,25.1,2446.0,3.2
2807919002,2015,41.4,19.2,23.9,1984.0,2.7
2807919002,2016,42.2,19.7,24.1,1932.0,2.7
2807919002,2017,42.0,18.1,25.6,2220.0,2.6
2807919002,2018,40.3,16.0,24.4,2514.0,2.7
2807919002,2019,39.7,14.6,23.8,2775.0,2.8
2807919002,2020,40.0,14.2,22.4,2849.0,2.8
2807919002,2021,40.6,14.0,22.7,2822.0,2.8
2807919002,2022,40.9,14.1,23.1,2858.0,2.7
2807919003,2015,44.2,22.7,23.8,962.0,2.7
2807919003,2016,44.3,22.9,24.1,957.0,2.7
2807919003,2017,44.8,22.9,24.6,942.0,2.7
2807919003,2018,44.6,22.4,26.4,944.0,2.7
2807919003,2019,44.7,22.4,22.8,933.0,2.7
2807919003,2020,44.8,23.0,24.9,903.0,2.7
2807919003,2021,45.3,23.4,27.6,872.0,2.6
2807919003,2022,45.0,22.8,25.7,903.0,2.6
2807919004,2015,45.1,24.3,28.8,853.0,2.6
2807919004,2016,45.5,25.7,27.2,835.0,2.6
2807919004,2017,45.7,25.5,28.5,836.0,2.5
2807919004,2018,45.1,24.6,26.1,863.0,2.6
2807919004,2019,45.0,23.8,28.5,879.0,2.6
2807919004,2020,45.1,23.6,30.8,849.0,2.5
2807919004,2021,44.7,21.8,31.3,889.0,2.6
2807919004,2022,43.9,20.5,31.8,938.0,2.6
2807919005,2015,42.2,17.2,23.3,1251.0,2.6
2807919005,2016,42.1,17.0,23.0,1280.0,2.6
2807919005,2017,42.6,17.6,23.5,1634.0,2.6
2807919005,2018,43.1,17.9,23.4,1635.0,2.6
2807919005,2019,43.3,17.5,24.2,1665.0,2.6
2807919005,2020,43.7,17.7,24.9,1618.0,2.5
2807919005,2021,44.1,17.6,25.2,1608.0,2.5
2807919005,2022,44.3,18.1,25.1,1661.0,2.6
2807919006,2015,43.3,19.9,26.8,1135.0,2.5
2807919006,2016,43.8,19.8,24.9,1142.0,2.5
2807919006,2017,43.3,18.6,24.6,1186.0,2.5
2807919006,2018,43.5,18.5,25.8,1186.0,2.5
2807919006,2019,43.0,18.4,25.6,1217.0,2.6
2807919006,2020,43.5,18.7,26.0,1200.0,2.5
2807919006,2021,43.3,18.1,26.7,1206.0,2.5
2807919006,2022,43.4,17.9,26.2,1225.0,2.5
2807919007,2015,47.1,27.4,24.9,1128.0,2.6
2807919007,2016,47.3,27.3,26.4,1117.0,2.5
2807919007,2017,47.0,26.8,25.6,1130.0,2.5
2807919007,2018,46.6,26.5,25.7,1172.0,2.6
2807919007,2019,46.3,25.2,26.5,1168.0,2.6
2807919007,2020,46.9,25.2,26.8,1132.0,2.6
2807919007,2021,46.5,23.6,27.6,1144.0,2.6
2807919007,2022,45.9,22.6,25.9,1193.0,2.6
2807919008,2015,44.4,24.0,27.6,1290.0,2.6
2807919008,2016,44.3,23.6,27.1,1296.0,2.6
2807919008,2017,44.4,23.2,27.9,1287.0,2.6
2807919008,2018,44.0,22.7,28.9,1324.0,2.6
2807919008,2019,43.4,21.8,27.4,1365.0,2.7
2807919008,2020,43.3,21.6,26.4,1345.0,2.7
2807919008,2021,43.5,22.0,27.5,1323.0,2.6
2807919008,2022,42.5,20.4,27.0,1386.0,2.7
2807919009,2015,45.2,25.4,24.1,1419.0,2.6
2807919009,2016,45.3,25.1,25.3,1425.0,2.5
2807919009,2017,45.8,25.7,25.0,1413.0,2.5
2807919009,2018,45.7,25.4,24.5,1427.0,2.6
2807919009,2019,46.0,25.0,24.5,1427.0,2.6
2807919009,2020,46.4,25.5,24.9,1427.0,2.5
2807919009,2021,45.9,24.7,24.6,1436.0,2.6
2807919009,2022,45.7,24.4,26.2,1447.0,2.6
2807919011,2015,46.4,25.9,28.0,1234.0,2.4
2807919011,2016,46.4,25.3,26.6,1239.0,2.5
2807919011,2017,46.5,25.7,27.7,1258.0,2.5
2807919011,2018,46.3,25.2,28.1,1260.0,2.5
2807919011,2019,46.4,24.6,27.0,1283.0,2.5
2807919011,2020,47.0,25.5,29.0,1251.0,2.5
2807919011,2021,47.3,25.8,29.0,1262.0,2.5
2807919011,2022,47.5,25.7,28.9,1263.0,2.5
2807919012,2015,48.1,29.8,27.3,1014.0,2.4
2807919012,2016,48.0,29.3,26.9,1030.0,2.5
2807919012,2017,47.8,29.4,27.6,1049.0,2.5
2807919012,2018,47.6,27.8,28.1,1045.0,2.5
2807919012,2019,46.8,26.3,28.8,1063.0,2.5
2807919012,2020,46.1,24.6,29.5,1075.0,2.5
2807919012,2021,47.1,25.8,31.0,1028.0,2.4
2807919012,2022,48.0,26.4,32.2,1015.0,2.4
2807919014,2015,41.4,16.0,19.1,1497.0,2.8
2807919014,2016,41.0,15.9,19.0,1538.0,2.8
2807919014,2017,41.8,16.9,20.3,1517.0,2.7
2807919014,2018,42.1,17.1,20.6,1526.0,2.8
2807919014,2019,42.5,16.7,21.3,1538.0,2.8
2807919014,2020,43.0,17.8,22.0,1543.0,2.7
2807919014,2021,43.1,17.4,22.8,1514.0,2.7
2807919014,2022,43.2,18.0,23.2,1521.0,2.7
2807919015,2015,45.6,26.0,30.2,1065.0,2.5
2807919015,2016,46.0,26.8,29.7,1055.0,2.5
2807919015,2017,46.2,26.2,29.2,1030.0,2.4
2807919015,2018,46.6,26.2,31.2,1027.0,2.4
2807919015,2019,46.2,25.3,31.0,1059.0,2.5
2807919015,2020,46.4,24.5,33.7,1049.0,2.4
2807919015,2021,47.3,24.7,34.1,992.0,2.3
2807919015,2022,47.1,24.2,36.9,973.0,2.3
2807919016,2015,44.8,24.7,23.5,916.0,2.6
2807919016,2016,44.9,24.0,24.6,905.0,2.6
2807919016,2017,45.6,23.7,25.9,925.0,2.5
2807919016,2018,45.6,23.4,25.5,937.0,2.6
2807919016,2019,45.9,23.3,27.8,956.0,2.6
2807919016,2020,46.1,23.4,27.1,918.0,2.5
2807919016,2021,45.3,22.2,26.0,936.0,2.6
2807919016,2022,44.7,21.3,27.4,945.0,2.6
2807919018,2015,47.6,30.4,30.6,1261.0,2.5
2807919018,2016,48.1,31.3,31.0,1204.0,2.4
2807919018,2017,48.4,31.0,33.3,1194.0,2.3
2807919018,2018,48.0,29.6,32.7,1229.0,2.4
2807919018,2019,48.4,29.8,32.6,1255.0,2.4
2807919018,2020,48.7,29.7,32.2,1213.0,2.4
2807919018,2021,48.4,29.0,32.8,1182.0,2.4
2807919018,2022,47.3,27.4,33.1,1187.0,2.4
2807919019,2015,48.0,31.7,26.0,980.0,2.5
2807919019,2016,48.7,32.9,26.4,958.0,2.5
2807919019,2017,48.7,32.8,26.6,938.0,2.5
2807919019,2018,48.8,32.0,28.1,937.0,2.4
2807919019,2019,48.1,30.6,27.0,985.0,2.5
2807919019,2020,48.5,30.3,27.8,970.0,2.4
2807919019,2021,49.6,30.8,27.9,968.0,2.4
2807919019,2022,50.1,31.8,29.8,959.0,2.3
2807919020,2015,48.4,33.7,27.0,1042.0,2.5
2807919020,2016,48.4,33.4,26.5,1043.0,2.5
2807919020,2017,48.4,32.4,27.3,1071.0,2.5
2807919020,2018,49.0,32.3,27.9,1046.0,2.4
2807919020,2019,49.5,32.0,28.5,1062.0,2.4
2807919020,2020,50.3,32.3,30.5,1013.0,2.4
2807919020,2021,50.2,31.9,31.7,1008.0,2.3
2807919020,2022,49.5,30.8,31.9,1030.0,2.4
2807919021,2015,48.6,33.1,27.3,1283.0,2.4
2807919021,2016,48.8,32.9,28.7,1267.0,2.4
2807919021,2017,48.5,31.3,27.7,1324.0,2.5
2807919021,2018,48.8,31.4,30.8,1319.0,2.4
2807919021,2019,49.7,31.9,30.1,1306.0,2.4
2807919021,2020,50.3,32.3,32.0,1257.0,2.4
2807919021,2021,50.8,33.3,32.1,1264.0,2.4
2807919021,2022,50.8,33.3,32.6,1256.0,2.3
2807919022,2015,45.0,26.8,25.5,1194.0,2.6
2807919022,2016,45.6,26.5,27.6,1135.0,2.5
2807919022,2017,45.5,25.8,28.1,1129.0,2.5
2807919022,2018,45.6,25.1,30.1,1109.0,2.4
2807919022,2019,45.2,23.7,31.8,1128.0,2.4
2807919022,2020,45.4,23.4,33.0,1070.0,2.4
2807919022,2021,44.9,23.2,34.0,1049.0,2.4
2807919022,2022,44.5,22.2,33.5,1062.0,2.4
2807919023,2015,45.5,28.0,22.5,1112.0,2.7
2807919023,2016,45.4,26.8,24.0,1111.0,2.6
2807919023,2017,45.2,25.3,25.0,1118.0,2.6
2807919023,2018,45.4,24.1,24.7,1101.0,2.6
2807919023,2019,45.4,23.4,26.1,1118.0,2.6
2807919023,2020,45.4,22.5,27.2,1104.0,2.6
2807919023,2021,46.0,22.5,27.5,1079.0,2.5
2807919023,2022,45.3,21.8,29.8,1112.0,2.5
2807919024,2015,47.6,31.2,31.0,795.0,2.4
2807919024,2016,48.3,31.3,30.7,782.0,2.4
2807919024,2017,47.8,30.5,30.7,801.0,2.4
2807919024,2018,47.1,28.8,32.6,799.0,2.4
2807919024,2019,46.8,27.3,31.6,798.0,2.4
2807919024,2020,46.5,25.8,33.2,807.0,2.4
2807919024,2021,46.4,25.5,36.5,773.0,2.4
2807919024,2022,45.7,23.9,32.1,817.0,2.4
2807919025,2015,47.7,28.7,35.7,958.0,2.3
2807919025,2016,47.9,28.4,35.4,965.0,2.3
2807919025,2017,47.4,27.6,34.7,982.0,2.3
2807919025,2018,46.7,25.8,34.2,1011.0,2.4
2807919025,2019,46.9,25.8,33.4,1053.0,2.4
2807919025,2020,47.1,25.4,32.7,1047.0,2.4
2807919025,2021,46.8,24.9,33.4,989.0,2.3
2807919025,2022,45.7,23.6,33.3,1026.0,2.4
2807919026,2015,46.7,29.3,29.9,878.0,2.4
2807919026,2016,45.9,27.4,29.2,895.0,2.5
2807919026,2017,45.9,26.6,32.5,882.0,2.4
2807919026,2018,45.5,25.2,31.4,890.0,2.5
2807919026,2019,45.2,24.3,30.0,918.0,2.5
2807919026,2020,46.0,24.5,30.1,899.0,2.5
2807919026,2021,46.0,23.6,32.8,881.0,2.4
2807919026,2022,45.1,22.5,33.5,924.0,2.4
2807919027,2015,44.4,23.0,23.6,936.0,2.5
2807919027,2016,44.4,23.4,22.2,940.0,2.6
2807919027,2017,44.4,23.6,24.7,951.0,2.6
2807919027,2018,44.6,23.2,24.0,968.0,2.6
2807919027,2019,44.1,22.3,25.4,986.0,2.6
2807919027,2020,44.0,21.5,27.1,967.0,2.6
2807919027,2021,43.2,20.2,24.4,984.0,2.6
2807919027,2022,43.1,20.1,25.8,1009.0,2.6
2807919028,2015,44.1,22.2,25.6,1352.0,2.6
2807919028,2016,44.3,21.9,25.8,1359.0,2.6
2807919028,2017,44.1,20.7,24.1,1399.0,2.6
2807919028,2018,44.2,20.0,24.1,1417.0,2.6
2807919028,2019,43.7,19.6,24.4,1459.0,2.7
2807919028,2020,44.2,19.6,25.8,1416.0,2.7
2807919028,2021,44.0,19.5,24.4,1402.0,2.6
2807919028,2022,43.4,19.0,24.2,1461.0,2.7
2807919029,2015,44.7,25.7,22.9,913.0,2.6
2807919029,2016,44.1,24.6,22.8,917.0,2.6
2807919029,2017,43.9,23.9,24.1,904.0,2.6
2807919029,2018,43.2,22.9,24.8,946.0,2.6
2807919029,2019,43.2,21.7,23.7,937.0,2.7
2807919029,2020,43.0,20.6,25.7,938.0,2.6
2807919029,2021,43.1,20.2,26.1,949.0,2.6
2807919029,2022,42.9,19.5,27.8,937.0,2.6
2807919031,2015,,,,,
2807919031,2016,,,,,
2807919031,2017,,,,,
2807919031,2018,,,,,
2807919031,2019,,,,,
2807919031,2020,,,,,
2807919031,2021,,,,,
2807919031,2022,,,,,
2807919032,2015,36.5,9.8,20.6,2153.0,2.9
2807919032,2016,36.5,9.7,21.6,2258.0,2.9
2807919032,2017,36.5,9.3,21.2,2312.0,2.9
2807919032,2018,37.1,9.6,21.4,2314.0,2.9
2807919032,2019,37.8,10.3,22.7,2330.0,2.9
2807919032,2020,38.0,10.0,23.5,2320.0,2.9
2807919032,2021,38.4,10.5,23.3,2316.0,2.8
2807919032,2022,38.9,11.2,25.0,2278.0,2.8
2807919033,2015,38.8,9.5,16.6,2173.0,2.9
2807919033,2016,39.9,10.3,17.0,2137.0,2.9
2807919033,2017,40.5,10.9,17.9,2150.0,2.9
2807919033,2018,41.4,11.7,18.7,2132.0,2.9
2807919033,2019,42.0,12.4,18.7,2139.0,2.8
2807919033,2020,42.7,12.8,20.0,2094.0,2.8
2807919033,2021,43.8,14.1,19.3,2067.0,2.8
2807919033,2022,44.4,15.2,22.1,2057.0,2.7
2807919034,2015,39.0,8.2,17.8,1752.0,2.9
2807919034,2016,39.9,8.8,18.2,1742.0,2.9
2807919034,2017,40.7,9.7,17.7,1740.0,2.9
2807919034,2018,41.5,10.6,19.0,1702.0,2.8
2807919034,2019,42.2,11.7,19.8,1734.0,2.8
2807919034,2020,42.7,12.8,19.8,1714.0,2.8
2807919034,2021,43.6,14.0,19.3,1704.0,2.8
2807919034,2022,44.3,15.3,23.4,1694.0,2.7
2807919035,2015,40.1,9.1,21.1,1618.0,2.8
2807919035,2016,40.9,10.3,20.5,1647.0,2.8
2807919035,2017,41.6,10.8,21.3,1615.0,2.8
2807919035,2018,42.7,12.5,20.8,1621.0,2.8
2807919035,2019,43.3,13.3,21.2,1604.0,2.8
2807919035,2020,43.7,14.2,21.1,1618.0,2.8
2807919035,2021,44.7,15.3,22.0,1574.0,2.7
2807919035,2022,45.6,17.2,24.6,1567.0,2.6
2807919036,2015,41.1,10.4,21.7,2121.0,2.7
2807919036,2016,42.0,11.7,21.7,2100.0,2.7
2807919036,2017,42.8,12.7,23.6,2093.0,2.7
2807919036,2018,43.6,13.6,24.1,2090.0,2.7
2807919036,2019,44.4,14.2,23.5,2096.0,2.7
2807919036,2020,45.2,15.2,24.0,2061.0,2.6
2807919036,2021,45.8,16.6,24.4,2045.0,2.6
2807919036,2022,46.4,18.4,26.0,2053.0,2.6
2807919037,2015,39.8,8.6,19.9,2042.0,2.9
2807919037,2016,40.7,9.0,20.0,2014.0,2.8
2807919037,2017,41.2,9.4,18.5,2039.0,2.8
2807919037,2018,42.2,10.7,19.6,2035.0,2.8
2807919037,2019,42.7,11.6,19.0,2042.0,2.8
2807919037,2020,43.6,12.8,20.3,1993.0,2.8
2807919037,2021,44.6,14.3,20.8,1965.0,2.7
2807919037,2022,45.4,16.1,22.1,1932.0,2.6
2807919038,2015,36.6,7.4,18.3,1935.0,3.2
2807919038,2016,37.2,8.0,17.4,1913.0,3.1
2807919038,2017,37.4,8.4,18.5,1919.0,3.1
2807919038,2018,38.0,9.2,17.0,1926.0,3.1
2807919038,2019,38.5,9.4,16.8,1922.0,3.1
2807919038,2020,39.2,10.0,17.5,1874.0,3.1
2807919038,2021,39.8,11.3,17.1,1875.0,3.1
2807919038,2022,40.2,12.8,20.1,1855.0,3.0
2807919039,2015,36.1,7.6,14.9,1593.0,3.0
2807919039,2016,36.9,7.9,12.3,1606.0,3.0
2807919039,2017,37.3,7.6,13.5,1614.0,3.0
2807919039,2018,37.5,7.8,15.0,1619.0,3.0
2807919039,2019,38.2,8.3,17.1,1584.0,3.0
2807919039,2020,39.0,9.2,17.0,1519.0,2.9
2807919039,2021,39.6,9.5,16.4,1535.0,2.9
2807919039,2022,39.7,10.3,16.0,1568.0,2.9
2807919040,2015,33.6,5.2,20.7,2260.0,2.8
2807919040,2016,34.2,5.6,21.2,2265.0,2.8
2807919040,2017,34.9,6.0,21.1,2294.0,2.8
2807919040,2018,35.7,6.1,21.2,2297.0,2.8
2807919040,2019,36.4,6.6,21.1,2318.0,2.8
2807919040,2020,37.2,7.0,21.4,2273.0,2.8
2807919040,2021,37.8,7.7,22.9,2273.0,2.8
2807919040,2022,38.5,7.9,22.1,2244.0,2.7
2807919041,2015,32.4,6.3,26.1,1500.0,2.7
2807919041,2016,33.0,6.4,25.7,1530.0,2.7
2807919041,2017,33.8,6.6,25.6,1541.0,2.7
2807919041,2018,35.1,7.7,25.9,1537.0,2.7
2807919041,2019,36.1,8.1,25.3,1521.0,2.6
2807919041,2020,36.9,8.3,25.2,1516.0,2.6
2807919041,2021,37.8,9.2,23.8,1505.0,2.6
2807919041,2022,38.5,9.5,23.8,1510.0,2.6
2807919042,2015,32.4,4.1,19.2,2386.0,2.8
2807919042,2016,33.2,4.6,19.3,2400.0,2.8
2807919042,2017,34.0,4.8,18.6,2422.0,2.8
2807919042,2018,34.9,5.2,19.0,2424.0,2.8
2807919042,2019,35.9,5.7,19.2,2420.0,2.8
2807919042,2020,36.8,5.9,19.9,2418.0,2.8
2807919042,2021,37.5,6.2,19.4,2408.0,2.8
2807919042,2022,38.1,6.2,19.9,2404.0,2.8
2807919043,2015,39.3,9.6,20.6,1368.0,2.8
2807919043,2016,40.1,10.0,22.0,1351.0,2.8
2807919043,2017,40.9,10.9,22.4,1353.0,2.8
2807919043,2018,41.8,11.7,22.7,1332.0,2.7
2807919043,2019,42.6,13.2,23.4,1329.0,2.7
2807919043,2020,43.4,13.6,23.0,1315.0,2.7
2807919043,2021,43.8,14.8,22.7,1293.0,2.7
2807919043,2022,44.4,16.6,24.6,1315.0,2.6
2807919044,2015,35.4,7.3,16.3,1793.0,3.0
2807919044,2016,35.5,7.1,16.4,1809.0,3.1
2807919044,2017,36.1,7.6,16.3,1731.0,3.1
2807919044,2018,36.7,7.9,17.2,1757.0,3.1
2807919044,2019,36.8,8.0,15.7,1897.0,3.2
2807919044,2020,37.7,8.3,16.6,1870.0,3.1
2807919044,2021,38.3,8.4,17.3,1869.0,3.1
2807919044,2022,38.5,9.3,18.1,1913.0,3.1
2807919045,2015,31.7,4.9,14.7,1770.0,3.0
2807919045,2016,32.4,4.9,14.1,1785.0,3.0
2807919045,2017,33.2,5.2,15.3,1803.0,3.0
2807919045,2018,34.0,5.2,15.4,1798.0,3.0
2807919045,2019,34.9,5.6,15.8,1768.0,3.0
2807919045,2020,35.8,5.8,16.1,1744.0,2.9
2807919045,2021,36.6,6.0,16.8,1705.0,2.9
2807919045,2022,37.7,6.8,18.2,1681.0,2.8
2807919046,2015,31.6,4.2,15.2,1849.0,3.1
2807919046,2016,32.0,4.1,14.7,1897.0,3.1
2807919046,2017,32.6,4.3,13.6,1911.0,3.1
2807919046,2018,33.4,4.6,13.6,1911.0,3.1
2807919046,2019,33.8,4.7,13.3,1941.0,3.1
2807919046,2020,34.6,5.4,13.6,1915.0,3.1
2807919046,2021,35.2,5.7,13.5,1928.0,3.1
2807919046,2022,36.0,6.4,14.3,1883.0,3.1
2807919047,2015,32.1,5.5,20.7,2508.0,2.9
2807919047,2016,32.8,5.5,21.3,2495.0,2.8
2807919047,2017,33.4,6.0,22.0,2505.0,2.8
2807919047,2018,34.1,6.2,21.3,2507.0,2.8
2807919047,2019,34.9,6.3,21.0,2492.0,2.8
2807919047,2020,35.8,6.6,20.8,2445.0,2.8
2807919047,2021,36.5,6.4,19.7,2451.0,2.8
2807919047,2022,37.2,6.8,20.7,2483.0,2.8
2807919048,2015,33.3,8.3,15.3,1958.0,2.9
2807919048,2016,33.9,8.1,15.4,1991.0,2.9
2807919048,2017,32.6,5.4,13.5,1635.0,3.1
2807919048,2018,33.7,5.6,13.0,1620.0,3.1
2807919048,2019,34.4,5.9,13.7,1608.0,3.0
2807919048,2020,35.0,5.9,14.5,1594.0,3.0
2807919048,2021,36.0,6.1,14.5,1586.0,3.0
2807919048,2022,36.8,6.4,15.9,1586.0,2.9
2807919049,2015,32.4,4.9,23.4,2346.0,2.7
2807919049,2016,32.8,5.0,23.8,2366.0,2.7
2807919049,2017,33.2,5.7,21.6,2093.0,2.8
2807919049,2018,34.1,6.1,21.7,2060.0,2.7
2807919049,2019,35.4,6.7,22.2,2074.0,2.7
2807919049,2020,36.3,6.9,22.3,2057.0,2.7
2807919049,2021,37.3,7.4,22.8,2027.0,2.7
2807919049,2022,38.1,7.9,23.8,2011.0,2.6
2807919050,2015,37.3,9.6,19.5,1196.0,2.8
2807919050,2016,38.1,9.5,20.2,1208.0,2.8
2807919050,2017,38.9,9.8,21.6,1204.0,2.8
2807919050,2018,39.3,10.0,21.1,1213.0,2.8
2807919050,2019,39.9,9.9,19.8,1218.0,2.8
2807919050,2020,40.8,10.2,19.9,1182.0,2.8
2807919050,2021,41.4,10.6,22.3,1164.0,2.7
2807919050,2022,42.4,11.7,22.6,1146.0,2.7
2807919051,2015,31.4,3.0,19.0,1930.0,2.9
2807919051,2016,31.8,3.4,18.8,1951.0,2.9
2807919051,2017,32.6,3.7,18.1,1969.0,2.9
2807919051,2018,33.5,3.8,18.2,1963.0,3.0
2807919051,2019,34.4,4.2,17.5,1978.0,3.0
2807919051,2020,35.2,4.3,17.2,1946.0,2.9
2807919051,2021,36.0,5.1,17.0,1934.0,2.9
2807919051,2022,36.6,5.7,18.1,1933.0,2.9
2807919052,2015,,,,,
2807919052,2016,,,,,
2807919052,2017,32.8,3.9,31.7,948.0,2.3
2807919052,2018,32.0,3.3,28.3,1533.0,2.5
2807919052,2019,32.7,3.2,28.6,2398.0,2.5
2807919052,2020,32.1,2.6,27.9,4437.0,2.5
2807919052,2021,31.9,2.3,27.3,8940.0,2.5
2807919052,2022,32.7,2.5,30.7,2897.0,2.3
2807919053,2015,,,,,
2807919053,2016,,,,,
2807919053,2017,,,,,
2807919053,2018,,,,,
2807919053,2019,,,,,
2807919053,2020,,,,,
2807919053,2021,,,,,
2807919053,2022,32.6,4.0,20.4,2936.0,2.9
2807919054,2015,,,,,
2807919054,2016,,,,,
2807919054,2017,,,,,
2807919054,2018,,,,,
2807919054,2019,,,,,
2807919054,2020,,,,,
2807919054,2021,,,,,
2807919054,2022,32.5,2.7,21.1,2626.0,2.6
2807919055,2015,,,,,
2807919055,2016,,,,,
2807919055,2017,,,,,
2807919055,2018,,,,,
2807919055,2019,,,,,
2807919055,2020,,,,,
2807919055,2021,,,,,
2807919055,2022,31.6,2.0,32.3,2081.0,2.3
2807919056,2015,,,,,
2807919056,2016,,,,,
2807919056,2017,,,,,
2807919056,2018,,,,,
2807919056,2019,,,,,
2807919056,2020,,,,,
2807919056,2021,,,,,
2807919056,2022,31.0,2.1,25.4,2520.0,2.5
2807920001,2015,45.4,23.2,29.2,2033.0,2.5
2807920001,2016,45.4,23.0,27.9,2043.0,2.5
2807920001,2017,45.1,21.7,27.8,2087.0,2.5
2807920001,2018,45.0,21.1,28.8,2098.0,2.5
2807920001,2019,44.6,19.9,31.3,2128.0,2.5
2807920001,2020,45.5,20.8,33.3,1999.0,2.4
2807920001,2021,45.4,20.6,31.4,2026.0,2.4
2807920001,2022,45.2,20.2,32.6,2026.0,2.4
2807920002,2015,35.2,5.5,20.9,1614.0,2.8
2807920002,2016,36.0,6.5,20.8,1622.0,2.8
2807920002,2017,36.9,7.5,20.8,1626.0,2.8
2807920002,2018,37.6,7.4,22.3,1639.0,2.8
2807920002,2019,38.5,8.4,21.7,1653.0,2.8
2807920002,2020,39.6,9.5,21.0,1583.0,2.8
2807920002,2021,40.5,10.8,22.1,1579.0,2.7
2807920002,2022,40.9,11.1,21.3,1591.0,2.7
2807920003,2015,45.4,23.3,31.2,1071.0,2.5
2807920003,2016,45.9,23.5,30.8,1049.0,2.5
2807920003,2017,45.9,22.4,30.0,1066.0,2.5
2807920003,2018,46.2,22.5,29.6,1067.0,2.5
2807920003,2019,46.0,21.4,30.3,1085.0,2.5
2807920003,2020,46.6,21.6,31.0,1049.0,2.4
2807920003,2021,46.1,21.0,33.0,1070.0,2.4
2807920003,2022,46.7,21.7,33.6,1070.0,2.4
2807920006,2015,44.4,18.2,35.6,833.0,2.5
2807920006,2016,44.3,18.6,35.1,846.0,2.5
2807920006,2017,43.7,17.9,34.4,849.0,2.6
2807920006,2018,43.6,17.7,33.3,863.0,2.6
2807920006,2019,43.0,16.7,29.5,935.0,2.8
2807920006,2020,43.4,16.1,27.7,931.0,2.7
2807920006,2021,43.6,17.0,30.1,919.0,2.7
2807920006,2022,43.6,17.0,30.0,942.0,2.7
2807920007,2015,45.1,21.8,31.5,1494.0,2.4
2807920007,2016,44.9,21.4,29.6,1513.0,2.5
2807920007,2017,44.8,20.9,30.4,1541.0,2.5
2807920007,2018,43.7,19.5,29.0,1622.0,2.6
2807920007,2019,43.6,19.0,27.3,1666.0,2.7
2807920007,2020,44.1,19.0,28.6,1604.0,2.6
2807920007,2021,43.7,18.6,28.2,1599.0,2.6
2807920007,2022,43.4,18.2,28.1,1667.0,2.7
2807920008,2015,42.8,18.9,28.8,1278.0,2.7
2807920008,2016,43.1,18.4,29.3,1225.0,2.6
2807920008,2017,42.6,17.9,27.9,1281.0,2.7
2807920008,2018,42.5,17.1,27.3,1283.0,2.7
2807920008,2019,42.0,16.4,27.6,1293.0,2.7
2807920008,2020,42.0,15.7,27.0,1315.0,2.7
2807920008,2021,42.4,15.8,27.2,1273.0,2.7
2807920008,2022,42.2,15.7,25.8,1323.0,2.7
2807920009,2015,49.9,28.1,25.6,795.0,2.5
2807920009,2016,50.7,28.7,24.2,780.0,2.5
2807920009,2017,50.2,28.1,26.2,782.0,2.5
2807920009,2018,49.2,26.6,25.3,798.0,2.5
2807920009,2019,48.8,25.5,26.7,800.0,2.5
2807920009,2020,48.7,24.9,27.7,798.0,2.5
2807920009,2021,49.0,24.8,29.1,785.0,2.4
2807920009,2022,48.5,24.4,27.8,799.0,2.4
2807920010,2015,47.5,25.5,25.1,701.0,2.6
2807920010,2016,47.9,26.0,28.2,673.0,2.5
2807920010,2017,48.1,25.5,27.3,685.0,2.6
2807920010,2018,48.3,25.4,26.9,678.0,2.5
2807920010,2019,48.0,25.7,29.1,676.0,2.5
2807920010,2020,47.9,25.5,28.5,686.0,2.5
2807920010,2021,48.6,26.2,28.3,668.0,2.5
2807920010,2022,48.7,25.8,28.3,658.0,2.5
2807920011,2015,50.7,30.8,24.7,629.0,2.5
2807920011,2016,49.8,29.1,26.5,643.0,2.5
2807920011,2017,49.5,28.6,25.1,651.0,2.5
2807920011,2018,49.3,28.4,26.2,668.0,2.5
2807920011,2019,49.9,28.4,26.6,658.0,2.5
2807920011,2020,49.9,28.9,27.3,651.0,2.4
2807920011,2021,49.1,28.0,29.3,671.0,2.5
2807920011,2022,49.6,28.2,27.6,681.0,2.5
2807920012,2015,43.6,19.6,29.1,1237.0,2.4
2807920012,2016,44.2,19.5,30.4,1251.0,2.4
2807920012,2017,43.8,17.7,30.7,1277.0,2.4
2807920012,2018,43.2,16.5,29.9,1305.0,2.4
2807920012,2019,42.7,15.9,28.8,1411.0,2.6
2807920012,2020,42.3,16.3,28.4,1391.0,2.5
2807920012,2021,41.9,15.9,30.9,1451.0,2.6
2807920012,2022,41.4,15.1,30.4,1471.0,2.6
2807920013,2015,46.5,24.2,42.1,770.0,2.2
2807920013,2016,46.7,23.6,38.7,760.0,2.2
2807920013,2017,45.5,21.5,37.4,818.0,2.3
2807920013,2018,44.4,20.6,37.4,864.0,2.3
2807920013,2019,43.8,20.1,36.7,916.0,2.5
2807920013,2020,43.5,19.4,37.6,927.0,2.4
2807920013,2021,43.8,19.0,35.3,909.0,2.4
2807920013,2022,43.1,18.3,35.9,944.0,2.5
2807920014,2015,48.0,26.6,43.5,691.0,2.1
2807920014,2016,48.0,25.9,42.6,690.0,2.1
2807920014,2017,47.3,25.2,40.5,714.0,2.2
2807920014,2018,47.3,24.4,40.4,725.0,2.2
2807920014,2019,46.7,22.6,41.6,713.0,2.2
2807920014,2020,46.6,22.6,42.4,689.0,2.1
2807920014,2021,45.1,20.6,41.3,713.0,2.2
2807920014,2022,,,,,
2807920015,2015,45.7,22.6,41.9,832.0,2.1
2807920015,2016,45.2,21.7,40.9,836.0,2.1
2807920015,2017,44.7,20.5,40.6,855.0,2.2
2807920015,2018,43.6,18.6,40.1,912.0,2.3
2807920015,2019,42.9,17.1,38.1,942.0,2.3
2807920015,2020,42.2,16.8,36.8,949.0,2.4
2807920015,2021,41.7,16.5,35.7,952.0,2.3
2807920015,2022,42.2,17.2,38.2,1767.0,2.4
2807920016,2015,45.7,22.5,42.2,714.0,2.1
2807920016,2016,45.7,22.8,41.4,724.0,2.1
2807920016,2017,46.1,22.4,41.9,706.0,2.1
2807920016,2018,45.9,22.6,38.6,754.0,2.2
2807920016,2019,45.3,21.2,39.6,778.0,2.2
2807920016,2020,44.5,20.7,38.8,775.0,2.3
2807920016,2021,44.8,20.9,39.9,756.0,2.2
2807920016,2022,44.3,21.0,39.9,777.0,2.3
2807920017,2015,43.0,19.5,34.1,999.0,2.4
2807920017,2016,42.8,19.1,32.4,1022.0,2.4
2807920017,2017,42.5,18.3,31.2,1057.0,2.5
2807920017,2018,42.6,17.8,31.3,1049.0,2.5
2807920017,2019,42.8,17.6,33.6,1079.0,2.5
2807920017,2020,42.7,16.9,33.8,1086.0,2.5
2807920017,2021,42.9,16.7,32.6,1073.0,2.5
2807920017,2022,42.4,16.3,31.5,1089.0,2.5
2807920018,2015,44.0,22.1,37.8,891.0,2.2
2807920018,2016,43.9,21.2,37.9,912.0,2.2
2807920018,2017,43.4,20.0,37.2,947.0,2.3
2807920018,2018,42.8,18.5,35.3,1027.0,2.4
2807920018,2019,42.7,18.0,33.8,1049.0,2.4
2807920018,2020,42.7,17.5,32.1,1025.0,2.4
2807920018,2021,42.0,15.2,32.6,1053.0,2.5
2807920018,2022,41.4,13.7,31.6,1064.0,2.5
2807920019,2015,42.8,19.9,30.3,722.0,2.4
2807920019,2016,43.9,20.6,32.3,703.0,2.3
2807920019,2017,44.0,19.2,32.5,728.0,2.3
2807920019,2018,42.9,17.0,33.0,729.0,2.4
2807920019,2019,43.0,17.6,34.5,750.0,2.4
2807920019,2020,44.0,18.4,35.2,741.0,2.4
2807920019,2021,44.8,18.7,36.8,731.0,2.3
2807920019,2022,,,,,
2807920020,2015,42.6,17.6,38.2,842.0,2.2
2807920020,2016,41.5,16.0,37.8,838.0,2.2
2807920020,2017,40.1,14.3,36.4,879.0,2.3
2807920020,2018,40.4,14.1,34.8,913.0,2.3
2807920020,2019,40.1,13.5,35.1,984.0,2.4
2807920020,2020,40.1,13.4,36.2,965.0,2.4
2807920020,2021,40.7,13.8,36.5,927.0,2.3
2807920020,2022,41.9,14.5,34.0,1760.0,2.5
2807920021,2015,44.2,21.0,29.9,859.0,2.4
2807920021,2016,43.2,19.6,29.8,888.0,2.5
2807920021,2017,43.1,18.3,28.6,911.0,2.6
2807920021,2018,43.3,17.8,29.5,904.0,2.6
2807920021,2019,42.1,16.0,29.9,933.0,2.7
2807920021,2020,42.4,15.6,30.5,943.0,2.6
2807920021,2021,42.6,15.2,29.0,911.0,2.6
2807920021,2022,42.2,15.3,27.1,935.0,2.7
2807920022,2015,45.5,22.4,31.6,1026.0,2.4
2807920022,2016,45.6,21.4,30.8,1034.0,2.4
2807920022,2017,44.7,20.9,31.1,1058.0,2.4
2807920022,2018,44.1,19.6,30.3,1127.0,2.5
2807920022,2019,43.9,18.7,30.2,1106.0,2.5
2807920022,2020,43.3,18.3,32.4,1114.0,2.6
2807920022,2021,42.5,17.0,31.4,1096.0,2.5
2807920022,2022,41.3,15.2,31.6,1195.0,2.7
2807920023,2015,45.7,23.0,30.5,932.0,2.5
2807920023,2016,44.9,22.0,31.9,953.0,2.5
2807920023,2017,45.1,20.9,33.2,939.0,2.5
2807920023,2018,44.4,20.0,34.8,921.0,2.5
2807920023,2019,43.9,19.0,33.9,934.0,2.5
2807920023,2020,43.2,18.4,31.3,971.0,2.6
2807920023,2021,43.3,18.3,31.6,956.0,2.5
2807920023,2022,42.6,16.9,30.7,1715.0,2.6
2807920024,2015,45.7,24.3,29.2,687.0,2.4
2807920024,2016,45.9,24.2,29.5,683.0,2.4
2807920024,2017,45.5,22.8,30.0,707.0,2.5
2807920024,2018,44.4,21.1,29.1,731.0,2.6
2807920024,2019,44.0,19.0,32.1,746.0,2.7
2807920024,2020,44.1,18.4,32.4,732.0,2.6
2807920024,2021,44.2,17.8,30.9,714.0,2.5
2807920024,2022,,,,,
2807920025,2015,47.0,23.9,38.2,914.0,2.2
2807920025,2016,45.9,23.0,37.2,944.0,2.3
2807920025,2017,45.3,22.3,37.6,960.0,2.3
2807920025,2018,44.6,21.1,34.3,1000.0,2.4
2807920025,2019,43.7,19.4,34.2,1033.0,2.4
2807920025,2020,42.5,16.8,34.6,1055.0,2.5
2807920025,2021,41.9,16.6,33.7,1060.0,2.5
2807920025,2022,41.1,15.6,31.2,1161.0,2.7
2807920026,2015,49.2,31.1,30.5,1263.0,2.4
2807920026,2016,48.9,30.7,33.2,1244.0,2.4
2807920026,2017,49.5,30.4,34.1,1254.0,2.4
2807920026,2018,48.6,28.8,34.0,1269.0,2.4
2807920026,2019,49.2,28.7,32.4,1274.0,2.4
2807920026,2020,48.2,26.4,32.1,1275.0,2.4
2807920026,2021,47.9,26.2,32.5,1304.0,2.4
2807920026,2022,47.4,25.8,31.9,1332.0,2.5
2807920027,2015,52.9,33.0,30.2,987.0,2.4
2807920027,2016,52.9,32.2,30.5,979.0,2.4
2807920027,2017,52.8,31.3,30.7,983.0,2.4
2807920027,2018,51.1,28.9,28.0,1040.0,2.5
2807920027,2019,51.0,29.0,29.3,1034.0,2.4
2807920027,2020,51.1,27.9,30.5,999.0,2.4
2807920027,2021,50.0,26.4,29.7,1029.0,2.4
2807920027,2022,49.4,26.6,29.1,1029.0,2.5
2807920028,2015,55.3,39.0,31.6,720.0,2.3
2807920028,2016,54.8,37.7,28.7,729.0,2.4
2807920028,2017,55.1,37.6,27.6,728.0,2.4
2807920028,2018,54.2,35.4,29.5,729.0,2.4
2807920028,2019,53.9,34.6,30.1,739.0,2.4
2807920028,2020,52.0,31.3,30.3,747.0,2.4
2807920028,2021,52.7,31.9,29.8,706.0,2.3
2807920028,2022,52.3,32.2,32.4,687.0,2.3
2807920029,2015,47.8,26.2,34.7,1302.0,2.3
2807920029,2016,47.5,25.0,33.0,1328.0,2.4
2807920029,2017,47.7,24.2,31.6,1349.0,2.4
2807920029,2018,46.8,22.4,32.3,1388.0,2.5
2807920029,2019,45.9,21.7,33.2,1416.0,2.5
2807920029,2020,45.9,21.0,32.0,1392.0,2.5
2807920029,2021,45.3,19.8,33.8,1391.0,2.5
2807920029,2022,44.7,19.6,30.3,1400.0,2.5
2807920031,2015,43.3,21.5,31.4,1114.0,2.5
2807920031,2016,43.9,20.5,31.7,1106.0,2.4
2807920031,2017,42.1,18.2,30.4,1154.0,2.5
2807920031,2018,41.5,16.6,29.6,1184.0,2.6
2807920031,2019,40.7,15.0,30.8,1242.0,2.7
2807920031,2020,40.6,14.7,31.1,1229.0,2.7
2807920031,2021,41.2,14.7,31.5,1212.0,2.6
2807920031,2022,40.8,14.4,29.3,1303.0,2.7
2807920032,2015,45.0,20.3,34.8,862.0,2.3
2807920032,2016,43.8,19.9,35.4,879.0,2.3
2807920032,2017,43.1,18.6,32.8,925.0,2.4
2807920032,2018,42.5,17.4,34.4,938.0,2.4
2807920032,2019,41.6,15.8,34.8,985.0,2.5
2807920032,2020,40.4,14.0,35.2,1021.0,2.6
2807920032,2021,40.4,14.2,38.0,981.0,2.5
2807920032,2022,40.1,12.7,35.0,1087.0,2.6
2807920033,2015,45.8,25.0,32.0,953.0,2.4
2807920033,2016,45.3,23.9,31.2,950.0,2.4
2807920033,2017,44.8,22.6,32.7,960.0,2.4
2807920033,2018,43.1,19.8,31.4,1048.0,2.5
2807920033,2019,43.2,18.9,31.8,1094.0,2.6
2807920033,2020,43.3,18.9,31.3,1061.0,2.6
2807920033,2021,42.0,17.2,31.7,1100.0,2.6
2807920033,2022,42.4,17.4,31.7,1095.0,2.5
2807920034,2015,42.4,19.0,29.5,1087.0,2.7
2807920034,2016,41.9,17.7,30.7,1093.0,2.6
2807920034,2017,42.0,16.8,30.8,1083.0,2.6
2807920034,2018,41.9,16.3,32.0,1094.0,2.6
2807920034,2019,41.6,14.8,30.6,1133.0,2.7
2807920034,2020,41.4,14.3,31.4,1096.0,2.7
2807920034,2021,41.3,14.0,31.2,1106.0,2.7
2807920034,2022,41.1,14.1,31.6,1126.0,2.7
2807920035,2015,43.2,19.8,34.2,989.0,2.4
2807920035,2016,42.3,18.4,33.5,1003.0,2.5
2807920035,2017,42.4,17.4,33.5,991.0,2.4
2807920035,2018,41.4,15.7,32.0,1034.0,2.5
2807920035,2019,41.5,15.4,30.4,1076.0,2.6
2807920035,2020,41.2,14.9,29.2,1114.0,2.6
2807920035,2021,42.2,16.1,29.7,1062.0,2.6
2807920035,2022,41.6,14.2,31.1,1112.0,2.6
2807920036,2015,42.4,19.1,30.1,973.0,2.5
2807920036,2016,42.3,17.9,28.8,987.0,2.6
2807920036,2017,41.6,16.5,29.3,1032.0,2.6
2807920036,2018,41.4,16.1,30.2,1045.0,2.6
2807920036,2019,41.0,15.2,31.5,1051.0,2.6
2807920036,2020,40.8,14.9,32.1,1058.0,2.6
2807920036,2021,40.8,14.6,32.6,1038.0,2.5
2807920036,2022,39.4,13.1,32.1,1147.0,2.7
2807920037,2015,46.3,25.7,29.8,801.0,2.5
2807920037,2016,47.1,26.9,31.7,789.0,2.5
2807920037,2017,46.9,26.2,31.1,786.0,2.4
2807920037,2018,47.1,25.9,29.8,783.0,2.5
2807920037,2019,47.5,26.1,30.5,775.0,2.4
2807920037,2020,48.4,27.0,32.8,741.0,2.4
2807920037,2021,48.6,27.2,30.7,740.0,2.4
2807920037,2022,48.4,27.5,30.2,763.0,2.4
2807920038,2015,46.4,26.0,29.9,638.0,2.5
2807920038,2016,46.8,25.4,28.2,630.0,2.5
2807920038,2017,46.1,23.6,27.2,649.0,2.6
2807920038,2018,46.6,24.2,28.2,641.0,2.6
2807920038,2019,47.4,23.7,26.8,645.0,2.6
2807920038,2020,47.2,23.5,26.2,643.0,2.6
2807920038,2021,46.9,23.4,25.1,649.0,2.6
2807920038,2022,46.9,22.7,26.7,642.0,2.6
2807920039,2015,50.2,33.3,33.6,678.0,2.3
2807920039,2016,50.0,32.6,33.4,693.0,2.3
2807920039,2017,49.2,31.1,34.5,689.0,2.4
2807920039,2018,49.5,31.1,31.8,723.0,2.4
2807920039,2019,49.9,32.0,31.5,718.0,2.4
2807920039,2020,49.2,30.7,32.8,706.0,2.4
2807920039,2021,49.8,31.1,34.0,698.0,2.4
2807920039,2022,49.2,29.7,34.1,724.0,2.4
2807920040,2015,50.9,33.6,26.0,911.0,2.5
2807920040,2016,50.5,33.8,26.0,905.0,2.5
2807920040,2017,50.6,33.1,26.6,896.0,2.4
2807920040,2018,50.8,33.0,28.0,898.0,2.4
2807920040,2019,51.1,32.5,28.0,908.0,2.4
2807920040,2020,50.9,31.9,30.9,893.0,2.4
2807920040,2021,50.4,30.5,31.7,891.0,2.4
2807920040,2022,49.7,29.3,30.8,887.0,2.4
2807920041,2015,49.0,31.0,22.0,918.0,2.6
2807920041,2016,48.8,31.1,22.5,941.0,2.6
2807920041,2017,49.3,31.3,23.5,916.0,2.6
2807920041,2018,49.4,30.8,23.1,906.0,2.6
2807920041,2019,49.2,30.2,24.0,923.0,2.6
2807920041,2020,49.2,30.8,25.8,917.0,2.6
2807920041,2021,49.3,31.0,28.3,895.0,2.5
2807920041,2022,49.4,30.5,29.3,869.0,2.5
2807920042,2015,46.3,27.4,23.1,704.0,2.6
2807920042,2016,46.1,27.0,24.5,714.0,2.7
2807920042,2017,46.4,27.3,24.5,695.0,2.6
2807920042,2018,45.9,25.6,25.6,702.0,2.6
2807920042,2019,45.7,24.7,25.5,718.0,2.7
2807920042,2020,46.2,25.3,25.9,685.0,2.6
2807920042,2021,47.3,25.8,28.5,660.0,2.6
2807920042,2022,46.7,24.9,28.7,688.0,2.7
2807920043,2015,47.3,27.4,26.2,851.0,2.6
2807920043,2016,47.1,26.8,26.3,857.0,2.6
2807920043,2017,47.7,27.3,26.5,843.0,2.5
2807920043,2018,47.3,27.3,26.6,853.0,2.6
2807920043,2019,48.1,27.9,26.9,849.0,2.6
2807920043,2020,48.5,27.4,28.9,806.0,2.5
2807920043,2021,49.2,28.3,29.1,799.0,2.5
2807920043,2022,48.7,27.8,28.7,812.0,2.5
2807920044,2015,43.9,22.7,24.0,1089.0,2.8
2807920044,2016,43.5,21.2,24.9,1101.0,2.7
2807920044,2017,44.1,20.6,23.1,1102.0,2.8
2807920044,2018,43.3,19.5,24.3,1142.0,2.8
2807920044,2019,43.3,18.9,24.8,1129.0,2.8
2807920044,2020,44.0,19.4,24.8,1083.0,2.7
2807920044,2021,43.9,19.1,24.5,1075.0,2.7
2807920044,2022,43.3,18.5,25.8,1133.0,2.8
2807920046,2015,44.9,21.4,35.1,855.0,2.3
2807920046,2016,44.4,19.8,35.6,842.0,2.3
2807920046,2017,44.7,19.5,36.7,860.0,2.3
2807920046,2018,43.6,18.1,36.0,866.0,2.3
2807920046,2019,43.6,17.7,34.1,892.0,2.4
2807920046,2020,42.8,16.7,34.0,926.0,2.4
2807920046,2021,43.0,16.4,33.8,905.0,2.4
2807920046,2022,41.6,14.8,34.2,957.0,2.5
2807920047,2015,45.9,20.3,31.2,1323.0,2.3
2807920047,2016,44.8,18.7,30.1,1350.0,2.4
2807920047,2017,44.2,17.7,29.8,1390.0,2.4
2807920047,2018,43.6,17.2,28.9,1405.0,2.5
2807920047,2019,43.2,16.3,27.8,1443.0,2.5
2807920047,2020,42.9,15.7,28.7,1449.0,2.5
2807920047,2021,42.8,15.5,28.0,1419.0,2.5
2807920047,2022,42.1,15.9,28.8,1498.0,2.5
2807920048,2015,45.1,22.0,35.9,888.0,2.3
2807920048,2016,44.4,20.2,37.5,875.0,2.3
2807920048,2017,44.7,19.5,37.5,866.0,2.3
2807920048,2018,44.5,19.0,36.0,900.0,2.4
2807920048,2019,43.4,17.7,35.8,939.0,2.4
2807920048,2020,42.9,16.5,34.4,951.0,2.4
2807920048,2021,42.2,15.4,32.9,973.0,2.5
2807920048,2022,41.9,14.7,30.4,970.0,2.5
2807920049,2015,43.9,18.0,28.3,967.0,2.6
2807920049,2016,44.4,17.8,32.6,948.0,2.5
2807920049,2017,43.8,18.3,31.0,944.0,2.5
2807920049,2018,43.7,17.8,31.1,962.0,2.5
2807920049,2019,43.4,17.5,28.8,993.0,2.6
2807920049,2020,43.3,17.3,28.3,992.0,2.6
2807920049,2021,43.6,17.9,30.2,972.0,2.6
2807920049,2022,43.3,17.9,28.9,979.0,2.6
2807920050,2015,44.5,21.0,34.0,943.0,2.4
2807920050,2016,44.0,20.7,33.0,933.0,2.4
2807920050,2017,43.1,19.4,32.7,979.0,2.5
2807920050,2018,43.6,19.1,34.1,976.0,2.5
2807920050,2019,43.3,18.7,34.3,965.0,2.5
2807920050,2020,43.0,18.9,34.0,981.0,2.6
2807920050,2021,43.2,18.6,35.2,948.0,2.5
2807920050,2022,42.0,17.1,36.0,986.0,2.6
2807920051,2015,45.4,25.0,31.4,936.0,2.4
2807920051,2016,44.3,23.0,33.1,949.0,2.5
2807920051,2017,44.0,21.8,32.0,969.0,2.5
2807920051,2018,43.2,19.9,30.7,1002.0,2.5
2807920051,2019,43.1,19.2,30.5,1040.0,2.6
2807920051,2020,43.4,19.3,30.5,1023.0,2.5
2807920051,2021,43.4,18.6,31.9,986.0,2.5
2807920051,2022,42.9,16.7,31.5,997.0,2.5
2807920053,2015,43.2,18.9,30.8,1908.0,2.5
2807920053,2016,43.0,18.2,30.6,1920.0,2.5
2807920053,2017,42.6,17.5,30.8,1917.0,2.5
2807920053,2018,42.5,17.0,27.8,1978.0,2.6
2807920053,2019,41.7,16.0,28.6,2103.0,2.7
2807920053,2020,41.6,15.4,28.0,2108.0,2.7
2807920053,2021,41.7,15.2,28.8,2064.0,2.6
2807920053,2022,40.8,14.9,28.3,2157.0,2.7
2807920055,2015,34.5,5.5,15.6,1809.0,3.1
2807920055,2016,35.1,5.9,15.2,1854.0,3.1
2807920055,2017,36.0,6.4,16.5,1838.0,3.1
2807920055,2018,36.6,7.2,15.5,1833.0,3.1
2807920055,2019,37.0,7.3,14.9,1868.0,3.1
2807920055,2020,37.8,7.5,16.3,1787.0,3.0
2807920055,2021,38.5,8.3,16.1,1785.0,3.0
2807920055,2022,39.3,9.1,17.2,1779.0,3.0
2807920056,2015,46.9,26.2,24.7,1265.0,2.5
2807920056,2016,47.4,26.1,28.0,1238.0,2.5
2807920056,2017,46.4,25.4,29.2,1239.0,2.5
2807920056,2018,45.7,23.9,27.8,1258.0,2.5
2807920056,2019,46.1,23.7,28.7,1256.0,2.5
2807920056,2020,45.9,23.4,28.2,1252.0,2.5
2807920056,2021,45.8,23.3,27.7,1260.0,2.6
2807920056,2022,45.5,22.7,27.8,1267.0,2.6
2807920058,2015,45.0,23.3,21.1,1054.0,2.7
2807920058,2016,44.8,23.5,20.3,1073.0,2.8
2807920058,2017,45.4,24.1,21.7,1057.0,2.7
2807920058,2018,45.7,23.9,21.4,1040.0,2.7
2807920058,2019,45.8,22.8,20.9,1051.0,2.7
2807920058,2020,46.3,23.5,23.6,1024.0,2.6
2807920058,2021,46.5,22.8,23.9,1025.0,2.6
2807920058,2022,46.0,22.8,24.4,1028.0,2.6
2807920059,2015,45.1,24.2,28.5,741.0,2.6
2807920059,2016,44.8,24.6,28.5,749.0,2.6
2807920059,2017,45.4,25.7,29.1,731.0,2.6
2807920059,2018,45.2,24.7,26.9,757.0,2.7
2807920059,2019,45.1,23.6,27.1,762.0,2.7
2807920059,2020,45.0,23.0,26.0,744.0,2.7
2807920059,2021,45.0,23.0,27.6,731.0,2.6
2807920059,2022,44.6,21.9,27.5,735.0,2.6
2807920062,2015,46.9,24.2,20.0,1423.0,2.7
2807920062,2016,47.8,25.7,17.6,1406.0,2.7
2807920062,2017,48.7,27.4,20.1,1392.0,2.6
2807920062,2018,49.5,29.0,22.0,1380.0,2.6
2807920062,2019,49.7,30.6,21.2,1390.0,2.5
2807920062,2020,49.8,31.3,21.9,1391.0,2.5
2807920062,2021,50.3,32.6,24.1,1376.0,2.4
2807920062,2022,50.1,32.7,23.7,1402.0,2.5
2807920063,2015,47.3,25.5,14.4,1245.0,2.7
2807920063,2016,48.1,27.5,14.4,1227.0,2.7
2807920063,2017,49.2,29.4,16.2,1208.0,2.6
2807920063,2018,49.7,30.3,18.4,1197.0,2.6
2807920063,2019,49.8,31.8,19.1,1209.0,2.6
2807920063,2020,50.8,34.6,19.7,1185.0,2.6
2807920063,2021,52.1,37.6,20.0,1153.0,2.5
2807920063,2022,51.9,38.9,20.5,1162.0,2.5
2807920064,2015,49.0,30.7,21.1,999.0,2.6
2807920064,2016,50.0,32.6,21.6,985.0,2.6
2807920064,2017,50.5,34.0,22.1,964.0,2.5
2807920064,2018,51.0,35.3,22.9,953.0,2.5
2807920064,2019,50.7,36.2,24.1,958.0,2.5
2807920064,2020,51.0,36.2,27.0,944.0,2.4
2807920064,2021,51.3,37.0,25.2,944.0,2.5
2807920064,2022,51.6,38.0,27.0,960.0,2.5
2807920065,2015,43.1,18.5,19.8,1872.0,2.7
2807920065,2016,44.1,20.3,19.1,1827.0,2.7
2807920065,2017,44.5,20.8,19.9,1862.0,2.7
2807920065,2018,45.2,22.0,20.3,1865.0,2.7
2807920065,2019,45.9,23.4,22.4,1867.0,2.7
2807920065,2020,46.0,23.9,20.7,1887.0,2.7
2807920065,2021,46.8,25.2,21.8,1839.0,2.7
2807920065,2022,46.9,25.9,21.8,1851.0,2.7
2807920066,2015,46.7,25.6,18.6,1864.0,2.7
2807920066,2016,47.7,26.8,19.6,1852.0,2.7
2807920066,2017,48.4,28.7,20.2,1814.0,2.6
2807920066,2018,48.1,28.7,21.0,1841.0,2.7
2807920066,2019,49.4,30.8,22.1,1790.0,2.6
2807920066,2020,49.8,31.6,21.9,1771.0,2.6
2807920066,2021,50.1,33.3,22.3,1762.0,2.6
2807920066,2022,50.3,33.9,22.8,1762.0,2.6
2807920067,2015,36.7,6.9,15.2,2320.0,3.0
2807920067,2016,37.6,8.0,15.5,2322.0,3.0
2807920067,2017,38.4,8.2,16.4,2303.0,3.0
2807920067,2018,38.9,8.6,17.6,2300.0,3.0
2807920067,2019,39.4,9.3,17.2,2336.0,3.0
2807920067,2020,40.3,10.2,17.6,2322.0,3.0
2807920067,2021,41.0,10.9,18.4,2264.0,2.9
2807920067,2022,41.7,11.9,19.8,2265.0,2.8
2807920068,2015,34.3,6.8,31.4,2606.0,2.5
2807920068,2016,35.0,7.5,30.4,2572.0,2.5
2807920068,2017,35.6,7.9,30.4,2664.0,2.5
2807920068,2018,36.4,8.4,30.1,2691.0,2.6
2807920068,2019,37.1,9.1,30.4,2680.0,2.5
2807920068,2020,37.5,9.4,30.0,2688.0,2.5
2807920068,2021,38.5,10.5,31.9,2592.0,2.4
2807920068,2022,38.8,11.0,31.4,2650.0,2.4
2807920069,2015,49.1,28.6,31.0,1014.0,2.4
2807920069,2016,48.6,27.5,31.5,1009.0,2.4
2807920069,2017,47.9,26.5,30.1,1023.0,2.4
2807920069,2018,47.5,26.0,30.1,1045.0,2.5
2807920069,2019,46.8,25.1,31.2,1066.0,2.5
2807920069,2020,46.4,24.6,31.3,1040.0,2.5
2807920069,2021,46.2,23.8,31.1,1045.0,2.6
2807920069,2022,45.9,22.9,32.2,1068.0,2.6
2807920070,2015,52.7,36.6,38.0,920.0,2.1
2807920070,2016,52.4,35.4,39.9,926.0,2.1
2807920070,2017,51.4,33.0,39.4,943.0,2.2
2807920070,2018,51.1,31.2,39.8,926.0,2.2
2807920070,2019,49.7,28.5,39.2,952.0,2.2
2807920070,2020,48.9,27.0,40.9,945.0,2.2
2807920070,2021,47.5,24.3,38.7,998.0,2.3
2807920070,2022,47.0,24.3,38.4,1003.0,2.3
2807920071,2015,41.8,17.6,29.9,2711.0,2.5
2807920071,2016,41.6,16.9,28.1,2747.0,2.6
2807920071,2017,41.2,15.4,30.8,1678.0,2.5
2807920071,2018,41.0,14.5,30.7,1740.0,2.6
2807920071,2019,40.6,13.9,29.6,1828.0,2.6
2807920071,2020,41.0,14.4,31.2,1752.0,2.5
2807920071,2021,41.7,14.9,31.1,1730.0,2.5
2807920071,2022,41.8,14.7,30.0,1751.0,2.5
2807920072,2015,42.4,15.5,24.0,1724.0,2.7
2807920072,2016,42.7,15.9,24.2,1743.0,2.7
2807920072,2017,43.1,16.6,23.5,1752.0,2.7
2807920072,2018,43.4,17.5,25.2,1727.0,2.7
2807920072,2019,44.0,17.7,25.6,1749.0,2.6
2807920072,2020,44.4,18.7,26.7,1715.0,2.6
2807920072,2021,45.1,20.6,26.8,1673.0,2.5
2807920072,2022,45.6,22.1,27.1,1687.0,2.5
2807920073,2015,42.8,20.4,26.3,1060.0,2.7
2807920073,2016,42.6,19.5,27.6,1053.0,2.6
2807920073,2017,42.3,19.0,29.1,1052.0,2.6
2807920073,2018,42.6,19.4,28.1,1033.0,2.6
2807920073,2019,42.3,18.2,27.5,1039.0,2.7
2807920073,2020,42.3,17.8,28.4,1030.0,2.6
2807920073,2021,42.6,17.7,30.2,998.0,2.6
2807920073,2022,42.2,16.8,29.8,1033.0,2.6
2807920074,2015,42.4,19.2,22.0,921.0,2.7
2807920074,2016,42.4,19.2,20.5,904.0,2.7
2807920074,2017,42.7,19.1,23.4,921.0,2.7
2807920074,2018,43.2,18.2,26.2,907.0,2.6
2807920074,2019,42.4,17.3,24.4,950.0,2.7
2807920074,2020,42.4,17.1,25.6,952.0,2.7
2807920074,2021,42.0,17.9,25.8,954.0,2.7
2807920074,2022,41.7,17.6,23.7,970.0,2.8
2807920075,2015,44.4,24.6,26.1,931.0,2.6
2807920075,2016,43.9,23.9,24.5,972.0,2.7
2807920075,2017,43.8,22.8,23.8,993.0,2.7
2807920075,2018,44.2,23.4,24.7,1007.0,2.7
2807920075,2019,44.5,22.7,24.7,1004.0,2.7
2807920075,2020,44.4,22.5,25.9,1009.0,2.6
2807920075,2021,43.6,21.7,26.1,986.0,2.6
2807920075,2022,42.6,19.3,25.7,1052.0,2.7
2807920076,2015,43.3,21.1,23.3,1285.0,2.6
2807920076,2016,42.9,20.4,22.1,1309.0,2.6
2807920076,2017,42.9,20.9,21.5,1315.0,2.6
2807920076,2018,42.5,20.8,21.9,1340.0,2.6
2807920076,2019,42.4,20.9,22.6,1352.0,2.7
2807920076,2020,42.4,20.6,22.4,1338.0,2.6
2807920076,2021,42.7,20.4,24.4,1341.0,2.6
2807920076,2022,42.9,20.9,24.0,1360.0,2.6
2807920077,2015,43.4,18.5,16.6,2214.0,2.9
2807920077,2016,43.8,19.0,17.2,2225.0,2.9
2807920077,2017,44.4,20.6,17.3,2200.0,2.9
2807920077,2018,44.6,21.0,17.3,2216.0,2.9
2807920077,2019,44.5,21.2,17.5,2287.0,2.9
2807920077,2020,45.2,21.8,19.4,2257.0,2.8
2807920077,2021,45.1,21.7,19.2,2285.0,2.8
2807920077,2022,45.8,22.6,21.5,2273.0,2.8
2807920078,2015,43.1,18.5,23.9,1408.0,2.6
2807920078,2016,42.9,18.9,24.5,1420.0,2.6
2807920078,2017,43.5,20.0,24.6,1407.0,2.6
2807920078,2018,44.0,20.8,25.7,1373.0,2.5
2807920078,2019,43.5,20.2,26.3,1434.0,2.6
2807920078,2020,44.0,20.4,26.6,1406.0,2.6
2807920078,2021,43.8,19.8,27.2,1428.0,2.6
2807920078,2022,43.2,19.3,27.6,1479.0,2.6
2807920079,2015,45.8,24.6,20.9,1168.0,2.7
2807920079,2016,45.8,24.2,21.2,1176.0,2.7
2807920079,2017,45.4,23.3,21.9,1192.0,2.8
2807920079,2018,45.4,23.4,22.1,1203.0,2.8
2807920079,2019,45.8,23.2,22.6,1196.0,2.8
2807920079,2020,46.1,23.5,23.1,1174.0,2.7
2807920079,2021,46.1,22.1,24.2,1147.0,2.7
2807920079,2022,46.2,22.2,25.1,1133.0,2.7
2807920080,2015,45.4,22.3,22.1,1288.0,2.7
2807920080,2016,46.8,23.5,22.6,1272.0,2.6
2807920080,2017,47.3,24.1,24.9,1236.0,2.5
2807920080,2018,47.2,24.3,25.2,1244.0,2.6
2807920080,2019,46.8,24.0,25.7,1263.0,2.6
2807920080,2020,46.7,23.3,26.5,1260.0,2.6
2807920080,2021,47.3,23.9,26.2,1228.0,2.6
2807920080,2022,47.5,25.5,25.6,1248.0,2.6
2807920082,2015,44.2,22.9,23.3,1857.0,2.7
2807920082,2016,44.1,23.4,23.6,1876.0,2.7
2807920082,2017,44.7,24.2,23.9,1881.0,2.7
2807920082,2018,45.0,24.4,26.1,1865.0,2.6
2807920082,2019,44.9,24.2,25.3,1912.0,2.7
2807920082,2020,44.7,23.7,26.6,1940.0,2.7
2807920082,2021,45.0,23.8,26.8,1889.0,2.7
2807920082,2022,45.0,23.3,26.5,1938.0,2.7
2807920083,2015,45.5,27.8,24.6,885.0,2.6
2807920083,2016,44.7,26.4,25.5,894.0,2.7
2807920083,2017,44.8,25.7,25.7,883.0,2.6
2807920083,2018,45.0,25.4,26.1,893.0,2.6
2807920083,2019,45.5,25.7,25.2,891.0,2.6
2807920083,2020,46.4,25.9,25.7,876.0,2.6
2807920083,2021,46.6,24.9,28.8,871.0,2.6
2807920083,2022,47.2,24.3,28.5,859.0,2.5
2807920084,2015,48.6,27.9,16.1,631.0,2.8
2807920084,2016,49.3,29.0,18.9,597.0,2.8
2807920084,2017,,,,,
2807920084,2018,,,,,
2807920084,2019,,,,,
2807920084,2020,,,,,
2807920084,2021,,,,,
2807920084,2022,,,,,
2807920085,2015,46.2,25.8,28.7,1227.0,2.5
2807920085,2016,46.7,26.0,29.0,1191.0,2.4
2807920085,2017,47.4,26.9,26.4,1802.0,2.5
2807920085,2018,47.4,26.9,25.9,1826.0,2.5
2807920085,2019,47.0,26.3,24.7,1870.0,2.6
2807920085,2020,47.3,26.6,25.8,1800.0,2.5
2807920085,2021,46.9,26.4,25.4,1814.0,2.5
2807920085,2022,46.8,26.3,26.3,1866.0,2.5
2807920086,2015,46.6,26.3,25.8,1603.0,2.5
2807920086,2016,47.3,27.1,27.5,1577.0,2.5
2807920086,2017,48.0,28.5,27.9,1550.0,2.5
2807920086,2018,48.6,28.9,28.3,1541.0,2.5
2807920086,2019,48.4,28.3,28.5,1570.0,2.5
2807920086,2020,48.8,28.6,30.5,1559.0,2.4
2807920086,2021,49.1,29.5,32.0,1534.0,2.4
2807920086,2022,48.2,28.7,31.1,1584.0,2.5
2807920087,2015,44.5,25.3,27.8,1104.0,2.6
2807920087,2016,45.1,25.5,26.5,1111.0,2.6
2807920087,2017,45.1,24.7,28.9,1121.0,2.5
2807920087,2018,45.5,24.1,29.7,1125.0,2.5
2807920087,2019,45.4,23.8,27.7,1146.0,2.6
2807920087,2020,45.2,23.2,29.3,1123.0,2.6
2807920087,2021,45.0,22.9,27.8,1116.0,2.6
2807920087,2022,44.6,23.2,30.1,1127.0,2.6
2807920088,2015,46.6,24.5,32.9,1931.0,2.3
2807920088,2016,46.1,23.6,32.8,1964.0,2.4
2807920088,2017,46.1,22.8,31.8,1966.0,2.4
2807920088,2018,46.0,22.4,33.7,1960.0,2.4
2807920088,2019,45.7,21.8,33.6,1999.0,2.4
2807920088,2020,45.3,21.5,33.5,2020.0,2.4
2807920088,2021,45.5,22.1,34.2,1996.0,2.4
2807920088,2022,45.4,22.6,32.4,2039.0,2.4
2807920090,2015,48.2,27.3,20.1,1292.0,2.6
2807920090,2016,48.7,28.8,20.0,1270.0,2.6
2807920090,2017,49.1,29.9,20.7,1256.0,2.6
2807920090,2018,49.8,32.0,21.8,1239.0,2.5
2807920090,2019,50.1,33.5,23.7,1227.0,2.5
2807920090,2020,50.7,34.7,24.4,1218.0,2.5
2807920090,2021,50.5,34.7,26.3,1210.0,2.4
2807920090,2022,50.1,34.3,27.6,1226.0,2.4
2807920091,2015,45.7,24.8,32.5,1336.0,2.3
2807920091,2016,45.1,23.6,34.1,1332.0,2.3
2807920091,2017,45.1,23.5,36.5,1320.0,2.3
2807920091,2018,45.1,22.8,35.3,1322.0,2.3
2807920091,2019,44.8,21.3,34.1,1360.0,2.4
2807920091,2020,45.1,21.2,34.7,1366.0,2.3
2807920091,2021,44.8,21.3,34.9,1369.0,2.3
2807920091,2022,44.2,19.8,34.9,1412.0,2.4
2807920092,2015,46.5,24.5,27.3,1640.0,2.5
2807920092,2016,47.1,24.7,27.7,1629.0,2.5
2807920092,2017,47.0,25.0,27.6,1641.0,2.5
2807920092,2018,47.4,25.5,27.4,1662.0,2.5
2807920092,2019,47.1,24.3,27.7,1704.0,2.5
2807920092,2020,47.4,25.4,29.7,1660.0,2.5
2807920092,2021,47.6,25.7,30.3,1642.0,2.5
2807920092,2022,47.5,25.6,30.6,1647.0,2.5
2807920093,2015,46.8,28.8,22.7,1225.0,2.8
2807920093,2016,46.9,28.6,23.2,1211.0,2.7
2807920093,2017,45.8,27.3,23.1,1298.0,2.8
2807920093,2018,45.5,26.2,24.3,1305.0,2.8
2807920093,2019,45.1,25.3,24.8,1320.0,2.8
2807920093,2020,45.9,26.9,23.6,1288.0,2.7
2807920093,2021,45.4,26.2,24.3,1312.0,2.7
2807920093,2022,45.5,25.7,27.1,1335.0,2.7
2807920095,2015,51.3,34.7,28.6,1218.0,2.4
2807920095,2016,51.4,33.8,28.0,1241.0,2.4
2807920095,2017,51.1,33.1,27.4,1252.0,2.4
2807920095,2018,50.6,32.3,28.4,1263.0,2.4
2807920095,2019,50.1,30.7,28.6,1288.0,2.4
2807920095,2020,49.8,30.1,26.6,1282.0,2.4
2807920095,2021,49.9,30.7,28.2,1261.0,2.4
2807920095,2022,50.1,31.2,29.7,1242.0,2.4
2807920096,2015,42.0,13.4,23.0,2562.0,2.7
2807920096,2016,42.3,13.9,24.0,2535.0,2.7
2807920096,2017,43.6,14.2,23.3,1081.0,2.6
2807920096,2018,44.3,15.5,22.9,1087.0,2.6
2807920096,2019,44.8,16.3,23.1,1111.0,2.6
2807920096,2020,45.8,17.2,23.5,1102.0,2.6
2807920096,2021,46.2,18.5,24.8,1079.0,2.5
2807920096,2022,46.9,20.8,25.8,1068.0,2.5
2807920097,2015,47.4,24.9,31.4,990.0,2.5
2807920097,2016,47.8,25.3,29.9,1015.0,2.6
2807920097,2017,47.9,25.6,29.2,1036.0,2.6
2807920097,2018,48.2,26.3,28.1,1011.0,2.5
2807920097,2019,48.1,25.8,30.7,1033.0,2.5
2807920097,2020,47.6,26.0,34.5,1010.0,2.5
2807920097,2021,48.0,26.5,31.7,1004.0,2.5
2807920097,2022,47.2,26.5,35.4,1036.0,2.4
2807920098,2015,50.2,34.0,32.8,979.0,2.3
2807920098,2016,50.0,34.0,35.2,982.0,2.2
2807920098,2017,50.2,34.3,33.6,971.0,2.3
2807920098,2018,50.1,33.4,33.2,992.0,2.3
2807920098,2019,50.7,33.7,34.0,1006.0,2.3
2807920098,2020,50.8,33.4,33.5,989.0,2.2
2807920098,2021,50.1,32.3,33.1,1011.0,2.3
2807920098,2022,50.1,31.6,32.6,1002.0,2.3
2807920099,2015,40.2,11.4,14.7,1822.0,3.1
2807920099,2016,40.7,12.5,13.9,1810.0,3.0
2807920099,2017,41.6,13.8,14.4,1799.0,3.0
2807920099,2018,42.0,14.7,15.2,1761.0,3.0
2807920099,2019,42.4,15.7,15.5,1778.0,3.0
2807920099,2020,43.3,17.4,16.5,1760.0,2.9
2807920099,2021,44.3,19.1,17.3,1738.0,2.9
2807920099,2022,44.6,19.9,19.0,1719.0,2.8
2807920100,2015,44.9,21.8,32.1,1479.0,2.5
2807920100,2016,44.7,21.2,31.6,1508.0,2.6
2807920100,2017,44.2,20.6,31.5,1537.0,2.5
2807920100,2018,43.9,20.1,29.6,1599.0,2.7
2807920100,2019,44.2,20.6,30.3,1602.0,2.6
2807920100,2020,45.1,20.4,31.7,1527.0,2.6
2807920100,2021,45.0,20.2,33.1,1538.0,2.5
2807920100,2022,44.8,20.5,33.6,1580.0,2.5
2807920101,2015,43.0,18.0,21.6,1395.0,2.7
2807920101,2016,44.0,19.7,22.5,1407.0,2.7
2807920101,2017,44.1,20.0,22.5,1413.0,2.7
2807920101,2018,43.9,20.2,23.1,1419.0,2.7
2807920101,2019,43.9,20.1,22.0,1432.0,2.7
2807920101,2020,44.6,20.8,24.4,1409.0,2.7
2807920101,2021,45.2,22.1,22.5,1396.0,2.7
2807920101,2022,45.7,23.7,26.0,1417.0,2.6
2807920102,2015,43.8,19.6,19.9,2005.0,2.7
2807920102,2016,44.2,20.9,19.8,2029.0,2.7
2807920102,2017,45.1,22.6,21.0,1994.0,2.6
2807920102,2018,45.1,22.3,21.0,1992.0,2.6
2807920102,2019,45.5,22.9,21.6,1974.0,2.6
2807920102,2020,45.7,23.3,22.2,1940.0,2.6
2807920102,2021,46.4,23.7,24.2,1883.0,2.5
2807920102,2022,46.9,24.2,24.6,1892.0,2.5
2807920103,2015,36.4,5.2,17.2,2381.0,2.9
2807920103,2016,37.2,5.8,17.4,2363.0,2.9
2807920103,2017,37.9,6.4,17.8,2415.0,2.9
2807920103,2018,38.6,6.3,18.9,2406.0,2.9
2807920103,2019,39.0,6.7,18.6,2440.0,2.9
2807920103,2020,39.8,7.3,17.9,2426.0,2.9
2807920103,2021,40.8,8.4,18.4,2367.0,2.9
2807920103,2022,41.8,9.4,20.6,2298.0,2.8
2807920104,2015,35.4,6.4,16.2,2455.0,3.0
2807920104,2016,36.1,6.5,15.5,2465.0,3.0
2807920104,2017,36.8,7.0,15.8,2470.0,3.0
2807920104,2018,37.4,7.4,16.3,2459.0,3.0
2807920104,2019,38.3,7.7,16.2,2485.0,3.0
2807920104,2020,38.9,8.1,16.4,2469.0,3.0
2807920104,2021,39.9,8.7,17.1,2407.0,2.9
2807920104,2022,40.5,9.4,17.8,2434.0,2.9
2807920105,2015,40.7,12.3,21.3,1994.0,2.8
2807920105,2016,41.4,12.7,21.6,1996.0,2.8
2807920105,2017,42.0,13.5,21.3,1987.0,2.8
2807920105,2018,42.9,15.1,22.3,1984.0,2.8
2807920105,2019,43.7,15.7,21.9,1981.0,2.8
2807920105,2020,44.2,16.4,22.5,1967.0,2.7
2807920105,2021,45.0,17.7,23.0,1959.0,2.7
2807920105,2022,45.6,18.9,23.3,1926.0,2.6
2807920106,2015,35.2,5.4,24.4,2481.0,2.8
2807920106,2016,35.7,5.7,22.8,2609.0,2.8
2807920106,2017,36.3,6.1,21.9,2702.0,2.8
2807920106,2018,37.0,6.7,21.8,2751.0,2.8
2807920106,2019,37.6,6.8,21.4,2790.0,2.8
2807920106,2020,38.1,6.7,21.8,2790.0,2.8
2807920106,2021,39.2,7.2,21.5,2681.0,2.8
2807920106,2022,39.2,7.0,28.3,1479.0,2.6
2807920107,2015,35.0,5.0,15.7,2155.0,3.0
2807920107,2016,36.0,5.4,15.8,2143.0,3.0
2807920107,2017,36.6,5.5,15.9,2145.0,2.9
2807920107,2018,37.3,5.5,15.8,2157.0,3.0
2807920107,2019,38.1,5.9,15.3,2180.0,3.0
2807920107,2020,38.9,6.2,16.2,2146.0,2.9
2807920107,2021,39.6,6.9,17.7,2095.0,2.9
2807920107,2022,40.6,8.0,17.9,2102.0,2.8
2807920108,2015,44.7,21.0,25.9,1722.0,2.7
2807920108,2016,45.0,21.2,24.6,1702.0,2.7
2807920108,2017,45.3,21.6,24.9,1699.0,2.7
2807920108,2018,44.9,21.2,25.3,1743.0,2.7
2807920108,2019,45.0,21.8,24.4,1792.0,2.7
2807920108,2020,45.2,22.0,25.4,1767.0,2.6
2807920108,2021,45.6,23.0,26.8,1738.0,2.6
2807920108,2022,45.7,22.7,27.7,1719.0,2.6
2807920109,2015,39.3,11.8,20.3,1987.0,2.9
2807920109,2016,40.2,12.2,20.1,1975.0,2.9
2807920109,2017,41.0,12.5,19.8,1955.0,2.9
2807920109,2018,42.1,13.6,21.0,1900.0,2.8
2807920109,2019,42.3,13.6,21.6,1889.0,2.8
2807920109,2020,42.9,13.7,22.2,1897.0,2.8
2807920109,2021,43.3,13.9,21.9,1869.0,2.8
2807920109,2022,44.0,15.3,24.0,1822.0,2.7
2807920110,2015,37.2,9.1,16.2,2161.0,2.9
2807920110,2016,37.7,9.2,17.0,2142.0,2.9
2807920110,2017,38.6,10.0,16.6,2136.0,2.9
2807920110,2018,39.2,10.7,16.4,2150.0,2.9
2807920110,2019,40.0,11.1,16.5,2134.0,2.9
2807920110,2020,40.8,11.9,17.0,2094.0,2.9
2807920110,2021,41.8,13.1,17.3,2045.0,2.8
2807920110,2022,42.6,13.8,18.5,2036.0,2.8
2807920111,2015,33.5,4.0,17.2,1958.0,3.0
2807920111,2016,34.2,4.5,16.3,1971.0,3.0
2807920111,2017,35.0,4.8,16.8,1978.0,3.0
2807920111,2018,35.9,5.4,16.2,1964.0,2.9
2807920111,2019,36.5,5.4,16.1,1997.0,3.0
2807920111,2020,37.2,5.5,16.3,1947.0,3.0
2807920111,2021,38.0,6.1,15.7,1932.0,3.0
2807920111,2022,38.9,7.1,16.7,1903.0,2.9
2807920112,2015,36.4,8.5,20.8,2145.0,2.8
2807920112,2016,36.7,8.2,21.3,2231.0,2.7
2807920112,2017,36.7,7.8,21.5,2418.0,2.8
2807920112,2018,37.1,8.4,20.9,2476.0,2.8
2807920112,2019,37.4,8.7,19.8,2510.0,2.8
2807920112,2020,37.7,8.5,19.8,2684.0,2.8
2807920112,2021,37.3,7.8,19.4,3265.0,2.8
2807920112,2022,41.3,12.4,21.0,1634.0,2.7
2807920113,2015,33.9,4.8,15.1,2259.0,3.1
2807920113,2016,34.6,5.3,14.6,2250.0,3.1
2807920113,2017,35.5,6.0,14.9,2267.0,3.1
2807920113,2018,36.3,6.4,16.2,2262.0,3.0
2807920113,2019,37.0,6.8,16.3,2265.0,3.0
2807920113,2020,37.7,7.3,16.0,2253.0,3.0
2807920113,2021,38.5,7.7,15.8,2242.0,3.0
2807920113,2022,39.2,8.5,17.7,2210.0,2.9
2807920114,2015,35.1,6.2,16.9,1861.0,3.0
2807920114,2016,35.6,6.3,16.2,1885.0,3.0
2807920114,2017,36.3,6.6,16.9,1904.0,3.0
2807920114,2018,36.7,6.7,15.9,1932.0,3.1
2807920114,2019,37.5,7.3,14.4,1947.0,3.1
2807920114,2020,38.5,8.1,15.3,1909.0,3.0
2807920114,2021,39.5,8.7,16.3,1889.0,3.0
2807920114,2022,40.2,9.7,15.9,1896.0,3.0
2807920115,2015,34.6,3.9,17.6,2059.0,2.9
2807920115,2016,35.8,4.7,18.5,2063.0,2.9
2807920115,2017,36.4,4.8,16.8,2065.0,2.9
2807920115,2018,37.1,4.9,17.4,2069.0,2.9
2807920115,2019,38.2,5.6,17.1,2082.0,2.9
2807920115,2020,38.8,5.7,17.2,2060.0,2.9
2807920115,2021,39.9,6.6,19.0,2015.0,2.8
2807920115,2022,40.8,7.1,20.2,1973.0,2.8
2807920116,2015,35.8,10.9,22.9,1824.0,2.7
2807920116,2016,35.6,10.6,20.5,1867.0,2.8
2807920116,2017,35.8,10.6,21.8,1880.0,2.8
2807920116,2018,36.4,10.9,22.4,1897.0,2.7
2807920116,2019,36.6,10.0,22.0,1946.0,2.8
2807920116,2020,37.4,10.1,22.6,1950.0,2.8
2807920116,2021,37.8,10.4,23.6,1924.0,2.8
2807920116,2022,38.0,10.4,23.3,1989.0,2.7
2807920117,2015,36.5,8.4,18.4,1681.0,2.9
2807920117,2016,37.1,9.0,17.6,1682.0,2.9
2807920117,2017,38.1,10.1,17.9,1623.0,2.9
2807920117,2018,38.8,10.7,17.6,1595.0,2.9
2807920117,2019,39.5,11.2,15.8,1620.0,2.9
2807920117,2020,40.1,11.8,15.4,1595.0,2.9
2807920117,2021,40.7,12.3,16.2,1588.0,2.8
2807920117,2022,41.5,12.9,18.2,1557.0,2.7
2807920118,2015,32.6,3.5,20.8,1863.0,2.9
2807920118,2016,33.0,3.3,18.7,1869.0,2.9
2807920118,2017,33.5,3.6,18.8,1887.0,2.9
2807920118,2018,34.0,3.8,17.5,1922.0,3.0
2807920118,2019,34.7,4.1,17.9,1923.0,3.0
2807920118,2020,35.4,4.1,19.4,1898.0,2.9
2807920118,2021,36.1,4.7,20.2,1907.0,2.9
2807920118,2022,36.8,5.3,19.6,1926.0,2.9
2807920119,2015,37.3,10.4,40.7,2628.0,2.2
2807920119,2016,37.3,10.1,39.3,2781.0,2.2
2807920119,2017,35.5,7.2,33.6,1696.0,2.5
2807920119,2018,36.1,7.4,33.0,1710.0,2.5
2807920119,2019,36.7,7.4,31.6,1736.0,2.5
2807920119,2020,36.9,7.3,31.4,1761.0,2.5
2807920119,2021,37.4,7.2,32.3,1732.0,2.4
2807920119,2022,38.1,7.9,34.1,1791.0,2.4
2807920120,2015,34.9,7.0,30.1,3187.0,2.5
2807920120,2016,35.2,7.1,29.8,3430.0,2.5
2807920120,2017,34.5,6.3,32.8,2354.0,2.4
2807920120,2018,34.8,6.1,31.3,2567.0,2.5
2807920120,2019,35.0,6.1,30.9,2750.0,2.5
2807920120,2020,36.1,6.4,32.8,2584.0,2.4
2807920120,2021,36.7,6.7,33.2,2662.0,2.5
2807920120,2022,36.7,7.5,32.2,2860.0,2.5
2807920121,2015,32.0,3.3,36.8,2954.0,2.2
2807920121,2016,32.7,3.6,35.6,3063.0,2.2
2807920121,2017,33.1,3.8,35.7,3217.0,2.3
2807920121,2018,33.7,4.4,35.7,3286.0,2.3
2807920121,2019,34.4,4.7,35.3,3435.0,2.3
2807920121,2020,35.2,5.1,36.0,3366.0,2.3
2807920121,2021,36.1,5.2,36.5,3224.0,2.3
2807920121,2022,36.8,5.8,39.0,3362.0,2.2
2807920122,2015,33.9,5.2,21.1,1570.0,2.8
2807920122,2016,34.3,5.6,20.1,1591.0,2.9
2807920122,2017,34.9,5.8,20.1,1637.0,2.9
2807920122,2018,35.5,5.9,18.7,1760.0,2.9
2807920122,2019,36.2,6.1,20.1,1775.0,2.8
2807920122,2020,37.1,7.0,20.8,1785.0,2.8
2807920122,2021,38.0,7.6,20.1,1768.0,2.8
2807920122,2022,39.0,9.0,20.4,1749.0,2.8
2807920123,2015,,,,,
2807920123,2016,,,,,
2807920123,2017,42.0,18.8,22.1,1120.0,2.7
2807920123,2018,42.9,19.3,20.0,1130.0,2.7
2807920123,2019,43.8,20.8,19.5,1114.0,2.7
2807920123,2020,43.7,20.1,21.1,1133.0,2.7
2807920123,2021,44.3,20.3,21.9,1121.0,2.7
2807920123,2022,44.4,20.7,24.3,1167.0,2.7
2807920124,2015,,,,,
2807920124,2016,,,,,
2807920124,2017,42.8,16.1,25.4,1393.0,2.6
2807920124,2018,43.7,17.1,26.2,1412.0,2.6
2807920124,2019,44.5,17.9,26.8,1403.0,2.6
2807920124,2020,45.0,18.7,27.1,1383.0,2.5
2807920124,2021,45.3,19.2,26.3,1384.0,2.5
2807920124,2022,45.5,19.9,26.5,1369.0,2.5
2807920125,2015,,,,,
2807920125,2016,,,,,
2807920125,2017,41.6,15.5,46.7,1163.0,1.9
2807920125,2018,41.8,15.5,46.6,1240.0,1.9
2807920125,2019,41.9,15.3,45.1,1316.0,2.0
2807920125,2020,42.6,15.5,47.6,1290.0,1.9
2807920125,2021,42.2,15.2,46.8,1372.0,1.9
2807920125,2022,42.2,15.2,48.7,1443.0,1.9
2807920126,2015,,,,,
2807920126,2016,,,,,
2807920126,2017,36.7,8.0,22.6,1332.0,2.8
2807920126,2018,37.2,8.7,22.2,1351.0,2.8
2807920126,2019,37.8,9.1,21.6,1385.0,2.8
2807920126,2020,38.0,9.8,23.2,1404.0,2.8
2807920126,2021,38.4,10.4,23.0,1476.0,2.8
2807920126,2022,39.2,11.3,24.0,1488.0,2.8
2807920127,2015,,,,,
2807920127,2016,,,,,
2807920127,2017,,,,,
2807920127,2018,,,,,
2807920127,2019,,,,,
2807920127,2020,,,,,
2807920127,2021,,,,,
2807920127,2022,34.4,3.8,15.7,1802.0,3.0
2807920128,2015,,,,,
2807920128,2016,,,,,
2807920128,2017,,,,,
2807920128,2018,,,,,
2807920128,2019,,,,,
2807920128,2020,,,,,
2807920128,2021,,,,,
2807920128,2022,41.5,8.9,15.8,1188.0,2.9
2807921001,2015,39.2,18.3,20.3,1584.0,2.9
2807921001,2016,40.1,19.1,19.8,1547.0,2.9
2807921001,2017,40.6,19.4,19.6,1586.0,2.9
2807921001,2018,40.7,18.9,19.4,1624.0,2.9
2807921001,2019,41.5,19.8,19.3,1565.0,2.9
2807921001,2020,42.3,20.2,19.8,1542.0,2.9
2807921001,2021,42.5,19.4,19.2,1601.0,2.9
2807921001,2022,42.7,18.3,21.4,1588.0,2.8
2807921002,2015,45.4,26.7,13.7,1479.0,2.8
2807921002,2016,45.6,28.0,14.0,1517.0,2.8
2807921002,2017,46.3,29.7,13.5,1513.0,2.8
2807921002,2018,46.9,30.3,14.4,1527.0,2.8
2807921002,2019,47.6,31.7,14.3,1542.0,2.8
2807921002,2020,48.4,33.6,16.0,1490.0,2.8
2807921002,2021,49.4,34.8,17.4,1473.0,2.7
2807921002,2022,49.9,35.1,18.3,1446.0,2.7
2807921003,2015,46.9,27.5,18.3,1260.0,2.7
2807921003,2016,47.3,29.6,17.8,1246.0,2.6
2807921003,2017,47.8,31.2,18.5,1223.0,2.6
2807921003,2018,48.0,32.3,21.2,1204.0,2.6
2807921003,2019,48.2,33.2,21.5,1201.0,2.6
2807921003,2020,49.1,34.5,22.4,1149.0,2.5
2807921003,2021,49.4,35.2,24.0,1152.0,2.5
2807921003,2022,49.8,36.1,23.6,1165.0,2.5
2807921004,2015,45.4,24.3,17.1,1142.0,2.7
2807921004,2016,45.7,26.5,17.4,1158.0,2.7
2807921004,2017,46.4,28.6,17.9,1148.0,2.7
2807921004,2018,47.8,31.1,19.1,1115.0,2.6
2807921004,2019,48.2,32.4,20.1,1117.0,2.6
2807921004,2020,48.2,32.3,21.0,1116.0,2.6
2807921004,2021,48.2,32.6,22.4,1108.0,2.6
2807921004,2022,48.4,33.5,22.5,1107.0,2.6
2807921005,2015,36.8,14.6,14.7,1885.0,3.1
2807921005,2016,37.2,15.2,13.7,1890.0,3.1
2807921005,2017,37.9,16.3,14.6,1860.0,3.1
2807921005,2018,38.5,15.9,14.3,1952.0,3.0
2807921005,2019,38.5,15.4,14.2,2143.0,3.0
2807921005,2020,38.5,15.1,14.0,2210.0,3.1
2807921005,2021,38.8,14.9,14.6,2273.0,3.0
2807921005,2022,39.3,15.3,16.1,2341.0,3.0
2807921006,2015,43.7,24.5,13.9,1312.0,2.9
2807921006,2016,44.5,26.4,15.6,1302.0,2.9
2807921006,2017,44.7,28.2,14.9,1310.0,2.9
2807921006,2018,45.4,28.7,15.3,1314.0,2.9
2807921006,2019,45.7,28.6,16.4,1287.0,2.9
2807921006,2020,45.8,28.4,14.7,1267.0,2.9
2807921006,2021,45.6,28.5,15.7,1284.0,2.9
2807921006,2022,46.2,29.6,17.1,1267.0,2.8
2807921007,2015,41.4,20.2,21.7,1965.0,2.7
2807921007,2016,41.4,20.0,22.1,2013.0,2.7
2807921007,2017,42.4,21.3,22.4,1984.0,2.7
2807921007,2018,42.7,21.9,22.3,1991.0,2.7
2807921007,2019,43.4,22.3,21.4,1986.0,2.7
2807921007,2020,43.9,21.8,21.5,1973.0,2.7
2807921007,2021,44.2,21.7,21.4,1972.0,2.7
2807921007,2022,44.6,22.3,22.3,1944.0,2.6
2807921008,2015,48.3,34.7,26.4,658.0,2.4
2807921008,2016,47.7,33.9,24.5,673.0,2.5
2807921008,2017,47.8,33.5,24.0,687.0,2.5
2807921008,2018,48.5,34.1,24.4,701.0,2.5
2807921008,2019,48.8,34.4,26.0,704.0,2.5
2807921008,2020,49.5,34.9,26.7,682.0,2.4
2807921008,2021,50.4,35.8,24.7,668.0,2.4
2807921008,2022,51.0,36.6,27.8,655.0,2.4
2807921009,2015,48.6,33.4,26.2,655.0,2.4
2807921009,2016,48.2,33.2,26.9,660.0,2.4
2807921009,2017,49.1,33.8,31.4,659.0,2.4
2807921009,2018,49.5,34.4,30.5,675.0,2.4
2807921009,2019,49.7,34.8,28.2,669.0,2.4
2807921009,2020,50.7,35.7,31.4,639.0,2.3
2807921009,2021,51.4,35.6,31.8,627.0,2.3
2807921009,2022,51.7,36.3,33.0,622.0,2.3
2807921010,2015,45.1,27.7,24.9,1279.0,2.5
2807921010,2016,45.0,27.7,24.0,1313.0,2.6
2807921010,2017,45.5,28.8,25.1,1316.0,2.6
2807921010,2018,45.7,28.9,25.0,1329.0,2.6
2807921010,2019,46.1,29.5,24.3,1318.0,2.6
2807921010,2020,46.6,29.3,25.6,1302.0,2.6
2807921010,2021,47.2,30.3,26.4,1289.0,2.5
2807921010,2022,47.7,30.4,26.3,1301.0,2.5
2807921011,2015,41.4,20.0,22.5,1727.0,2.7
2807921011,2016,41.7,20.5,23.2,1721.0,2.7
2807921011,2017,42.2,20.8,23.0,1724.0,2.7
2807921011,2018,42.9,21.6,23.0,1674.0,2.6
2807921011,2019,42.9,21.6,23.2,1701.0,2.7
2807921011,2020,43.0,21.8,23.8,1688.0,2.6
2807921011,2021,43.5,21.9,23.6,1705.0,2.6
2807921011,2022,44.1,22.1,24.1,1701.0,2.6
2807921012,2015,43.3,22.8,20.2,946.0,2.8
2807921012,2016,43.4,23.4,21.3,945.0,2.7
2807921012,2017,43.4,23.7,20.5,936.0,2.7
2807921012,2018,43.8,24.4,21.1,951.0,2.7
2807921012,2019,43.9,24.9,20.5,960.0,2.7
2807921012,2020,44.0,24.6,21.1,953.0,2.7
2807921012,2021,45.3,26.6,22.3,917.0,2.6
2807921012,2022,45.9,26.9,22.5,920.0,2.6
2807921013,2015,46.0,27.1,20.0,1343.0,2.7
2807921013,2016,46.6,29.1,21.1,1312.0,2.6
2807921013,2017,47.1,30.4,23.6,1317.0,2.6
2807921013,2018,47.5,31.8,23.9,1316.0,2.6
2807921013,2019,48.4,33.7,25.1,1272.0,2.5
2807921013,2020,49.1,34.8,25.3,1248.0,2.5
2807921013,2021,49.3,35.9,27.0,1236.0,2.5
2807921013,2022,49.6,36.4,27.5,1230.0,2.5
2807921014,2015,42.3,19.5,24.7,2049.0,2.6
2807921014,2016,42.4,20.0,24.9,2037.0,2.6
2807921014,2017,43.0,21.1,27.8,2112.0,2.5
2807921014,2018,43.8,22.3,28.1,2090.0,2.5
2807921014,2019,42.9,21.0,27.7,2278.0,2.5
2807921014,2020,43.1,20.9,26.9,2316.0,2.5
2807921014,2021,43.9,21.8,28.7,2272.0,2.5
2807921014,2022,43.9,21.7,28.4,2333.0,2.5
2807921015,2015,41.2,15.4,29.3,1707.0,2.5
2807921015,2016,40.9,15.1,28.7,1741.0,2.6
2807921015,2017,41.1,15.6,27.9,1758.0,2.6
2807921015,2018,41.0,15.1,28.8,1807.0,2.6
2807921015,2019,41.2,15.1,27.9,1854.0,2.6
2807921015,2020,41.4,15.0,27.4,1843.0,2.7
2807921015,2021,41.4,14.8,26.6,1839.0,2.7
2807921015,2022,41.3,14.7,29.7,1872.0,2.6
2807921017,2015,43.9,17.3,31.7,1451.0,2.4
2807921017,2016,44.3,17.4,30.7,1465.0,2.4
2807921017,2017,44.4,18.4,30.6,1477.0,2.4
2807921017,2018,43.9,17.7,30.9,1498.0,2.4
2807921017,2019,44.4,18.7,31.3,1494.0,2.4
2807921017,2020,44.4,18.3,31.9,1437.0,2.3
2807921017,2021,45.4,20.4,32.3,1395.0,2.2
2807921017,2022,45.4,20.4,32.7,1422.0,2.3
2807921018,2015,42.8,19.3,29.8,1536.0,2.5
2807921018,2016,43.0,19.1,30.8,1487.0,2.4
2807921018,2017,43.2,19.6,31.9,1486.0,2.4
2807921018,2018,43.4,19.6,32.7,1497.0,2.4
2807921018,2019,43.6,19.5,33.2,1498.0,2.4
2807921018,2020,44.1,19.9,33.5,1481.0,2.4
2807921018,2021,44.1,20.2,33.5,1484.0,2.3
2807921018,2022,44.3,19.5,36.3,1481.0,2.3
2807921019,2015,43.0,16.9,34.4,1319.0,2.3
2807921019,2016,43.2,16.4,35.0,1314.0,2.3
2807921019,2017,43.4,16.9,36.8,1309.0,2.3
2807921019,2018,42.5,16.6,34.9,1416.0,2.3
2807921019,2019,42.2,16.0,33.3,1507.0,2.4
2807921019,2020,43.4,17.5,37.0,1412.0,2.2
2807921019,2021,43.5,17.9,39.0,1417.0,2.2
2807921019,2022,43.4,17.3,38.6,1453.0,2.2
2807921020,2015,45.8,21.6,30.6,1747.0,2.4
2807921020,2016,45.7,21.9,30.0,1782.0,2.4
2807921020,2017,46.1,22.0,30.4,1779.0,2.4
2807921020,2018,45.7,21.7,29.3,1815.0,2.4
2807921020,2019,45.9,22.3,29.6,1823.0,2.4
2807921020,2020,46.5,22.7,32.2,1775.0,2.3
2807921020,2021,47.0,24.4,31.9,1716.0,2.3
2807921020,2022,46.6,24.6,33.6,1745.0,2.3
2807921021,2015,42.3,15.8,25.9,1194.0,2.6
2807921021,2016,42.4,15.7,27.6,1201.0,2.6
2807921021,2017,42.0,15.0,25.8,1239.0,2.6
2807921021,2018,42.0,14.9,24.8,1318.0,2.7
2807921021,2019,42.1,15.7,24.1,1326.0,2.7
2807921021,2020,42.6,16.3,26.9,1265.0,2.6
2807921021,2021,42.8,16.0,26.2,1254.0,2.6
2807921021,2022,43.0,16.7,26.6,1273.0,2.6
2807921022,2015,40.3,13.5,25.1,1708.0,2.7
2807921022,2016,40.5,13.3,26.1,1693.0,2.7
2807921022,2017,41.2,14.0,26.6,1681.0,2.7
2807921022,2018,42.1,14.9,26.6,1627.0,2.6
2807921022,2019,42.0,14.4,25.8,1671.0,2.7
2807921022,2020,42.4,14.6,25.3,1672.0,2.7
2807921022,2021,43.5,15.3,26.7,1621.0,2.6
2807921022,2022,43.6,15.7,28.8,1672.0,2.6
2807921023,2015,41.7,16.7,31.0,1091.0,2.5
2807921023,2016,41.7,16.3,29.4,1090.0,2.5
2807921023,2017,41.8,16.4,31.9,1096.0,2.4
2807921023,2018,42.0,16.2,30.9,1103.0,2.5
2807921023,2019,42.4,16.3,28.6,1136.0,2.5
2807921023,2020,42.8,16.3,29.9,1086.0,2.5
2807921023,2021,43.2,17.0,30.6,1099.0,2.5
2807921023,2022,43.4,17.1,29.6,1092.0,2.5
2807921025,2015,44.2,23.8,15.6,1395.0,3.0
2807921025,2016,45.1,25.5,17.5,1379.0,2.9
2807921025,2017,44.6,24.3,17.0,1384.0,2.9
2807921025,2018,44.8,24.1,18.1,1391.0,2.9
2807921025,2019,44.1,22.7,17.4,1440.0,3.0
2807921025,2020,44.2,22.9,17.6,1456.0,3.0
2807921025,2021,43.9,22.6,17.5,1453.0,3.0
2807921025,2022,43.6,21.5,17.9,1496.0,3.0
2807921026,2015,41.9,14.3,28.9,1577.0,2.6
2807921026,2016,42.6,15.0,28.5,1575.0,2.5
2807921026,2017,43.1,15.4,26.2,1601.0,2.5
2807921026,2018,43.7,16.5,27.5,1586.0,2.5
2807921026,2019,44.2,17.2,28.9,1595.0,2.5
2807921026,2020,45.1,18.0,28.0,1592.0,2.5
2807921026,2021,45.6,19.5,29.1,1551.0,2.4
2807921026,2022,46.0,20.6,30.4,1554.0,2.4
2807921027,2015,32.9,5.2,20.7,2634.0,2.9
2807921027,2016,33.7,5.6,21.4,2602.0,2.8
2807921027,2017,34.3,5.9,20.3,2623.0,2.9
2807921027,2018,35.1,6.2,20.4,2619.0,2.9
2807921027,2019,35.7,6.9,20.1,2626.0,2.9
2807921027,2020,36.7,7.5,21.4,2600.0,2.8
2807921027,2021,37.8,8.3,22.4,2540.0,2.8
2807921027,2022,38.8,9.1,22.6,2584.0,2.7
2807921028,2015,37.7,10.6,17.6,1241.0,3.0
2807921028,2016,37.8,11.2,17.4,1290.0,3.1
2807921028,2017,37.9,11.2,17.7,1395.0,3.1
2807921028,2018,37.2,10.7,18.5,1558.0,3.0
2807921028,2019,37.3,11.4,16.6,1674.0,3.1
2807921028,2020,37.6,11.1,16.9,1711.0,3.1
2807921028,2021,37.6,10.6,16.9,1760.0,3.1
2807921028,2022,37.4,10.6,16.2,1889.0,3.2
2807921029,2015,32.2,3.7,12.2,1642.0,3.3
2807921029,2016,32.7,3.9,13.0,1649.0,3.3
2807921029,2017,33.6,4.4,14.3,1665.0,3.2
2807921029,2018,34.4,4.8,15.4,1683.0,3.2
2807921029,2019,34.9,4.9,12.9,1669.0,3.3
2807921029,2020,35.3,5.1,13.2,1698.0,3.3
2807921029,2021,36.2,5.9,14.2,1676.0,3.2
2807921029,2022,36.9,6.6,16.3,1659.0,3.1
2807921030,2015,37.6,10.3,18.4,1565.0,2.8
2807921030,2016,38.0,11.3,20.5,1598.0,2.8
2807921030,2017,38.4,11.2,21.6,1565.0,2.8
2807921030,2018,39.0,11.3,22.3,1569.0,2.8
2807921030,2019,39.8,12.2,23.0,1549.0,2.8
2807921030,2020,40.0,12.2,22.6,1545.0,2.8
2807921030,2021,40.7,11.9,21.8,1516.0,2.7
2807921030,2022,41.0,13.3,22.5,1549.0,2.7
2807921031,2015,31.8,4.0,29.8,3373.0,2.4
2807921031,2016,31.9,4.4,27.2,3745.0,2.5
2807921031,2017,32.3,4.6,22.3,2393.0,2.7
2807921031,2018,33.1,5.1,22.7,2582.0,2.7
2807921031,2019,34.0,5.7,23.2,2720.0,2.8
2807921031,2020,34.3,5.6,22.3,2894.0,2.7
2807921031,2021,34.8,5.9,23.6,2975.0,2.7
2807921031,2022,34.0,4.5,29.4,1563.0,2.5
2807921032,2015,32.7,5.2,27.3,1487.0,2.7
2807921032,2016,32.8,4.9,26.1,1587.0,2.7
2807921032,2017,33.2,5.4,25.0,1709.0,2.7
2807921032,2018,33.5,5.2,25.0,1796.0,2.7
2807921032,2019,34.0,5.0,23.5,1874.0,2.8
2807921032,2020,34.9,5.4,25.5,1808.0,2.7
2807921032,2021,35.5,5.9,26.2,1805.0,2.7
2807921032,2022,36.1,6.4,27.9,1822.0,2.6
2807921033,2015,,,,,
2807921033,2016,,,,,
2807921033,2017,30.0,3.7,31.3,1953.0,2.5
2807921033,2018,30.6,3.9,31.1,2293.0,2.5
2807921033,2019,30.8,4.2,28.4,2431.0,2.6
2807921033,2020,31.1,4.3,28.4,2674.0,2.6
2807921033,2021,33.1,7.2,30.3,1300.0,2.5
2807921033,2022,34.0,6.8,31.4,1270.0,2.4
2807921034,2015,,,,,
2807921034,2016,,,,,
2807921034,2017,,,,,
2807921034,2018,,,,,
2807921034,2019,,,,,
2807921034,2020,,,,,
2807921034,2021,,,,,
2807921034,2022,37.3,8.9,20.4,1401.0,2.9
