COD_SEC_MADRID,Año,renta_hogar,renta_persona
2807901001,2015,49363.0,22948.0
2807901001,2016,48511.0,22891.0
2807901001,2017,48783.0,23122.0
2807901001,2018,58594.0,27785.0
2807901001,2019,66667.0,31119.0
2807901001,2020,52605.0,25059.0
2807901001,2021,51617.0,24134.0
2807901001,2022,55934.0,26032.0
2807901002,2015,29040.0,15045.0
2807901002,2016,28573.0,14608.0
2807901002,2017,29753.0,15211.0
2807901002,2018,32928.0,16464.0
2807901002,2019,33286.0,17113.0
2807901002,2020,33052.0,17175.0
2807901002,2021,37684.0,19101.0
2807901002,2022,38385.0,18878.0
2807901003,2015,31485.0,15177.0
2807901003,2016,32679.0,16141.0
2807901003,2017,35395.0,17730.0
2807901003,2018,36784.0,17664.0
2807901003,2019,40375.0,19085.0
2807901003,2020,38356.0,18631.0
2807901003,2021,38080.0,18421.0
2807901003,2022,40644.0,19309.0
2807901004,2015,51772.0,23663.0
2807901004,2016,54358.0,25722.0
2807901004,2017,51687.0,24522.0
2807901004,2018,60124.0,28737.0
2807901004,2019,57998.0,27204.0
2807901004,2020,59398.0,28239.0
2807901004,2021,56558.0,27867.0
2807901004,2022,65863.0,32105.0
2807901006,2015,42246.0,21605.0
2807901006,2016,42196.0,21702.0
2807901006,2017,43546.0,22679.0
2807901006,2018,40842.0,21149.0
2807901006,2019,48812.0,24985.0
2807901006,2020,45250.0,23063.0
2807901006,2021,47485.0,24628.0
2807901006,2022,51400.0,26540.0
2807901007,2015,35143.0,17181.0
2807901007,2016,35860.0,17711.0
2807901007,2017,38959.0,19361.0
2807901007,2018,40339.0,19845.0
2807901007,2019,41103.0,20350.0
2807901007,2020,38965.0,19434.0
2807901007,2021,41390.0,21005.0
2807901007,2022,44200.0,22671.0
2807901008,2015,39366.0,20021.0
2807901008,2016,39661.0,19651.0
2807901008,2017,36547.0,18202.0
2807901008,2018,40719.0,20387.0
2807901008,2019,51443.0,25072.0
2807901008,2020,41709.0,20660.0
2807901008,2021,44393.0,21584.0
2807901008,2022,48841.0,23970.0
2807901009,2015,35423.0,18709.0
2807901009,2016,35280.0,19027.0
2807901009,2017,38262.0,20673.0
2807901009,2018,39914.0,21192.0
2807901009,2019,45405.0,23430.0
2807901009,2020,40195.0,20171.0
2807901009,2021,41711.0,21346.0
2807901009,2022,44414.0,23012.0
2807901011,2015,34352.0,17533.0
2807901011,2016,35185.0,18133.0
2807901011,2017,34630.0,17695.0
2807901011,2018,37396.0,18846.0
2807901011,2019,37774.0,18714.0
2807901011,2020,36902.0,18591.0
2807901011,2021,38042.0,19572.0
2807901011,2022,41591.0,21367.0
2807901012,2015,30061.0,13780.0
2807901012,2016,30652.0,14083.0
2807901012,2017,30841.0,14481.0
2807901012,2018,35276.0,16566.0
2807901012,2019,38667.0,17722.0
2807901012,2020,37353.0,16914.0
2807901012,2021,35645.0,16425.0
2807901012,2022,38913.0,18611.0
2807901013,2015,23465.0,12704.0
2807901013,2016,24057.0,12841.0
2807901013,2017,26371.0,13656.0
2807901013,2018,26496.0,14058.0
2807901013,2019,28343.0,14849.0
2807901013,2020,27827.0,14459.0
2807901013,2021,29650.0,15669.0
2807901013,2022,32052.0,16796.0
2807901014,2015,29805.0,14715.0
2807901014,2016,31640.0,16026.0
2807901014,2017,31094.0,15487.0
2807901014,2018,35139.0,16955.0
2807901014,2019,35597.0,17462.0
2807901014,2020,35940.0,17521.0
2807901014,2021,38971.0,19384.0
2807901014,2022,40316.0,19964.0
2807901015,2015,31826.0,15855.0
2807901015,2016,32640.0,16210.0
2807901015,2017,34221.0,17401.0
2807901015,2018,35586.0,17981.0
2807901015,2019,38083.0,19283.0
2807901015,2020,36278.0,18500.0
2807901015,2021,38618.0,20028.0
2807901015,2022,42673.0,21853.0
2807901016,2015,34491.0,17518.0
2807901016,2016,33716.0,17126.0
2807901016,2017,35399.0,17786.0
2807901016,2018,39627.0,19565.0
2807901016,2019,39587.0,19009.0
2807901016,2020,39596.0,19378.0
2807901016,2021,40352.0,19793.0
2807901016,2022,43084.0,21643.0
2807901018,2015,32715.0,16526.0
2807901018,2016,34177.0,17535.0
2807901018,2017,34222.0,17142.0
2807901018,2018,35403.0,18342.0
2807901018,2019,37875.0,19689.0
2807901018,2020,36710.0,19144.0
2807901018,2021,40379.0,21239.0
2807901018,2022,42049.0,22143.0
2807901019,2015,32785.0,17548.0
2807901019,2016,34506.0,18676.0
2807901019,2017,35165.0,18963.0
2807901019,2018,37673.0,19991.0
2807901019,2019,39901.0,20995.0
2807901019,2020,38577.0,20584.0
2807901019,2021,37922.0,20408.0
2807901019,2022,42110.0,22143.0
2807901020,2015,29831.0,14837.0
2807901020,2016,31531.0,15467.0
2807901020,2017,32170.0,15947.0
2807901020,2018,34738.0,17115.0
2807901020,2019,34917.0,17417.0
2807901020,2020,34474.0,17404.0
2807901020,2021,34764.0,18009.0
2807901020,2022,36183.0,18677.0
2807901021,2015,32613.0,15652.0
2807901021,2016,33727.0,16038.0
2807901021,2017,34962.0,16502.0
2807901021,2018,37621.0,17877.0
2807901021,2019,39602.0,18727.0
2807901021,2020,37481.0,17956.0
2807901021,2021,39533.0,19344.0
2807901021,2022,43603.0,21218.0
2807901022,2015,29888.0,14393.0
2807901022,2016,30904.0,15074.0
2807901022,2017,33002.0,16264.0
2807901022,2018,32649.0,16394.0
2807901022,2019,35200.0,17229.0
2807901022,2020,34551.0,17162.0
2807901022,2021,36129.0,17841.0
2807901022,2022,36992.0,18645.0
2807901023,2015,23867.0,11457.0
2807901023,2016,25051.0,12106.0
2807901023,2017,24616.0,12289.0
2807901023,2018,27163.0,13633.0
2807901023,2019,28733.0,14086.0
2807901023,2020,27683.0,13700.0
2807901023,2021,28631.0,14573.0
2807901023,2022,33875.0,16937.0
2807901024,2015,25305.0,13429.0
2807901024,2016,27288.0,14580.0
2807901024,2017,27178.0,14329.0
2807901024,2018,29050.0,15371.0
2807901024,2019,31430.0,16500.0
2807901024,2020,32169.0,17135.0
2807901024,2021,33286.0,17875.0
2807901024,2022,36018.0,19666.0
2807901025,2015,33754.0,15397.0
2807901025,2016,34288.0,16313.0
2807901025,2017,37792.0,17915.0
2807901025,2018,40343.0,19456.0
2807901025,2019,41137.0,18706.0
2807901025,2020,39831.0,18477.0
2807901025,2021,43097.0,19597.0
2807901025,2022,49280.0,21902.0
2807901026,2015,34070.0,17188.0
2807901026,2016,35593.0,18108.0
2807901026,2017,40701.0,21151.0
2807901026,2018,46837.0,23575.0
2807901026,2019,44563.0,22218.0
2807901026,2020,44633.0,21557.0
2807901026,2021,43941.0,21280.0
2807901026,2022,42594.0,21030.0
2807901027,2015,32747.0,15661.0
2807901027,2016,35141.0,17225.0
2807901027,2017,37281.0,18508.0
2807901027,2018,38261.0,19131.0
2807901027,2019,42849.0,21893.0
2807901027,2020,40220.0,20074.0
2807901027,2021,43108.0,21326.0
2807901027,2022,43544.0,22776.0
2807901028,2015,28391.0,13381.0
2807901028,2016,28521.0,13159.0
2807901028,2017,29019.0,13560.0
2807901028,2018,32629.0,15683.0
2807901028,2019,36236.0,17170.0
2807901028,2020,33449.0,15721.0
2807901028,2021,35151.0,16846.0
2807901028,2022,38599.0,18637.0
2807901029,2015,26581.0,11653.0
2807901029,2016,27594.0,12237.0
2807901029,2017,28301.0,12806.0
2807901029,2018,29392.0,13544.0
2807901029,2019,32911.0,15048.0
2807901029,2020,31652.0,14601.0
2807901029,2021,33142.0,15266.0
2807901029,2022,38225.0,18032.0
2807901030,2015,23742.0,10696.0
2807901030,2016,23320.0,10656.0
2807901030,2017,24403.0,11175.0
2807901030,2018,26100.0,11896.0
2807901030,2019,28593.0,13058.0
2807901030,2020,28566.0,13025.0
2807901030,2021,29200.0,13090.0
2807901030,2022,30475.0,13931.0
2807901031,2015,22750.0,10681.0
2807901031,2016,22651.0,10892.0
2807901031,2017,23762.0,11300.0
2807901031,2018,24630.0,11930.0
2807901031,2019,25560.0,12643.0
2807901031,2020,25485.0,12273.0
2807901031,2021,26334.0,13024.0
2807901031,2022,27080.0,13347.0
2807901032,2015,29961.0,13711.0
2807901032,2016,30314.0,14189.0
2807901032,2017,30616.0,14504.0
2807901032,2018,32550.0,15129.0
2807901032,2019,36740.0,17265.0
2807901032,2020,36800.0,17146.0
2807901032,2021,38276.0,18170.0
2807901032,2022,41687.0,19991.0
2807901033,2015,22541.0,11627.0
2807901033,2016,23393.0,11931.0
2807901033,2017,24624.0,12587.0
2807901033,2018,26270.0,13125.0
2807901033,2019,27598.0,13920.0
2807901033,2020,27308.0,13786.0
2807901033,2021,30120.0,15447.0
2807901033,2022,31686.0,16311.0
2807901034,2015,19859.0,8699.0
2807901034,2016,20910.0,9391.0
2807901034,2017,21866.0,9720.0
2807901034,2018,21742.0,9726.0
2807901034,2019,25043.0,11368.0
2807901034,2020,24134.0,11238.0
2807901034,2021,24453.0,11808.0
2807901034,2022,25529.0,12173.0
2807901035,2015,22967.0,10131.0
2807901035,2016,23320.0,10410.0
2807901035,2017,23972.0,10767.0
2807901035,2018,26025.0,11627.0
2807901035,2019,27527.0,12205.0
2807901035,2020,26521.0,11642.0
2807901035,2021,28744.0,12939.0
2807901035,2022,30744.0,14193.0
2807901036,2015,21858.0,11307.0
2807901036,2016,22996.0,11871.0
2807901036,2017,24104.0,12279.0
2807901036,2018,25073.0,12815.0
2807901036,2019,26135.0,13639.0
2807901036,2020,25237.0,13135.0
2807901036,2021,27511.0,14517.0
2807901036,2022,29934.0,15438.0
2807901037,2015,25143.0,11517.0
2807901037,2016,25951.0,11672.0
2807901037,2017,25537.0,12057.0
2807901037,2018,29343.0,13702.0
2807901037,2019,29934.0,13745.0
2807901037,2020,28950.0,13505.0
2807901037,2021,30553.0,14956.0
2807901037,2022,32372.0,15437.0
2807901038,2015,20760.0,9990.0
2807901038,2016,21274.0,10526.0
2807901038,2017,22999.0,11560.0
2807901038,2018,24206.0,12166.0
2807901038,2019,25710.0,12989.0
2807901038,2020,25302.0,12875.0
2807901038,2021,25568.0,12908.0
2807901038,2022,27718.0,13664.0
2807901039,2015,23823.0,10990.0
2807901039,2016,24783.0,11804.0
2807901039,2017,24842.0,12502.0
2807901039,2018,27006.0,12676.0
2807901039,2019,27925.0,13548.0
2807901039,2020,27176.0,13922.0
2807901039,2021,28222.0,14603.0
2807901039,2022,30708.0,15137.0
2807901040,2015,25332.0,11880.0
2807901040,2016,25837.0,12267.0
2807901040,2017,25751.0,12208.0
2807901040,2018,27312.0,12896.0
2807901040,2019,29341.0,13481.0
2807901040,2020,30369.0,14014.0
2807901040,2021,31327.0,14774.0
2807901040,2022,34120.0,15964.0
2807901041,2015,26284.0,11785.0
2807901041,2016,26227.0,11953.0
2807901041,2017,26888.0,12242.0
2807901041,2018,29865.0,13688.0
2807901041,2019,30452.0,14286.0
2807901041,2020,30044.0,14379.0
2807901041,2021,31000.0,15737.0
2807901041,2022,34290.0,17089.0
2807901042,2015,26194.0,12114.0
2807901042,2016,26538.0,12045.0
2807901042,2017,26439.0,11909.0
2807901042,2018,28784.0,13205.0
2807901042,2019,29885.0,13776.0
2807901042,2020,29415.0,13519.0
2807901042,2021,29944.0,14541.0
2807901042,2022,33616.0,16194.0
2807901043,2015,22536.0,10401.0
2807901043,2016,22158.0,10366.0
2807901043,2017,23036.0,10611.0
2807901043,2018,24159.0,11465.0
2807901043,2019,26150.0,12360.0
2807901043,2020,25314.0,11826.0
2807901043,2021,26276.0,12751.0
2807901043,2022,27654.0,13739.0
2807901045,2015,26693.0,12954.0
2807901045,2016,27237.0,13294.0
2807901045,2017,29409.0,14136.0
2807901045,2018,30176.0,14326.0
2807901045,2019,32752.0,15597.0
2807901045,2020,34225.0,16794.0
2807901045,2021,33884.0,16754.0
2807901045,2022,37065.0,18444.0
2807901046,2015,26915.0,12937.0
2807901046,2016,27960.0,13536.0
2807901046,2017,28233.0,13776.0
2807901046,2018,30589.0,14780.0
2807901046,2019,31967.0,15133.0
2807901046,2020,29994.0,14199.0
2807901046,2021,32740.0,15910.0
2807901046,2022,35904.0,17594.0
2807901047,2015,24344.0,11445.0
2807901047,2016,24174.0,11614.0
2807901047,2017,24985.0,11869.0
2807901047,2018,26788.0,12329.0
2807901047,2019,28458.0,13181.0
2807901047,2020,27792.0,13083.0
2807901047,2021,29778.0,14262.0
2807901047,2022,32111.0,15598.0
2807901048,2015,22599.0,10380.0
2807901048,2016,23885.0,10739.0
2807901048,2017,24079.0,11147.0
2807901048,2018,26393.0,12066.0
2807901048,2019,27491.0,12279.0
2807901048,2020,27205.0,12384.0
2807901048,2021,29408.0,13614.0
2807901048,2022,30585.0,14531.0
2807901049,2015,21461.0,10705.0
2807901049,2016,21972.0,10952.0
2807901049,2017,22489.0,11437.0
2807901049,2018,22876.0,11699.0
2807901049,2019,24960.0,12853.0
2807901049,2020,24777.0,12510.0
2807901049,2021,26620.0,13299.0
2807901049,2022,28256.0,14668.0
2807901050,2015,22123.0,10578.0
2807901050,2016,23773.0,11438.0
2807901050,2017,24147.0,11594.0
2807901050,2018,25062.0,12440.0
2807901050,2019,27635.0,13371.0
2807901050,2020,26510.0,12978.0
2807901050,2021,27756.0,13347.0
2807901050,2022,29566.0,14940.0
2807901051,2015,22418.0,11242.0
2807901051,2016,22206.0,11536.0
2807901051,2017,22516.0,12011.0
2807901051,2018,23591.0,12337.0
2807901051,2019,26485.0,13460.0
2807901051,2020,25915.0,12912.0
2807901051,2021,25580.0,13160.0
2807901051,2022,27445.0,13986.0
2807901053,2015,26162.0,13467.0
2807901053,2016,27092.0,13913.0
2807901053,2017,27731.0,14392.0
2807901053,2018,28764.0,14990.0
2807901053,2019,30721.0,15997.0
2807901053,2020,31658.0,16779.0
2807901053,2021,32689.0,17318.0
2807901053,2022,35694.0,18385.0
2807901054,2015,22922.0,11436.0
2807901054,2016,22980.0,11675.0
2807901054,2017,24577.0,12330.0
2807901054,2018,25308.0,12682.0
2807901054,2019,26789.0,13350.0
2807901054,2020,26960.0,13694.0
2807901054,2021,28240.0,14024.0
2807901054,2022,30700.0,15829.0
2807901055,2015,26827.0,13906.0
2807901055,2016,29217.0,14740.0
2807901055,2017,30184.0,15246.0
2807901055,2018,33132.0,16869.0
2807901055,2019,34259.0,17329.0
2807901055,2020,33046.0,17085.0
2807901055,2021,35336.0,17985.0
2807901055,2022,37344.0,19583.0
2807901056,2015,30435.0,14439.0
2807901056,2016,30137.0,14517.0
2807901056,2017,32337.0,15701.0
2807901056,2018,36655.0,17612.0
2807901056,2019,36485.0,16599.0
2807901056,2020,36602.0,17268.0
2807901056,2021,35251.0,16933.0
2807901056,2022,36743.0,18070.0
2807901057,2015,34936.0,16962.0
2807901057,2016,34929.0,17301.0
2807901057,2017,35594.0,17889.0
2807901057,2018,36679.0,18633.0
2807901057,2019,40251.0,20041.0
2807901057,2020,38676.0,19789.0
2807901057,2021,39337.0,20264.0
2807901057,2022,41554.0,21814.0
2807901058,2015,32667.0,15810.0
2807901058,2016,36308.0,17253.0
2807901058,2017,36496.0,17366.0
2807901058,2018,37110.0,17300.0
2807901058,2019,40872.0,18615.0
2807901058,2020,36811.0,17329.0
2807901058,2021,41451.0,18735.0
2807901058,2022,44298.0,20012.0
2807901059,2015,29994.0,15008.0
2807901059,2016,31667.0,16039.0
2807901059,2017,30824.0,15729.0
2807901059,2018,33242.0,16932.0
2807901059,2019,37402.0,18357.0
2807901059,2020,34943.0,17435.0
2807901059,2021,37093.0,18835.0
2807901059,2022,37935.0,19212.0
2807901061,2015,35139.0,17828.0
2807901061,2016,34574.0,17885.0
2807901061,2017,38122.0,19259.0
2807901061,2018,38602.0,19202.0
2807901061,2019,42387.0,20687.0
2807901061,2020,40610.0,19970.0
2807901061,2021,41771.0,20413.0
2807901061,2022,41905.0,20666.0
2807901062,2015,30811.0,16598.0
2807901062,2016,35528.0,19355.0
2807901062,2017,29164.0,15773.0
2807901062,2018,37402.0,20067.0
2807901062,2019,39771.0,21016.0
2807901062,2020,34510.0,18582.0
2807901062,2021,34428.0,18584.0
2807901062,2022,37931.0,20759.0
2807901063,2015,33066.0,16326.0
2807901063,2016,39052.0,19260.0
2807901063,2017,33666.0,17239.0
2807901063,2018,36525.0,19134.0
2807901063,2019,40625.0,20630.0
2807901063,2020,37254.0,18472.0
2807901063,2021,37000.0,18552.0
2807901063,2022,42908.0,20766.0
2807901064,2015,36907.0,19422.0
2807901064,2016,37491.0,19904.0
2807901064,2017,38632.0,20743.0
2807901064,2018,38935.0,20616.0
2807901064,2019,42017.0,21368.0
2807901064,2020,43347.0,22466.0
2807901064,2021,41972.0,22415.0
2807901064,2022,46541.0,24599.0
2807901065,2015,33873.0,17378.0
2807901065,2016,36682.0,19143.0
2807901065,2017,45695.0,23056.0
2807901065,2018,40584.0,20858.0
2807901065,2019,38270.0,19536.0
2807901065,2020,37895.0,19710.0
2807901065,2021,35856.0,18754.0
2807901065,2022,44031.0,23275.0
2807901066,2015,27420.0,13677.0
2807901066,2016,27730.0,14008.0
2807901066,2017,28425.0,14713.0
2807901066,2018,30391.0,15159.0
2807901066,2019,33228.0,16166.0
2807901066,2020,31824.0,16044.0
2807901066,2021,31733.0,16561.0
2807901066,2022,32852.0,17187.0
2807901067,2015,33487.0,17137.0
2807901067,2016,35808.0,18739.0
2807901067,2017,37584.0,19595.0
2807901067,2018,42300.0,21914.0
2807901067,2019,41488.0,20763.0
2807901067,2020,36802.0,18203.0
2807901067,2021,38092.0,18630.0
2807901067,2022,39410.0,19378.0
2807901068,2015,38684.0,17937.0
2807901068,2016,38891.0,18600.0
2807901068,2017,42276.0,19951.0
2807901068,2018,43390.0,20585.0
2807901068,2019,44428.0,21479.0
2807901068,2020,43757.0,21162.0
2807901068,2021,50955.0,24102.0
2807901068,2022,47516.0,22230.0
2807901069,2015,27106.0,14710.0
2807901069,2016,30969.0,17014.0
2807901069,2017,29752.0,16652.0
2807901069,2018,34309.0,19423.0
2807901069,2019,34170.0,18028.0
2807901069,2020,33401.0,17771.0
2807901069,2021,32657.0,18192.0
2807901069,2022,36466.0,20351.0
2807901071,2015,45623.0,22812.0
2807901071,2016,45430.0,22748.0
2807901071,2017,48393.0,24634.0
2807901071,2018,46725.0,22751.0
2807901071,2019,50345.0,24745.0
2807901071,2020,49704.0,25149.0
2807901071,2021,50675.0,25228.0
2807901071,2022,53795.0,26336.0
2807901072,2015,43994.0,21951.0
2807901072,2016,49297.0,24751.0
2807901072,2017,47058.0,23513.0
2807901072,2018,56873.0,28017.0
2807901072,2019,57931.0,27687.0
2807901072,2020,51705.0,25466.0
2807901072,2021,53737.0,26662.0
2807901072,2022,56252.0,27854.0
2807901073,2015,52042.0,25943.0
2807901073,2016,63979.0,29364.0
2807901073,2017,63522.0,30210.0
2807901073,2018,75842.0,32242.0
2807901073,2019,78501.0,32183.0
2807901073,2020,78365.0,31670.0
2807901073,2021,72066.0,32039.0
2807901073,2022,72671.0,33647.0
2807901074,2015,32710.0,17188.0
2807901074,2016,33538.0,17445.0
2807901074,2017,35872.0,18385.0
2807901074,2018,39728.0,20282.0
2807901074,2019,42587.0,21832.0
2807901074,2020,41235.0,20592.0
2807901074,2021,42320.0,21094.0
2807901074,2022,47420.0,23679.0
2807901075,2015,27919.0,14565.0
2807901075,2016,29268.0,15178.0
2807901075,2017,29469.0,15241.0
2807901075,2018,29010.0,15299.0
2807901075,2019,34149.0,17502.0
2807901075,2020,33338.0,16956.0
2807901075,2021,33651.0,17484.0
2807901075,2022,38782.0,19949.0
2807901076,2015,29870.0,15126.0
2807901076,2016,31428.0,15992.0
2807901076,2017,31334.0,16022.0
2807901076,2018,32890.0,16739.0
2807901076,2019,36099.0,17797.0
2807901076,2020,33852.0,16725.0
2807901076,2021,35029.0,17313.0
2807901076,2022,37983.0,18567.0
2807901077,2015,39679.0,19273.0
2807901077,2016,40734.0,19840.0
2807901077,2017,42861.0,21615.0
2807901077,2018,45647.0,22670.0
2807901077,2019,47735.0,23177.0
2807901077,2020,49094.0,23685.0
2807901077,2021,47573.0,23395.0
2807901077,2022,55764.0,27584.0
2807901079,2015,36793.0,18971.0
2807901079,2016,37526.0,19120.0
2807901079,2017,42018.0,21778.0
2807901079,2018,44909.0,23618.0
2807901079,2019,46370.0,23734.0
2807901079,2020,43866.0,22501.0
2807901079,2021,47488.0,24337.0
2807901079,2022,50429.0,26143.0
2807901081,2015,29588.0,15034.0
2807901081,2016,30712.0,15522.0
2807901081,2017,31872.0,16188.0
2807901081,2018,37054.0,18382.0
2807901081,2019,40451.0,20238.0
2807901081,2020,39118.0,19782.0
2807901081,2021,42457.0,22020.0
2807901081,2022,42290.0,21853.0
2807901082,2015,35495.0,17977.0
2807901082,2016,34506.0,17786.0
2807901082,2017,36669.0,18971.0
2807901082,2018,39198.0,19690.0
2807901082,2019,41120.0,20279.0
2807901082,2020,40726.0,20444.0
2807901082,2021,42924.0,21447.0
2807901082,2022,44943.0,22934.0
2807901084,2015,59051.0,28350.0
2807901084,2016,50376.0,25476.0
2807901084,2017,55876.0,28149.0
2807901084,2018,57452.0,28937.0
2807901084,2019,59493.0,28791.0
2807901084,2020,61250.0,30195.0
2807901084,2021,63018.0,31616.0
2807901084,2022,67156.0,33717.0
2807901087,2015,63739.0,28350.0
2807901087,2016,69073.0,29364.0
2807901087,2017,65532.0,28839.0
2807901087,2018,73168.0,31900.0
2807901087,2019,72857.0,31815.0
2807901087,2020,68474.0,29164.0
2807901087,2021,68108.0,29553.0
2807901087,2022,74090.0,32704.0
2807901088,2015,47923.0,23539.0
2807901088,2016,49688.0,24323.0
2807901088,2017,49254.0,23864.0
2807901088,2018,48769.0,24483.0
2807901088,2019,53582.0,26056.0
2807901088,2020,54984.0,27035.0
2807901088,2021,58713.0,30046.0
2807901088,2022,59663.0,29968.0
2807901089,2015,38291.0,19508.0
2807901089,2016,38776.0,19808.0
2807901089,2017,40872.0,20836.0
2807901089,2018,59665.0,30870.0
2807901089,2019,42399.0,21379.0
2807901089,2020,40493.0,20503.0
2807901089,2021,45193.0,23795.0
2807901089,2022,47801.0,24923.0
2807901090,2015,37492.0,19316.0
2807901090,2016,39010.0,20159.0
2807901090,2017,39714.0,19857.0
2807901090,2018,41538.0,20211.0
2807901090,2019,44189.0,22292.0
2807901090,2020,44604.0,23035.0
2807901090,2021,48222.0,24619.0
2807901090,2022,55059.0,26790.0
2807901091,2015,32737.0,16210.0
2807901091,2016,32449.0,16130.0
2807901091,2017,34866.0,16853.0
2807901091,2018,34968.0,16612.0
2807901091,2019,36342.0,18008.0
2807901091,2020,35373.0,18091.0
2807901091,2021,38654.0,20049.0
2807901091,2022,41127.0,21265.0
2807901092,2015,30616.0,16260.0
2807901092,2016,29718.0,15687.0
2807901092,2017,30398.0,16114.0
2807901092,2018,35099.0,18511.0
2807901092,2019,38689.0,20143.0
2807901092,2020,41047.0,21260.0
2807901092,2021,40143.0,20956.0
2807901092,2022,39687.0,21233.0
2807901093,2015,28614.0,14422.0
2807901093,2016,29954.0,15360.0
2807901093,2017,31200.0,15957.0
2807901093,2018,34346.0,17344.0
2807901093,2019,35169.0,17789.0
2807901093,2020,35204.0,18001.0
2807901093,2021,36294.0,18852.0
2807901093,2022,37558.0,19801.0
2807901094,2015,29267.0,15165.0
2807901094,2016,29058.0,15227.0
2807901094,2017,30629.0,15873.0
2807901094,2018,33682.0,17475.0
2807901094,2019,35454.0,18160.0
2807901094,2020,35818.0,18636.0
2807901094,2021,38576.0,20678.0
2807901094,2022,41501.0,21932.0
2807901095,2015,28396.0,14366.0
2807901095,2016,31012.0,15781.0
2807901095,2017,30169.0,15261.0
2807901095,2018,32889.0,16864.0
2807901095,2019,36198.0,18572.0
2807901095,2020,34363.0,17867.0
2807901095,2021,35623.0,18637.0
2807901095,2022,40322.0,21216.0
2807901096,2015,25547.0,12825.0
2807901096,2016,25954.0,12913.0
2807901096,2017,26813.0,13117.0
2807901096,2018,33378.0,16100.0
2807901096,2019,32706.0,15670.0
2807901096,2020,32192.0,15550.0
2807901096,2021,36376.0,17581.0
2807901096,2022,35782.0,17232.0
2807901097,2015,26966.0,14069.0
2807901097,2016,28732.0,15230.0
2807901097,2017,29395.0,15248.0
2807901097,2018,31906.0,16296.0
2807901097,2019,33192.0,16952.0
2807901097,2020,32458.0,16783.0
2807901097,2021,33715.0,17773.0
2807901097,2022,35606.0,19041.0
2807901098,2015,26323.0,13620.0
2807901098,2016,26813.0,13914.0
2807901098,2017,27917.0,14535.0
2807901098,2018,29128.0,15170.0
2807901098,2019,31073.0,16351.0
2807901098,2020,30317.0,16316.0
2807901098,2021,30958.0,16956.0
2807901098,2022,33682.0,18330.0
2807901099,2015,27297.0,14522.0
2807901099,2016,28071.0,14818.0
2807901099,2017,28545.0,15198.0
2807901099,2018,30510.0,15914.0
2807901099,2019,31495.0,16106.0
2807901099,2020,30773.0,16101.0
2807901099,2021,32080.0,16819.0
2807901099,2022,33090.0,17445.0
2807901100,2015,25694.0,13746.0
2807901100,2016,26950.0,14732.0
2807901100,2017,27920.0,15546.0
2807901100,2018,31056.0,17136.0
2807901100,2019,32894.0,18144.0
2807901100,2020,33004.0,18358.0
2807901100,2021,34460.0,18695.0
2807901100,2022,36024.0,20334.0
2807901101,2015,26342.0,13492.0
2807901101,2016,28006.0,14373.0
2807901101,2017,29990.0,15553.0
2807901101,2018,31471.0,16124.0
2807901101,2019,32472.0,16585.0
2807901101,2020,33034.0,16964.0
2807901101,2021,35024.0,18279.0
2807901101,2022,36046.0,18843.0
2807901102,2015,27044.0,13873.0
2807901102,2016,27530.0,14289.0
2807901102,2017,28374.0,14843.0
2807901102,2018,31545.0,16912.0
2807901102,2019,33333.0,17622.0
2807901102,2020,35361.0,18215.0
2807901102,2021,36787.0,19051.0
2807901102,2022,38480.0,19072.0
2807901103,2015,40339.0,20595.0
2807901103,2016,43395.0,21786.0
2807901103,2017,45126.0,22451.0
2807901103,2018,48424.0,24155.0
2807901103,2019,53951.0,26895.0
2807901103,2020,51153.0,25324.0
2807901103,2021,53923.0,27087.0
2807901103,2022,57451.0,29758.0
2807901104,2015,27087.0,14365.0
2807901104,2016,29102.0,15378.0
2807901104,2017,30667.0,16302.0
2807901104,2018,32506.0,17415.0
2807901104,2019,33714.0,17572.0
2807901104,2020,34484.0,18411.0
2807901104,2021,33943.0,18197.0
2807901104,2022,36138.0,19208.0
2807901105,2015,30291.0,17248.0
2807901105,2016,31013.0,17964.0
2807901105,2017,32455.0,19062.0
2807901105,2018,34642.0,20120.0
2807901105,2019,36751.0,21192.0
2807901105,2020,38238.0,21579.0
2807901105,2021,39171.0,22420.0
2807901105,2022,42569.0,24683.0
2807901106,2015,42170.0,19802.0
2807901106,2016,43971.0,21169.0
2807901106,2017,46704.0,22453.0
2807901106,2018,48108.0,22806.0
2807901106,2019,51083.0,23774.0
2807901106,2020,49772.0,23931.0
2807901106,2021,53126.0,25599.0
2807901106,2022,57088.0,27402.0
2807901107,2015,49298.0,23482.0
2807901107,2016,50440.0,23979.0
2807901107,2017,52940.0,24998.0
2807901107,2018,53340.0,25566.0
2807901107,2019,55611.0,26943.0
2807901107,2020,57104.0,27817.0
2807901107,2021,55661.0,26948.0
2807901107,2022,56700.0,26632.0
2807901108,2015,38260.0,18071.0
2807901108,2016,41961.0,19819.0
2807901108,2017,45796.0,21706.0
2807901108,2018,42824.0,20656.0
2807901108,2019,48611.0,23182.0
2807901108,2020,43741.0,20688.0
2807901108,2021,44983.0,22086.0
2807901108,2022,47257.0,23325.0
2807901109,2015,30330.0,14543.0
2807901109,2016,30176.0,14438.0
2807901109,2017,32638.0,15872.0
2807901109,2018,34818.0,17138.0
2807901109,2019,36340.0,17972.0
2807901109,2020,37438.0,19175.0
2807901109,2021,38258.0,19607.0
2807901109,2022,41415.0,20573.0
2807901110,2015,29330.0,13988.0
2807901110,2016,28600.0,14043.0
2807901110,2017,30638.0,15376.0
2807901110,2018,32136.0,15620.0
2807901110,2019,33865.0,16359.0
2807901110,2020,35239.0,16822.0
2807901110,2021,36528.0,18264.0
2807901110,2022,38613.0,19355.0
2807901111,2015,33048.0,16635.0
2807901111,2016,33841.0,17054.0
2807901111,2017,33843.0,16902.0
2807901111,2018,34057.0,17124.0
2807901111,2019,37871.0,18895.0
2807901111,2020,37653.0,20000.0
2807901111,2021,38567.0,20639.0
2807901111,2022,40623.0,21422.0
2807901112,2015,31336.0,16092.0
2807901112,2016,31100.0,15581.0
2807901112,2017,34918.0,17917.0
2807901112,2018,34550.0,17241.0
2807901112,2019,34669.0,16754.0
2807901112,2020,36137.0,17398.0
2807901112,2021,38060.0,18908.0
2807901112,2022,42025.0,20566.0
2807901113,2015,29031.0,12915.0
2807901113,2016,29430.0,12892.0
2807901113,2017,30364.0,13854.0
2807901113,2018,31938.0,14939.0
2807901113,2019,36086.0,16252.0
2807901113,2020,34512.0,15568.0
2807901113,2021,35545.0,16364.0
2807901113,2022,40636.0,19702.0
2807901114,2015,28226.0,13763.0
2807901114,2016,30762.0,14913.0
2807901114,2017,30228.0,15051.0
2807901114,2018,32474.0,16073.0
2807901114,2019,35519.0,17163.0
2807901114,2020,34483.0,16830.0
2807901114,2021,38722.0,19148.0
2807901114,2022,41955.0,20991.0
2807901115,2015,29982.0,14531.0
2807901115,2016,31758.0,15436.0
2807901115,2017,32257.0,15627.0
2807901115,2018,35436.0,17138.0
2807901115,2019,39360.0,18642.0
2807901115,2020,38388.0,18565.0
2807901115,2021,37871.0,18408.0
2807901115,2022,42397.0,20584.0
2807901116,2015,26990.0,13618.0
2807901116,2016,27141.0,13926.0
2807901116,2017,28797.0,14874.0
2807901116,2018,32972.0,16643.0
2807901116,2019,37492.0,18416.0
2807901116,2020,31824.0,15635.0
2807901116,2021,34179.0,17052.0
2807901116,2022,37770.0,19113.0
2807901117,2015,31857.0,15271.0
2807901117,2016,32601.0,16171.0
2807901117,2017,33369.0,16652.0
2807901117,2018,33962.0,16688.0
2807901117,2019,35630.0,17279.0
2807901117,2020,35255.0,16553.0
2807901117,2021,37864.0,18003.0
2807901117,2022,40866.0,19317.0
2807901118,2015,26320.0,12943.0
2807901118,2016,28577.0,14729.0
2807901118,2017,27801.0,14636.0
2807901118,2018,30820.0,15937.0
2807901118,2019,34042.0,17334.0
2807901118,2020,31313.0,15575.0
2807901118,2021,33693.0,17043.0
2807901118,2022,35923.0,18255.0
2807901119,2015,25132.0,12566.0
2807901119,2016,26378.0,13241.0
2807901119,2017,26161.0,13480.0
2807901119,2018,34087.0,17244.0
2807901119,2019,30369.0,15543.0
2807901119,2020,29172.0,14327.0
2807901119,2021,29146.0,14218.0
2807901119,2022,32189.0,15819.0
2807901120,2015,31474.0,15909.0
2807901120,2016,31377.0,15944.0
2807901120,2017,32552.0,17032.0
2807901120,2018,34174.0,17110.0
2807901120,2019,34417.0,17275.0
2807901120,2020,34689.0,17806.0
2807901120,2021,36000.0,18357.0
2807901120,2022,37785.0,19357.0
2807901121,2015,31584.0,16383.0
2807901121,2016,32143.0,16594.0
2807901121,2017,33159.0,16998.0
2807901121,2018,34434.0,17510.0
2807901121,2019,35634.0,17850.0
2807901121,2020,32914.0,16655.0
2807901121,2021,35585.0,17547.0
2807901121,2022,37801.0,18356.0
2807901123,2015,33306.0,16700.0
2807901123,2016,33894.0,17298.0
2807901123,2017,38472.0,19377.0
2807901123,2018,41485.0,20833.0
2807901123,2019,46731.0,23006.0
2807901123,2020,38736.0,19017.0
2807901123,2021,37561.0,17765.0
2807901123,2022,45246.0,21810.0
2807901124,2015,39131.0,18551.0
2807901124,2016,38674.0,18376.0
2807901124,2017,39036.0,18946.0
2807901124,2018,39732.0,18897.0
2807901124,2019,46402.0,21544.0
2807901124,2020,46233.0,20203.0
2807901124,2021,48526.0,21642.0
2807901124,2022,47491.0,21271.0
2807902001,2015,33700.0,17113.0
2807902001,2016,34324.0,17484.0
2807902001,2017,35876.0,18302.0
2807902001,2018,35428.0,18429.0
2807902001,2019,36208.0,18585.0
2807902001,2020,37217.0,19088.0
2807902001,2021,40142.0,20429.0
2807902001,2022,42210.0,21479.0
2807902002,2015,31534.0,15789.0
2807902002,2016,30600.0,15342.0
2807902002,2017,31976.0,15768.0
2807902002,2018,34157.0,16724.0
2807902002,2019,36036.0,17819.0
2807902002,2020,35471.0,17497.0
2807902002,2021,36370.0,18071.0
2807902002,2022,38745.0,19810.0
2807902003,2015,43383.0,16986.0
2807902003,2016,43856.0,17528.0
2807902003,2017,45332.0,18440.0
2807902003,2018,46113.0,19088.0
2807902003,2019,45738.0,18884.0
2807902003,2020,47268.0,19691.0
2807902003,2021,47050.0,19808.0
2807902003,2022,50831.0,21400.0
2807902004,2015,43281.0,16289.0
2807902004,2016,44556.0,17038.0
2807902004,2017,45736.0,17353.0
2807902004,2018,46047.0,17429.0
2807902004,2019,47752.0,18480.0
2807902004,2020,47390.0,18529.0
2807902004,2021,48978.0,19509.0
2807902004,2022,51661.0,20612.0
2807902005,2015,34688.0,15009.0
2807902005,2016,35648.0,15880.0
2807902005,2017,35981.0,16058.0
2807902005,2018,38553.0,16550.0
2807902005,2019,39170.0,17184.0
2807902005,2020,40225.0,17512.0
2807902005,2021,42616.0,18621.0
2807902005,2022,46680.0,20250.0
2807902006,2015,42211.0,17035.0
2807902006,2016,43202.0,17416.0
2807902006,2017,44093.0,18025.0
2807902006,2018,45115.0,18503.0
2807902006,2019,47664.0,19574.0
2807902006,2020,46600.0,19440.0
2807902006,2021,48442.0,20355.0
2807902006,2022,50345.0,21628.0
2807902007,2015,45037.0,16509.0
2807902007,2016,46124.0,16970.0
2807902007,2017,46718.0,17182.0
2807902007,2018,46612.0,16933.0
2807902007,2019,51444.0,18713.0
2807902007,2020,51489.0,19467.0
2807902007,2021,53070.0,19740.0
2807902007,2022,56796.0,21194.0
2807902008,2015,34687.0,15637.0
2807902008,2016,36031.0,16395.0
2807902008,2017,36545.0,16792.0
2807902008,2018,37878.0,17337.0
2807902008,2019,40100.0,18029.0
2807902008,2020,38029.0,17574.0
2807902008,2021,39245.0,18277.0
2807902008,2022,40914.0,19390.0
2807902009,2015,48851.0,20539.0
2807902009,2016,51602.0,21699.0
2807902009,2017,54188.0,22606.0
2807902009,2018,53462.0,22283.0
2807902009,2019,55667.0,23324.0
2807902009,2020,55102.0,23227.0
2807902009,2021,56249.0,23928.0
2807902009,2022,61307.0,27145.0
2807902010,2015,38273.0,16040.0
2807902010,2016,39495.0,16598.0
2807902010,2017,40523.0,17005.0
2807902010,2018,40894.0,16961.0
2807902010,2019,44029.0,18438.0
2807902010,2020,43459.0,18009.0
2807902010,2021,48061.0,19968.0
2807902010,2022,48083.0,20141.0
2807902011,2015,47432.0,17738.0
2807902011,2016,47378.0,17855.0
2807902011,2017,48135.0,18181.0
2807902011,2018,51783.0,19764.0
2807902011,2019,52300.0,19839.0
2807902011,2020,53108.0,20085.0
2807902011,2021,53316.0,20693.0
2807902011,2022,55656.0,22100.0
2807902013,2015,39503.0,17707.0
2807902013,2016,40634.0,17930.0
2807902013,2017,41881.0,18991.0
2807902013,2018,42576.0,19286.0
2807902013,2019,44952.0,20467.0
2807902013,2020,45290.0,20668.0
2807902013,2021,45654.0,21831.0
2807902013,2022,49344.0,23124.0
2807902014,2015,38728.0,17833.0
2807902014,2016,39690.0,18340.0
2807902014,2017,38934.0,17823.0
2807902014,2018,38934.0,17716.0
2807902014,2019,40098.0,17980.0
2807902014,2020,38927.0,17387.0
2807902014,2021,41465.0,19022.0
2807902014,2022,43006.0,20067.0
2807902015,2015,38608.0,15323.0
2807902015,2016,39046.0,15524.0
2807902015,2017,40437.0,15861.0
2807902015,2018,41245.0,16246.0
2807902015,2019,43330.0,17332.0
2807902015,2020,43320.0,17522.0
2807902015,2021,45875.0,18396.0
2807902015,2022,49087.0,20141.0
2807902016,2015,50595.0,20098.0
2807902016,2016,50081.0,20338.0
2807902016,2017,51071.0,21005.0
2807902016,2018,53819.0,21902.0
2807902016,2019,55955.0,22737.0
2807902016,2020,56500.0,23299.0
2807902016,2021,57233.0,23461.0
2807902016,2022,60304.0,24926.0
2807902017,2015,48895.0,18708.0
2807902017,2016,50381.0,19230.0
2807902017,2017,50064.0,19230.0
2807902017,2018,51152.0,19888.0
2807902017,2019,52552.0,20411.0
2807902017,2020,54150.0,21177.0
2807902017,2021,56221.0,22005.0
2807902017,2022,57586.0,22686.0
2807902018,2015,54279.0,21756.0
2807902018,2016,53962.0,21574.0
2807902018,2017,54614.0,21488.0
2807902018,2018,56611.0,22554.0
2807902018,2019,54891.0,22196.0
2807902018,2020,57460.0,23138.0
2807902018,2021,58860.0,23863.0
2807902018,2022,61763.0,25721.0
2807902019,2015,55395.0,22272.0
2807902019,2016,55118.0,22496.0
2807902019,2017,57790.0,23580.0
2807902019,2018,58530.0,23955.0
2807902019,2019,57489.0,23861.0
2807902019,2020,57016.0,23961.0
2807902019,2021,59314.0,25591.0
2807902019,2022,61585.0,27187.0
2807902020,2015,44832.0,19578.0
2807902020,2016,43455.0,19042.0
2807902020,2017,44495.0,19173.0
2807902020,2018,48006.0,20848.0
2807902020,2019,49780.0,21848.0
2807902020,2020,49261.0,21909.0
2807902020,2021,49072.0,21539.0
2807902020,2022,52834.0,23617.0
2807902021,2015,32452.0,14547.0
2807902021,2016,33284.0,15124.0
2807902021,2017,33096.0,15254.0
2807902021,2018,35828.0,16720.0
2807902021,2019,37373.0,17742.0
2807902021,2020,36668.0,17635.0
2807902021,2021,38293.0,18499.0
2807902021,2022,40520.0,19741.0
2807902022,2015,28528.0,13781.0
2807902022,2016,29466.0,14022.0
2807902022,2017,30392.0,14524.0
2807902022,2018,31936.0,15337.0
2807902022,2019,34056.0,16474.0
2807902022,2020,33275.0,16064.0
2807902022,2021,37430.0,18532.0
2807902022,2022,35276.0,17104.0
2807902023,2015,32999.0,15140.0
2807902023,2016,33407.0,15545.0
2807902023,2017,34721.0,15843.0
2807902023,2018,35751.0,16710.0
2807902023,2019,37085.0,17248.0
2807902023,2020,36956.0,17549.0
2807902023,2021,36854.0,17190.0
2807902023,2022,40125.0,19064.0
2807902024,2015,34464.0,16571.0
2807902024,2016,34881.0,16597.0
2807902024,2017,35217.0,16600.0
2807902024,2018,38349.0,17795.0
2807902024,2019,39303.0,18775.0
2807902024,2020,40246.0,19330.0
2807902024,2021,41095.0,19968.0
2807902024,2022,43432.0,21167.0
2807902025,2015,34507.0,14271.0
2807902025,2016,33740.0,13997.0
2807902025,2017,33872.0,14067.0
2807902025,2018,36240.0,14666.0
2807902025,2019,37923.0,15436.0
2807902025,2020,38801.0,16006.0
2807902025,2021,39983.0,17031.0
2807902025,2022,41373.0,17671.0
2807902026,2015,34141.0,15888.0
2807902026,2016,34800.0,16315.0
2807902026,2017,36045.0,17202.0
2807902026,2018,36313.0,17936.0
2807902026,2019,37896.0,18811.0
2807902026,2020,38811.0,19068.0
2807902026,2021,39310.0,19470.0
2807902026,2022,41439.0,20607.0
2807902027,2015,38157.0,17285.0
2807902027,2016,39315.0,17547.0
2807902027,2017,41401.0,18425.0
2807902027,2018,42014.0,18575.0
2807902027,2019,42458.0,18524.0
2807902027,2020,43223.0,18950.0
2807902027,2021,44668.0,19754.0
2807902027,2022,46344.0,20480.0
2807902028,2015,21353.0,11814.0
2807902028,2016,22071.0,11734.0
2807902028,2017,23361.0,12389.0
2807902028,2018,24708.0,13203.0
2807902028,2019,26805.0,13842.0
2807902028,2020,25415.0,13507.0
2807902028,2021,27329.0,14895.0
2807902028,2022,28423.0,15208.0
2807902029,2015,24179.0,11750.0
2807902029,2016,24462.0,11835.0
2807902029,2017,26719.0,13029.0
2807902029,2018,27094.0,12964.0
2807902029,2019,28194.0,13450.0
2807902029,2020,27593.0,13550.0
2807902029,2021,28824.0,14032.0
2807902029,2022,29867.0,14315.0
2807902030,2015,36760.0,15983.0
2807902030,2016,38324.0,16778.0
2807902030,2017,38815.0,16696.0
2807902030,2018,40704.0,17233.0
2807902030,2019,42299.0,17964.0
2807902030,2020,41462.0,18209.0
2807902030,2021,42647.0,19089.0
2807902030,2022,44616.0,20400.0
2807902031,2015,50063.0,19333.0
2807902031,2016,50415.0,19696.0
2807902031,2017,49086.0,19688.0
2807902031,2018,49212.0,20048.0
2807902031,2019,51636.0,20645.0
2807902031,2020,49554.0,20041.0
2807902031,2021,51120.0,20842.0
2807902031,2022,54166.0,22689.0
2807902032,2015,37040.0,15810.0
2807902032,2016,39362.0,16852.0
2807902032,2017,43669.0,18686.0
2807902032,2018,41663.0,18074.0
2807902032,2019,43070.0,18783.0
2807902032,2020,44632.0,19917.0
2807902032,2021,45686.0,20272.0
2807902032,2022,47572.0,21195.0
2807902033,2015,36122.0,15553.0
2807902033,2016,37086.0,15885.0
2807902033,2017,37021.0,16351.0
2807902033,2018,40790.0,17938.0
2807902033,2019,41529.0,17957.0
2807902033,2020,41476.0,18046.0
2807902033,2021,41868.0,18548.0
2807902033,2022,45260.0,20063.0
2807902034,2015,37633.0,15486.0
2807902034,2016,37876.0,15524.0
2807902034,2017,38400.0,15703.0
2807902034,2018,41700.0,16824.0
2807902034,2019,43818.0,17839.0
2807902034,2020,40513.0,16556.0
2807902034,2021,43534.0,18399.0
2807902034,2022,44519.0,18609.0
2807902035,2015,33929.0,14223.0
2807902035,2016,33504.0,13895.0
2807902035,2017,34754.0,14813.0
2807902035,2018,35906.0,15283.0
2807902035,2019,35985.0,14955.0
2807902035,2020,35778.0,15359.0
2807902035,2021,37031.0,16264.0
2807902035,2022,39725.0,17344.0
2807902036,2015,33568.0,14437.0
2807902036,2016,33548.0,14312.0
2807902036,2017,35095.0,15020.0
2807902036,2018,36194.0,15721.0
2807902036,2019,38455.0,17077.0
2807902036,2020,38762.0,17432.0
2807902036,2021,39417.0,17667.0
2807902036,2022,43038.0,19247.0
2807902037,2015,38994.0,16811.0
2807902037,2016,39531.0,16885.0
2807902037,2017,40373.0,17199.0
2807902037,2018,41440.0,17625.0
2807902037,2019,42820.0,18371.0
2807902037,2020,44258.0,18983.0
2807902037,2021,44671.0,19712.0
2807902037,2022,48365.0,21081.0
2807902038,2015,32016.0,13845.0
2807902038,2016,32929.0,14668.0
2807902038,2017,33347.0,14690.0
2807902038,2018,34129.0,15091.0
2807902038,2019,35492.0,15575.0
2807902038,2020,36009.0,15924.0
2807902038,2021,36847.0,16620.0
2807902038,2022,38475.0,17875.0
2807902039,2015,34210.0,15532.0
2807902039,2016,35723.0,16171.0
2807902039,2017,36073.0,16458.0
2807902039,2018,36872.0,17067.0
2807902039,2019,39364.0,17650.0
2807902039,2020,41906.0,18567.0
2807902039,2021,42833.0,19116.0
2807902039,2022,43837.0,19450.0
2807902040,2015,33279.0,14307.0
2807902040,2016,33187.0,14475.0
2807902040,2017,33674.0,14883.0
2807902040,2018,36125.0,15988.0
2807902040,2019,37582.0,16715.0
2807902040,2020,37434.0,16798.0
2807902040,2021,38970.0,17921.0
2807902040,2022,40688.0,19108.0
2807902041,2015,29814.0,13543.0
2807902041,2016,30214.0,13981.0
2807902041,2017,30711.0,14343.0
2807902041,2018,31910.0,14816.0
2807902041,2019,33769.0,15581.0
2807902041,2020,33894.0,15596.0
2807902041,2021,34162.0,16176.0
2807902041,2022,36427.0,17362.0
2807902042,2015,33072.0,13819.0
2807902042,2016,33671.0,14105.0
2807902042,2017,34698.0,14577.0
2807902042,2018,36729.0,15399.0
2807902042,2019,37004.0,15390.0
2807902042,2020,36736.0,15695.0
2807902042,2021,37802.0,16641.0
2807902042,2022,39469.0,17673.0
2807902043,2015,31495.0,13370.0
2807902043,2016,30086.0,12815.0
2807902043,2017,30866.0,13104.0
2807902043,2018,33375.0,14455.0
2807902043,2019,34257.0,14897.0
2807902043,2020,34123.0,14992.0
2807902043,2021,36773.0,16302.0
2807902043,2022,38424.0,16801.0
2807902044,2015,31636.0,12157.0
2807902044,2016,32025.0,12238.0
2807902044,2017,33442.0,12774.0
2807902044,2018,35633.0,13582.0
2807902044,2019,37179.0,14142.0
2807902044,2020,36721.0,14456.0
2807902044,2021,37822.0,15080.0
2807902044,2022,40858.0,15920.0
2807902045,2015,31188.0,11605.0
2807902045,2016,31975.0,12251.0
2807902045,2017,32768.0,12650.0
2807902045,2018,35905.0,13830.0
2807902045,2019,37354.0,14141.0
2807902045,2020,36751.0,13966.0
2807902045,2021,36279.0,14388.0
2807902045,2022,39658.0,15396.0
2807902046,2015,21717.0,8963.0
2807902046,2016,22288.0,9721.0
2807902046,2017,24024.0,10617.0
2807902046,2018,26021.0,12024.0
2807902046,2019,27290.0,12238.0
2807902046,2020,26824.0,12198.0
2807902046,2021,27868.0,12733.0
2807902046,2022,31051.0,14235.0
2807902047,2015,24203.0,9756.0
2807902047,2016,24813.0,10293.0
2807902047,2017,25438.0,10723.0
2807902047,2018,26086.0,10798.0
2807902047,2019,28697.0,11846.0
2807902047,2020,27168.0,11400.0
2807902047,2021,28609.0,12283.0
2807902047,2022,30909.0,13299.0
2807902048,2015,30723.0,12552.0
2807902048,2016,31281.0,12817.0
2807902048,2017,32101.0,13151.0
2807902048,2018,33494.0,13802.0
2807902048,2019,34883.0,14604.0
2807902048,2020,34918.0,14441.0
2807902048,2021,36320.0,15377.0
2807902048,2022,38657.0,16032.0
2807902049,2015,51521.0,17848.0
2807902049,2016,51591.0,18101.0
2807902049,2017,52275.0,18461.0
2807902049,2018,55209.0,19405.0
2807902049,2019,56496.0,19851.0
2807902049,2020,58831.0,20894.0
2807902049,2021,57651.0,20329.0
2807902049,2022,60931.0,22243.0
2807902050,2015,29520.0,12459.0
2807902050,2016,29921.0,12772.0
2807902050,2017,30676.0,13067.0
2807902050,2018,32200.0,13883.0
2807902050,2019,33488.0,14212.0
2807902050,2020,32789.0,13924.0
2807902050,2021,33741.0,14784.0
2807902050,2022,35020.0,15702.0
2807902051,2015,43243.0,17251.0
2807902051,2016,44168.0,17992.0
2807902051,2017,44462.0,18240.0
2807902051,2018,45597.0,18616.0
2807902051,2019,46688.0,19160.0
2807902051,2020,50002.0,20265.0
2807902051,2021,51071.0,20537.0
2807902051,2022,54106.0,21727.0
2807902052,2015,45879.0,16848.0
2807902052,2016,47419.0,17581.0
2807902052,2017,50304.0,18478.0
2807902052,2018,48737.0,18358.0
2807902052,2019,53205.0,20050.0
2807902052,2020,53119.0,20284.0
2807902052,2021,56529.0,21189.0
2807902052,2022,62888.0,24205.0
2807902053,2015,42619.0,18139.0
2807902053,2016,42945.0,18093.0
2807902053,2017,44726.0,18802.0
2807902053,2018,44874.0,18959.0
2807902053,2019,46479.0,19687.0
2807902053,2020,44593.0,19324.0
2807902053,2021,47018.0,20616.0
2807902053,2022,49775.0,22242.0
2807902054,2015,32098.0,13725.0
2807902054,2016,31839.0,13815.0
2807902054,2017,33814.0,14597.0
2807902054,2018,34768.0,15140.0
2807902054,2019,37471.0,16117.0
2807902054,2020,37583.0,16161.0
2807902054,2021,39402.0,17318.0
2807902054,2022,42279.0,19088.0
2807902055,2015,37168.0,15471.0
2807902055,2016,37794.0,16002.0
2807902055,2017,38186.0,16284.0
2807902055,2018,37830.0,15960.0
2807902055,2019,40192.0,16923.0
2807902055,2020,39402.0,17099.0
2807902055,2021,39862.0,17431.0
2807902055,2022,43298.0,18981.0
2807902056,2015,31837.0,13906.0
2807902056,2016,33935.0,14920.0
2807902056,2017,34886.0,15193.0
2807902056,2018,36896.0,15934.0
2807902056,2019,37670.0,16398.0
2807902056,2020,36618.0,16594.0
2807902056,2021,38138.0,17659.0
2807902056,2022,41523.0,18870.0
2807902057,2015,31578.0,12880.0
2807902057,2016,32308.0,12932.0
2807902057,2017,33411.0,13473.0
2807902057,2018,34882.0,13619.0
2807902057,2019,36334.0,14330.0
2807902057,2020,36479.0,14553.0
2807902057,2021,37491.0,15440.0
2807902057,2022,40132.0,16187.0
2807902058,2015,27870.0,12365.0
2807902058,2016,28233.0,12689.0
2807902058,2017,29044.0,13180.0
2807902058,2018,31652.0,14534.0
2807902058,2019,33264.0,15107.0
2807902058,2020,33410.0,15370.0
2807902058,2021,35231.0,16168.0
2807902058,2022,36542.0,17221.0
2807902059,2015,33281.0,14482.0
2807902059,2016,34105.0,14762.0
2807902059,2017,34939.0,15024.0
2807902059,2018,36345.0,15979.0
2807902059,2019,38086.0,16735.0
2807902059,2020,38148.0,16961.0
2807902059,2021,38452.0,17899.0
2807902059,2022,41652.0,18447.0
2807902060,2015,34351.0,15155.0
2807902060,2016,35188.0,15397.0
2807902060,2017,36430.0,15653.0
2807902060,2018,39319.0,17267.0
2807902060,2019,40763.0,18024.0
2807902060,2020,40265.0,17906.0
2807902060,2021,42372.0,18953.0
2807902060,2022,45355.0,20173.0
2807902061,2015,31771.0,15158.0
2807902061,2016,32885.0,15588.0
2807902061,2017,34071.0,16171.0
2807902061,2018,35384.0,16875.0
2807902061,2019,37090.0,17728.0
2807902061,2020,36758.0,17996.0
2807902061,2021,37662.0,18491.0
2807902061,2022,39390.0,19276.0
2807902062,2015,30348.0,13431.0
2807902062,2016,31696.0,13892.0
2807902062,2017,32527.0,14580.0
2807902062,2018,32821.0,14492.0
2807902062,2019,34757.0,15332.0
2807902062,2020,35138.0,15916.0
2807902062,2021,35010.0,15993.0
2807902062,2022,36845.0,16738.0
2807902063,2015,28979.0,14011.0
2807902063,2016,29890.0,14663.0
2807902063,2017,30727.0,15156.0
2807902063,2018,32852.0,16191.0
2807902063,2019,34014.0,16964.0
2807902063,2020,34069.0,16691.0
2807902063,2021,35292.0,17668.0
2807902063,2022,37535.0,18630.0
2807902064,2015,32835.0,14885.0
2807902064,2016,34459.0,15806.0
2807902064,2017,35284.0,15989.0
2807902064,2018,36695.0,16958.0
2807902064,2019,38755.0,17463.0
2807902064,2020,38547.0,17897.0
2807902064,2021,39394.0,18646.0
2807902064,2022,40956.0,19429.0
2807902065,2015,31020.0,15128.0
2807902065,2016,31809.0,15383.0
2807902065,2017,33200.0,15767.0
2807902065,2018,35459.0,16662.0
2807902065,2019,36715.0,16973.0
2807902065,2020,36528.0,18156.0
2807902065,2021,40929.0,21030.0
2807902065,2022,40622.0,20964.0
2807902066,2015,42713.0,17849.0
2807902066,2016,42980.0,18420.0
2807902066,2017,44696.0,18973.0
2807902066,2018,46504.0,19798.0
2807902066,2019,47244.0,20037.0
2807902066,2020,46746.0,20166.0
2807902066,2021,47528.0,21119.0
2807902066,2022,50448.0,22387.0
2807902067,2015,25348.0,11461.0
2807902067,2016,25983.0,11943.0
2807902067,2017,26367.0,12143.0
2807902067,2018,27586.0,12830.0
2807902067,2019,30143.0,13872.0
2807902067,2020,30320.0,13762.0
2807902067,2021,31335.0,14346.0
2807902067,2022,33618.0,15274.0
2807902068,2015,26337.0,11363.0
2807902068,2016,26726.0,11995.0
2807902068,2017,27630.0,12363.0
2807902068,2018,28722.0,13273.0
2807902068,2019,31615.0,14936.0
2807902068,2020,30886.0,14917.0
2807902068,2021,30272.0,14754.0
2807902068,2022,31888.0,15821.0
2807902069,2015,36198.0,15916.0
2807902069,2016,35543.0,15777.0
2807902069,2017,37371.0,16336.0
2807902069,2018,39302.0,17291.0
2807902069,2019,39278.0,16919.0
2807902069,2020,39592.0,17365.0
2807902069,2021,42657.0,19026.0
2807902069,2022,44706.0,19759.0
2807902070,2015,35301.0,15631.0
2807902070,2016,37731.0,16883.0
2807902070,2017,36783.0,16758.0
2807902070,2018,38440.0,17697.0
2807902070,2019,38893.0,17797.0
2807902070,2020,39354.0,18476.0
2807902070,2021,39949.0,18461.0
2807902070,2022,42577.0,20212.0
2807902071,2015,36255.0,16846.0
2807902071,2016,36786.0,16940.0
2807902071,2017,38717.0,17695.0
2807902071,2018,40998.0,18589.0
2807902071,2019,43112.0,19440.0
2807902071,2020,43669.0,19780.0
2807902071,2021,44045.0,19886.0
2807902071,2022,47222.0,21763.0
2807902072,2015,33797.0,16172.0
2807902072,2016,33472.0,15735.0
2807902072,2017,36253.0,17144.0
2807902072,2018,36344.0,17199.0
2807902072,2019,39606.0,18486.0
2807902072,2020,38469.0,18302.0
2807902072,2021,41012.0,19861.0
2807902072,2022,43626.0,20910.0
2807902073,2015,36073.0,16438.0
2807902073,2016,36720.0,16734.0
2807902073,2017,39458.0,17983.0
2807902073,2018,39382.0,18154.0
2807902073,2019,40489.0,18643.0
2807902073,2020,41138.0,19363.0
2807902073,2021,42855.0,20166.0
2807902073,2022,45346.0,21689.0
2807902074,2015,34940.0,15792.0
2807902074,2016,35274.0,16088.0
2807902074,2017,34901.0,15820.0
2807902074,2018,36428.0,16615.0
2807902074,2019,38099.0,17538.0
2807902074,2020,39020.0,18150.0
2807902074,2021,38664.0,18344.0
2807902074,2022,40813.0,19605.0
2807902075,2015,33673.0,14013.0
2807902075,2016,33220.0,14035.0
2807902075,2017,34884.0,14978.0
2807902075,2018,38186.0,16297.0
2807902075,2019,39651.0,16781.0
2807902075,2020,38827.0,16628.0
2807902075,2021,41667.0,18154.0
2807902075,2022,42579.0,18600.0
2807902077,2015,32297.0,14285.0
2807902077,2016,32978.0,15297.0
2807902077,2017,32702.0,15395.0
2807902077,2018,34908.0,16220.0
2807902077,2019,37007.0,17169.0
2807902077,2020,35769.0,16474.0
2807902077,2021,36702.0,16993.0
2807902077,2022,39785.0,18840.0
2807902078,2015,32498.0,15011.0
2807902078,2016,33828.0,16255.0
2807902078,2017,33523.0,16460.0
2807902078,2018,34848.0,16785.0
2807902078,2019,36124.0,17366.0
2807902078,2020,36528.0,16668.0
2807902078,2021,38259.0,18267.0
2807902078,2022,40360.0,18683.0
2807902079,2015,34365.0,15328.0
2807902079,2016,35344.0,16247.0
2807902079,2017,37088.0,17079.0
2807902079,2018,37857.0,17205.0
2807902079,2019,39495.0,17855.0
2807902079,2020,40003.0,18159.0
2807902079,2021,41599.0,19099.0
2807902079,2022,41938.0,19452.0
2807902080,2015,42452.0,18070.0
2807902080,2016,43466.0,18804.0
2807902080,2017,47677.0,20587.0
2807902080,2018,49511.0,20924.0
2807902080,2019,48301.0,20900.0
2807902080,2020,47041.0,20439.0
2807902080,2021,45784.0,19659.0
2807902080,2022,46371.0,20281.0
2807902081,2015,32400.0,15214.0
2807902081,2016,34956.0,16258.0
2807902081,2017,35548.0,16492.0
2807902081,2018,37470.0,17124.0
2807902081,2019,40132.0,18579.0
2807902081,2020,40079.0,18696.0
2807902081,2021,41009.0,19197.0
2807902081,2022,43578.0,20387.0
2807902082,2015,27261.0,12316.0
2807902082,2016,28505.0,12562.0
2807902082,2017,29300.0,13473.0
2807902082,2018,30031.0,14008.0
2807902082,2019,31438.0,14632.0
2807902082,2020,31220.0,14736.0
2807902082,2021,33875.0,16213.0
2807902082,2022,37373.0,17871.0
2807902083,2015,37939.0,14432.0
2807902083,2016,38575.0,14514.0
2807902083,2017,38971.0,14061.0
2807902083,2018,42657.0,15310.0
2807902083,2019,44319.0,15889.0
2807902083,2020,47715.0,17236.0
2807902083,2021,50235.0,19316.0
2807902083,2022,52252.0,20120.0
2807902085,2015,54012.0,19752.0
2807902085,2016,55903.0,20456.0
2807902085,2017,56311.0,20945.0
2807902085,2018,58211.0,21904.0
2807902085,2019,60585.0,23078.0
2807902085,2020,59820.0,23280.0
2807902085,2021,60051.0,23485.0
2807902085,2022,66964.0,26407.0
2807902086,2015,41572.0,17570.0
2807902086,2016,43710.0,18413.0
2807902086,2017,44551.0,18778.0
2807902086,2018,43918.0,18472.0
2807902086,2019,45163.0,19428.0
2807902086,2020,45977.0,19903.0
2807902086,2021,47612.0,20948.0
2807902086,2022,48333.0,21532.0
2807902087,2015,57281.0,22421.0
2807902087,2016,58177.0,22870.0
2807902087,2017,59210.0,23129.0
2807902087,2018,60033.0,23429.0
2807902087,2019,61192.0,23759.0
2807902087,2020,60272.0,23847.0
2807902087,2021,61888.0,25024.0
2807902087,2022,66826.0,27422.0
2807902088,2015,31810.0,14273.0
2807902088,2016,32142.0,14239.0
2807902088,2017,33539.0,15156.0
2807902088,2018,34618.0,15785.0
2807902088,2019,36546.0,16506.0
2807902088,2020,36854.0,16344.0
2807902088,2021,38396.0,16985.0
2807902088,2022,43435.0,18783.0
2807902089,2015,44447.0,17999.0
2807902089,2016,47105.0,19153.0
2807902089,2017,47305.0,19443.0
2807902089,2018,50755.0,20937.0
2807902089,2019,48475.0,20111.0
2807902089,2020,48419.0,20468.0
2807902089,2021,49627.0,20689.0
2807902089,2022,51856.0,22079.0
2807902090,2015,43605.0,16044.0
2807902090,2016,46051.0,17057.0
2807902090,2017,47047.0,17411.0
2807902090,2018,47732.0,17938.0
2807902090,2019,48427.0,18510.0
2807902090,2020,49516.0,18911.0
2807902090,2021,50205.0,19222.0
2807902090,2022,52617.0,20528.0
2807902091,2015,44494.0,17958.0
2807902091,2016,44311.0,18047.0
2807902091,2017,45078.0,18618.0
2807902091,2018,46348.0,19482.0
2807902091,2019,48727.0,20895.0
2807902091,2020,48840.0,20907.0
2807902091,2021,49453.0,21378.0
2807902091,2022,52913.0,23474.0
2807902092,2015,43726.0,18974.0
2807902092,2016,46609.0,20139.0
2807902092,2017,44507.0,19457.0
2807902092,2018,46542.0,20407.0
2807902092,2019,47934.0,20961.0
2807902092,2020,46187.0,20353.0
2807902092,2021,49379.0,21934.0
2807902092,2022,52138.0,23151.0
2807902093,2015,42738.0,15595.0
2807902093,2016,44045.0,16125.0
2807902093,2017,46879.0,17174.0
2807902093,2018,46684.0,17247.0
2807902093,2019,48130.0,17767.0
2807902093,2020,47432.0,17831.0
2807902093,2021,49895.0,18749.0
2807902093,2022,51761.0,19649.0
2807902094,2015,68507.0,23285.0
2807902094,2016,69430.0,23727.0
2807902094,2017,69195.0,24044.0
2807902094,2018,74012.0,26175.0
2807902094,2019,72533.0,25747.0
2807902094,2020,72834.0,26311.0
2807902094,2021,74684.0,27114.0
2807902094,2022,76405.0,28218.0
2807902095,2015,50114.0,20899.0
2807902095,2016,52494.0,21965.0
2807902095,2017,53285.0,22277.0
2807902095,2018,75645.0,31991.0
2807902095,2019,56371.0,23766.0
2807902095,2020,55600.0,23552.0
2807902095,2021,57476.0,24160.0
2807902095,2022,61649.0,25975.0
2807902096,2015,66172.0,22619.0
2807902096,2016,70196.0,24132.0
2807902096,2017,71085.0,24923.0
2807902096,2018,69859.0,24584.0
2807902096,2019,73186.0,26005.0
2807902096,2020,73926.0,26071.0
2807902096,2021,74774.0,26531.0
2807902096,2022,77989.0,28752.0
2807902097,2015,52402.0,19740.0
2807902097,2016,53982.0,20527.0
2807902097,2017,54670.0,20598.0
2807902097,2018,53018.0,19613.0
2807902097,2019,53540.0,19809.0
2807902097,2020,57520.0,21609.0
2807902097,2021,58121.0,21815.0
2807902097,2022,59460.0,22788.0
2807902098,2015,50225.0,20398.0
2807902098,2016,48910.0,20424.0
2807902098,2017,49792.0,20547.0
2807902098,2018,52475.0,21375.0
2807902098,2019,61347.0,24181.0
2807902098,2020,54956.0,22466.0
2807902098,2021,52762.0,21700.0
2807902098,2022,56639.0,23947.0
2807902099,2015,45392.0,18377.0
2807902099,2016,47547.0,18639.0
2807902099,2017,49242.0,18345.0
2807902099,2018,51362.0,18754.0
2807902099,2019,53198.0,19540.0
2807902099,2020,53930.0,19995.0
2807902099,2021,54885.0,20792.0
2807902099,2022,56289.0,21233.0
2807902100,2015,46478.0,18203.0
2807902100,2016,46568.0,18493.0
2807902100,2017,47774.0,18971.0
2807902100,2018,52548.0,20837.0
2807902100,2019,52374.0,20417.0
2807902100,2020,51959.0,20468.0
2807902100,2021,57148.0,22831.0
2807902100,2022,57286.0,23037.0
2807902101,2015,54894.0,21921.0
2807902101,2016,56454.0,22348.0
2807902101,2017,58659.0,22880.0
2807902101,2018,60640.0,23400.0
2807902101,2019,64041.0,24400.0
2807902101,2020,63978.0,24365.0
2807902101,2021,64870.0,25111.0
2807902101,2022,69071.0,26926.0
2807902102,2015,53030.0,18091.0
2807902102,2016,55442.0,18695.0
2807902102,2017,56505.0,19140.0
2807902102,2018,57395.0,19537.0
2807902102,2019,59957.0,20853.0
2807902102,2020,58712.0,20387.0
2807902102,2021,60699.0,21481.0
2807902102,2022,64946.0,23364.0
2807902103,2015,53913.0,22228.0
2807902103,2016,56247.0,22617.0
2807902103,2017,57686.0,22838.0
2807902103,2018,60778.0,23855.0
2807902103,2019,62159.0,24310.0
2807902103,2020,63768.0,25344.0
2807902103,2021,65446.0,26690.0
2807902103,2022,65228.0,27360.0
2807902104,2015,48031.0,20613.0
2807902104,2016,49743.0,21179.0
2807902104,2017,50193.0,21377.0
2807902104,2018,52127.0,21956.0
2807902104,2019,54439.0,23145.0
2807902104,2020,54307.0,22670.0
2807902104,2021,55413.0,23563.0
2807902104,2022,62457.0,25110.0
2807902105,2015,53029.0,20600.0
2807902105,2016,52435.0,20348.0
2807902105,2017,53944.0,20839.0
2807902105,2018,56750.0,21742.0
2807902105,2019,59062.0,22383.0
2807902105,2020,61392.0,23108.0
2807902105,2021,63675.0,23851.0
2807902105,2022,56606.0,22856.0
2807902106,2015,49886.0,19126.0
2807902106,2016,51835.0,19943.0
2807902106,2017,52999.0,20330.0
2807902106,2018,55404.0,21163.0
2807902106,2019,57261.0,22000.0
2807902106,2020,58745.0,22784.0
2807902106,2021,58534.0,23152.0
2807902106,2022,61366.0,24736.0
2807902107,2015,53648.0,21241.0
2807902107,2016,54414.0,21586.0
2807902107,2017,55028.0,21617.0
2807902107,2018,59404.0,23595.0
2807902107,2019,63837.0,25041.0
2807902107,2020,62194.0,24686.0
2807902107,2021,63313.0,25120.0
2807902107,2022,67916.0,26611.0
2807902108,2015,56380.0,23619.0
2807902108,2016,56355.0,23695.0
2807902108,2017,57543.0,24073.0
2807902108,2018,59956.0,24727.0
2807902108,2019,62866.0,26014.0
2807902108,2020,58533.0,24966.0
2807902108,2021,61480.0,26330.0
2807902108,2022,65021.0,28718.0
2807902109,2015,47711.0,20344.0
2807902109,2016,50067.0,21043.0
2807902109,2017,49245.0,20952.0
2807902109,2018,52916.0,22487.0
2807902109,2019,51268.0,21641.0
2807902109,2020,56434.0,24192.0
2807902109,2021,53126.0,22979.0
2807902109,2022,55029.0,24781.0
2807902110,2015,58828.0,23025.0
2807902110,2016,60038.0,23863.0
2807902110,2017,59633.0,23785.0
2807902110,2018,49182.0,19673.0
2807902110,2019,64655.0,25322.0
2807902110,2020,62984.0,24856.0
2807902110,2021,68040.0,26963.0
2807902110,2022,70313.0,28345.0
2807902111,2015,,
2807902111,2016,,
2807902111,2017,48790.0,20281.0
2807902111,2018,49257.0,20990.0
2807902111,2019,51448.0,21729.0
2807902111,2020,49807.0,21058.0
2807902111,2021,51765.0,22305.0
2807902111,2022,55259.0,24213.0
2807902112,2015,,
2807902112,2016,,
2807902112,2017,55002.0,20869.0
2807902112,2018,58017.0,21738.0
2807902112,2019,58786.0,22008.0
2807902112,2020,59553.0,22461.0
2807902112,2021,59064.0,22762.0
2807902112,2022,64454.0,25278.0
2807902113,2015,,
2807902113,2016,,
2807902113,2017,,
2807902113,2018,,
2807902113,2019,,
2807902113,2020,,
2807902113,2021,,
2807902113,2022,76650.0,27159.0
2807902114,2015,,
2807902114,2016,,
2807902114,2017,,
2807902114,2018,,
2807902114,2019,,
2807902114,2020,,
2807902114,2021,,
2807902114,2022,54623.0,26266.0
2807903001,2015,65192.0,25591.0
2807903001,2016,65482.0,26010.0
2807903001,2017,69177.0,27365.0
2807903001,2018,68261.0,27209.0
2807903001,2019,70637.0,28091.0
2807903001,2020,73363.0,29825.0
2807903001,2021,74164.0,30653.0
2807903001,2022,74402.0,31094.0
2807903002,2015,34273.0,15609.0
2807903002,2016,35284.0,15966.0
2807903002,2017,36866.0,16491.0
2807903002,2018,37668.0,17296.0
2807903002,2019,40901.0,18804.0
2807903002,2020,40875.0,18575.0
2807903002,2021,41775.0,19578.0
2807903002,2022,43609.0,20319.0
2807903003,2015,40988.0,17950.0
2807903003,2016,41866.0,18385.0
2807903003,2017,45086.0,19546.0
2807903003,2018,44945.0,19318.0
2807903003,2019,46892.0,20547.0
2807903003,2020,48378.0,21338.0
2807903003,2021,50099.0,21686.0
2807903003,2022,53645.0,23025.0
2807903004,2015,32182.0,14395.0
2807903004,2016,33304.0,15105.0
2807903004,2017,34750.0,15637.0
2807903004,2018,32621.0,15041.0
2807903004,2019,36072.0,16461.0
2807903004,2020,38775.0,18115.0
2807903004,2021,40659.0,19383.0
2807903004,2022,43451.0,21211.0
2807903005,2015,32152.0,14558.0
2807903005,2016,33090.0,14870.0
2807903005,2017,33480.0,15485.0
2807903005,2018,34678.0,16499.0
2807903005,2019,35384.0,16702.0
2807903005,2020,34926.0,16374.0
2807903005,2021,34953.0,16301.0
2807903005,2022,37614.0,18292.0
2807903006,2015,44915.0,18927.0
2807903006,2016,46113.0,19601.0
2807903006,2017,47647.0,20760.0
2807903006,2018,47276.0,20624.0
2807903006,2019,49305.0,21559.0
2807903006,2020,47679.0,21469.0
2807903006,2021,47985.0,21676.0
2807903006,2022,51403.0,23167.0
2807903007,2015,29387.0,14510.0
2807903007,2016,29691.0,14232.0
2807903007,2017,29904.0,14818.0
2807903007,2018,32910.0,16258.0
2807903007,2019,32652.0,16239.0
2807903007,2020,32308.0,16100.0
2807903007,2021,33111.0,16232.0
2807903007,2022,34571.0,16443.0
2807903008,2015,36167.0,17305.0
2807903008,2016,36466.0,17635.0
2807903008,2017,37108.0,17831.0
2807903008,2018,40115.0,19202.0
2807903008,2019,39955.0,19246.0
2807903008,2020,40222.0,19540.0
2807903008,2021,40364.0,19573.0
2807903008,2022,45297.0,22474.0
2807903009,2015,41659.0,18444.0
2807903009,2016,41375.0,18854.0
2807903009,2017,44467.0,20204.0
2807903009,2018,46167.0,20487.0
2807903009,2019,45471.0,19902.0
2807903009,2020,45669.0,20345.0
2807903009,2021,48135.0,21537.0
2807903009,2022,50204.0,22858.0
2807903010,2015,44765.0,19503.0
2807903010,2016,43902.0,19846.0
2807903010,2017,43473.0,19405.0
2807903010,2018,47043.0,21186.0
2807903010,2019,46117.0,20757.0
2807903010,2020,45744.0,20875.0
2807903010,2021,49260.0,22675.0
2807903010,2022,51334.0,23895.0
2807903011,2015,38278.0,16841.0
2807903011,2016,38684.0,17173.0
2807903011,2017,39271.0,17105.0
2807903011,2018,40624.0,17688.0
2807903011,2019,41653.0,18195.0
2807903011,2020,40021.0,18125.0
2807903011,2021,42212.0,19379.0
2807903011,2022,44262.0,20388.0
2807903012,2015,44026.0,19242.0
2807903012,2016,44392.0,19299.0
2807903012,2017,46754.0,20124.0
2807903012,2018,48845.0,21045.0
2807903012,2019,50377.0,22300.0
2807903012,2020,49554.0,21608.0
2807903012,2021,49268.0,21959.0
2807903012,2022,50733.0,22769.0
2807903013,2015,39839.0,16764.0
2807903013,2016,41063.0,17667.0
2807903013,2017,40227.0,17928.0
2807903013,2018,40750.0,18084.0
2807903013,2019,43043.0,18907.0
2807903013,2020,42218.0,18904.0
2807903013,2021,42908.0,19508.0
2807903013,2022,41078.0,18627.0
2807903014,2015,42811.0,17777.0
2807903014,2016,44523.0,18455.0
2807903014,2017,43185.0,18132.0
2807903014,2018,45590.0,18972.0
2807903014,2019,47131.0,19727.0
2807903014,2020,47320.0,19556.0
2807903014,2021,49201.0,21069.0
2807903014,2022,50543.0,22118.0
2807903015,2015,36153.0,15015.0
2807903015,2016,36005.0,15237.0
2807903015,2017,36866.0,15867.0
2807903015,2018,37686.0,16089.0
2807903015,2019,38862.0,16319.0
2807903015,2020,40289.0,17368.0
2807903015,2021,40289.0,17691.0
2807903015,2022,41043.0,17850.0
2807903016,2015,26123.0,11761.0
2807903016,2016,26932.0,12350.0
2807903016,2017,28104.0,12873.0
2807903016,2018,29259.0,13363.0
2807903016,2019,30984.0,14010.0
2807903016,2020,30392.0,14007.0
2807903016,2021,32635.0,14855.0
2807903016,2022,33418.0,15584.0
2807903017,2015,40420.0,17494.0
2807903017,2016,42522.0,18566.0
2807903017,2017,41206.0,17820.0
2807903017,2018,44151.0,19020.0
2807903017,2019,45320.0,19543.0
2807903017,2020,43757.0,19370.0
2807903017,2021,47337.0,20816.0
2807903017,2022,50388.0,22202.0
2807903018,2015,34072.0,15919.0
2807903018,2016,35642.0,16523.0
2807903018,2017,34313.0,16105.0
2807903018,2018,37237.0,17660.0
2807903018,2019,37082.0,17875.0
2807903018,2020,38749.0,18531.0
2807903018,2021,38230.0,18838.0
2807903018,2022,41131.0,20058.0
2807903019,2015,48373.0,19793.0
2807903019,2016,51587.0,21508.0
2807903019,2017,49988.0,21038.0
2807903019,2018,51329.0,21808.0
2807903019,2019,52298.0,22454.0
2807903019,2020,52442.0,22626.0
2807903019,2021,54685.0,23739.0
2807903019,2022,55172.0,24099.0
2807903020,2015,34534.0,16393.0
2807903020,2016,34553.0,16597.0
2807903020,2017,35209.0,16736.0
2807903020,2018,35719.0,17416.0
2807903020,2019,38232.0,17969.0
2807903020,2020,36737.0,17707.0
2807903020,2021,38337.0,18604.0
2807903020,2022,41307.0,19274.0
2807903021,2015,35115.0,15491.0
2807903021,2016,36043.0,16053.0
2807903021,2017,36999.0,16222.0
2807903021,2018,38047.0,16925.0
2807903021,2019,39293.0,17725.0
2807903021,2020,39007.0,18195.0
2807903021,2021,39697.0,18497.0
2807903021,2022,44337.0,20705.0
2807903022,2015,27890.0,12347.0
2807903022,2016,28296.0,12893.0
2807903022,2017,29339.0,13692.0
2807903022,2018,30879.0,14386.0
2807903022,2019,31443.0,14633.0
2807903022,2020,32261.0,15104.0
2807903022,2021,32872.0,16033.0
2807903022,2022,35101.0,16477.0
2807903023,2015,37515.0,16870.0
2807903023,2016,36708.0,16483.0
2807903023,2017,38845.0,17421.0
2807903023,2018,40066.0,18219.0
2807903023,2019,41628.0,18870.0
2807903023,2020,43138.0,19892.0
2807903023,2021,43049.0,20056.0
2807903023,2022,43752.0,20302.0
2807903024,2015,39410.0,16656.0
2807903024,2016,39327.0,16500.0
2807903024,2017,39290.0,16708.0
2807903024,2018,41134.0,17200.0
2807903024,2019,43296.0,18469.0
2807903024,2020,43196.0,18589.0
2807903024,2021,43991.0,19146.0
2807903024,2022,47088.0,20263.0
2807903025,2015,39168.0,17861.0
2807903025,2016,40872.0,18481.0
2807903025,2017,42792.0,18885.0
2807903025,2018,45620.0,19894.0
2807903025,2019,47184.0,20814.0
2807903025,2020,48030.0,21297.0
2807903025,2021,49659.0,22054.0
2807903025,2022,40764.0,20322.0
2807903026,2015,38695.0,16951.0
2807903026,2016,39420.0,17291.0
2807903026,2017,39733.0,17646.0
2807903026,2018,39973.0,17621.0
2807903026,2019,42708.0,18631.0
2807903026,2020,42786.0,18991.0
2807903026,2021,44190.0,19672.0
2807903026,2022,46667.0,20999.0
2807903027,2015,33762.0,14300.0
2807903027,2016,34621.0,14846.0
2807903027,2017,35398.0,15492.0
2807903027,2018,36360.0,15979.0
2807903027,2019,37683.0,16471.0
2807903027,2020,37937.0,16686.0
2807903027,2021,38130.0,17093.0
2807903027,2022,40586.0,18087.0
2807903028,2015,46178.0,18535.0
2807903028,2016,45965.0,18498.0
2807903028,2017,47360.0,19252.0
2807903028,2018,46666.0,19095.0
2807903028,2019,49390.0,20463.0
2807903028,2020,48449.0,20037.0
2807903028,2021,50938.0,21427.0
2807903028,2022,53411.0,22581.0
2807903029,2015,61189.0,22770.0
2807903029,2016,56834.0,21697.0
2807903029,2017,37547.0,14410.0
2807903029,2018,63239.0,24681.0
2807903029,2019,63850.0,24398.0
2807903029,2020,63435.0,24575.0
2807903029,2021,64797.0,25243.0
2807903029,2022,66976.0,26411.0
2807903030,2015,67116.0,24572.0
2807903030,2016,68972.0,25316.0
2807903030,2017,65399.0,23751.0
2807903030,2018,73971.0,26979.0
2807903030,2019,74621.0,26917.0
2807903030,2020,79717.0,28866.0
2807903030,2021,72406.0,26381.0
2807903030,2022,75188.0,27090.0
2807903031,2015,45632.0,18360.0
2807903031,2016,45988.0,18705.0
2807903031,2017,47061.0,19181.0
2807903031,2018,48314.0,20076.0
2807903031,2019,51481.0,21171.0
2807903031,2020,51241.0,21261.0
2807903031,2021,51186.0,21701.0
2807903031,2022,54563.0,22875.0
2807903032,2015,46116.0,19821.0
2807903032,2016,47297.0,20578.0
2807903032,2017,47110.0,20304.0
2807903032,2018,51418.0,22043.0
2807903032,2019,51909.0,22192.0
2807903032,2020,49355.0,21692.0
2807903032,2021,50797.0,22555.0
2807903032,2022,52861.0,23772.0
2807903033,2015,46796.0,17814.0
2807903033,2016,46966.0,17751.0
2807903033,2017,46279.0,17903.0
2807903033,2018,47038.0,18502.0
2807903033,2019,49042.0,19453.0
2807903033,2020,49828.0,20018.0
2807903033,2021,50456.0,20606.0
2807903033,2022,52579.0,22065.0
2807903034,2015,52167.0,18849.0
2807903034,2016,56311.0,20586.0
2807903034,2017,55661.0,20485.0
2807903034,2018,60286.0,21977.0
2807903034,2019,56664.0,20808.0
2807903034,2020,60236.0,22256.0
2807903034,2021,62082.0,23218.0
2807903034,2022,66741.0,25052.0
2807903035,2015,54533.0,21264.0
2807903035,2016,57205.0,22207.0
2807903035,2017,56097.0,21826.0
2807903035,2018,59995.0,23326.0
2807903035,2019,60581.0,23095.0
2807903035,2020,60452.0,23179.0
2807903035,2021,64410.0,24935.0
2807903035,2022,65771.0,25938.0
2807903036,2015,64443.0,22095.0
2807903036,2016,72149.0,24175.0
2807903036,2017,65258.0,22192.0
2807903036,2018,74525.0,25153.0
2807903036,2019,70382.0,23809.0
2807903036,2020,74100.0,25993.0
2807903036,2021,76364.0,26787.0
2807903036,2022,75150.0,26936.0
2807903037,2015,71014.0,23433.0
2807903037,2016,71871.0,24097.0
2807903037,2017,73493.0,24268.0
2807903037,2018,79113.0,26371.0
2807903037,2019,78508.0,26285.0
2807903037,2020,75681.0,25826.0
2807903037,2021,74751.0,25847.0
2807903037,2022,78294.0,27424.0
2807903038,2015,70458.0,22932.0
2807903038,2016,70412.0,23153.0
2807903038,2017,75670.0,25270.0
2807903038,2018,71900.0,24507.0
2807903038,2019,72255.0,25017.0
2807903038,2020,68772.0,24161.0
2807903038,2021,67898.0,24133.0
2807903038,2022,73980.0,26214.0
2807903039,2015,65628.0,21826.0
2807903039,2016,68386.0,23299.0
2807903039,2017,71231.0,24100.0
2807903039,2018,75853.0,25748.0
2807903039,2019,88554.0,30498.0
2807903039,2020,73910.0,25715.0
2807903039,2021,75931.0,26301.0
2807903039,2022,81693.0,28753.0
2807903040,2015,68740.0,23087.0
2807903040,2016,70430.0,23861.0
2807903040,2017,70936.0,23853.0
2807903040,2018,72201.0,24581.0
2807903040,2019,76008.0,25947.0
2807903040,2020,71729.0,24486.0
2807903040,2021,74548.0,25656.0
2807903040,2022,81268.0,27740.0
2807903041,2015,56667.0,22504.0
2807903041,2016,54021.0,21400.0
2807903041,2017,57929.0,22691.0
2807903041,2018,58766.0,23124.0
2807903041,2019,59879.0,23811.0
2807903041,2020,58565.0,23961.0
2807903041,2021,59236.0,24876.0
2807903041,2022,61520.0,25940.0
2807903042,2015,45785.0,19191.0
2807903042,2016,49088.0,20405.0
2807903042,2017,48355.0,19928.0
2807903042,2018,53622.0,21972.0
2807903042,2019,53768.0,21992.0
2807903042,2020,53517.0,22069.0
2807903042,2021,53368.0,22334.0
2807903042,2022,56501.0,23476.0
2807903044,2015,47039.0,19346.0
2807903044,2016,51964.0,21260.0
2807903044,2017,57631.0,23197.0
2807903044,2018,62275.0,24888.0
2807903044,2019,55306.0,22242.0
2807903044,2020,58170.0,23104.0
2807903044,2021,57208.0,22744.0
2807903044,2022,57257.0,22783.0
2807903045,2015,61093.0,22710.0
2807903045,2016,59619.0,22917.0
2807903045,2017,62256.0,24060.0
2807903045,2018,63675.0,24889.0
2807903045,2019,64857.0,25412.0
2807903045,2020,63262.0,25100.0
2807903045,2021,65063.0,26118.0
2807903045,2022,68623.0,27421.0
2807903046,2015,59777.0,22534.0
2807903046,2016,62999.0,23361.0
2807903046,2017,60170.0,22049.0
2807903046,2018,67139.0,24783.0
2807903046,2019,67773.0,25424.0
2807903046,2020,67904.0,25598.0
2807903046,2021,68731.0,26046.0
2807903046,2022,76266.0,29066.0
2807903047,2015,46580.0,18892.0
2807903047,2016,46428.0,19191.0
2807903047,2017,46911.0,19287.0
2807903047,2018,47640.0,19709.0
2807903047,2019,50071.0,20636.0
2807903047,2020,51411.0,21237.0
2807903047,2021,53149.0,21605.0
2807903047,2022,55918.0,23131.0
2807903048,2015,48471.0,19425.0
2807903048,2016,49519.0,19631.0
2807903048,2017,52329.0,20911.0
2807903048,2018,55785.0,21883.0
2807903048,2019,55504.0,22348.0
2807903048,2020,54321.0,22617.0
2807903048,2021,56345.0,22831.0
2807903048,2022,57654.0,23590.0
2807903049,2015,50679.0,20153.0
2807903049,2016,50878.0,20409.0
2807903049,2017,49450.0,19736.0
2807903049,2018,52897.0,20995.0
2807903049,2019,54116.0,21421.0
2807903049,2020,56977.0,22740.0
2807903049,2021,56029.0,22530.0
2807903049,2022,60534.0,24241.0
2807903050,2015,41652.0,20148.0
2807903050,2016,44259.0,21541.0
2807903050,2017,45117.0,21462.0
2807903050,2018,46353.0,22001.0
2807903050,2019,47179.0,22684.0
2807903050,2020,46627.0,22675.0
2807903050,2021,47727.0,23452.0
2807903050,2022,51056.0,24611.0
2807903051,2015,48524.0,19100.0
2807903051,2016,51620.0,20313.0
2807903051,2017,50592.0,20613.0
2807903051,2018,52952.0,21483.0
2807903051,2019,55379.0,22252.0
2807903051,2020,53324.0,21842.0
2807903051,2021,52956.0,22244.0
2807903051,2022,59404.0,24843.0
2807903052,2015,46273.0,19173.0
2807903052,2016,46177.0,18943.0
2807903052,2017,54486.0,22025.0
2807903052,2018,52784.0,20819.0
2807903052,2019,52917.0,21198.0
2807903052,2020,50602.0,20600.0
2807903052,2021,53473.0,22322.0
2807903052,2022,55582.0,23318.0
2807903053,2015,39263.0,16099.0
2807903053,2016,40139.0,16654.0
2807903053,2017,39081.0,16099.0
2807903053,2018,42870.0,17596.0
2807903053,2019,44226.0,18089.0
2807903053,2020,44033.0,18673.0
2807903053,2021,46013.0,19283.0
2807903053,2022,49089.0,20475.0
2807903054,2015,50674.0,21351.0
2807903054,2016,54561.0,23201.0
2807903054,2017,53348.0,22282.0
2807903054,2018,54092.0,23011.0
2807903054,2019,58050.0,23983.0
2807903054,2020,58304.0,24483.0
2807903054,2021,58320.0,25261.0
2807903054,2022,62922.0,26860.0
2807903055,2015,31206.0,15637.0
2807903055,2016,32547.0,16218.0
2807903055,2017,30915.0,15739.0
2807903055,2018,32597.0,16299.0
2807903055,2019,33300.0,16686.0
2807903055,2020,33773.0,16792.0
2807903055,2021,35876.0,17959.0
2807903055,2022,37873.0,18108.0
2807903056,2015,47195.0,18886.0
2807903056,2016,50317.0,20172.0
2807903056,2017,53161.0,20972.0
2807903056,2018,54760.0,21363.0
2807903056,2019,59708.0,23366.0
2807903056,2020,61043.0,23605.0
2807903056,2021,61040.0,23695.0
2807903056,2022,64672.0,25477.0
2807903057,2015,48213.0,20622.0
2807903057,2016,51109.0,21746.0
2807903057,2017,50495.0,21055.0
2807903057,2018,49843.0,21057.0
2807903057,2019,54086.0,22847.0
2807903057,2020,55644.0,23663.0
2807903057,2021,58651.0,24957.0
2807903057,2022,64320.0,26503.0
2807903058,2015,40030.0,18767.0
2807903058,2016,39165.0,18421.0
2807903058,2017,40795.0,19105.0
2807903058,2018,42036.0,19501.0
2807903058,2019,42619.0,19795.0
2807903058,2020,41834.0,19816.0
2807903058,2021,43262.0,21044.0
2807903058,2022,45812.0,21933.0
2807903059,2015,41190.0,17545.0
2807903059,2016,35213.0,15304.0
2807903059,2017,50198.0,21513.0
2807903059,2018,47726.0,20424.0
2807903059,2019,52668.0,22102.0
2807903059,2020,50375.0,21616.0
2807903059,2021,50118.0,21684.0
2807903059,2022,55207.0,23890.0
2807903060,2015,39183.0,18555.0
2807903060,2016,42841.0,20702.0
2807903060,2017,43571.0,21172.0
2807903060,2018,47195.0,23029.0
2807903060,2019,51307.0,24627.0
2807903060,2020,57772.0,27187.0
2807903060,2021,60692.0,28361.0
2807903060,2022,68238.0,31225.0
2807903061,2015,33712.0,16230.0
2807903061,2016,34830.0,17121.0
2807903061,2017,35013.0,17222.0
2807903061,2018,36501.0,18054.0
2807903061,2019,37369.0,18269.0
2807903061,2020,36308.0,18377.0
2807903061,2021,37425.0,19628.0
2807903061,2022,39509.0,20175.0
2807903062,2015,44382.0,19630.0
2807903062,2016,45132.0,20713.0
2807903062,2017,,
2807903062,2018,,
2807903062,2019,,
2807903062,2020,,
2807903062,2021,,
2807903062,2022,,
2807903063,2015,48966.0,20174.0
2807903063,2016,46019.0,19208.0
2807903063,2017,47913.0,20587.0
2807903063,2018,49808.0,21492.0
2807903063,2019,52306.0,22949.0
2807903063,2020,52843.0,22513.0
2807903063,2021,54077.0,23358.0
2807903063,2022,59758.0,25968.0
2807903064,2015,57181.0,22991.0
2807903064,2016,61048.0,24406.0
2807903064,2017,58252.0,23485.0
2807903064,2018,54114.0,21702.0
2807903064,2019,65568.0,25414.0
2807903064,2020,65428.0,25843.0
2807903064,2021,67410.0,27735.0
2807903064,2022,66033.0,27127.0
2807903065,2015,53289.0,20807.0
2807903065,2016,54641.0,21118.0
2807903065,2017,51463.0,21676.0
2807903065,2018,57029.0,23527.0
2807903065,2019,58906.0,24063.0
2807903065,2020,57128.0,23766.0
2807903065,2021,56995.0,23966.0
2807903065,2022,64713.0,26922.0
2807903066,2015,45990.0,19163.0
2807903066,2016,44433.0,18910.0
2807903066,2017,49658.0,20966.0
2807903066,2018,52429.0,21959.0
2807903066,2019,60360.0,26345.0
2807903066,2020,59163.0,25474.0
2807903066,2021,64415.0,28205.0
2807903066,2022,74128.0,32377.0
2807903067,2015,58870.0,24454.0
2807903067,2016,65471.0,27624.0
2807903067,2017,63679.0,26079.0
2807903067,2018,70660.0,29235.0
2807903067,2019,77080.0,30981.0
2807903067,2020,72326.0,30161.0
2807903067,2021,73307.0,31089.0
2807903067,2022,75383.0,32207.0
2807903069,2015,80135.0,28350.0
2807903069,2016,83624.0,29364.0
2807903069,2017,86006.0,30210.0
2807903069,2018,91933.0,32242.0
2807903069,2019,91479.0,32183.0
2807903069,2020,89731.0,31670.0
2807903069,2021,88769.0,32039.0
2807903069,2022,98221.0,34765.0
2807903070,2015,80135.0,28350.0
2807903070,2016,83624.0,29364.0
2807903070,2017,86006.0,30210.0
2807903070,2018,91933.0,32242.0
2807903070,2019,91479.0,32183.0
2807903070,2020,89731.0,31670.0
2807903070,2021,88769.0,32039.0
2807903070,2022,98221.0,34765.0
2807903071,2015,80135.0,28350.0
2807903071,2016,83624.0,29364.0
2807903071,2017,86006.0,30210.0
2807903071,2018,91933.0,32242.0
2807903071,2019,91479.0,32183.0
2807903071,2020,88547.0,31670.0
2807903071,2021,88769.0,32039.0
2807903071,2022,98221.0,34765.0
2807903073,2015,49025.0,19807.0
2807903073,2016,53535.0,21677.0
2807903073,2017,53178.0,21500.0
2807903073,2018,56795.0,23072.0
2807903073,2019,56449.0,22377.0
2807903073,2020,55520.0,22532.0
2807903073,2021,59413.0,23478.0
2807903073,2022,61486.0,24572.0
2807903074,2015,48736.0,20088.0
2807903074,2016,51154.0,20906.0
2807903074,2017,52415.0,21404.0
2807903074,2018,56063.0,22620.0
2807903074,2019,55166.0,22599.0
2807903074,2020,54104.0,22289.0
2807903074,2021,54686.0,22484.0
2807903074,2022,60510.0,25528.0
2807903076,2015,56332.0,21875.0
2807903076,2016,58401.0,22914.0
2807903076,2017,62262.0,24210.0
2807903076,2018,62560.0,24761.0
2807903076,2019,68787.0,27148.0
2807903076,2020,64947.0,26337.0
2807903076,2021,65651.0,26860.0
2807903076,2022,69574.0,28418.0
2807903077,2015,63476.0,23882.0
2807903077,2016,65842.0,24987.0
2807903077,2017,67839.0,26007.0
2807903077,2018,68803.0,26341.0
2807903077,2019,72501.0,27591.0
2807903077,2020,74602.0,28438.0
2807903077,2021,77195.0,29507.0
2807903077,2022,79330.0,30216.0
2807903078,2015,63730.0,23225.0
2807903078,2016,66252.0,24413.0
2807903078,2017,69969.0,25292.0
2807903078,2018,71943.0,25960.0
2807903078,2019,77295.0,27731.0
2807903078,2020,76404.0,27849.0
2807903078,2021,68818.0,25580.0
2807903078,2022,73529.0,27793.0
2807903079,2015,41706.0,18184.0
2807903079,2016,42669.0,18535.0
2807903079,2017,44346.0,19290.0
2807903079,2018,47623.0,20738.0
2807903079,2019,47681.0,20793.0
2807903079,2020,47916.0,20939.0
2807903079,2021,49055.0,21603.0
2807903079,2022,50550.0,22552.0
2807903080,2015,71927.0,24712.0
2807903080,2016,75603.0,26021.0
2807903080,2017,71360.0,24272.0
2807903080,2018,79480.0,27133.0
2807903080,2019,82420.0,28179.0
2807903080,2020,79393.0,27308.0
2807903080,2021,81014.0,28152.0
2807903080,2022,84009.0,29274.0
2807903081,2015,80135.0,28350.0
2807903081,2016,83624.0,29364.0
2807903081,2017,86006.0,30210.0
2807903081,2018,91933.0,32242.0
2807903081,2019,91479.0,32183.0
2807903081,2020,89731.0,31670.0
2807903081,2021,88769.0,32039.0
2807903081,2022,98221.0,34765.0
2807903082,2015,80135.0,28350.0
2807903082,2016,83624.0,29364.0
2807903082,2017,86006.0,30210.0
2807903082,2018,91933.0,32242.0
2807903082,2019,91479.0,32183.0
2807903082,2020,89731.0,31670.0
2807903082,2021,88769.0,32039.0
2807903082,2022,98221.0,34765.0
2807903084,2015,65617.0,22985.0
2807903084,2016,70963.0,25161.0
2807903084,2017,70298.0,24884.0
2807903084,2018,71772.0,25111.0
2807903084,2019,74770.0,26616.0
2807903084,2020,71745.0,26576.0
2807903084,2021,77058.0,28739.0
2807903084,2022,78575.0,28929.0
2807903085,2015,76331.0,28049.0
2807903085,2016,75420.0,28203.0
2807903085,2017,71660.0,27409.0
2807903085,2018,65833.0,24785.0
2807903085,2019,75179.0,29096.0
2807903085,2020,70679.0,27467.0
2807903085,2021,76426.0,29547.0
2807903085,2022,88638.0,34552.0
2807903086,2015,47541.0,19178.0
2807903086,2016,50855.0,20382.0
2807903086,2017,49029.0,19890.0
2807903086,2018,57196.0,22813.0
2807903086,2019,58127.0,23349.0
2807903086,2020,57207.0,23403.0
2807903086,2021,57307.0,24245.0
2807903086,2022,61075.0,25468.0
2807903087,2015,63174.0,22993.0
2807903087,2016,66031.0,23865.0
2807903087,2017,63685.0,23219.0
2807903087,2018,69370.0,25291.0
2807903087,2019,73034.0,26764.0
2807903087,2020,70914.0,26299.0
2807903087,2021,72776.0,27204.0
2807903087,2022,78539.0,29771.0
2807903088,2015,45764.0,18712.0
2807903088,2016,44484.0,19168.0
2807903088,2017,47188.0,20234.0
2807903088,2018,48705.0,20603.0
2807903088,2019,51210.0,21529.0
2807903088,2020,53052.0,21811.0
2807903088,2021,54179.0,21985.0
2807903088,2022,54344.0,23552.0
2807903089,2015,57785.0,20557.0
2807903089,2016,58643.0,20914.0
2807903089,2017,58446.0,21184.0
2807903089,2018,60141.0,21945.0
2807903089,2019,62159.0,23041.0
2807903089,2020,61465.0,23138.0
2807903089,2021,62572.0,23772.0
2807903089,2022,65323.0,25354.0
2807903090,2015,74148.0,24841.0
2807903090,2016,70362.0,24071.0
2807903090,2017,74380.0,25453.0
2807903090,2018,75141.0,25730.0
2807903090,2019,73332.0,25673.0
2807903090,2020,73707.0,25991.0
2807903090,2021,72729.0,25707.0
2807903090,2022,75944.0,27359.0
2807903091,2015,70856.0,23828.0
2807903091,2016,74325.0,25263.0
2807903091,2017,74897.0,25552.0
2807903091,2018,73926.0,25557.0
2807903091,2019,74422.0,25977.0
2807903091,2020,73210.0,26140.0
2807903091,2021,73304.0,26597.0
2807903091,2022,77556.0,28114.0
2807903092,2015,64894.0,23694.0
2807903092,2016,65108.0,24249.0
2807903092,2017,68836.0,25695.0
2807903092,2018,69464.0,26096.0
2807903092,2019,74622.0,28531.0
2807903092,2020,69891.0,26165.0
2807903092,2021,70515.0,26877.0
2807903092,2022,76369.0,29351.0
2807903093,2015,73053.0,25914.0
2807903093,2016,70410.0,25061.0
2807903093,2017,73643.0,26172.0
2807903093,2018,83331.0,29262.0
2807903093,2019,78872.0,27462.0
2807903093,2020,77469.0,27350.0
2807903093,2021,74286.0,26673.0
2807903093,2022,79278.0,29100.0
2807903094,2015,68245.0,23009.0
2807903094,2016,70383.0,23372.0
2807903094,2017,69431.0,23202.0
2807903094,2018,76566.0,25394.0
2807903094,2019,75870.0,25197.0
2807903094,2020,76570.0,25880.0
2807903094,2021,72541.0,24701.0
2807903094,2022,77188.0,26453.0
2807903095,2015,53802.0,21103.0
2807903095,2016,55271.0,21735.0
2807903095,2017,55787.0,22082.0
2807903095,2018,58467.0,23011.0
2807903095,2019,59614.0,23490.0
2807903095,2020,57233.0,22838.0
2807903095,2021,57979.0,23696.0
2807903095,2022,61720.0,25765.0
2807903096,2015,55381.0,21501.0
2807903096,2016,57670.0,22451.0
2807903096,2017,57739.0,22451.0
2807903096,2018,59760.0,23365.0
2807903096,2019,61229.0,24250.0
2807903096,2020,61522.0,24489.0
2807903096,2021,61874.0,24928.0
2807903096,2022,65669.0,26986.0
2807903097,2015,49400.0,18788.0
2807903097,2016,48155.0,18237.0
2807903097,2017,46948.0,16809.0
2807903097,2018,52246.0,19036.0
2807903097,2019,49687.0,18672.0
2807903097,2020,48436.0,18322.0
2807903097,2021,50020.0,18902.0
2807903097,2022,55959.0,21111.0
2807903098,2015,39136.0,16587.0
2807903098,2016,39368.0,16835.0
2807903098,2017,39588.0,17169.0
2807903098,2018,42550.0,18425.0
2807903098,2019,44173.0,19065.0
2807903098,2020,44657.0,19498.0
2807903098,2021,45110.0,19934.0
2807903098,2022,46471.0,20779.0
2807903099,2015,36218.0,16778.0
2807903099,2016,39232.0,17946.0
2807903099,2017,41143.0,19115.0
2807903099,2018,43264.0,19901.0
2807903099,2019,42812.0,19680.0
2807903099,2020,42929.0,20091.0
2807903099,2021,43976.0,20642.0
2807903099,2022,46654.0,22133.0
2807903100,2015,,
2807903100,2016,,
2807903100,2017,54399.0,21760.0
2807903100,2018,53397.0,21515.0
2807903100,2019,54435.0,22257.0
2807903100,2020,53546.0,22085.0
2807903100,2021,55645.0,23385.0
2807903100,2022,57880.0,24404.0
2807903101,2015,,
2807903101,2016,,
2807903101,2017,,
2807903101,2018,,
2807903101,2019,,
2807903101,2020,,
2807903101,2021,,
2807903101,2022,64590.0,25799.0
2807904001,2015,80135.0,28350.0
2807904001,2016,83624.0,29364.0
2807904001,2017,78479.0,30210.0
2807904001,2018,80152.0,32242.0
2807904001,2019,74048.0,32183.0
2807904001,2020,70782.0,31670.0
2807904001,2021,82666.0,32039.0
2807904001,2022,96370.0,34765.0
2807904002,2015,80135.0,28350.0
2807904002,2016,83624.0,29364.0
2807904002,2017,86006.0,30210.0
2807904002,2018,91933.0,32242.0
2807904002,2019,91479.0,32183.0
2807904002,2020,89731.0,31670.0
2807904002,2021,88769.0,32039.0
2807904002,2022,98221.0,34765.0
2807904003,2015,77829.0,28350.0
2807904003,2016,79749.0,29364.0
2807904003,2017,82829.0,30210.0
2807904003,2018,76407.0,32242.0
2807904003,2019,86877.0,32183.0
2807904003,2020,79753.0,31670.0
2807904003,2021,82240.0,32039.0
2807904003,2022,87454.0,34765.0
2807904004,2015,80135.0,28350.0
2807904004,2016,83624.0,29364.0
2807904004,2017,86006.0,30210.0
2807904004,2018,91933.0,32242.0
2807904004,2019,91479.0,32183.0
2807904004,2020,89731.0,31670.0
2807904004,2021,88769.0,32039.0
2807904004,2022,98221.0,34765.0
2807904005,2015,80135.0,28350.0
2807904005,2016,83624.0,29364.0
2807904005,2017,86006.0,30210.0
2807904005,2018,91933.0,32242.0
2807904005,2019,91479.0,32183.0
2807904005,2020,89731.0,31670.0
2807904005,2021,88769.0,32039.0
2807904005,2022,98221.0,34765.0
2807904006,2015,77074.0,28350.0
2807904006,2016,83624.0,29364.0
2807904006,2017,86006.0,30210.0
2807904006,2018,91933.0,32242.0
2807904006,2019,91479.0,32183.0
2807904006,2020,89731.0,31670.0
2807904006,2021,82871.0,32039.0
2807904006,2022,98221.0,34765.0
2807904007,2015,78204.0,28350.0
2807904007,2016,81703.0,29364.0
2807904007,2017,83220.0,30210.0
2807904007,2018,88066.0,32242.0
2807904007,2019,75430.0,32183.0
2807904007,2020,77585.0,31670.0
2807904007,2021,78504.0,32039.0
2807904007,2022,90124.0,34765.0
2807904008,2015,49250.0,22198.0
2807904008,2016,53654.0,24388.0
2807904008,2017,54531.0,25282.0
2807904008,2018,54896.0,25248.0
2807904008,2019,58901.0,26076.0
2807904008,2020,69843.0,31098.0
2807904008,2021,60592.0,27394.0
2807904008,2022,63616.0,29288.0
2807904009,2015,78294.0,28350.0
2807904009,2016,83624.0,29364.0
2807904009,2017,86006.0,30210.0
2807904009,2018,80915.0,29924.0
2807904009,2019,87220.0,32152.0
2807904009,2020,89731.0,31670.0
2807904009,2021,88769.0,32039.0
2807904009,2022,91396.0,34765.0
2807904010,2015,80135.0,28350.0
2807904010,2016,83624.0,29364.0
2807904010,2017,86006.0,30210.0
2807904010,2018,91933.0,32242.0
2807904010,2019,91479.0,32183.0
2807904010,2020,89731.0,31670.0
2807904010,2021,88769.0,32039.0
2807904010,2022,98221.0,34765.0
2807904011,2015,70068.0,28350.0
2807904011,2016,65894.0,26957.0
2807904011,2017,77108.0,30210.0
2807904011,2018,78183.0,31616.0
2807904011,2019,62497.0,25173.0
2807904011,2020,54380.0,21903.0
2807904011,2021,73053.0,29821.0
2807904011,2022,87170.0,34765.0
2807904012,2015,80135.0,28350.0
2807904012,2016,83624.0,29364.0
2807904012,2017,86006.0,30210.0
2807904012,2018,91933.0,32242.0
2807904012,2019,91479.0,32183.0
2807904012,2020,89731.0,31670.0
2807904012,2021,67372.0,28077.0
2807904012,2022,98221.0,34765.0
2807904013,2015,76780.0,28350.0
2807904013,2016,80652.0,29364.0
2807904013,2017,78107.0,30210.0
2807904013,2018,84935.0,32242.0
2807904013,2019,24496.0,10242.0
2807904013,2020,85772.0,31670.0
2807904013,2021,78885.0,32039.0
2807904013,2022,98221.0,34765.0
2807904014,2015,62574.0,26000.0
2807904014,2016,56681.0,23982.0
2807904014,2017,59617.0,24692.0
2807904014,2018,62943.0,26332.0
2807904014,2019,64850.0,26750.0
2807904014,2020,68126.0,28347.0
2807904014,2021,65575.0,26989.0
2807904014,2022,73442.0,31854.0
2807904015,2015,62035.0,26050.0
2807904015,2016,67518.0,28574.0
2807904015,2017,63996.0,27067.0
2807904015,2018,70273.0,29770.0
2807904015,2019,73259.0,31131.0
2807904015,2020,69157.0,29639.0
2807904015,2021,70563.0,30458.0
2807904015,2022,79379.0,33963.0
2807904016,2015,52877.0,22793.0
2807904016,2016,57900.0,25351.0
2807904016,2017,58259.0,25486.0
2807904016,2018,60673.0,26971.0
2807904016,2019,64987.0,28374.0
2807904016,2020,64428.0,27689.0
2807904016,2021,63347.0,27553.0
2807904016,2022,69736.0,30348.0
2807904017,2015,55585.0,24576.0
2807904017,2016,58673.0,25641.0
2807904017,2017,63074.0,26591.0
2807904017,2018,65520.0,28411.0
2807904017,2019,62076.0,26199.0
2807904017,2020,64406.0,28131.0
2807904017,2021,62097.0,27125.0
2807904017,2022,61341.0,27316.0
2807904018,2015,47827.0,21878.0
2807904018,2016,50909.0,22919.0
2807904018,2017,54160.0,24480.0
2807904018,2018,58753.0,26702.0
2807904018,2019,55620.0,25224.0
2807904018,2020,51636.0,23287.0
2807904018,2021,55451.0,24482.0
2807904018,2022,63642.0,28291.0
2807904019,2015,50782.0,22406.0
2807904019,2016,56472.0,24391.0
2807904019,2017,55766.0,24617.0
2807904019,2018,54321.0,23534.0
2807904019,2019,64422.0,28069.0
2807904019,2020,61397.0,27452.0
2807904019,2021,58614.0,25934.0
2807904019,2022,62678.0,27989.0
2807904020,2015,49614.0,22725.0
2807904020,2016,51800.0,24521.0
2807904020,2017,54537.0,26134.0
2807904020,2018,58699.0,28329.0
2807904020,2019,48844.0,22408.0
2807904020,2020,52223.0,24086.0
2807904020,2021,59599.0,27790.0
2807904020,2022,53746.0,25072.0
2807904021,2015,48213.0,20950.0
2807904021,2016,48626.0,21482.0
2807904021,2017,50082.0,21860.0
2807904021,2018,49675.0,22039.0
2807904021,2019,52779.0,24060.0
2807904021,2020,52020.0,23368.0
2807904021,2021,55940.0,25290.0
2807904021,2022,57918.0,26339.0
2807904023,2015,45303.0,21165.0
2807904023,2016,52485.0,24611.0
2807904023,2017,50743.0,24191.0
2807904023,2018,56441.0,26108.0
2807904023,2019,64263.0,29828.0
2807904023,2020,54141.0,25742.0
2807904023,2021,56034.0,26642.0
2807904023,2022,62197.0,28671.0
2807904024,2015,36861.0,17523.0
2807904024,2016,38826.0,18377.0
2807904024,2017,38775.0,18166.0
2807904024,2018,39385.0,18601.0
2807904024,2019,42058.0,19696.0
2807904024,2020,40765.0,19214.0
2807904024,2021,44211.0,21004.0
2807904024,2022,44554.0,21256.0
2807904025,2015,41968.0,20810.0
2807904025,2016,40628.0,20153.0
2807904025,2017,45040.0,22023.0
2807904025,2018,45106.0,22297.0
2807904025,2019,49404.0,24130.0
2807904025,2020,47764.0,22339.0
2807904025,2021,48446.0,22756.0
2807904025,2022,49331.0,23821.0
2807904026,2015,52539.0,22343.0
2807904026,2016,45654.0,19938.0
2807904026,2017,48997.0,20990.0
2807904026,2018,51990.0,22944.0
2807904026,2019,52624.0,23082.0
2807904026,2020,48408.0,20909.0
2807904026,2021,51241.0,22221.0
2807904026,2022,57208.0,25149.0
2807904027,2015,42814.0,17638.0
2807904027,2016,41537.0,17732.0
2807904027,2017,42347.0,18080.0
2807904027,2018,44524.0,18843.0
2807904027,2019,45596.0,19494.0
2807904027,2020,45500.0,20008.0
2807904027,2021,47717.0,20499.0
2807904027,2022,49770.0,21198.0
2807904028,2015,43356.0,20056.0
2807904028,2016,45804.0,21084.0
2807904028,2017,45840.0,20913.0
2807904028,2018,46585.0,21163.0
2807904028,2019,49838.0,22770.0
2807904028,2020,42434.0,19696.0
2807904028,2021,47483.0,22039.0
2807904028,2022,49563.0,23555.0
2807904029,2015,55665.0,24809.0
2807904029,2016,60369.0,26089.0
2807904029,2017,59992.0,25953.0
2807904029,2018,65361.0,28434.0
2807904029,2019,66185.0,28815.0
2807904029,2020,64570.0,28483.0
2807904029,2021,70243.0,29736.0
2807904029,2022,72813.0,30858.0
2807904030,2015,50765.0,21442.0
2807904030,2016,51647.0,22007.0
2807904030,2017,54311.0,23640.0
2807904030,2018,50926.0,22177.0
2807904030,2019,57007.0,24885.0
2807904030,2020,57923.0,25006.0
2807904030,2021,61547.0,27224.0
2807904030,2022,67611.0,29436.0
2807904031,2015,51094.0,21253.0
2807904031,2016,57732.0,23776.0
2807904031,2017,62486.0,25369.0
2807904031,2018,64787.0,26497.0
2807904031,2019,70585.0,29307.0
2807904031,2020,71901.0,29367.0
2807904031,2021,73100.0,30586.0
2807904031,2022,69754.0,28961.0
2807904032,2015,39608.0,17376.0
2807904032,2016,42123.0,18852.0
2807904032,2017,38807.0,17819.0
2807904032,2018,42159.0,19479.0
2807904032,2019,44364.0,20035.0
2807904032,2020,44664.0,20038.0
2807904032,2021,46261.0,20740.0
2807904032,2022,46751.0,20746.0
2807904033,2015,41720.0,18726.0
2807904033,2016,44411.0,20044.0
2807904033,2017,45221.0,20350.0
2807904033,2018,47060.0,21496.0
2807904033,2019,49914.0,22447.0
2807904033,2020,49489.0,22406.0
2807904033,2021,50553.0,22257.0
2807904033,2022,56248.0,24137.0
2807904034,2015,49994.0,21101.0
2807904034,2016,48629.0,20472.0
2807904034,2017,48971.0,20655.0
2807904034,2018,54843.0,23019.0
2807904034,2019,53801.0,22324.0
2807904034,2020,54189.0,22662.0
2807904034,2021,55588.0,22904.0
2807904034,2022,58050.0,24213.0
2807904035,2015,43354.0,19202.0
2807904035,2016,43547.0,20173.0
2807904035,2017,45389.0,20593.0
2807904035,2018,50969.0,23142.0
2807904035,2019,51001.0,22898.0
2807904035,2020,51411.0,23321.0
2807904035,2021,54728.0,24923.0
2807904035,2022,54400.0,25382.0
2807904036,2015,52165.0,21871.0
2807904036,2016,51700.0,21171.0
2807904036,2017,54636.0,22605.0
2807904036,2018,57282.0,24644.0
2807904036,2019,56361.0,24383.0
2807904036,2020,59710.0,25566.0
2807904036,2021,61416.0,26937.0
2807904036,2022,65384.0,28587.0
2807904037,2015,42882.0,19822.0
2807904037,2016,43249.0,19825.0
2807904037,2017,45328.0,20260.0
2807904037,2018,46499.0,20951.0
2807904037,2019,49944.0,22183.0
2807904037,2020,47687.0,21882.0
2807904037,2021,50807.0,23440.0
2807904037,2022,52994.0,24731.0
2807904038,2015,45069.0,19984.0
2807904038,2016,46073.0,20440.0
2807904038,2017,41986.0,18992.0
2807904038,2018,48094.0,21596.0
2807904038,2019,46189.0,21197.0
2807904038,2020,44400.0,20672.0
2807904038,2021,47900.0,21735.0
2807904038,2022,52881.0,23704.0
2807904039,2015,51962.0,23566.0
2807904039,2016,49153.0,22348.0
2807904039,2017,49068.0,22652.0
2807904039,2018,49050.0,23082.0
2807904039,2019,61284.0,27997.0
2807904039,2020,59500.0,26967.0
2807904039,2021,50904.0,23541.0
2807904039,2022,60728.0,28621.0
2807904040,2015,54967.0,22375.0
2807904040,2016,60531.0,24243.0
2807904040,2017,61999.0,24848.0
2807904040,2018,67916.0,26977.0
2807904040,2019,65532.0,26368.0
2807904040,2020,67412.0,27528.0
2807904040,2021,65682.0,27721.0
2807904040,2022,68229.0,29107.0
2807904041,2015,40434.0,18184.0
2807904041,2016,40976.0,18297.0
2807904041,2017,42853.0,18616.0
2807904041,2018,44783.0,19904.0
2807904041,2019,48923.0,21392.0
2807904041,2020,51547.0,22758.0
2807904041,2021,53153.0,23752.0
2807904041,2022,52124.0,23851.0
2807904042,2015,69192.0,26720.0
2807904042,2016,74148.0,28263.0
2807904042,2017,78549.0,30167.0
2807904042,2018,79723.0,30681.0
2807904042,2019,91479.0,32183.0
2807904042,2020,85766.0,31670.0
2807904042,2021,86646.0,32039.0
2807904042,2022,98221.0,34765.0
2807904043,2015,54004.0,20379.0
2807904043,2016,55755.0,21498.0
2807904043,2017,54999.0,21195.0
2807904043,2018,57325.0,21617.0
2807904043,2019,61784.0,23886.0
2807904043,2020,59549.0,22348.0
2807904043,2021,62897.0,23745.0
2807904043,2022,65205.0,24680.0
2807904044,2015,49449.0,19845.0
2807904044,2016,50987.0,20550.0
2807904044,2017,54307.0,21723.0
2807904044,2018,55273.0,22387.0
2807904044,2019,58181.0,23138.0
2807904044,2020,55956.0,22214.0
2807904044,2021,66604.0,25520.0
2807904044,2022,70055.0,27181.0
2807904045,2015,39061.0,18260.0
2807904045,2016,40244.0,18921.0
2807904045,2017,40087.0,19284.0
2807904045,2018,41130.0,19456.0
2807904045,2019,42542.0,20032.0
2807904045,2020,43621.0,20751.0
2807904045,2021,42123.0,20234.0
2807904045,2022,45948.0,22038.0
2807904046,2015,42263.0,17917.0
2807904046,2016,44237.0,19008.0
2807904046,2017,46881.0,20317.0
2807904046,2018,50154.0,21375.0
2807904046,2019,50021.0,22154.0
2807904046,2020,48625.0,21877.0
2807904046,2021,50009.0,22890.0
2807904046,2022,52448.0,24470.0
2807904047,2015,44378.0,18308.0
2807904047,2016,44310.0,18690.0
2807904047,2017,45967.0,19307.0
2807904047,2018,47126.0,19869.0
2807904047,2019,50689.0,21798.0
2807904047,2020,49030.0,21116.0
2807904047,2021,49629.0,21343.0
2807904047,2022,47052.0,20391.0
2807904048,2015,39480.0,16567.0
2807904048,2016,42276.0,17444.0
2807904048,2017,40492.0,17378.0
2807904048,2018,42798.0,18423.0
2807904048,2019,43492.0,18615.0
2807904048,2020,43612.0,19275.0
2807904048,2021,44407.0,19757.0
2807904048,2022,44582.0,19944.0
2807904049,2015,32654.0,15205.0
2807904049,2016,33231.0,15515.0
2807904049,2017,34796.0,16423.0
2807904049,2018,34686.0,16422.0
2807904049,2019,38168.0,18028.0
2807904049,2020,38891.0,18539.0
2807904049,2021,38036.0,18509.0
2807904049,2022,43870.0,21918.0
2807904050,2015,35479.0,15686.0
2807904050,2016,36425.0,16269.0
2807904050,2017,38361.0,16681.0
2807904050,2018,40428.0,17482.0
2807904050,2019,41334.0,17982.0
2807904050,2020,43302.0,18356.0
2807904050,2021,42721.0,18959.0
2807904050,2022,44158.0,18775.0
2807904051,2015,34305.0,15237.0
2807904051,2016,35019.0,15860.0
2807904051,2017,36416.0,16455.0
2807904051,2018,39557.0,17605.0
2807904051,2019,44880.0,19249.0
2807904051,2020,39726.0,17386.0
2807904051,2021,42914.0,19177.0
2807904051,2022,43396.0,19431.0
2807904052,2015,37657.0,16958.0
2807904052,2016,37790.0,16788.0
2807904052,2017,39553.0,17865.0
2807904052,2018,42344.0,19123.0
2807904052,2019,43809.0,19692.0
2807904052,2020,45631.0,20370.0
2807904052,2021,44156.0,20227.0
2807904052,2022,47922.0,22330.0
2807904053,2015,33944.0,16416.0
2807904053,2016,34111.0,16361.0
2807904053,2017,34897.0,16579.0
2807904053,2018,35986.0,17323.0
2807904053,2019,38776.0,18378.0
2807904053,2020,41632.0,19745.0
2807904053,2021,38664.0,18191.0
2807904053,2022,42874.0,20343.0
2807904054,2015,43880.0,18039.0
2807904054,2016,44399.0,18557.0
2807904054,2017,46602.0,19581.0
2807904054,2018,48396.0,19937.0
2807904054,2019,50066.0,20613.0
2807904054,2020,50085.0,20697.0
2807904054,2021,49750.0,20640.0
2807904054,2022,54998.0,22582.0
2807904055,2015,41175.0,19043.0
2807904055,2016,41560.0,19170.0
2807904055,2017,41230.0,19131.0
2807904055,2018,44884.0,20696.0
2807904055,2019,46031.0,21088.0
2807904055,2020,46047.0,21590.0
2807904055,2021,47967.0,22453.0
2807904055,2022,49508.0,22892.0
2807904056,2015,46610.0,20111.0
2807904056,2016,50833.0,21991.0
2807904056,2017,50646.0,22036.0
2807904056,2018,51179.0,22180.0
2807904056,2019,50981.0,22309.0
2807904056,2020,51217.0,22638.0
2807904056,2021,52437.0,23245.0
2807904056,2022,53300.0,23435.0
2807904057,2015,36367.0,16564.0
2807904057,2016,39348.0,18109.0
2807904057,2017,39429.0,17679.0
2807904057,2018,41166.0,18729.0
2807904057,2019,41275.0,19070.0
2807904057,2020,41822.0,19574.0
2807904057,2021,43831.0,20286.0
2807904057,2022,47367.0,22063.0
2807904058,2015,42091.0,18231.0
2807904058,2016,41840.0,18451.0
2807904058,2017,43228.0,19265.0
2807904058,2018,42300.0,18884.0
2807904058,2019,45000.0,20243.0
2807904058,2020,47577.0,21336.0
2807904058,2021,47855.0,21506.0
2807904058,2022,49418.0,22400.0
2807904060,2015,35198.0,15750.0
2807904060,2016,35657.0,15973.0
2807904060,2017,37561.0,16738.0
2807904060,2018,39423.0,17502.0
2807904060,2019,40607.0,17930.0
2807904060,2020,38939.0,17587.0
2807904060,2021,40058.0,18250.0
2807904060,2022,43683.0,19803.0
2807904061,2015,52507.0,20909.0
2807904061,2016,54327.0,21573.0
2807904061,2017,55889.0,22372.0
2807904061,2018,70737.0,28236.0
2807904061,2019,59967.0,24121.0
2807904061,2020,60778.0,24468.0
2807904061,2021,61093.0,24077.0
2807904061,2022,65395.0,26297.0
2807904062,2015,42018.0,18705.0
2807904062,2016,42946.0,19103.0
2807904062,2017,44383.0,19190.0
2807904062,2018,46359.0,20030.0
2807904062,2019,49584.0,21372.0
2807904062,2020,49234.0,21296.0
2807904062,2021,49628.0,21392.0
2807904062,2022,52668.0,22823.0
2807904063,2015,41466.0,17273.0
2807904063,2016,41103.0,17151.0
2807904063,2017,42112.0,17186.0
2807904063,2018,44230.0,18062.0
2807904063,2019,46538.0,19163.0
2807904063,2020,46831.0,19382.0
2807904063,2021,47598.0,20220.0
2807904063,2022,49155.0,21206.0
2807904064,2015,46967.0,21816.0
2807904064,2016,48916.0,22569.0
2807904064,2017,49299.0,22363.0
2807904064,2018,53472.0,24429.0
2807904064,2019,53490.0,23794.0
2807904064,2020,48553.0,22012.0
2807904064,2021,52132.0,23970.0
2807904064,2022,51477.0,24356.0
2807904065,2015,44096.0,18863.0
2807904065,2016,44009.0,19144.0
2807904065,2017,45121.0,19821.0
2807904065,2018,45393.0,20241.0
2807904065,2019,46395.0,20818.0
2807904065,2020,49028.0,22377.0
2807904065,2021,50324.0,22450.0
2807904065,2022,52707.0,23794.0
2807904067,2015,40136.0,18867.0
2807904067,2016,43339.0,20490.0
2807904067,2017,42286.0,19679.0
2807904067,2018,46346.0,21596.0
2807904067,2019,44743.0,20926.0
2807904067,2020,46423.0,21866.0
2807904067,2021,48577.0,22437.0
2807904067,2022,49505.0,22975.0
2807904068,2015,46434.0,20149.0
2807904068,2016,47310.0,20392.0
2807904068,2017,47446.0,20601.0
2807904068,2018,49787.0,21586.0
2807904068,2019,51476.0,22485.0
2807904068,2020,50486.0,22672.0
2807904068,2021,50623.0,22638.0
2807904068,2022,55808.0,23863.0
2807904069,2015,44518.0,19083.0
2807904069,2016,44157.0,18878.0
2807904069,2017,44978.0,19318.0
2807904069,2018,48580.0,20907.0
2807904069,2019,50328.0,21714.0
2807904069,2020,53560.0,23127.0
2807904069,2021,51485.0,22358.0
2807904069,2022,53197.0,23235.0
2807904070,2015,37876.0,16284.0
2807904070,2016,38951.0,17085.0
2807904070,2017,40113.0,17304.0
2807904070,2018,40836.0,17531.0
2807904070,2019,42343.0,18728.0
2807904070,2020,42958.0,18884.0
2807904070,2021,44316.0,19304.0
2807904070,2022,46476.0,20599.0
2807904071,2015,41617.0,16234.0
2807904071,2016,44190.0,17298.0
2807904071,2017,44952.0,17795.0
2807904071,2018,49008.0,19241.0
2807904071,2019,50797.0,20371.0
2807904071,2020,48692.0,20096.0
2807904071,2021,49268.0,20416.0
2807904071,2022,53396.0,22884.0
2807904072,2015,45898.0,19280.0
2807904072,2016,45287.0,18962.0
2807904072,2017,48587.0,20098.0
2807904072,2018,50774.0,21217.0
2807904072,2019,52105.0,21860.0
2807904072,2020,52954.0,21907.0
2807904072,2021,50748.0,21673.0
2807904072,2022,54519.0,22976.0
2807904073,2015,55215.0,22524.0
2807904073,2016,53832.0,21909.0
2807904073,2017,56492.0,22970.0
2807904073,2018,58809.0,24062.0
2807904073,2019,57582.0,23936.0
2807904073,2020,60315.0,25113.0
2807904073,2021,60557.0,24621.0
2807904073,2022,60683.0,24805.0
2807904074,2015,46355.0,19065.0
2807904074,2016,46952.0,19321.0
2807904074,2017,48062.0,19508.0
2807904074,2018,47913.0,20087.0
2807904074,2019,49574.0,21194.0
2807904074,2020,49648.0,21213.0
2807904074,2021,50896.0,21700.0
2807904074,2022,53585.0,23008.0
2807904075,2015,62103.0,23036.0
2807904075,2016,59644.0,22157.0
2807904075,2017,61949.0,22634.0
2807904075,2018,65044.0,23320.0
2807904075,2019,68696.0,24006.0
2807904075,2020,67274.0,24125.0
2807904075,2021,69466.0,25241.0
2807904075,2022,74485.0,27308.0
2807904076,2015,67314.0,21816.0
2807904076,2016,72349.0,23277.0
2807904076,2017,71578.0,23627.0
2807904076,2018,76137.0,24944.0
2807904076,2019,76792.0,25403.0
2807904076,2020,82784.0,28252.0
2807904076,2021,79127.0,27060.0
2807904076,2022,90768.0,30937.0
2807904077,2015,73422.0,25294.0
2807904077,2016,74504.0,25649.0
2807904077,2017,70916.0,24732.0
2807904077,2018,72237.0,24992.0
2807904077,2019,78543.0,27008.0
2807904077,2020,78906.0,27464.0
2807904077,2021,82530.0,28522.0
2807904077,2022,79138.0,27658.0
2807904078,2015,67156.0,22516.0
2807904078,2016,70640.0,24505.0
2807904078,2017,72231.0,25024.0
2807904078,2018,74765.0,25400.0
2807904078,2019,78815.0,26579.0
2807904078,2020,77852.0,26751.0
2807904078,2021,74961.0,25914.0
2807904078,2022,80059.0,28277.0
2807904079,2015,67076.0,23200.0
2807904079,2016,65151.0,22284.0
2807904079,2017,65332.0,22340.0
2807904079,2018,69076.0,23701.0
2807904079,2019,67259.0,23477.0
2807904079,2020,65667.0,22720.0
2807904079,2021,68566.0,24534.0
2807904079,2022,74951.0,26912.0
2807904080,2015,79093.0,25068.0
2807904080,2016,81661.0,26305.0
2807904080,2017,79813.0,26500.0
2807904080,2018,80854.0,26772.0
2807904080,2019,79217.0,26300.0
2807904080,2020,81581.0,27450.0
2807904080,2021,77114.0,26525.0
2807904080,2022,87817.0,29829.0
2807904081,2015,71484.0,23850.0
2807904081,2016,74460.0,24843.0
2807904081,2017,74963.0,25682.0
2807904081,2018,74265.0,25670.0
2807904081,2019,79553.0,26905.0
2807904081,2020,76866.0,25981.0
2807904081,2021,79401.0,27382.0
2807904081,2022,88644.0,31123.0
2807904082,2015,56417.0,21063.0
2807904082,2016,56830.0,21406.0
2807904082,2017,59101.0,22321.0
2807904082,2018,57026.0,21890.0
2807904082,2019,61220.0,23049.0
2807904082,2020,63124.0,23852.0
2807904082,2021,64701.0,24388.0
2807904082,2022,69126.0,26158.0
2807904083,2015,54053.0,20899.0
2807904083,2016,50139.0,19397.0
2807904083,2017,49363.0,18705.0
2807904083,2018,53155.0,19960.0
2807904083,2019,52217.0,19590.0
2807904083,2020,53762.0,20375.0
2807904083,2021,54875.0,20815.0
2807904083,2022,57259.0,21672.0
2807904084,2015,49891.0,18934.0
2807904084,2016,50196.0,19363.0
2807904084,2017,49054.0,19351.0
2807904084,2018,52452.0,20300.0
2807904084,2019,54031.0,21001.0
2807904084,2020,51993.0,20970.0
2807904084,2021,53377.0,21434.0
2807904084,2022,59686.0,23470.0
2807904085,2015,39311.0,17450.0
2807904085,2016,40363.0,17709.0
2807904085,2017,40736.0,18167.0
2807904085,2018,42879.0,18933.0
2807904085,2019,44244.0,19460.0
2807904085,2020,46458.0,20670.0
2807904085,2021,49227.0,21779.0
2807904085,2022,52473.0,23072.0
2807904086,2015,42983.0,19606.0
2807904086,2016,43891.0,19934.0
2807904086,2017,40417.0,19291.0
2807904086,2018,42938.0,20239.0
2807904086,2019,43542.0,20300.0
2807904086,2020,43831.0,20165.0
2807904086,2021,44948.0,21374.0
2807904086,2022,47437.0,22857.0
2807904087,2015,40957.0,19393.0
2807904087,2016,41552.0,19711.0
2807904087,2017,42217.0,19825.0
2807904087,2018,42363.0,19997.0
2807904087,2019,44717.0,20815.0
2807904087,2020,46634.0,21852.0
2807904087,2021,46891.0,22263.0
2807904087,2022,50129.0,23867.0
2807904088,2015,42324.0,19887.0
2807904088,2016,40388.0,19146.0
2807904088,2017,42660.0,20495.0
2807904088,2018,45377.0,21602.0
2807904088,2019,45914.0,21503.0
2807904088,2020,48008.0,22932.0
2807904088,2021,47817.0,22761.0
2807904088,2022,51616.0,24446.0
2807904089,2015,34232.0,15994.0
2807904089,2016,35857.0,16524.0
2807904089,2017,36849.0,16970.0
2807904089,2018,39516.0,18393.0
2807904089,2019,40704.0,19191.0
2807904089,2020,39413.0,19874.0
2807904089,2021,37089.0,18466.0
2807904089,2022,41040.0,20604.0
2807904090,2015,37206.0,17279.0
2807904090,2016,37852.0,17788.0
2807904090,2017,39204.0,18431.0
2807904090,2018,40597.0,19248.0
2807904090,2019,42436.0,20005.0
2807904090,2020,43319.0,20280.0
2807904090,2021,42053.0,20112.0
2807904090,2022,45618.0,21940.0
2807904091,2015,29805.0,15547.0
2807904091,2016,31586.0,16545.0
2807904091,2017,31295.0,16188.0
2807904091,2018,34009.0,17133.0
2807904091,2019,35462.0,17719.0
2807904091,2020,35601.0,18016.0
2807904091,2021,36605.0,18753.0
2807904091,2022,37302.0,19410.0
2807904092,2015,37252.0,19090.0
2807904092,2016,38460.0,19187.0
2807904092,2017,39312.0,19526.0
2807904092,2018,41821.0,20575.0
2807904092,2019,43751.0,21329.0
2807904092,2020,46761.0,23152.0
2807904092,2021,42832.0,21439.0
2807904092,2022,46755.0,23760.0
2807904093,2015,32993.0,15196.0
2807904093,2016,33804.0,15612.0
2807904093,2017,35369.0,16327.0
2807904093,2018,36463.0,16173.0
2807904093,2019,37441.0,17073.0
2807904093,2020,41420.0,18556.0
2807904093,2021,44917.0,20055.0
2807904093,2022,50043.0,22706.0
2807904094,2015,49647.0,21449.0
2807904094,2016,48613.0,20818.0
2807904094,2017,54135.0,23206.0
2807904094,2018,51355.0,21793.0
2807904094,2019,55173.0,23174.0
2807904094,2020,51662.0,22272.0
2807904094,2021,52596.0,22513.0
2807904094,2022,57177.0,24406.0
2807904095,2015,37797.0,18337.0
2807904095,2016,37180.0,17901.0
2807904095,2017,38361.0,19092.0
2807904095,2018,40324.0,19607.0
2807904095,2019,42675.0,21471.0
2807904095,2020,43374.0,21721.0
2807904095,2021,43926.0,22881.0
2807904095,2022,,
2807904096,2015,52182.0,20206.0
2807904096,2016,59767.0,23318.0
2807904096,2017,55531.0,21672.0
2807904096,2018,59916.0,23691.0
2807904096,2019,63112.0,25424.0
2807904096,2020,59048.0,24149.0
2807904096,2021,61853.0,25060.0
2807904096,2022,54804.0,24875.0
2807904097,2015,58641.0,24031.0
2807904097,2016,65889.0,26920.0
2807904097,2017,68939.0,27946.0
2807904097,2018,76413.0,30914.0
2807904097,2019,84031.0,32183.0
2807904097,2020,82635.0,31670.0
2807904097,2021,86293.0,32039.0
2807904097,2022,93261.0,34765.0
2807904098,2015,71192.0,28038.0
2807904098,2016,63268.0,25217.0
2807904098,2017,66690.0,26518.0
2807904098,2018,73882.0,28612.0
2807904098,2019,76903.0,30342.0
2807904098,2020,77895.0,30985.0
2807904098,2021,68497.0,27986.0
2807904098,2022,78091.0,32228.0
2807904099,2015,43302.0,17948.0
2807904099,2016,44330.0,18457.0
2807904099,2017,46234.0,19988.0
2807904099,2018,47216.0,20109.0
2807904099,2019,50623.0,21565.0
2807904099,2020,51498.0,22412.0
2807904099,2021,50783.0,22462.0
2807904099,2022,57273.0,24754.0
2807904100,2015,49720.0,20889.0
2807904100,2016,56075.0,22317.0
2807904100,2017,53561.0,21862.0
2807904100,2018,60874.0,24510.0
2807904100,2019,60905.0,24442.0
2807904100,2020,61752.0,25912.0
2807904100,2021,68604.0,28515.0
2807904100,2022,60226.0,24345.0
2807904101,2015,36226.0,17418.0
2807904101,2016,37044.0,18050.0
2807904101,2017,38742.0,19087.0
2807904101,2018,38506.0,19441.0
2807904101,2019,40003.0,19787.0
2807904101,2020,38287.0,18649.0
2807904101,2021,37043.0,18692.0
2807904101,2022,46018.0,23237.0
2807904102,2015,35865.0,16727.0
2807904102,2016,37433.0,18050.0
2807904102,2017,38344.0,18340.0
2807904102,2018,44324.0,21035.0
2807904102,2019,41921.0,19680.0
2807904102,2020,41513.0,19586.0
2807904102,2021,44364.0,21427.0
2807904102,2022,48995.0,23074.0
2807904103,2015,38505.0,18870.0
2807904103,2016,39243.0,19046.0
2807904103,2017,42282.0,20222.0
2807904103,2018,44432.0,22082.0
2807904103,2019,40511.0,20255.0
2807904103,2020,42216.0,21460.0
2807904103,2021,43404.0,22192.0
2807904103,2022,47126.0,23848.0
2807904104,2015,37834.0,17223.0
2807904104,2016,42532.0,19168.0
2807904104,2017,42452.0,19084.0
2807904104,2018,45110.0,20293.0
2807904104,2019,45182.0,20905.0
2807904104,2020,44129.0,20351.0
2807904104,2021,41780.0,19011.0
2807904104,2022,50922.0,23320.0
2807904105,2015,48788.0,21470.0
2807904105,2016,49340.0,21828.0
2807904105,2017,50119.0,22045.0
2807904105,2018,52941.0,23476.0
2807904105,2019,53484.0,23072.0
2807904105,2020,54793.0,24029.0
2807904105,2021,52638.0,23271.0
2807904105,2022,60853.0,26981.0
2807904106,2015,35043.0,16083.0
2807904106,2016,36478.0,16982.0
2807904106,2017,47173.0,22215.0
2807904106,2018,40451.0,19117.0
2807904106,2019,42775.0,20042.0
2807904106,2020,45927.0,21493.0
2807904106,2021,47137.0,21874.0
2807904106,2022,48493.0,21980.0
2807904107,2015,55553.0,22633.0
2807904107,2016,58966.0,24007.0
2807904107,2017,62360.0,26021.0
2807904107,2018,65308.0,27478.0
2807904107,2019,76884.0,31761.0
2807904107,2020,70065.0,28654.0
2807904107,2021,73191.0,29708.0
2807904107,2022,74006.0,29708.0
2807904108,2015,41744.0,18876.0
2807904108,2016,44648.0,20474.0
2807904108,2017,42629.0,19551.0
2807904108,2018,43664.0,19780.0
2807904108,2019,47978.0,21536.0
2807904108,2020,48772.0,22310.0
2807904108,2021,50219.0,23091.0
2807904108,2022,52138.0,24296.0
2807904109,2015,46359.0,18835.0
2807904109,2016,49656.0,20771.0
2807904109,2017,45971.0,18934.0
2807904109,2018,57305.0,23454.0
2807904109,2019,60996.0,24930.0
2807904109,2020,60179.0,24685.0
2807904109,2021,58743.0,24400.0
2807904109,2022,65057.0,27995.0
2807904110,2015,46672.0,20473.0
2807904110,2016,47708.0,20777.0
2807904110,2017,48716.0,20878.0
2807904110,2018,57747.0,24831.0
2807904110,2019,58200.0,24665.0
2807904110,2020,60406.0,26070.0
2807904110,2021,51651.0,22594.0
2807904110,2022,56983.0,25121.0
2807904111,2015,59441.0,23248.0
2807904111,2016,61879.0,24068.0
2807904111,2017,63998.0,24687.0
2807904111,2018,64492.0,24762.0
2807904111,2019,65815.0,25421.0
2807904111,2020,65003.0,25071.0
2807904111,2021,64696.0,25381.0
2807904111,2022,73305.0,28155.0
2807904112,2015,46960.0,20853.0
2807904112,2016,52053.0,23293.0
2807904112,2017,56014.0,25031.0
2807904112,2018,60356.0,27191.0
2807904112,2019,57513.0,25936.0
2807904112,2020,56810.0,26164.0
2807904112,2021,65380.0,29164.0
2807904112,2022,68419.0,30655.0
2807904113,2015,56380.0,23706.0
2807904113,2016,62927.0,27380.0
2807904113,2017,72009.0,30210.0
2807904113,2018,62823.0,27726.0
2807904113,2019,65228.0,28260.0
2807904113,2020,68465.0,29315.0
2807904113,2021,64731.0,28852.0
2807904113,2022,67551.0,29264.0
2807904114,2015,80135.0,28350.0
2807904114,2016,83624.0,29364.0
2807904114,2017,86006.0,30210.0
2807904114,2018,91933.0,32242.0
2807904114,2019,91479.0,32183.0
2807904114,2020,89731.0,31670.0
2807904114,2021,88769.0,32039.0
2807904114,2022,98221.0,34765.0
2807904115,2015,80135.0,28350.0
2807904115,2016,83624.0,29364.0
2807904115,2017,86006.0,30210.0
2807904115,2018,91933.0,32242.0
2807904115,2019,91479.0,32183.0
2807904115,2020,89731.0,31670.0
2807904115,2021,88769.0,32039.0
2807904115,2022,98221.0,34765.0
2807904116,2015,80135.0,28350.0
2807904116,2016,83624.0,29364.0
2807904116,2017,82663.0,30210.0
2807904116,2018,91933.0,32242.0
2807904116,2019,91479.0,32183.0
2807904116,2020,89731.0,31670.0
2807904116,2021,83055.0,32039.0
2807904116,2022,94325.0,34765.0
2807904117,2015,80135.0,28350.0
2807904117,2016,83624.0,29364.0
2807904117,2017,86006.0,30210.0
2807904117,2018,91933.0,32242.0
2807904117,2019,91479.0,32183.0
2807904117,2020,89731.0,31670.0
2807904117,2021,88769.0,32039.0
2807904117,2022,98221.0,34765.0
2807904118,2015,80135.0,28350.0
2807904118,2016,83624.0,29364.0
2807904118,2017,86006.0,30210.0
2807904118,2018,91933.0,32242.0
2807904118,2019,91479.0,32183.0
2807904118,2020,89731.0,31670.0
2807904118,2021,88769.0,32039.0
2807904118,2022,98221.0,34765.0
2807904119,2015,80135.0,28350.0
2807904119,2016,83624.0,29364.0
2807904119,2017,86006.0,30210.0
2807904119,2018,91582.0,32242.0
2807904119,2019,91479.0,32183.0
2807904119,2020,89731.0,31670.0
2807904119,2021,88769.0,32039.0
2807904119,2022,98221.0,34765.0
2807904120,2015,80135.0,28350.0
2807904120,2016,83624.0,29364.0
2807904120,2017,86006.0,30210.0
2807904120,2018,91933.0,32242.0
2807904120,2019,91479.0,32183.0
2807904120,2020,89731.0,31670.0
2807904120,2021,88769.0,32039.0
2807904120,2022,98221.0,34765.0
2807904121,2015,66470.0,25810.0
2807904121,2016,74954.0,29145.0
2807904121,2017,72876.0,27966.0
2807904121,2018,84732.0,31910.0
2807904121,2019,78058.0,29665.0
2807904121,2020,83789.0,31670.0
2807904121,2021,80246.0,30031.0
2807904121,2022,89193.0,33986.0
2807904123,2015,56534.0,24235.0
2807904123,2016,59407.0,25365.0
2807904123,2017,61649.0,26854.0
2807904123,2018,64513.0,27796.0
2807904123,2019,71431.0,30223.0
2807904123,2020,67285.0,28039.0
2807904123,2021,70859.0,29852.0
2807904123,2022,76039.0,32275.0
2807904124,2015,43179.0,21467.0
2807904124,2016,44236.0,22243.0
2807904124,2017,47595.0,24069.0
2807904124,2018,85596.0,32242.0
2807904124,2019,62736.0,29765.0
2807904124,2020,61055.0,29376.0
2807904124,2021,50787.0,24646.0
2807904124,2022,51099.0,25204.0
2807904126,2015,53110.0,21330.0
2807904126,2016,66002.0,26363.0
2807904126,2017,71186.0,28064.0
2807904126,2018,76077.0,30128.0
2807904126,2019,70342.0,28186.0
2807904126,2020,65830.0,27014.0
2807904126,2021,65641.0,27268.0
2807904126,2022,66904.0,28673.0
2807904127,2015,66606.0,28350.0
2807904127,2016,54818.0,23136.0
2807904127,2017,31884.0,13634.0
2807904127,2018,71816.0,30913.0
2807904127,2019,69313.0,29717.0
2807904127,2020,64837.0,27939.0
2807904127,2021,64369.0,28281.0
2807904127,2022,73168.0,32320.0
2807904128,2015,40951.0,18186.0
2807904128,2016,43215.0,19597.0
2807904128,2017,48164.0,20892.0
2807904128,2018,42581.0,19157.0
2807904128,2019,45493.0,20017.0
2807904128,2020,46815.0,21005.0
2807904128,2021,44626.0,19891.0
2807904128,2022,61861.0,27707.0
2807904129,2015,58721.0,27862.0
2807904129,2016,61717.0,28596.0
2807904129,2017,62302.0,28969.0
2807904129,2018,79080.0,32242.0
2807904129,2019,72877.0,32183.0
2807904129,2020,62393.0,29006.0
2807904129,2021,70020.0,32039.0
2807904129,2022,,
2807904130,2015,80135.0,28350.0
2807904130,2016,71594.0,28215.0
2807904130,2017,84792.0,30210.0
2807904130,2018,88364.0,32242.0
2807904130,2019,91479.0,32183.0
2807904130,2020,89731.0,31670.0
2807904130,2021,88769.0,32039.0
2807904130,2022,98221.0,34765.0
2807904131,2015,,
2807904131,2016,,
2807904131,2017,49561.0,20852.0
2807904131,2018,51177.0,21765.0
2807904131,2019,54818.0,22975.0
2807904131,2020,56649.0,23357.0
2807904131,2021,58178.0,24191.0
2807904131,2022,60823.0,25741.0
2807905001,2015,80135.0,28350.0
2807905001,2016,83624.0,29364.0
2807905001,2017,86006.0,30210.0
2807905001,2018,91933.0,32242.0
2807905001,2019,91479.0,32183.0
2807905001,2020,89731.0,31670.0
2807905001,2021,88769.0,32039.0
2807905001,2022,85315.0,27476.0
2807905002,2015,80135.0,28350.0
2807905002,2016,83624.0,29364.0
2807905002,2017,86006.0,30210.0
2807905002,2018,91933.0,32242.0
2807905002,2019,91479.0,32183.0
2807905002,2020,89731.0,31670.0
2807905002,2021,88769.0,32039.0
2807905002,2022,98221.0,34765.0
2807905003,2015,80135.0,28350.0
2807905003,2016,83624.0,29364.0
2807905003,2017,86006.0,30210.0
2807905003,2018,91933.0,32242.0
2807905003,2019,91479.0,32183.0
2807905003,2020,89731.0,31670.0
2807905003,2021,88769.0,32039.0
2807905003,2022,98221.0,34765.0
2807905004,2015,80135.0,28350.0
2807905004,2016,83624.0,29364.0
2807905004,2017,86006.0,30210.0
2807905004,2018,91933.0,32242.0
2807905004,2019,91479.0,32183.0
2807905004,2020,89731.0,31670.0
2807905004,2021,88769.0,32039.0
2807905004,2022,98221.0,34765.0
2807905005,2015,80135.0,28350.0
2807905005,2016,83624.0,29364.0
2807905005,2017,86006.0,30210.0
2807905005,2018,91933.0,32242.0
2807905005,2019,91479.0,32183.0
2807905005,2020,89731.0,31670.0
2807905005,2021,88769.0,32039.0
2807905005,2022,98221.0,34765.0
2807905006,2015,80135.0,28350.0
2807905006,2016,83624.0,29364.0
2807905006,2017,86006.0,30210.0
2807905006,2018,91933.0,32242.0
2807905006,2019,91479.0,32183.0
2807905006,2020,89731.0,31670.0
2807905006,2021,88769.0,32039.0
2807905006,2022,98221.0,34765.0
2807905007,2015,80135.0,28350.0
2807905007,2016,83624.0,29277.0
2807905007,2017,86006.0,29546.0
2807905007,2018,91933.0,32242.0
2807905007,2019,91479.0,32183.0
2807905007,2020,89731.0,31670.0
2807905007,2021,88769.0,32039.0
2807905007,2022,98221.0,34765.0
2807905008,2015,80135.0,28350.0
2807905008,2016,83624.0,29364.0
2807905008,2017,86006.0,30210.0
2807905008,2018,91933.0,32242.0
2807905008,2019,91479.0,32183.0
2807905008,2020,89731.0,31670.0
2807905008,2021,88769.0,32039.0
2807905008,2022,98221.0,34765.0
2807905009,2015,80135.0,28350.0
2807905009,2016,83624.0,29364.0
2807905009,2017,86006.0,30210.0
2807905009,2018,50598.0,17718.0
2807905009,2019,91479.0,32183.0
2807905009,2020,89731.0,31670.0
2807905009,2021,88769.0,32039.0
2807905009,2022,98221.0,34765.0
2807905010,2015,57829.0,24705.0
2807905010,2016,73298.0,29364.0
2807905010,2017,67275.0,29240.0
2807905010,2018,67276.0,29831.0
2807905010,2019,68514.0,30604.0
2807905010,2020,68474.0,29900.0
2807905010,2021,64345.0,28572.0
2807905010,2022,78733.0,34765.0
2807905011,2015,45959.0,19933.0
2807905011,2016,45179.0,19704.0
2807905011,2017,48257.0,21619.0
2807905011,2018,51711.0,23030.0
2807905011,2019,54423.0,23653.0
2807905011,2020,53564.0,23225.0
2807905011,2021,58376.0,25548.0
2807905011,2022,61408.0,27040.0
2807905012,2015,47195.0,20626.0
2807905012,2016,48820.0,20897.0
2807905012,2017,50563.0,22023.0
2807905012,2018,52859.0,23047.0
2807905012,2019,56756.0,24413.0
2807905012,2020,67532.0,29232.0
2807905012,2021,55561.0,24411.0
2807905012,2022,67019.0,29426.0
2807905013,2015,60087.0,25081.0
2807905013,2016,64684.0,27047.0
2807905013,2017,64137.0,26578.0
2807905013,2018,65083.0,27403.0
2807905013,2019,71309.0,29660.0
2807905013,2020,74644.0,31635.0
2807905013,2021,72237.0,31500.0
2807905013,2022,79379.0,33932.0
2807905014,2015,43155.0,18030.0
2807905014,2016,43366.0,18156.0
2807905014,2017,43062.0,18570.0
2807905014,2018,40909.0,17132.0
2807905014,2019,50561.0,21369.0
2807905014,2020,49118.0,20498.0
2807905014,2021,47851.0,21311.0
2807905014,2022,51599.0,23377.0
2807905015,2015,37801.0,19017.0
2807905015,2016,40107.0,20376.0
2807905015,2017,42105.0,20990.0
2807905015,2018,43626.0,21813.0
2807905015,2019,45807.0,22730.0
2807905015,2020,48593.0,24418.0
2807905015,2021,47964.0,24384.0
2807905015,2022,52606.0,27069.0
2807905016,2015,35647.0,16604.0
2807905016,2016,33502.0,16089.0
2807905016,2017,34965.0,17098.0
2807905016,2018,36010.0,17542.0
2807905016,2019,39551.0,19560.0
2807905016,2020,39628.0,20014.0
2807905016,2021,40508.0,20128.0
2807905016,2022,43666.0,21673.0
2807905017,2015,33860.0,15687.0
2807905017,2016,35815.0,16569.0
2807905017,2017,36411.0,17111.0
2807905017,2018,37018.0,17435.0
2807905017,2019,38485.0,17869.0
2807905017,2020,38643.0,17998.0
2807905017,2021,38930.0,18568.0
2807905017,2022,40478.0,19770.0
2807905018,2015,33575.0,15338.0
2807905018,2016,33972.0,15948.0
2807905018,2017,34719.0,16233.0
2807905018,2018,35186.0,16350.0
2807905018,2019,36074.0,16962.0
2807905018,2020,36496.0,17051.0
2807905018,2021,37135.0,17820.0
2807905018,2022,40829.0,19541.0
2807905019,2015,36309.0,16205.0
2807905019,2016,36383.0,16310.0
2807905019,2017,37478.0,16570.0
2807905019,2018,40745.0,18604.0
2807905019,2019,42829.0,18951.0
2807905019,2020,42850.0,19275.0
2807905019,2021,44139.0,19770.0
2807905019,2022,47193.0,21347.0
2807905020,2015,40888.0,16983.0
2807905020,2016,41734.0,17526.0
2807905020,2017,42492.0,17950.0
2807905020,2018,43182.0,18214.0
2807905020,2019,44763.0,19007.0
2807905020,2020,44962.0,18930.0
2807905020,2021,48022.0,20400.0
2807905020,2022,47994.0,21860.0
2807905021,2015,34313.0,14217.0
2807905021,2016,33624.0,14183.0
2807905021,2017,35225.0,14778.0
2807905021,2018,36591.0,15196.0
2807905021,2019,39246.0,16495.0
2807905021,2020,40129.0,17037.0
2807905021,2021,39175.0,16914.0
2807905021,2022,40466.0,18073.0
2807905022,2015,38199.0,15301.0
2807905022,2016,38867.0,15884.0
2807905022,2017,40240.0,16374.0
2807905022,2018,41345.0,17123.0
2807905022,2019,43255.0,17558.0
2807905022,2020,43485.0,17918.0
2807905022,2021,44580.0,19077.0
2807905022,2022,46305.0,19735.0
2807905023,2015,48529.0,20416.0
2807905023,2016,49852.0,20626.0
2807905023,2017,49455.0,20383.0
2807905023,2018,53295.0,22060.0
2807905023,2019,53828.0,22403.0
2807905023,2020,53251.0,22602.0
2807905023,2021,53431.0,22330.0
2807905023,2022,58629.0,24485.0
2807905024,2015,41864.0,17373.0
2807905024,2016,42395.0,17981.0
2807905024,2017,43532.0,18447.0
2807905024,2018,43741.0,18850.0
2807905024,2019,46319.0,20045.0
2807905024,2020,51390.0,22346.0
2807905024,2021,47631.0,20846.0
2807905024,2022,51375.0,22242.0
2807905025,2015,41722.0,17103.0
2807905025,2016,42963.0,17951.0
2807905025,2017,45450.0,18962.0
2807905025,2018,45724.0,18815.0
2807905025,2019,49130.0,19757.0
2807905025,2020,49144.0,20488.0
2807905025,2021,50280.0,21237.0
2807905025,2022,56283.0,23579.0
2807905026,2015,42336.0,19419.0
2807905026,2016,44079.0,19901.0
2807905026,2017,43516.0,19641.0
2807905026,2018,44636.0,20126.0
2807905026,2019,47146.0,21210.0
2807905026,2020,47866.0,21671.0
2807905026,2021,47744.0,21885.0
2807905026,2022,49673.0,23315.0
2807905027,2015,38125.0,16658.0
2807905027,2016,38783.0,17242.0
2807905027,2017,39589.0,17590.0
2807905027,2018,42024.0,18576.0
2807905027,2019,42338.0,18709.0
2807905027,2020,43093.0,19483.0
2807905027,2021,43854.0,20054.0
2807905027,2022,48916.0,22357.0
2807905028,2015,36503.0,15436.0
2807905028,2016,36600.0,16054.0
2807905028,2017,36350.0,16078.0
2807905028,2018,39228.0,16859.0
2807905028,2019,42000.0,18112.0
2807905028,2020,39523.0,17341.0
2807905028,2021,40815.0,17810.0
2807905028,2022,43512.0,18932.0
2807905029,2015,33500.0,14667.0
2807905029,2016,34492.0,15352.0
2807905029,2017,33812.0,14951.0
2807905029,2018,34575.0,15606.0
2807905029,2019,36467.0,16559.0
2807905029,2020,37350.0,17178.0
2807905029,2021,37930.0,17860.0
2807905029,2022,39909.0,18969.0
2807905030,2015,32087.0,14606.0
2807905030,2016,33553.0,14646.0
2807905030,2017,33699.0,15099.0
2807905030,2018,34636.0,16078.0
2807905030,2019,35847.0,16681.0
2807905030,2020,36611.0,17274.0
2807905030,2021,38036.0,18206.0
2807905030,2022,40175.0,19474.0
2807905031,2015,44329.0,17852.0
2807905031,2016,44736.0,18385.0
2807905031,2017,46558.0,18954.0
2807905031,2018,47766.0,19068.0
2807905031,2019,49650.0,19889.0
2807905031,2020,49880.0,20222.0
2807905031,2021,51213.0,20963.0
2807905031,2022,53566.0,21788.0
2807905032,2015,36341.0,17001.0
2807905032,2016,38115.0,17802.0
2807905032,2017,38957.0,17745.0
2807905032,2018,39214.0,17922.0
2807905032,2019,40305.0,18692.0
2807905032,2020,41431.0,18946.0
2807905032,2021,40463.0,19048.0
2807905032,2022,42520.0,19974.0
2807905033,2015,52106.0,21955.0
2807905033,2016,53658.0,22549.0
2807905033,2017,52252.0,21822.0
2807905033,2018,53774.0,22685.0
2807905033,2019,54921.0,23374.0
2807905033,2020,56073.0,24217.0
2807905033,2021,57031.0,24933.0
2807905033,2022,57834.0,25581.0
2807905034,2015,46640.0,21499.0
2807905034,2016,47016.0,21779.0
2807905034,2017,47219.0,21584.0
2807905034,2018,50608.0,23085.0
2807905034,2019,50028.0,22883.0
2807905034,2020,49724.0,23237.0
2807905034,2021,54515.0,25069.0
2807905034,2022,55167.0,25575.0
2807905035,2015,48742.0,20136.0
2807905035,2016,49353.0,20350.0
2807905035,2017,49585.0,20640.0
2807905035,2018,52298.0,21689.0
2807905035,2019,50032.0,20967.0
2807905035,2020,51862.0,21948.0
2807905035,2021,52394.0,23225.0
2807905035,2022,53324.0,23852.0
2807905036,2015,53631.0,22861.0
2807905036,2016,54066.0,23099.0
2807905036,2017,55680.0,23750.0
2807905036,2018,59675.0,25435.0
2807905036,2019,57813.0,24828.0
2807905036,2020,58263.0,25221.0
2807905036,2021,56971.0,25483.0
2807905036,2022,56977.0,25945.0
2807905037,2015,62767.0,23866.0
2807905037,2016,62499.0,24516.0
2807905037,2017,67729.0,26736.0
2807905037,2018,68228.0,26857.0
2807905037,2019,68497.0,27199.0
2807905037,2020,67546.0,27291.0
2807905037,2021,69466.0,28340.0
2807905037,2022,77893.0,31727.0
2807905038,2015,71220.0,24048.0
2807905038,2016,75467.0,25355.0
2807905038,2017,78887.0,26120.0
2807905038,2018,81509.0,26645.0
2807905038,2019,91479.0,30494.0
2807905038,2020,81107.0,27050.0
2807905038,2021,86111.0,28524.0
2807905038,2022,92371.0,31050.0
2807905039,2015,50200.0,21889.0
2807905039,2016,51203.0,22710.0
2807905039,2017,55147.0,24066.0
2807905039,2018,68007.0,30083.0
2807905039,2019,57559.0,25085.0
2807905039,2020,58574.0,25817.0
2807905039,2021,57230.0,25575.0
2807905039,2022,60579.0,27554.0
2807905040,2015,38228.0,15778.0
2807905040,2016,38677.0,15956.0
2807905040,2017,36005.0,15633.0
2807905040,2018,41763.0,18183.0
2807905040,2019,43287.0,18560.0
2807905040,2020,44438.0,19347.0
2807905040,2021,47297.0,21145.0
2807905040,2022,46883.0,20750.0
2807905041,2015,33576.0,13349.0
2807905041,2016,30567.0,12602.0
2807905041,2017,32430.0,13395.0
2807905041,2018,36164.0,14856.0
2807905041,2019,36789.0,15202.0
2807905041,2020,38221.0,16317.0
2807905041,2021,36953.0,15689.0
2807905041,2022,38525.0,16269.0
2807905042,2015,39247.0,16974.0
2807905042,2016,38727.0,16922.0
2807905042,2017,39775.0,17578.0
2807905042,2018,40122.0,17940.0
2807905042,2019,41970.0,18776.0
2807905042,2020,42943.0,19213.0
2807905042,2021,43827.0,19998.0
2807905042,2022,43782.0,20038.0
2807905043,2015,53656.0,23562.0
2807905043,2016,54250.0,23964.0
2807905043,2017,52967.0,23475.0
2807905043,2018,59933.0,26785.0
2807905043,2019,60554.0,26454.0
2807905043,2020,60659.0,27392.0
2807905043,2021,60135.0,27334.0
2807905043,2022,64458.0,30142.0
2807905044,2015,35258.0,17416.0
2807905044,2016,34854.0,17050.0
2807905044,2017,35091.0,17255.0
2807905044,2018,37218.0,17945.0
2807905044,2019,38403.0,18334.0
2807905044,2020,39239.0,18760.0
2807905044,2021,38708.0,18613.0
2807905044,2022,42163.0,20563.0
2807905045,2015,37030.0,15839.0
2807905045,2016,37068.0,15849.0
2807905045,2017,37534.0,16163.0
2807905045,2018,38765.0,16942.0
2807905045,2019,39592.0,17342.0
2807905045,2020,40728.0,17833.0
2807905045,2021,41534.0,18589.0
2807905045,2022,44182.0,19657.0
2807905046,2015,36130.0,15823.0
2807905046,2016,37572.0,16269.0
2807905046,2017,37157.0,15976.0
2807905046,2018,39718.0,17457.0
2807905046,2019,40620.0,17718.0
2807905046,2020,40362.0,17996.0
2807905046,2021,40854.0,18823.0
2807905046,2022,46753.0,21087.0
2807905047,2015,35849.0,15224.0
2807905047,2016,35550.0,15075.0
2807905047,2017,37384.0,16093.0
2807905047,2018,39690.0,17449.0
2807905047,2019,41321.0,18172.0
2807905047,2020,41821.0,18382.0
2807905047,2021,42327.0,19098.0
2807905047,2022,44465.0,20108.0
2807905048,2015,43572.0,17695.0
2807905048,2016,44935.0,18201.0
2807905048,2017,45510.0,18620.0
2807905048,2018,45987.0,19365.0
2807905048,2019,47010.0,19841.0
2807905048,2020,46783.0,19718.0
2807905048,2021,49255.0,20702.0
2807905048,2022,50637.0,21581.0
2807905049,2015,56692.0,21999.0
2807905049,2016,58976.0,23416.0
2807905049,2017,59726.0,23325.0
2807905049,2018,62358.0,24747.0
2807905049,2019,60610.0,24160.0
2807905049,2020,61426.0,25293.0
2807905049,2021,61285.0,25051.0
2807905049,2022,69099.0,28268.0
2807905051,2015,55507.0,22203.0
2807905051,2016,55663.0,22217.0
2807905051,2017,55515.0,22527.0
2807905051,2018,58803.0,23428.0
2807905051,2019,59363.0,24143.0
2807905051,2020,57707.0,23218.0
2807905051,2021,57950.0,23773.0
2807905051,2022,60402.0,25201.0
2807905052,2015,62887.0,24268.0
2807905052,2016,61301.0,23857.0
2807905052,2017,72513.0,27877.0
2807905052,2018,71190.0,26595.0
2807905052,2019,71650.0,27110.0
2807905052,2020,71098.0,26827.0
2807905052,2021,72930.0,27738.0
2807905052,2022,78938.0,30085.0
2807905053,2015,80135.0,25355.0
2807905053,2016,83624.0,27594.0
2807905053,2017,86006.0,29351.0
2807905053,2018,91933.0,30685.0
2807905053,2019,91479.0,32183.0
2807905053,2020,89731.0,30489.0
2807905053,2021,88769.0,32039.0
2807905053,2022,98221.0,34765.0
2807905054,2015,70243.0,26761.0
2807905054,2016,67955.0,26163.0
2807905054,2017,73086.0,28070.0
2807905054,2018,78902.0,30394.0
2807905054,2019,86859.0,32183.0
2807905054,2020,78939.0,30670.0
2807905054,2021,82867.0,32039.0
2807905054,2022,83425.0,32509.0
2807905055,2015,55975.0,21671.0
2807905055,2016,56481.0,22240.0
2807905055,2017,56799.0,22047.0
2807905055,2018,57167.0,22542.0
2807905055,2019,61971.0,24241.0
2807905055,2020,61012.0,23844.0
2807905055,2021,61409.0,24861.0
2807905055,2022,66201.0,27034.0
2807905056,2015,42854.0,17875.0
2807905056,2016,45076.0,19237.0
2807905056,2017,45428.0,19389.0
2807905056,2018,47959.0,20161.0
2807905056,2019,47848.0,20194.0
2807905056,2020,47605.0,20529.0
2807905056,2021,49380.0,21336.0
2807905056,2022,50119.0,21845.0
2807905057,2015,44165.0,19357.0
2807905057,2016,43953.0,19406.0
2807905057,2017,44035.0,19180.0
2807905057,2018,46700.0,20195.0
2807905057,2019,49450.0,21230.0
2807905057,2020,50877.0,21640.0
2807905057,2021,51029.0,22027.0
2807905057,2022,53283.0,23089.0
2807905058,2015,46551.0,19647.0
2807905058,2016,46788.0,19927.0
2807905058,2017,48275.0,20502.0
2807905058,2018,50171.0,21337.0
2807905058,2019,52359.0,22022.0
2807905058,2020,52313.0,22510.0
2807905058,2021,53653.0,23060.0
2807905058,2022,56703.0,24301.0
2807905059,2015,38119.0,16843.0
2807905059,2016,38681.0,17360.0
2807905059,2017,39481.0,17615.0
2807905059,2018,41893.0,18424.0
2807905059,2019,46670.0,20778.0
2807905059,2020,45729.0,20317.0
2807905059,2021,45036.0,20360.0
2807905059,2022,49870.0,22529.0
2807905060,2015,45491.0,20094.0
2807905060,2016,43613.0,18958.0
2807905060,2017,46620.0,20121.0
2807905060,2018,47178.0,20735.0
2807905060,2019,51551.0,21981.0
2807905060,2020,52875.0,22376.0
2807905060,2021,50853.0,22256.0
2807905060,2022,54700.0,23868.0
2807905061,2015,71344.0,26568.0
2807905061,2016,72481.0,27240.0
2807905061,2017,73380.0,27496.0
2807905061,2018,78114.0,29961.0
2807905061,2019,82799.0,31287.0
2807905061,2020,84287.0,31670.0
2807905061,2021,85670.0,32039.0
2807905061,2022,80217.0,31841.0
2807905062,2015,73043.0,27897.0
2807905062,2016,72358.0,28224.0
2807905062,2017,83585.0,30210.0
2807905062,2018,76478.0,29308.0
2807905062,2019,77063.0,29891.0
2807905062,2020,77459.0,30279.0
2807905062,2021,78227.0,30785.0
2807905062,2022,82389.0,32440.0
2807905063,2015,71849.0,22245.0
2807905063,2016,77443.0,24485.0
2807905063,2017,81335.0,25484.0
2807905063,2018,85455.0,27656.0
2807905063,2019,88888.0,27895.0
2807905063,2020,88441.0,28827.0
2807905063,2021,87669.0,28231.0
2807905063,2022,90201.0,28624.0
2807905064,2015,70815.0,28350.0
2807905064,2016,77455.0,29364.0
2807905064,2017,80833.0,30210.0
2807905064,2018,90825.0,32242.0
2807905064,2019,90836.0,32183.0
2807905064,2020,89731.0,31670.0
2807905064,2021,88769.0,32039.0
2807905064,2022,98221.0,34765.0
2807905065,2015,44797.0,21660.0
2807905065,2016,45662.0,21924.0
2807905065,2017,46961.0,22838.0
2807905065,2018,50414.0,23810.0
2807905065,2019,53099.0,25155.0
2807905065,2020,51586.0,24594.0
2807905065,2021,51892.0,25417.0
2807905065,2022,57958.0,28261.0
2807905066,2015,80135.0,28350.0
2807905066,2016,82142.0,29364.0
2807905066,2017,84385.0,30210.0
2807905066,2018,91933.0,32242.0
2807905066,2019,91479.0,32183.0
2807905066,2020,89731.0,31670.0
2807905066,2021,88769.0,32039.0
2807905066,2022,98221.0,34765.0
2807905067,2015,76491.0,27750.0
2807905067,2016,73945.0,27180.0
2807905067,2017,79322.0,29119.0
2807905067,2018,86437.0,31853.0
2807905067,2019,88167.0,32183.0
2807905067,2020,83201.0,31348.0
2807905067,2021,88645.0,32039.0
2807905067,2022,95723.0,34765.0
2807905068,2015,80135.0,28350.0
2807905068,2016,83624.0,29364.0
2807905068,2017,86006.0,30210.0
2807905068,2018,91933.0,32242.0
2807905068,2019,91479.0,32183.0
2807905068,2020,89731.0,31670.0
2807905068,2021,88769.0,32039.0
2807905068,2022,98221.0,34765.0
2807905069,2015,80135.0,28350.0
2807905069,2016,83624.0,29364.0
2807905069,2017,85482.0,30210.0
2807905069,2018,91933.0,32242.0
2807905069,2019,91479.0,32183.0
2807905069,2020,84703.0,29813.0
2807905069,2021,88769.0,32039.0
2807905069,2022,98221.0,34765.0
2807905070,2015,59901.0,24949.0
2807905070,2016,71984.0,29364.0
2807905070,2017,72078.0,30210.0
2807905070,2018,78637.0,32242.0
2807905070,2019,77607.0,32183.0
2807905070,2020,78641.0,31670.0
2807905070,2021,78896.0,32039.0
2807905070,2022,87238.0,34765.0
2807905072,2015,61844.0,26141.0
2807905072,2016,66422.0,28170.0
2807905072,2017,66234.0,28114.0
2807905072,2018,72608.0,31105.0
2807905072,2019,74950.0,31943.0
2807905072,2020,74265.0,31330.0
2807905072,2021,76529.0,32039.0
2807905072,2022,82316.0,34729.0
2807905073,2015,80135.0,28350.0
2807905073,2016,83624.0,29364.0
2807905073,2017,86006.0,30210.0
2807905073,2018,91933.0,32242.0
2807905073,2019,74976.0,29376.0
2807905073,2020,89186.0,31670.0
2807905073,2021,88769.0,32039.0
2807905073,2022,98221.0,34765.0
2807905074,2015,80135.0,28350.0
2807905074,2016,83624.0,29364.0
2807905074,2017,86006.0,30210.0
2807905074,2018,91933.0,32242.0
2807905074,2019,91479.0,32183.0
2807905074,2020,89731.0,31670.0
2807905074,2021,88769.0,32039.0
2807905074,2022,98221.0,34765.0
2807905075,2015,80135.0,28350.0
2807905075,2016,83624.0,29364.0
2807905075,2017,86006.0,30210.0
2807905075,2018,91933.0,32242.0
2807905075,2019,91479.0,32183.0
2807905075,2020,89731.0,31670.0
2807905075,2021,88769.0,32039.0
2807905075,2022,98221.0,34765.0
2807905076,2015,80135.0,28350.0
2807905076,2016,83624.0,29364.0
2807905076,2017,86006.0,30210.0
2807905076,2018,91933.0,32242.0
2807905076,2019,91479.0,32183.0
2807905076,2020,89731.0,31670.0
2807905076,2021,88769.0,32039.0
2807905076,2022,98221.0,34765.0
2807905077,2015,80135.0,28350.0
2807905077,2016,83624.0,29364.0
2807905077,2017,86006.0,30210.0
2807905077,2018,91933.0,32242.0
2807905077,2019,91479.0,32183.0
2807905077,2020,89731.0,31670.0
2807905077,2021,88769.0,32039.0
2807905077,2022,98221.0,34765.0
2807905078,2015,80135.0,28350.0
2807905078,2016,83624.0,29364.0
2807905078,2017,86006.0,30210.0
2807905078,2018,91933.0,32242.0
2807905078,2019,91479.0,32183.0
2807905078,2020,89731.0,31670.0
2807905078,2021,88769.0,32039.0
2807905078,2022,98221.0,34765.0
2807905079,2015,49837.0,22020.0
2807905079,2016,50237.0,22230.0
2807905079,2017,52359.0,22756.0
2807905079,2018,56783.0,24257.0
2807905079,2019,43042.0,17757.0
2807905079,2020,59092.0,24902.0
2807905079,2021,59619.0,25551.0
2807905079,2022,62226.0,26594.0
2807905080,2015,43767.0,18351.0
2807905080,2016,44756.0,18735.0
2807905080,2017,43543.0,18366.0
2807905080,2018,45870.0,19828.0
2807905080,2019,46670.0,20598.0
2807905080,2020,47471.0,21176.0
2807905080,2021,47246.0,21230.0
2807905080,2022,51248.0,22624.0
2807905081,2015,59281.0,23648.0
2807905081,2016,66676.0,24712.0
2807905081,2017,67899.0,24879.0
2807905081,2018,72652.0,26540.0
2807905081,2019,77885.0,28463.0
2807905081,2020,80229.0,29492.0
2807905081,2021,82879.0,30380.0
2807905081,2022,84890.0,31853.0
2807905082,2015,80135.0,28350.0
2807905082,2016,83624.0,29364.0
2807905082,2017,86006.0,30210.0
2807905082,2018,91933.0,32242.0
2807905082,2019,91479.0,32183.0
2807905082,2020,89731.0,31670.0
2807905082,2021,88769.0,32039.0
2807905082,2022,98221.0,34765.0
2807905083,2015,50604.0,19296.0
2807905083,2016,51040.0,19309.0
2807905083,2017,57353.0,21496.0
2807905083,2018,58452.0,21792.0
2807905083,2019,59879.0,22316.0
2807905083,2020,58868.0,22336.0
2807905083,2021,59850.0,22808.0
2807905083,2022,67920.0,25176.0
2807905084,2015,64077.0,22965.0
2807905084,2016,67159.0,24210.0
2807905084,2017,68671.0,25189.0
2807905084,2018,72652.0,26796.0
2807905084,2019,71440.0,26416.0
2807905084,2020,75086.0,28278.0
2807905084,2021,73295.0,27332.0
2807905084,2022,82785.0,30901.0
2807905085,2015,72800.0,26465.0
2807905085,2016,80544.0,29364.0
2807905085,2017,85513.0,30210.0
2807905085,2018,91752.0,32242.0
2807905085,2019,85192.0,31535.0
2807905085,2020,82084.0,30402.0
2807905085,2021,83062.0,31522.0
2807905085,2022,93117.0,34765.0
2807905086,2015,40364.0,19213.0
2807905086,2016,41290.0,19888.0
2807905086,2017,42449.0,20741.0
2807905086,2018,42477.0,20995.0
2807905086,2019,46907.0,22015.0
2807905086,2020,46987.0,22516.0
2807905086,2021,50882.0,24905.0
2807905086,2022,51115.0,25163.0
2807905087,2015,50800.0,21193.0
2807905087,2016,53027.0,22190.0
2807905087,2017,52675.0,21980.0
2807905087,2018,53792.0,22579.0
2807905087,2019,56753.0,23437.0
2807905087,2020,55846.0,23287.0
2807905087,2021,58435.0,24437.0
2807905087,2022,61520.0,26096.0
2807905088,2015,55466.0,21762.0
2807905088,2016,58899.0,22855.0
2807905088,2017,56687.0,22013.0
2807905088,2018,59415.0,22683.0
2807905088,2019,64796.0,23868.0
2807905088,2020,70673.0,26163.0
2807905088,2021,63382.0,24193.0
2807905088,2022,70982.0,27327.0
2807905089,2015,55537.0,22119.0
2807905089,2016,61596.0,23684.0
2807905089,2017,65047.0,25095.0
2807905089,2018,71431.0,27565.0
2807905089,2019,54484.0,20812.0
2807905089,2020,68694.0,25618.0
2807905089,2021,71988.0,26767.0
2807905089,2022,72938.0,26613.0
2807905090,2015,39969.0,17571.0
2807905090,2016,42311.0,18566.0
2807905090,2017,41921.0,18290.0
2807905090,2018,44534.0,20020.0
2807905090,2019,45366.0,20450.0
2807905090,2020,45470.0,20941.0
2807905090,2021,47743.0,21821.0
2807905090,2022,48730.0,22666.0
2807905091,2015,45642.0,18136.0
2807905091,2016,43328.0,17702.0
2807905091,2017,55579.0,22530.0
2807905091,2018,46500.0,19329.0
2807905091,2019,47050.0,18875.0
2807905091,2020,48611.0,19910.0
2807905091,2021,48280.0,19712.0
2807905091,2022,50956.0,21267.0
2807905092,2015,28351.0,14100.0
2807905092,2016,27918.0,13876.0
2807905092,2017,29004.0,14189.0
2807905092,2018,30546.0,14897.0
2807905092,2019,32385.0,15721.0
2807905092,2020,34590.0,16190.0
2807905092,2021,32124.0,15442.0
2807905092,2022,34641.0,16278.0
2807905094,2015,56778.0,21578.0
2807905094,2016,59108.0,22698.0
2807905094,2017,49937.0,21545.0
2807905094,2018,49690.0,21904.0
2807905094,2019,53352.0,23372.0
2807905094,2020,51098.0,22497.0
2807905094,2021,53667.0,24066.0
2807905094,2022,56436.0,25697.0
2807905095,2015,65721.0,25223.0
2807905095,2016,70218.0,27267.0
2807905095,2017,70338.0,26975.0
2807905095,2018,72054.0,27835.0
2807905095,2019,77827.0,30169.0
2807905095,2020,69820.0,27530.0
2807905095,2021,73979.0,29699.0
2807905095,2022,75008.0,30592.0
2807905096,2015,41533.0,18323.0
2807905096,2016,43213.0,19264.0
2807905096,2017,44266.0,20180.0
2807905096,2018,45365.0,20560.0
2807905096,2019,46754.0,21214.0
2807905096,2020,44388.0,20563.0
2807905096,2021,46267.0,21321.0
2807905096,2022,49433.0,22989.0
2807905097,2015,58586.0,25571.0
2807905097,2016,60612.0,26566.0
2807905097,2017,62493.0,27216.0
2807905097,2018,67744.0,29444.0
2807905097,2019,72159.0,31208.0
2807905097,2020,72484.0,31670.0
2807905097,2021,74157.0,32039.0
2807905097,2022,77105.0,34765.0
2807905098,2015,37346.0,16720.0
2807905098,2016,37545.0,16892.0
2807905098,2017,38817.0,17464.0
2807905098,2018,41469.0,18808.0
2807905098,2019,43394.0,19578.0
2807905098,2020,42622.0,19709.0
2807905098,2021,43742.0,20621.0
2807905098,2022,45248.0,21010.0
2807905099,2015,53815.0,20632.0
2807905099,2016,55370.0,21528.0
2807905099,2017,57707.0,22207.0
2807905099,2018,57108.0,22255.0
2807905099,2019,59029.0,23112.0
2807905099,2020,56670.0,22218.0
2807905099,2021,59439.0,23490.0
2807905099,2022,61389.0,24645.0
2807905100,2015,80135.0,26438.0
2807905100,2016,83624.0,28485.0
2807905100,2017,86006.0,27229.0
2807905100,2018,91933.0,29692.0
2807905100,2019,91479.0,31761.0
2807905100,2020,89731.0,31670.0
2807905100,2021,88769.0,32039.0
2807905100,2022,98221.0,33853.0
2807905101,2015,61831.0,21115.0
2807905101,2016,60401.0,20897.0
2807905101,2017,61035.0,21214.0
2807905101,2018,62789.0,22213.0
2807905101,2019,65901.0,22863.0
2807905101,2020,69323.0,23988.0
2807905101,2021,67840.0,23792.0
2807905101,2022,70316.0,25169.0
2807905102,2015,62734.0,26993.0
2807905102,2016,66789.0,27501.0
2807905102,2017,75363.0,30210.0
2807905102,2018,67237.0,28155.0
2807905102,2019,69094.0,29142.0
2807905102,2020,64836.0,26867.0
2807905102,2021,66780.0,28499.0
2807905102,2022,68799.0,29609.0
2807905103,2015,,
2807905103,2016,,
2807905103,2017,63580.0,21503.0
2807905103,2018,69266.0,23604.0
2807905103,2019,68857.0,23541.0
2807905103,2020,69615.0,24237.0
2807905103,2021,74760.0,26099.0
2807905103,2022,78872.0,27282.0
2807905104,2015,,
2807905104,2016,,
2807905104,2017,71618.0,23946.0
2807905104,2018,89289.0,30221.0
2807905104,2019,77965.0,26423.0
2807905104,2020,79104.0,27245.0
2807905104,2021,80723.0,27991.0
2807905104,2022,87205.0,30406.0
2807906001,2015,32325.0,13182.0
2807906001,2016,33577.0,13761.0
2807906001,2017,36804.0,14904.0
2807906001,2018,36298.0,14674.0
2807906001,2019,37178.0,15325.0
2807906001,2020,35694.0,15163.0
2807906001,2021,38160.0,16213.0
2807906001,2022,41083.0,17598.0
2807906002,2015,29792.0,12319.0
2807906002,2016,30136.0,12771.0
2807906002,2017,30719.0,13225.0
2807906002,2018,33234.0,14238.0
2807906002,2019,33966.0,14761.0
2807906002,2020,33999.0,14813.0
2807906002,2021,36684.0,16685.0
2807906002,2022,40232.0,18192.0
2807906003,2015,31041.0,13907.0
2807906003,2016,30354.0,13655.0
2807906003,2017,31332.0,14321.0
2807906003,2018,31629.0,14315.0
2807906003,2019,32689.0,14786.0
2807906003,2020,32127.0,15163.0
2807906003,2021,32797.0,15523.0
2807906003,2022,32866.0,15246.0
2807906004,2015,25637.0,10467.0
2807906004,2016,27114.0,11029.0
2807906004,2017,28385.0,11363.0
2807906004,2018,30547.0,12193.0
2807906004,2019,31970.0,12134.0
2807906004,2020,31208.0,12266.0
2807906004,2021,31281.0,12626.0
2807906004,2022,33980.0,14064.0
2807906005,2015,28674.0,11440.0
2807906005,2016,28352.0,10984.0
2807906005,2017,29493.0,10926.0
2807906005,2018,29932.0,11197.0
2807906005,2019,31488.0,11779.0
2807906005,2020,31833.0,12008.0
2807906005,2021,32104.0,12495.0
2807906005,2022,34336.0,13245.0
2807906006,2015,27231.0,10808.0
2807906006,2016,27862.0,11126.0
2807906006,2017,29235.0,11088.0
2807906006,2018,30750.0,11535.0
2807906006,2019,32314.0,11874.0
2807906006,2020,31203.0,11432.0
2807906006,2021,31530.0,12305.0
2807906006,2022,34490.0,13571.0
2807906007,2015,30259.0,12739.0
2807906007,2016,30945.0,13254.0
2807906007,2017,31002.0,13152.0
2807906007,2018,32288.0,13639.0
2807906007,2019,34514.0,14614.0
2807906007,2020,33327.0,14529.0
2807906007,2021,35274.0,15487.0
2807906007,2022,36112.0,15731.0
2807906008,2015,27672.0,11680.0
2807906008,2016,28526.0,11964.0
2807906008,2017,29426.0,12427.0
2807906008,2018,30830.0,13116.0
2807906008,2019,32207.0,13706.0
2807906008,2020,31449.0,13654.0
2807906008,2021,31898.0,13845.0
2807906008,2022,33100.0,14707.0
2807906009,2015,35430.0,14859.0
2807906009,2016,35721.0,14542.0
2807906009,2017,35941.0,14629.0
2807906009,2018,38333.0,15484.0
2807906009,2019,38925.0,16133.0
2807906009,2020,39181.0,16461.0
2807906009,2021,39814.0,16783.0
2807906009,2022,42465.0,17241.0
2807906010,2015,44187.0,18190.0
2807906010,2016,45202.0,18552.0
2807906010,2017,44089.0,18104.0
2807906010,2018,46966.0,19698.0
2807906010,2019,49288.0,20449.0
2807906010,2020,48173.0,20575.0
2807906010,2021,48503.0,21198.0
2807906010,2022,51385.0,22506.0
2807906011,2015,32184.0,12665.0
2807906011,2016,31461.0,12216.0
2807906011,2017,31101.0,12251.0
2807906011,2018,33480.0,12965.0
2807906011,2019,33582.0,12710.0
2807906011,2020,34076.0,12775.0
2807906011,2021,35911.0,13638.0
2807906011,2022,38023.0,14789.0
2807906012,2015,29056.0,11372.0
2807906012,2016,30209.0,11563.0
2807906012,2017,30730.0,12049.0
2807906012,2018,31703.0,12526.0
2807906012,2019,33869.0,13291.0
2807906012,2020,33298.0,13050.0
2807906012,2021,33649.0,13619.0
2807906012,2022,35891.0,13998.0
2807906013,2015,26879.0,10963.0
2807906013,2016,27311.0,10764.0
2807906013,2017,28439.0,11531.0
2807906013,2018,29520.0,11691.0
2807906013,2019,30474.0,12305.0
2807906013,2020,30962.0,12438.0
2807906013,2021,30383.0,12165.0
2807906013,2022,32798.0,13057.0
2807906014,2015,32331.0,12544.0
2807906014,2016,31772.0,12737.0
2807906014,2017,32898.0,13442.0
2807906014,2018,33923.0,14216.0
2807906014,2019,34026.0,14039.0
2807906014,2020,34683.0,14149.0
2807906014,2021,36327.0,14952.0
2807906014,2022,39051.0,15843.0
2807906015,2015,25516.0,10053.0
2807906015,2016,25831.0,10112.0
2807906015,2017,27170.0,10413.0
2807906015,2018,27981.0,10946.0
2807906015,2019,30689.0,11816.0
2807906015,2020,30229.0,11796.0
2807906015,2021,30779.0,12112.0
2807906015,2022,33586.0,13162.0
2807906016,2015,28716.0,11096.0
2807906016,2016,27861.0,10967.0
2807906016,2017,28808.0,11335.0
2807906016,2018,29678.0,11472.0
2807906016,2019,31215.0,11960.0
2807906016,2020,32230.0,12644.0
2807906016,2021,31413.0,12393.0
2807906016,2022,33718.0,13562.0
2807906017,2015,25645.0,10923.0
2807906017,2016,25361.0,10804.0
2807906017,2017,25669.0,10965.0
2807906017,2018,27198.0,11580.0
2807906017,2019,29214.0,11787.0
2807906017,2020,28961.0,12213.0
2807906017,2021,30730.0,12241.0
2807906017,2022,31903.0,12778.0
2807906018,2015,28904.0,11821.0
2807906018,2016,29653.0,12058.0
2807906018,2017,30533.0,12415.0
2807906018,2018,31319.0,12541.0
2807906018,2019,34854.0,13825.0
2807906018,2020,33033.0,13218.0
2807906018,2021,35381.0,14310.0
2807906018,2022,37164.0,15157.0
2807906019,2015,24221.0,9161.0
2807906019,2016,25049.0,9284.0
2807906019,2017,25001.0,9464.0
2807906019,2018,26977.0,10147.0
2807906019,2019,28304.0,10343.0
2807906019,2020,27970.0,10349.0
2807906019,2021,28978.0,11275.0
2807906019,2022,31857.0,12217.0
2807906021,2015,26573.0,10101.0
2807906021,2016,27137.0,10542.0
2807906021,2017,27480.0,11009.0
2807906021,2018,28930.0,11488.0
2807906021,2019,30140.0,11610.0
2807906021,2020,29678.0,11680.0
2807906021,2021,31313.0,12519.0
2807906021,2022,33578.0,13301.0
2807906023,2015,42736.0,16548.0
2807906023,2016,47455.0,18363.0
2807906023,2017,43918.0,16930.0
2807906023,2018,43875.0,16658.0
2807906023,2019,45780.0,17225.0
2807906023,2020,48757.0,19566.0
2807906023,2021,47688.0,18527.0
2807906023,2022,49381.0,19178.0
2807906024,2015,34197.0,17003.0
2807906024,2016,35981.0,17735.0
2807906024,2017,37242.0,18271.0
2807906024,2018,38322.0,19106.0
2807906024,2019,42217.0,20957.0
2807906024,2020,41114.0,20436.0
2807906024,2021,41650.0,20702.0
2807906024,2022,43545.0,22163.0
2807906025,2015,27692.0,11776.0
2807906025,2016,29150.0,12242.0
2807906025,2017,29925.0,12645.0
2807906025,2018,31811.0,13570.0
2807906025,2019,32570.0,14390.0
2807906025,2020,31858.0,14256.0
2807906025,2021,32827.0,14376.0
2807906025,2022,35386.0,15280.0
2807906026,2015,35777.0,16606.0
2807906026,2016,36669.0,17059.0
2807906026,2017,37435.0,17292.0
2807906026,2018,39328.0,17967.0
2807906026,2019,40561.0,18297.0
2807906026,2020,41722.0,18565.0
2807906026,2021,42899.0,19367.0
2807906026,2022,42286.0,19477.0
2807906027,2015,47062.0,22763.0
2807906027,2016,47161.0,22457.0
2807906027,2017,48004.0,22456.0
2807906027,2018,52132.0,24915.0
2807906027,2019,53101.0,24903.0
2807906027,2020,50067.0,23710.0
2807906027,2021,50438.0,24125.0
2807906027,2022,54104.0,26595.0
2807906028,2015,80135.0,28350.0
2807906028,2016,79730.0,29364.0
2807906028,2017,78921.0,29545.0
2807906028,2018,81220.0,30537.0
2807906028,2019,79766.0,30121.0
2807906028,2020,80417.0,30712.0
2807906028,2021,80893.0,30342.0
2807906028,2022,85701.0,32100.0
2807906029,2015,44339.0,24391.0
2807906029,2016,46705.0,25220.0
2807906029,2017,48986.0,26511.0
2807906029,2018,51247.0,27663.0
2807906029,2019,54348.0,28866.0
2807906029,2020,50852.0,28135.0
2807906029,2021,55231.0,31030.0
2807906029,2022,55539.0,31297.0
2807906031,2015,53055.0,21432.0
2807906031,2016,56497.0,22923.0
2807906031,2017,56471.0,22991.0
2807906031,2018,58331.0,23587.0
2807906031,2019,61738.0,25326.0
2807906031,2020,60402.0,24664.0
2807906031,2021,59624.0,24321.0
2807906031,2022,61455.0,25615.0
2807906032,2015,31091.0,14761.0
2807906032,2016,31396.0,15061.0
2807906032,2017,32244.0,15188.0
2807906032,2018,32484.0,15334.0
2807906032,2019,34412.0,16488.0
2807906032,2020,35045.0,16808.0
2807906032,2021,35343.0,17108.0
2807906032,2022,38085.0,18089.0
2807906033,2015,32893.0,12983.0
2807906033,2016,33949.0,13955.0
2807906033,2017,33590.0,14315.0
2807906033,2018,34220.0,13791.0
2807906033,2019,36885.0,14688.0
2807906033,2020,35373.0,14526.0
2807906033,2021,36812.0,15002.0
2807906033,2022,40702.0,15912.0
2807906034,2015,29774.0,13024.0
2807906034,2016,31615.0,13852.0
2807906034,2017,32075.0,14370.0
2807906034,2018,33158.0,14939.0
2807906034,2019,34992.0,16038.0
2807906034,2020,34390.0,15872.0
2807906034,2021,31309.0,14681.0
2807906034,2022,39191.0,18113.0
2807906035,2015,28995.0,11882.0
2807906035,2016,29841.0,12204.0
2807906035,2017,30533.0,12190.0
2807906035,2018,31828.0,12828.0
2807906035,2019,33884.0,13644.0
2807906035,2020,33136.0,13090.0
2807906035,2021,35323.0,14301.0
2807906035,2022,36258.0,14800.0
2807906036,2015,31208.0,13438.0
2807906036,2016,31720.0,13669.0
2807906036,2017,31438.0,13781.0
2807906036,2018,32273.0,14086.0
2807906036,2019,35613.0,16070.0
2807906036,2020,35088.0,15322.0
2807906036,2021,36284.0,16632.0
2807906036,2022,37860.0,17477.0
2807906037,2015,29373.0,13529.0
2807906037,2016,30083.0,13719.0
2807906037,2017,29609.0,13579.0
2807906037,2018,31913.0,14607.0
2807906037,2019,33421.0,15186.0
2807906037,2020,34631.0,16020.0
2807906037,2021,36166.0,16558.0
2807906037,2022,39397.0,18359.0
2807906038,2015,63829.0,25424.0
2807906038,2016,69205.0,27781.0
2807906038,2017,61300.0,25137.0
2807906038,2018,64451.0,26944.0
2807906038,2019,68194.0,28801.0
2807906038,2020,67147.0,28730.0
2807906038,2021,66705.0,28695.0
2807906038,2022,72266.0,30933.0
2807906039,2015,75256.0,26748.0
2807906039,2016,68997.0,24797.0
2807906039,2017,63782.0,22854.0
2807906039,2018,65458.0,23502.0
2807906039,2019,70487.0,24887.0
2807906039,2020,68269.0,24163.0
2807906039,2021,76602.0,27525.0
2807906039,2022,75688.0,27265.0
2807906040,2015,69647.0,25038.0
2807906040,2016,73816.0,26967.0
2807906040,2017,71370.0,26474.0
2807906040,2018,70110.0,25584.0
2807906040,2019,74190.0,26734.0
2807906040,2020,75756.0,27942.0
2807906040,2021,79380.0,29104.0
2807906040,2022,86835.0,32187.0
2807906041,2015,40313.0,18456.0
2807906041,2016,42327.0,19092.0
2807906041,2017,41877.0,19216.0
2807906041,2018,43296.0,19704.0
2807906041,2019,43781.0,19546.0
2807906041,2020,43244.0,19670.0
2807906041,2021,44169.0,20137.0
2807906041,2022,49590.0,22846.0
2807906042,2015,33561.0,14769.0
2807906042,2016,33708.0,14737.0
2807906042,2017,34055.0,14885.0
2807906042,2018,36017.0,15556.0
2807906042,2019,37900.0,16248.0
2807906042,2020,37441.0,16225.0
2807906042,2021,39395.0,17267.0
2807906042,2022,41291.0,17937.0
2807906043,2015,32123.0,15421.0
2807906043,2016,32853.0,15749.0
2807906043,2017,33507.0,15853.0
2807906043,2018,34946.0,16836.0
2807906043,2019,40210.0,19336.0
2807906043,2020,38682.0,18847.0
2807906043,2021,36591.0,18194.0
2807906043,2022,39647.0,19620.0
2807906044,2015,51906.0,19980.0
2807906044,2016,53010.0,20258.0
2807906044,2017,54247.0,20569.0
2807906044,2018,55543.0,21379.0
2807906044,2019,59193.0,22624.0
2807906044,2020,60694.0,23508.0
2807906044,2021,63472.0,24446.0
2807906044,2022,68048.0,26117.0
2807906045,2015,52518.0,20472.0
2807906045,2016,49464.0,19594.0
2807906045,2017,54224.0,21331.0
2807906045,2018,57672.0,22347.0
2807906045,2019,58396.0,22475.0
2807906045,2020,54066.0,21010.0
2807906045,2021,58853.0,23364.0
2807906045,2022,59897.0,24045.0
2807906046,2015,51429.0,24352.0
2807906046,2016,55251.0,25822.0
2807906046,2017,57973.0,26660.0
2807906046,2018,62276.0,28296.0
2807906046,2019,66940.0,30641.0
2807906046,2020,67031.0,30973.0
2807906046,2021,67463.0,31715.0
2807906046,2022,71094.0,32953.0
2807906048,2015,57362.0,23855.0
2807906048,2016,58987.0,25109.0
2807906048,2017,58127.0,24163.0
2807906048,2018,61884.0,25305.0
2807906048,2019,65323.0,27075.0
2807906048,2020,67626.0,28058.0
2807906048,2021,66874.0,27817.0
2807906048,2022,76133.0,31984.0
2807906049,2015,43513.0,18673.0
2807906049,2016,50689.0,21488.0
2807906049,2017,45027.0,18928.0
2807906049,2018,48770.0,20075.0
2807906049,2019,52556.0,21345.0
2807906049,2020,52158.0,21284.0
2807906049,2021,53740.0,22226.0
2807906049,2022,57442.0,24352.0
2807906050,2015,44455.0,18205.0
2807906050,2016,46337.0,18752.0
2807906050,2017,50678.0,20620.0
2807906050,2018,47493.0,19658.0
2807906050,2019,50569.0,21206.0
2807906050,2020,52812.0,21771.0
2807906050,2021,51405.0,20999.0
2807906050,2022,54690.0,22817.0
2807906051,2015,46461.0,19252.0
2807906051,2016,51765.0,21235.0
2807906051,2017,49836.0,19996.0
2807906051,2018,52252.0,21334.0
2807906051,2019,54708.0,22466.0
2807906051,2020,54289.0,22015.0
2807906051,2021,58216.0,23486.0
2807906051,2022,63698.0,25391.0
2807906052,2015,37756.0,16313.0
2807906052,2016,39194.0,16987.0
2807906052,2017,40547.0,17366.0
2807906052,2018,41312.0,17745.0
2807906052,2019,42796.0,18224.0
2807906052,2020,42852.0,18864.0
2807906052,2021,42180.0,19344.0
2807906052,2022,45974.0,20923.0
2807906053,2015,37329.0,14884.0
2807906053,2016,40187.0,15865.0
2807906053,2017,40644.0,15709.0
2807906053,2018,41300.0,16495.0
2807906053,2019,43590.0,17228.0
2807906053,2020,43272.0,17450.0
2807906053,2021,44753.0,18382.0
2807906053,2022,47285.0,18892.0
2807906054,2015,35496.0,15417.0
2807906054,2016,35637.0,15940.0
2807906054,2017,37546.0,16187.0
2807906054,2018,36977.0,16328.0
2807906054,2019,42160.0,18381.0
2807906054,2020,44835.0,19871.0
2807906054,2021,46501.0,20968.0
2807906054,2022,50982.0,21880.0
2807906056,2015,30639.0,12283.0
2807906056,2016,31119.0,12448.0
2807906056,2017,31028.0,12428.0
2807906056,2018,32332.0,13123.0
2807906056,2019,34517.0,13924.0
2807906056,2020,34083.0,13980.0
2807906056,2021,35729.0,14831.0
2807906056,2022,40078.0,16462.0
2807906057,2015,39679.0,17253.0
2807906057,2016,37960.0,16883.0
2807906057,2017,37152.0,16712.0
2807906057,2018,39968.0,17877.0
2807906057,2019,41400.0,18321.0
2807906057,2020,40466.0,18205.0
2807906057,2021,44142.0,19753.0
2807906057,2022,45433.0,20717.0
2807906058,2015,37393.0,18476.0
2807906058,2016,38319.0,18997.0
2807906058,2017,38353.0,19113.0
2807906058,2018,38846.0,20039.0
2807906058,2019,40157.0,20726.0
2807906058,2020,42686.0,22082.0
2807906058,2021,44379.0,23894.0
2807906058,2022,46153.0,24677.0
2807906059,2015,48567.0,23021.0
2807906059,2016,52741.0,25429.0
2807906059,2017,51215.0,24628.0
2807906059,2018,55717.0,26509.0
2807906059,2019,61017.0,28954.0
2807906059,2020,57255.0,27915.0
2807906059,2021,56469.0,28369.0
2807906059,2022,62002.0,30859.0
2807906060,2015,34336.0,16311.0
2807906060,2016,37430.0,17695.0
2807906060,2017,38253.0,17517.0
2807906060,2018,39242.0,17915.0
2807906060,2019,41953.0,19185.0
2807906060,2020,41073.0,18786.0
2807906060,2021,41411.0,19242.0
2807906060,2022,45590.0,21000.0
2807906061,2015,41891.0,18204.0
2807906061,2016,42575.0,18690.0
2807906061,2017,42121.0,19041.0
2807906061,2018,43337.0,19277.0
2807906061,2019,45485.0,20613.0
2807906061,2020,46784.0,20894.0
2807906061,2021,49346.0,22294.0
2807906061,2022,51274.0,22758.0
2807906062,2015,65123.0,28350.0
2807906062,2016,67591.0,29364.0
2807906062,2017,67695.0,30210.0
2807906062,2018,69284.0,31355.0
2807906062,2019,74932.0,32183.0
2807906062,2020,74761.0,31670.0
2807906062,2021,74438.0,32039.0
2807906062,2022,74601.0,33434.0
2807906063,2015,73740.0,27101.0
2807906063,2016,82430.0,29364.0
2807906063,2017,76491.0,28725.0
2807906063,2018,79956.0,30308.0
2807906063,2019,87431.0,32183.0
2807906063,2020,89731.0,31670.0
2807906063,2021,85765.0,32039.0
2807906063,2022,98221.0,34765.0
2807906064,2015,80135.0,28350.0
2807906064,2016,83624.0,29364.0
2807906064,2017,86006.0,30210.0
2807906064,2018,91933.0,32242.0
2807906064,2019,91479.0,32183.0
2807906064,2020,89731.0,31670.0
2807906064,2021,88769.0,32039.0
2807906064,2022,98221.0,34765.0
2807906065,2015,63201.0,26303.0
2807906065,2016,76508.0,29364.0
2807906065,2017,79951.0,30210.0
2807906065,2018,78795.0,32242.0
2807906065,2019,86122.0,32183.0
2807906065,2020,54945.0,22990.0
2807906065,2021,77762.0,32039.0
2807906065,2022,89763.0,34765.0
2807906066,2015,40102.0,19889.0
2807906066,2016,41067.0,20533.0
2807906066,2017,42714.0,20836.0
2807906066,2018,45325.0,22244.0
2807906066,2019,46068.0,22549.0
2807906066,2020,44860.0,22190.0
2807906066,2021,45840.0,22779.0
2807906066,2022,47742.0,23853.0
2807906067,2015,32867.0,14390.0
2807906067,2016,33853.0,14840.0
2807906067,2017,36292.0,15828.0
2807906067,2018,37129.0,16217.0
2807906067,2019,40798.0,17413.0
2807906067,2020,39622.0,17538.0
2807906067,2021,40994.0,18423.0
2807906067,2022,42153.0,19200.0
2807906068,2015,28934.0,13328.0
2807906068,2016,30068.0,14096.0
2807906068,2017,30007.0,13873.0
2807906068,2018,30143.0,13936.0
2807906068,2019,33810.0,15136.0
2807906068,2020,33366.0,15199.0
2807906068,2021,34638.0,15758.0
2807906068,2022,37620.0,17375.0
2807906069,2015,32179.0,15026.0
2807906069,2016,32356.0,14937.0
2807906069,2017,32411.0,15266.0
2807906069,2018,34830.0,16174.0
2807906069,2019,36261.0,16609.0
2807906069,2020,34675.0,16249.0
2807906069,2021,35801.0,16746.0
2807906069,2022,36635.0,16959.0
2807906070,2015,37435.0,21227.0
2807906070,2016,37668.0,21775.0
2807906070,2017,40325.0,22892.0
2807906070,2018,41804.0,23096.0
2807906070,2019,41630.0,23190.0
2807906070,2020,42448.0,24014.0
2807906070,2021,42700.0,24654.0
2807906070,2022,43968.0,25279.0
2807906071,2015,64106.0,28059.0
2807906071,2016,63228.0,28049.0
2807906071,2017,64738.0,29303.0
2807906071,2018,65236.0,29306.0
2807906071,2019,67196.0,29857.0
2807906071,2020,61154.0,27516.0
2807906071,2021,61479.0,27748.0
2807906071,2022,62957.0,29027.0
2807906072,2015,35299.0,17145.0
2807906072,2016,39336.0,19226.0
2807906072,2017,36580.0,17819.0
2807906072,2018,37921.0,18471.0
2807906072,2019,38075.0,18306.0
2807906072,2020,38623.0,18507.0
2807906072,2021,39921.0,19239.0
2807906072,2022,41732.0,20514.0
2807906073,2015,23532.0,10073.0
2807906073,2016,24389.0,10193.0
2807906073,2017,24642.0,10411.0
2807906073,2018,26309.0,10982.0
2807906073,2019,28115.0,11781.0
2807906073,2020,28322.0,11995.0
2807906073,2021,30358.0,12778.0
2807906073,2022,31560.0,13184.0
2807906074,2015,21945.0,9971.0
2807906074,2016,22485.0,10310.0
2807906074,2017,22884.0,10440.0
2807906074,2018,24368.0,11126.0
2807906074,2019,26854.0,12188.0
2807906074,2020,26583.0,12380.0
2807906074,2021,28044.0,13005.0
2807906074,2022,28568.0,13677.0
2807906075,2015,29867.0,12269.0
2807906075,2016,30108.0,12567.0
2807906075,2017,30395.0,12557.0
2807906075,2018,31505.0,12789.0
2807906075,2019,32587.0,13242.0
2807906075,2020,32875.0,13113.0
2807906075,2021,33339.0,13159.0
2807906075,2022,34678.0,13977.0
2807906076,2015,32695.0,16707.0
2807906076,2016,33043.0,16724.0
2807906076,2017,34956.0,17594.0
2807906076,2018,38345.0,19259.0
2807906076,2019,37920.0,18540.0
2807906076,2020,41885.0,20306.0
2807906076,2021,40703.0,19283.0
2807906076,2022,41386.0,19543.0
2807906077,2015,35918.0,15693.0
2807906077,2016,37208.0,16326.0
2807906077,2017,38322.0,16878.0
2807906077,2018,41319.0,18184.0
2807906077,2019,41182.0,17901.0
2807906077,2020,40158.0,17874.0
2807906077,2021,41983.0,18866.0
2807906077,2022,44240.0,19092.0
2807906078,2015,32653.0,13219.0
2807906078,2016,34870.0,14390.0
2807906078,2017,36449.0,15091.0
2807906078,2018,37047.0,15242.0
2807906078,2019,37687.0,15262.0
2807906078,2020,37599.0,14906.0
2807906078,2021,38151.0,15492.0
2807906078,2022,40949.0,16404.0
2807906079,2015,45559.0,19321.0
2807906079,2016,44552.0,18485.0
2807906079,2017,56491.0,23347.0
2807906079,2018,44918.0,18527.0
2807906079,2019,46765.0,18869.0
2807906079,2020,45434.0,19411.0
2807906079,2021,48337.0,20360.0
2807906079,2022,51588.0,21263.0
2807906080,2015,29105.0,11674.0
2807906080,2016,31417.0,12714.0
2807906080,2017,31974.0,13263.0
2807906080,2018,33418.0,13556.0
2807906080,2019,35163.0,14039.0
2807906080,2020,36895.0,15160.0
2807906080,2021,38118.0,15696.0
2807906080,2022,39188.0,16846.0
2807906081,2015,25140.0,9369.0
2807906081,2016,25373.0,9579.0
2807906081,2017,26789.0,9868.0
2807906081,2018,27741.0,10344.0
2807906081,2019,28704.0,10704.0
2807906081,2020,29310.0,11048.0
2807906081,2021,31152.0,11821.0
2807906081,2022,33436.0,12673.0
2807906084,2015,20069.0,7217.0
2807906084,2016,22216.0,7995.0
2807906084,2017,24738.0,9191.0
2807906084,2018,26787.0,9583.0
2807906084,2019,29029.0,10503.0
2807906084,2020,29535.0,10788.0
2807906084,2021,30830.0,11211.0
2807906084,2022,32295.0,12252.0
2807906085,2015,26403.0,9982.0
2807906085,2016,26211.0,10042.0
2807906085,2017,26687.0,10294.0
2807906085,2018,28036.0,11010.0
2807906085,2019,29164.0,11299.0
2807906085,2020,30594.0,11848.0
2807906085,2021,30829.0,12193.0
2807906085,2022,33225.0,12999.0
2807906089,2015,25212.0,10056.0
2807906089,2016,26161.0,10609.0
2807906089,2017,27017.0,10974.0
2807906089,2018,28000.0,11195.0
2807906089,2019,30700.0,11940.0
2807906089,2020,29395.0,11866.0
2807906089,2021,30635.0,12424.0
2807906089,2022,32436.0,12954.0
2807906090,2015,27970.0,11185.0
2807906090,2016,27385.0,10986.0
2807906090,2017,28894.0,11290.0
2807906090,2018,29884.0,11947.0
2807906090,2019,31105.0,11986.0
2807906090,2020,30997.0,12199.0
2807906090,2021,32411.0,12728.0
2807906090,2022,34263.0,13387.0
2807906091,2015,27149.0,11190.0
2807906091,2016,28602.0,11893.0
2807906091,2017,28569.0,11757.0
2807906091,2018,30727.0,12382.0
2807906091,2019,33757.0,13343.0
2807906091,2020,32719.0,13211.0
2807906091,2021,33754.0,14116.0
2807906091,2022,36612.0,15127.0
2807906092,2015,32329.0,13664.0
2807906092,2016,32650.0,13541.0
2807906092,2017,33714.0,13681.0
2807906092,2018,35034.0,14310.0
2807906092,2019,35438.0,15006.0
2807906092,2020,35349.0,14859.0
2807906092,2021,37779.0,15570.0
2807906092,2022,38975.0,16361.0
2807906093,2015,28337.0,10840.0
2807906093,2016,28407.0,10678.0
2807906093,2017,28159.0,10584.0
2807906093,2018,28646.0,10950.0
2807906093,2019,30768.0,11670.0
2807906093,2020,30751.0,11558.0
2807906093,2021,30930.0,11954.0
2807906093,2022,33075.0,12974.0
2807906094,2015,28483.0,11787.0
2807906094,2016,29128.0,11982.0
2807906094,2017,29349.0,12469.0
2807906094,2018,30329.0,12456.0
2807906094,2019,32070.0,13320.0
2807906094,2020,30919.0,13166.0
2807906094,2021,31828.0,13722.0
2807906094,2022,35043.0,15245.0
2807906095,2015,28203.0,10299.0
2807906095,2016,30103.0,11024.0
2807906095,2017,29750.0,11031.0
2807906095,2018,30834.0,11337.0
2807906095,2019,32382.0,12136.0
2807906095,2020,32976.0,12231.0
2807906095,2021,35066.0,12906.0
2807906095,2022,37170.0,13869.0
2807906096,2015,25422.0,10751.0
2807906096,2016,24401.0,10369.0
2807906096,2017,26659.0,10875.0
2807906096,2018,27611.0,11030.0
2807906096,2019,29724.0,11817.0
2807906096,2020,28431.0,11348.0
2807906096,2021,29573.0,12004.0
2807906096,2022,31568.0,12447.0
2807906097,2015,27732.0,10839.0
2807906097,2016,28329.0,11231.0
2807906097,2017,28080.0,10943.0
2807906097,2018,30212.0,11875.0
2807906097,2019,31626.0,12468.0
2807906097,2020,30906.0,12461.0
2807906097,2021,32929.0,13278.0
2807906097,2022,34533.0,13619.0
2807906098,2015,27947.0,11111.0
2807906098,2016,26760.0,10869.0
2807906098,2017,26933.0,10991.0
2807906098,2018,27752.0,11141.0
2807906098,2019,30776.0,12273.0
2807906098,2020,29857.0,12098.0
2807906098,2021,33562.0,13555.0
2807906098,2022,,
2807906099,2015,23296.0,9474.0
2807906099,2016,23787.0,9505.0
2807906099,2017,23745.0,9651.0
2807906099,2018,25097.0,10095.0
2807906099,2019,26885.0,10306.0
2807906099,2020,26550.0,10423.0
2807906099,2021,28239.0,11377.0
2807906099,2022,29755.0,11879.0
2807906101,2015,28910.0,11689.0
2807906101,2016,28645.0,11763.0
2807906101,2017,30183.0,12352.0
2807906101,2018,30258.0,12185.0
2807906101,2019,30217.0,11913.0
2807906101,2020,30196.0,11889.0
2807906101,2021,30054.0,12285.0
2807906101,2022,32923.0,13474.0
2807906102,2015,28343.0,11863.0
2807906102,2016,27937.0,11651.0
2807906102,2017,29327.0,11779.0
2807906102,2018,30473.0,12101.0
2807906102,2019,31986.0,12690.0
2807906102,2020,31682.0,12751.0
2807906102,2021,32513.0,13521.0
2807906102,2022,34839.0,14538.0
2807906103,2015,30798.0,12565.0
2807906103,2016,32442.0,13053.0
2807906103,2017,30566.0,12064.0
2807906103,2018,32297.0,12899.0
2807906103,2019,32830.0,13073.0
2807906103,2020,33208.0,13138.0
2807906103,2021,33968.0,14044.0
2807906103,2022,36713.0,15791.0
2807906104,2015,26686.0,10378.0
2807906104,2016,27206.0,10963.0
2807906104,2017,27218.0,11077.0
2807906104,2018,28779.0,11330.0
2807906104,2019,29469.0,11672.0
2807906104,2020,29543.0,11980.0
2807906104,2021,29025.0,12220.0
2807906104,2022,31811.0,13347.0
2807906105,2015,27547.0,12102.0
2807906105,2016,28289.0,12141.0
2807906105,2017,29420.0,12631.0
2807906105,2018,30387.0,13069.0
2807906105,2019,31541.0,13407.0
2807906105,2020,31172.0,13502.0
2807906105,2021,32671.0,14226.0
2807906105,2022,35188.0,15135.0
2807906106,2015,29419.0,11850.0
2807906106,2016,30382.0,12481.0
2807906106,2017,29853.0,12166.0
2807906106,2018,30645.0,12401.0
2807906106,2019,31557.0,13380.0
2807906106,2020,31908.0,12581.0
2807906106,2021,33331.0,13482.0
2807906106,2022,35531.0,14721.0
2807906107,2015,32144.0,13937.0
2807906107,2016,33299.0,14833.0
2807906107,2017,31825.0,14297.0
2807906107,2018,33100.0,15290.0
2807906107,2019,33818.0,15159.0
2807906107,2020,34096.0,15384.0
2807906107,2021,34920.0,15941.0
2807906107,2022,35592.0,16217.0
2807906108,2015,27674.0,10739.0
2807906108,2016,28787.0,10993.0
2807906108,2017,29598.0,11566.0
2807906108,2018,31197.0,11886.0
2807906108,2019,33459.0,12207.0
2807906108,2020,32401.0,12686.0
2807906108,2021,33706.0,13202.0
2807906108,2022,35539.0,13938.0
2807906109,2015,28465.0,11041.0
2807906109,2016,29394.0,11450.0
2807906109,2017,29497.0,11498.0
2807906109,2018,30826.0,12062.0
2807906109,2019,31875.0,12007.0
2807906109,2020,32545.0,11801.0
2807906109,2021,33371.0,12707.0
2807906109,2022,34747.0,13477.0
2807906110,2015,27390.0,12038.0
2807906110,2016,27006.0,11992.0
2807906110,2017,27657.0,11950.0
2807906110,2018,29185.0,11990.0
2807906110,2019,31340.0,13008.0
2807906110,2020,30976.0,13295.0
2807906110,2021,31747.0,14049.0
2807906110,2022,36278.0,16001.0
2807906111,2015,32434.0,13549.0
2807906111,2016,33689.0,14156.0
2807906111,2017,33433.0,13925.0
2807906111,2018,34188.0,14665.0
2807906111,2019,36255.0,15475.0
2807906111,2020,36147.0,15393.0
2807906111,2021,36344.0,15706.0
2807906111,2022,38882.0,16502.0
2807906112,2015,26764.0,10489.0
2807906112,2016,27118.0,10521.0
2807906112,2017,27628.0,10867.0
2807906112,2018,28414.0,11134.0
2807906112,2019,29275.0,11671.0
2807906112,2020,28896.0,11803.0
2807906112,2021,31153.0,12523.0
2807906112,2022,32705.0,12975.0
2807906113,2015,30598.0,12905.0
2807906113,2016,30137.0,12920.0
2807906113,2017,30849.0,13071.0
2807906113,2018,32233.0,13258.0
2807906113,2019,34464.0,14034.0
2807906113,2020,33729.0,14098.0
2807906113,2021,35239.0,15215.0
2807906113,2022,36414.0,15488.0
2807906114,2015,29293.0,12407.0
2807906114,2016,29613.0,12640.0
2807906114,2017,29570.0,12731.0
2807906114,2018,30652.0,12980.0
2807906114,2019,32767.0,13846.0
2807906114,2020,32648.0,13875.0
2807906114,2021,33907.0,14593.0
2807906114,2022,35667.0,15169.0
2807906115,2015,25784.0,11189.0
2807906115,2016,24892.0,10923.0
2807906115,2017,26086.0,11180.0
2807906115,2018,26776.0,11581.0
2807906115,2019,27546.0,11390.0
2807906115,2020,28215.0,11715.0
2807906115,2021,28609.0,11872.0
2807906115,2022,29704.0,12026.0
2807906116,2015,28520.0,11703.0
2807906116,2016,28969.0,11772.0
2807906116,2017,31250.0,13011.0
2807906116,2018,30302.0,12647.0
2807906116,2019,31099.0,12784.0
2807906116,2020,31209.0,13024.0
2807906116,2021,32790.0,14222.0
2807906116,2022,34216.0,14769.0
2807906117,2015,32316.0,13514.0
2807906117,2016,32523.0,13543.0
2807906117,2017,33249.0,13876.0
2807906117,2018,34386.0,14727.0
2807906117,2019,35565.0,15016.0
2807906117,2020,35131.0,15353.0
2807906117,2021,37404.0,16075.0
2807906117,2022,39308.0,16849.0
2807906118,2015,30363.0,12330.0
2807906118,2016,30690.0,12190.0
2807906118,2017,31575.0,12791.0
2807906118,2018,32390.0,13231.0
2807906118,2019,35101.0,14026.0
2807906118,2020,35094.0,14245.0
2807906118,2021,35259.0,14603.0
2807906118,2022,36945.0,15363.0
2807906119,2015,28820.0,11927.0
2807906119,2016,28742.0,12005.0
2807906119,2017,30684.0,12344.0
2807906119,2018,32857.0,12844.0
2807906119,2019,33093.0,12954.0
2807906119,2020,31658.0,12689.0
2807906119,2021,33771.0,14181.0
2807906119,2022,34878.0,14587.0
2807906120,2015,27274.0,10458.0
2807906120,2016,27564.0,10526.0
2807906120,2017,28358.0,10975.0
2807906120,2018,30274.0,11451.0
2807906120,2019,30435.0,11413.0
2807906120,2020,30228.0,11614.0
2807906120,2021,29597.0,11509.0
2807906120,2022,33286.0,12526.0
2807906121,2015,27708.0,11390.0
2807906121,2016,29372.0,12084.0
2807906121,2017,30568.0,12522.0
2807906121,2018,30471.0,12553.0
2807906121,2019,32222.0,12904.0
2807906121,2020,31535.0,13157.0
2807906121,2021,33584.0,14041.0
2807906121,2022,33907.0,14196.0
2807906122,2015,30746.0,12673.0
2807906122,2016,31060.0,13036.0
2807906122,2017,32272.0,13240.0
2807906122,2018,32858.0,13524.0
2807906122,2019,34697.0,14037.0
2807906122,2020,34158.0,13896.0
2807906122,2021,35540.0,14616.0
2807906122,2022,36943.0,15226.0
2807906123,2015,26512.0,10914.0
2807906123,2016,25722.0,10601.0
2807906123,2017,27362.0,11228.0
2807906123,2018,33446.0,13894.0
2807906123,2019,33744.0,13575.0
2807906123,2020,30798.0,12522.0
2807906123,2021,32375.0,13667.0
2807906123,2022,34298.0,14138.0
2807906124,2015,27438.0,11078.0
2807906124,2016,28131.0,11280.0
2807906124,2017,29335.0,11700.0
2807906124,2018,30189.0,11827.0
2807906124,2019,32362.0,12674.0
2807906124,2020,32504.0,13002.0
2807906124,2021,33233.0,13543.0
2807906124,2022,35365.0,14314.0
2807906125,2015,43830.0,19493.0
2807906125,2016,46095.0,20433.0
2807906125,2017,47731.0,21355.0
2807906125,2018,48713.0,22201.0
2807906125,2019,50028.0,22417.0
2807906125,2020,49295.0,22219.0
2807906125,2021,51613.0,23439.0
2807906125,2022,53629.0,24724.0
2807906126,2015,28018.0,12438.0
2807906126,2016,28200.0,12310.0
2807906126,2017,28668.0,12782.0
2807906126,2018,29596.0,13007.0
2807906126,2019,31713.0,13714.0
2807906126,2020,30760.0,13644.0
2807906126,2021,31637.0,14396.0
2807906126,2022,33763.0,15276.0
2807906127,2015,29678.0,10651.0
2807906127,2016,29332.0,10645.0
2807906127,2017,31233.0,11329.0
2807906127,2018,31382.0,11462.0
2807906127,2019,32696.0,12061.0
2807906127,2020,33255.0,12587.0
2807906127,2021,34588.0,13208.0
2807906127,2022,37243.0,14386.0
2807906128,2015,25036.0,10735.0
2807906128,2016,26717.0,11562.0
2807906128,2017,27332.0,11739.0
2807906128,2018,28380.0,12334.0
2807906128,2019,30255.0,12768.0
2807906128,2020,29201.0,12865.0
2807906128,2021,29470.0,13039.0
2807906128,2022,32058.0,13871.0
2807906129,2015,27805.0,12029.0
2807906129,2016,26867.0,11705.0
2807906129,2017,28273.0,12393.0
2807906129,2018,28799.0,12511.0
2807906129,2019,30238.0,12974.0
2807906129,2020,30329.0,13233.0
2807906129,2021,30950.0,13505.0
2807906129,2022,33580.0,14576.0
2807907001,2015,40478.0,19635.0
2807907001,2016,42242.0,20754.0
2807907001,2017,43322.0,20947.0
2807907001,2018,43819.0,20781.0
2807907001,2019,46155.0,22370.0
2807907001,2020,47556.0,23239.0
2807907001,2021,47258.0,22908.0
2807907001,2022,48435.0,23314.0
2807907002,2015,43440.0,17709.0
2807907002,2016,46430.0,18878.0
2807907002,2017,51717.0,20952.0
2807907002,2018,53900.0,21809.0
2807907002,2019,50579.0,20803.0
2807907002,2020,56221.0,22620.0
2807907002,2021,48749.0,20466.0
2807907002,2022,54445.0,23343.0
2807907003,2015,35692.0,16658.0
2807907003,2016,34955.0,16430.0
2807907003,2017,35955.0,17133.0
2807907003,2018,37487.0,17857.0
2807907003,2019,40467.0,18397.0
2807907003,2020,40940.0,19151.0
2807907003,2021,42138.0,20147.0
2807907003,2022,43427.0,21246.0
2807907004,2015,35836.0,17737.0
2807907004,2016,37874.0,18831.0
2807907004,2017,39429.0,19647.0
2807907004,2018,39575.0,20015.0
2807907004,2019,41333.0,20326.0
2807907004,2020,41715.0,20718.0
2807907004,2021,46542.0,23059.0
2807907004,2022,46372.0,22422.0
2807907005,2015,36681.0,16668.0
2807907005,2016,38019.0,17639.0
2807907005,2017,38252.0,18195.0
2807907005,2018,37583.0,18581.0
2807907005,2019,40298.0,19307.0
2807907005,2020,42074.0,20006.0
2807907005,2021,41481.0,19908.0
2807907005,2022,,
2807907006,2015,44549.0,20787.0
2807907006,2016,46058.0,21315.0
2807907006,2017,45805.0,21400.0
2807907006,2018,48913.0,22946.0
2807907006,2019,49096.0,22631.0
2807907006,2020,48526.0,22999.0
2807907006,2021,50792.0,24162.0
2807907006,2022,52515.0,25062.0
2807907007,2015,43417.0,18892.0
2807907007,2016,46100.0,19742.0
2807907007,2017,50001.0,21600.0
2807907007,2018,50835.0,22580.0
2807907007,2019,50922.0,21992.0
2807907007,2020,49974.0,21312.0
2807907007,2021,51649.0,22253.0
2807907007,2022,54553.0,23724.0
2807907008,2015,53537.0,23603.0
2807907008,2016,56230.0,24284.0
2807907008,2017,54577.0,23576.0
2807907008,2018,58129.0,24971.0
2807907008,2019,61405.0,25945.0
2807907008,2020,61544.0,26164.0
2807907008,2021,65008.0,27680.0
2807907008,2022,67658.0,29081.0
2807907009,2015,35027.0,15345.0
2807907009,2016,37456.0,16381.0
2807907009,2017,39382.0,17720.0
2807907009,2018,40659.0,18513.0
2807907009,2019,41215.0,19247.0
2807907009,2020,40163.0,19065.0
2807907009,2021,42687.0,20065.0
2807907009,2022,45215.0,21183.0
2807907010,2015,44693.0,19142.0
2807907010,2016,43008.0,18386.0
2807907010,2017,43955.0,19027.0
2807907010,2018,46231.0,20340.0
2807907010,2019,49049.0,20723.0
2807907010,2020,48044.0,20690.0
2807907010,2021,48846.0,21688.0
2807907010,2022,50813.0,22418.0
2807907011,2015,31761.0,16067.0
2807907011,2016,32961.0,16979.0
2807907011,2017,34046.0,17507.0
2807907011,2018,34345.0,17440.0
2807907011,2019,35688.0,18285.0
2807907011,2020,36591.0,18894.0
2807907011,2021,39808.0,20571.0
2807907011,2022,41426.0,20769.0
2807907012,2015,34387.0,16046.0
2807907012,2016,39041.0,18783.0
2807907012,2017,38171.0,18356.0
2807907012,2018,39039.0,18724.0
2807907012,2019,41152.0,19874.0
2807907012,2020,40610.0,19824.0
2807907012,2021,42553.0,20797.0
2807907012,2022,45816.0,22302.0
2807907013,2015,47843.0,20126.0
2807907013,2016,48945.0,20696.0
2807907013,2017,50532.0,21674.0
2807907013,2018,53772.0,22683.0
2807907013,2019,61283.0,25854.0
2807907013,2020,56968.0,24586.0
2807907013,2021,57597.0,25656.0
2807907013,2022,58012.0,25465.0
2807907014,2015,40410.0,17334.0
2807907014,2016,41799.0,18443.0
2807907014,2017,38908.0,17432.0
2807907014,2018,42336.0,18932.0
2807907014,2019,45512.0,20657.0
2807907014,2020,46679.0,21079.0
2807907014,2021,47850.0,21947.0
2807907014,2022,52036.0,23268.0
2807907016,2015,32881.0,15691.0
2807907016,2016,34563.0,16730.0
2807907016,2017,36169.0,17013.0
2807907016,2018,35910.0,17164.0
2807907016,2019,37503.0,17714.0
2807907016,2020,36169.0,17490.0
2807907016,2021,38009.0,18190.0
2807907016,2022,38780.0,18878.0
2807907017,2015,44691.0,19081.0
2807907017,2016,44834.0,19473.0
2807907017,2017,47282.0,20004.0
2807907017,2018,50312.0,21875.0
2807907017,2019,52132.0,22633.0
2807907017,2020,51155.0,22577.0
2807907017,2021,53172.0,23144.0
2807907017,2022,56153.0,23726.0
2807907018,2015,45074.0,19270.0
2807907018,2016,47352.0,20248.0
2807907018,2017,48041.0,21104.0
2807907018,2018,46731.0,20773.0
2807907018,2019,49721.0,22301.0
2807907018,2020,49495.0,22400.0
2807907018,2021,53241.0,23525.0
2807907018,2022,57124.0,25147.0
2807907019,2015,46672.0,22219.0
2807907019,2016,47903.0,22484.0
2807907019,2017,49766.0,22986.0
2807907019,2018,50429.0,23475.0
2807907019,2019,52901.0,24615.0
2807907019,2020,51661.0,24130.0
2807907019,2021,50707.0,23907.0
2807907019,2022,55221.0,26877.0
2807907021,2015,56910.0,24247.0
2807907021,2016,61147.0,26408.0
2807907021,2017,59064.0,25566.0
2807907021,2018,63376.0,27591.0
2807907021,2019,67233.0,28468.0
2807907021,2020,72378.0,30655.0
2807907021,2021,64673.0,27320.0
2807907021,2022,74475.0,31640.0
2807907023,2015,56825.0,21729.0
2807907023,2016,57959.0,22297.0
2807907023,2017,60782.0,23613.0
2807907023,2018,62674.0,24323.0
2807907023,2019,67527.0,26140.0
2807907023,2020,73001.0,28539.0
2807907023,2021,69990.0,27279.0
2807907023,2022,75229.0,29074.0
2807907024,2015,37605.0,17148.0
2807907024,2016,42881.0,19630.0
2807907024,2017,42485.0,19589.0
2807907024,2018,42837.0,20448.0
2807907024,2019,44733.0,20771.0
2807907024,2020,46031.0,21560.0
2807907024,2021,45268.0,21342.0
2807907024,2022,47255.0,23153.0
2807907025,2015,41660.0,16722.0
2807907025,2016,41766.0,17114.0
2807907025,2017,45678.0,18586.0
2807907025,2018,47836.0,19627.0
2807907025,2019,47018.0,19520.0
2807907025,2020,50196.0,20606.0
2807907025,2021,46135.0,19685.0
2807907025,2022,47960.0,20805.0
2807907026,2015,38401.0,17599.0
2807907026,2016,40613.0,18527.0
2807907026,2017,41123.0,18521.0
2807907026,2018,42776.0,19172.0
2807907026,2019,43569.0,19818.0
2807907026,2020,45434.0,20842.0
2807907026,2021,47592.0,21877.0
2807907026,2022,49200.0,22817.0
2807907028,2015,43239.0,18536.0
2807907028,2016,43490.0,18548.0
2807907028,2017,45818.0,19843.0
2807907028,2018,47794.0,20656.0
2807907028,2019,50280.0,21067.0
2807907028,2020,44819.0,19251.0
2807907028,2021,53379.0,23341.0
2807907028,2022,52667.0,23130.0
2807907030,2015,37555.0,16080.0
2807907030,2016,38999.0,16649.0
2807907030,2017,38852.0,17132.0
2807907030,2018,45642.0,19884.0
2807907030,2019,46332.0,19705.0
2807907030,2020,44135.0,18968.0
2807907030,2021,43912.0,19399.0
2807907030,2022,47359.0,20580.0
2807907031,2015,38333.0,17457.0
2807907031,2016,39843.0,18222.0
2807907031,2017,37155.0,17234.0
2807907031,2018,40147.0,18085.0
2807907031,2019,42138.0,19057.0
2807907031,2020,43342.0,19533.0
2807907031,2021,35992.0,16227.0
2807907031,2022,49464.0,22061.0
2807907032,2015,32638.0,16038.0
2807907032,2016,32495.0,15999.0
2807907032,2017,35609.0,17085.0
2807907032,2018,38411.0,18654.0
2807907032,2019,39261.0,19774.0
2807907032,2020,40133.0,20370.0
2807907032,2021,45466.0,23116.0
2807907032,2022,41348.0,21798.0
2807907034,2015,32131.0,14826.0
2807907034,2016,33550.0,15535.0
2807907034,2017,35131.0,16348.0
2807907034,2018,36707.0,16830.0
2807907034,2019,38220.0,17892.0
2807907034,2020,38495.0,18316.0
2807907034,2021,37821.0,18059.0
2807907034,2022,39107.0,18147.0
2807907035,2015,33362.0,16359.0
2807907035,2016,33829.0,16794.0
2807907035,2017,34980.0,16967.0
2807907035,2018,36137.0,17939.0
2807907035,2019,36666.0,17658.0
2807907035,2020,40094.0,19197.0
2807907035,2021,39422.0,19457.0
2807907035,2022,41766.0,20732.0
2807907036,2015,38015.0,18213.0
2807907036,2016,38601.0,18638.0
2807907036,2017,39767.0,18984.0
2807907036,2018,42902.0,21061.0
2807907036,2019,43416.0,21288.0
2807907036,2020,45200.0,21987.0
2807907036,2021,46050.0,22636.0
2807907036,2022,48842.0,24077.0
2807907038,2015,34082.0,16363.0
2807907038,2016,36805.0,17756.0
2807907038,2017,38197.0,18230.0
2807907038,2018,42143.0,19939.0
2807907038,2019,40433.0,19101.0
2807907038,2020,40262.0,19169.0
2807907038,2021,43298.0,20862.0
2807907038,2022,45526.0,21869.0
2807907039,2015,41619.0,16993.0
2807907039,2016,43411.0,18125.0
2807907039,2017,48477.0,19734.0
2807907039,2018,48771.0,20067.0
2807907039,2019,47786.0,20015.0
2807907039,2020,48122.0,20129.0
2807907039,2021,47937.0,20614.0
2807907039,2022,53405.0,22837.0
2807907040,2015,31625.0,16820.0
2807907040,2016,32640.0,17678.0
2807907040,2017,33428.0,18333.0
2807907040,2018,35209.0,19056.0
2807907040,2019,36459.0,20235.0
2807907040,2020,36937.0,20721.0
2807907040,2021,38328.0,21302.0
2807907040,2022,42477.0,23541.0
2807907041,2015,37345.0,18060.0
2807907041,2016,37383.0,18533.0
2807907041,2017,38556.0,19084.0
2807907041,2018,39939.0,19886.0
2807907041,2019,41755.0,20912.0
2807907041,2020,41779.0,20907.0
2807907041,2021,41849.0,21459.0
2807907041,2022,44025.0,22460.0
2807907042,2015,75601.0,26915.0
2807907042,2016,76035.0,27077.0
2807907042,2017,82874.0,28749.0
2807907042,2018,81546.0,28171.0
2807907042,2019,83255.0,29066.0
2807907042,2020,82083.0,29881.0
2807907042,2021,84613.0,30843.0
2807907042,2022,92217.0,33743.0
2807907043,2015,55228.0,24744.0
2807907043,2016,58036.0,26079.0
2807907043,2017,56379.0,25729.0
2807907043,2018,59399.0,27652.0
2807907043,2019,64638.0,29740.0
2807907043,2020,57764.0,27021.0
2807907043,2021,56486.0,26818.0
2807907043,2022,60458.0,28597.0
2807907044,2015,67042.0,24703.0
2807907044,2016,64173.0,23592.0
2807907044,2017,71852.0,26500.0
2807907044,2018,82974.0,30117.0
2807907044,2019,81093.0,29457.0
2807907044,2020,82847.0,30150.0
2807907044,2021,78667.0,28666.0
2807907044,2022,98221.0,34765.0
2807907045,2015,36578.0,16951.0
2807907045,2016,36095.0,16924.0
2807907045,2017,36606.0,17504.0
2807907045,2018,37815.0,17097.0
2807907045,2019,39000.0,17521.0
2807907045,2020,38795.0,17667.0
2807907045,2021,42056.0,19232.0
2807907045,2022,43860.0,20671.0
2807907046,2015,44282.0,20928.0
2807907046,2016,41122.0,19756.0
2807907046,2017,40811.0,19497.0
2807907046,2018,42576.0,20739.0
2807907046,2019,39126.0,19753.0
2807907046,2020,38414.0,19472.0
2807907046,2021,41982.0,21321.0
2807907046,2022,44079.0,22570.0
2807907047,2015,43115.0,20120.0
2807907047,2016,43925.0,20270.0
2807907047,2017,46137.0,21264.0
2807907047,2018,47786.0,22117.0
2807907047,2019,53003.0,24884.0
2807907047,2020,52197.0,24680.0
2807907047,2021,55860.0,26393.0
2807907047,2022,58348.0,27645.0
2807907048,2015,52242.0,24011.0
2807907048,2016,52724.0,24694.0
2807907048,2017,50671.0,24224.0
2807907048,2018,54835.0,26236.0
2807907048,2019,55372.0,26262.0
2807907048,2020,57245.0,27912.0
2807907048,2021,55035.0,26517.0
2807907048,2022,60034.0,29213.0
2807907049,2015,60875.0,26285.0
2807907049,2016,58959.0,25900.0
2807907049,2017,61819.0,27909.0
2807907049,2018,62605.0,28359.0
2807907049,2019,65816.0,29560.0
2807907049,2020,65502.0,30068.0
2807907049,2021,70889.0,30590.0
2807907049,2022,68835.0,29893.0
2807907050,2015,41285.0,19316.0
2807907050,2016,42975.0,20180.0
2807907050,2017,44493.0,20477.0
2807907050,2018,50111.0,22778.0
2807907050,2019,46860.0,21239.0
2807907050,2020,52686.0,23837.0
2807907050,2021,48507.0,22263.0
2807907050,2022,52086.0,24530.0
2807907051,2015,35224.0,17493.0
2807907051,2016,36990.0,18394.0
2807907051,2017,49857.0,24658.0
2807907051,2018,39698.0,19716.0
2807907051,2019,45904.0,22288.0
2807907051,2020,39776.0,20191.0
2807907051,2021,39823.0,20099.0
2807907051,2022,43495.0,22036.0
2807907052,2015,40621.0,18811.0
2807907052,2016,42137.0,19457.0
2807907052,2017,44775.0,21161.0
2807907052,2018,45693.0,21518.0
2807907052,2019,48353.0,22073.0
2807907052,2020,47809.0,22235.0
2807907052,2021,48014.0,21675.0
2807907052,2022,52028.0,23931.0
2807907053,2015,36006.0,17891.0
2807907053,2016,37109.0,18270.0
2807907053,2017,36509.0,18061.0
2807907053,2018,39358.0,19355.0
2807907053,2019,42128.0,20736.0
2807907053,2020,42168.0,20752.0
2807907053,2021,41143.0,20571.0
2807907053,2022,44111.0,21939.0
2807907055,2015,42819.0,19189.0
2807907055,2016,41057.0,18894.0
2807907055,2017,43928.0,19559.0
2807907055,2018,46776.0,21011.0
2807907055,2019,47770.0,22211.0
2807907055,2020,45654.0,21856.0
2807907055,2021,52488.0,24916.0
2807907055,2022,52938.0,24890.0
2807907056,2015,40065.0,19123.0
2807907056,2016,40670.0,18874.0
2807907056,2017,43280.0,20092.0
2807907056,2018,50096.0,22852.0
2807907056,2019,46567.0,21845.0
2807907056,2020,45883.0,21399.0
2807907056,2021,45742.0,21736.0
2807907056,2022,48578.0,23165.0
2807907057,2015,42617.0,20079.0
2807907057,2016,43481.0,20293.0
2807907057,2017,47797.0,22484.0
2807907057,2018,47904.0,23181.0
2807907057,2019,51465.0,24906.0
2807907057,2020,50328.0,24295.0
2807907057,2021,43364.0,21172.0
2807907057,2022,54935.0,26996.0
2807907058,2015,34025.0,18251.0
2807907058,2016,34980.0,18472.0
2807907058,2017,36549.0,19209.0
2807907058,2018,38615.0,20760.0
2807907058,2019,42801.0,22337.0
2807907058,2020,42763.0,22359.0
2807907058,2021,43326.0,23571.0
2807907058,2022,47316.0,26104.0
2807907059,2015,45450.0,21450.0
2807907059,2016,48131.0,21775.0
2807907059,2017,42159.0,19938.0
2807907059,2018,44664.0,20998.0
2807907059,2019,47677.0,22443.0
2807907059,2020,48529.0,22505.0
2807907059,2021,48616.0,23009.0
2807907059,2022,51470.0,24293.0
2807907060,2015,40999.0,19952.0
2807907060,2016,41958.0,20565.0
2807907060,2017,41763.0,20764.0
2807907060,2018,44397.0,22249.0
2807907060,2019,46752.0,23219.0
2807907060,2020,45726.0,22971.0
2807907060,2021,45877.0,23163.0
2807907060,2022,50732.0,25006.0
2807907061,2015,37256.0,18753.0
2807907061,2016,38100.0,19239.0
2807907061,2017,39365.0,20168.0
2807907061,2018,41975.0,21574.0
2807907061,2019,43075.0,22184.0
2807907061,2020,40712.0,21210.0
2807907061,2021,43862.0,22768.0
2807907061,2022,46373.0,24489.0
2807907062,2015,36389.0,16903.0
2807907062,2016,39053.0,17903.0
2807907062,2017,36947.0,17159.0
2807907062,2018,40001.0,18349.0
2807907062,2019,42612.0,19349.0
2807907062,2020,44421.0,19882.0
2807907062,2021,45015.0,20264.0
2807907062,2022,46622.0,21454.0
2807907063,2015,46870.0,20557.0
2807907063,2016,44014.0,19698.0
2807907063,2017,49295.0,22487.0
2807907063,2018,49200.0,22432.0
2807907063,2019,51662.0,23740.0
2807907063,2020,51592.0,24194.0
2807907063,2021,51182.0,24159.0
2807907063,2022,53280.0,25463.0
2807907064,2015,48353.0,20672.0
2807907064,2016,50308.0,21225.0
2807907064,2017,50497.0,21113.0
2807907064,2018,54187.0,22008.0
2807907064,2019,54642.0,22402.0
2807907064,2020,55000.0,23289.0
2807907064,2021,55921.0,24038.0
2807907064,2022,60597.0,26441.0
2807907065,2015,34141.0,16096.0
2807907065,2016,34776.0,16248.0
2807907065,2017,36516.0,16813.0
2807907065,2018,38658.0,17795.0
2807907065,2019,39714.0,18196.0
2807907065,2020,40438.0,18953.0
2807907065,2021,40703.0,19074.0
2807907065,2022,44929.0,21312.0
2807907066,2015,35722.0,16947.0
2807907066,2016,37427.0,17784.0
2807907066,2017,38607.0,18989.0
2807907066,2018,40275.0,19963.0
2807907066,2019,41363.0,20385.0
2807907066,2020,42030.0,20223.0
2807907066,2021,44432.0,21401.0
2807907066,2022,48985.0,24255.0
2807907067,2015,41431.0,19005.0
2807907067,2016,42369.0,18990.0
2807907067,2017,46320.0,21403.0
2807907067,2018,45811.0,20955.0
2807907067,2019,47855.0,21541.0
2807907067,2020,46029.0,20528.0
2807907067,2021,51312.0,23702.0
2807907067,2022,53581.0,24295.0
2807907068,2015,44601.0,19878.0
2807907068,2016,46532.0,21320.0
2807907068,2017,49799.0,23025.0
2807907068,2018,51190.0,23573.0
2807907068,2019,50045.0,23071.0
2807907068,2020,50496.0,22871.0
2807907068,2021,49773.0,22784.0
2807907068,2022,54425.0,24714.0
2807907069,2015,37674.0,18301.0
2807907069,2016,37760.0,19057.0
2807907069,2017,37616.0,19069.0
2807907069,2018,40167.0,20666.0
2807907069,2019,41907.0,22218.0
2807907069,2020,42685.0,22128.0
2807907069,2021,43890.0,22325.0
2807907069,2022,46481.0,24024.0
2807907070,2015,38158.0,17743.0
2807907070,2016,39672.0,18603.0
2807907070,2017,41876.0,19806.0
2807907070,2018,43304.0,20266.0
2807907070,2019,47470.0,22168.0
2807907070,2020,47160.0,22362.0
2807907070,2021,46708.0,22079.0
2807907070,2022,50825.0,23634.0
2807907071,2015,47332.0,20544.0
2807907071,2016,49310.0,21259.0
2807907071,2017,49770.0,20920.0
2807907071,2018,51517.0,21875.0
2807907071,2019,54826.0,22990.0
2807907071,2020,55768.0,23764.0
2807907071,2021,59961.0,25526.0
2807907071,2022,62031.0,26751.0
2807907072,2015,50903.0,20761.0
2807907072,2016,54447.0,22884.0
2807907072,2017,53160.0,22677.0
2807907072,2018,62522.0,27291.0
2807907072,2019,59863.0,26078.0
2807907072,2020,62840.0,27632.0
2807907072,2021,63350.0,27670.0
2807907072,2022,60052.0,27010.0
2807907073,2015,49735.0,23737.0
2807907073,2016,59403.0,29048.0
2807907073,2017,49387.0,23932.0
2807907073,2018,55177.0,26370.0
2807907073,2019,53762.0,25285.0
2807907073,2020,51976.0,24489.0
2807907073,2021,60542.0,27481.0
2807907073,2022,62317.0,28813.0
2807907075,2015,78105.0,28350.0
2807907075,2016,78727.0,29364.0
2807907075,2017,65152.0,26021.0
2807907075,2018,77886.0,31603.0
2807907075,2019,87439.0,32183.0
2807907075,2020,86233.0,31670.0
2807907075,2021,73684.0,31347.0
2807907075,2022,98221.0,34765.0
2807907076,2015,66360.0,26639.0
2807907076,2016,83624.0,29364.0
2807907076,2017,84836.0,30210.0
2807907076,2018,89711.0,32242.0
2807907076,2019,91479.0,32183.0
2807907076,2020,89731.0,31670.0
2807907076,2021,88769.0,32039.0
2807907076,2022,98221.0,34765.0
2807907078,2015,61362.0,26344.0
2807907078,2016,69953.0,29364.0
2807907078,2017,70644.0,30210.0
2807907078,2018,68901.0,29022.0
2807907078,2019,81282.0,32183.0
2807907078,2020,79526.0,31670.0
2807907078,2021,75165.0,32039.0
2807907078,2022,73522.0,31743.0
2807907079,2015,56740.0,25086.0
2807907079,2016,53023.0,23814.0
2807907079,2017,59458.0,26988.0
2807907079,2018,51374.0,24225.0
2807907079,2019,59217.0,27308.0
2807907079,2020,54459.0,24919.0
2807907079,2021,57787.0,26072.0
2807907079,2022,60426.0,27872.0
2807907080,2015,63943.0,23902.0
2807907080,2016,71569.0,27105.0
2807907080,2017,86006.0,30210.0
2807907080,2018,91933.0,32242.0
2807907080,2019,91380.0,32183.0
2807907080,2020,79041.0,30680.0
2807907080,2021,85859.0,32039.0
2807907080,2022,80433.0,32104.0
2807907081,2015,80135.0,28350.0
2807907081,2016,83624.0,29364.0
2807907081,2017,86006.0,30210.0
2807907081,2018,59381.0,21372.0
2807907081,2019,91479.0,32183.0
2807907081,2020,89731.0,31670.0
2807907081,2021,88769.0,32039.0
2807907081,2022,98221.0,34765.0
2807907082,2015,67403.0,28350.0
2807907082,2016,78541.0,29364.0
2807907082,2017,59335.0,26083.0
2807907082,2018,70127.0,30677.0
2807907082,2019,78046.0,32183.0
2807907082,2020,75359.0,31670.0
2807907082,2021,76995.0,32039.0
2807907082,2022,70170.0,30416.0
2807907083,2015,80135.0,28350.0
2807907083,2016,83624.0,29364.0
2807907083,2017,86006.0,30210.0
2807907083,2018,91933.0,32242.0
2807907083,2019,91479.0,32183.0
2807907083,2020,89731.0,31670.0
2807907083,2021,88769.0,32039.0
2807907083,2022,98221.0,34765.0
2807907084,2015,80135.0,28350.0
2807907084,2016,83624.0,29364.0
2807907084,2017,86006.0,30210.0
2807907084,2018,91933.0,32242.0
2807907084,2019,91479.0,32183.0
2807907084,2020,89731.0,31670.0
2807907084,2021,88769.0,32039.0
2807907084,2022,93788.0,34765.0
2807907085,2015,68928.0,27549.0
2807907085,2016,83624.0,29364.0
2807907085,2017,65300.0,26504.0
2807907085,2018,71870.0,28442.0
2807907085,2019,73858.0,29893.0
2807907085,2020,63294.0,26201.0
2807907085,2021,67600.0,27912.0
2807907085,2022,83450.0,34092.0
2807907086,2015,78512.0,28350.0
2807907086,2016,65636.0,24624.0
2807907086,2017,76589.0,27554.0
2807907086,2018,78710.0,28774.0
2807907086,2019,80871.0,30794.0
2807907086,2020,82847.0,31326.0
2807907086,2021,79253.0,30431.0
2807907086,2022,84204.0,31749.0
2807907087,2015,55329.0,22417.0
2807907087,2016,61685.0,24820.0
2807907087,2017,77237.0,30210.0
2807907087,2018,63311.0,25324.0
2807907087,2019,69934.0,28374.0
2807907087,2020,61214.0,24911.0
2807907087,2021,67139.0,27955.0
2807907087,2022,73665.0,30362.0
2807907088,2015,48556.0,19912.0
2807907088,2016,51737.0,21014.0
2807907088,2017,50397.0,21311.0
2807907088,2018,55104.0,23303.0
2807907088,2019,60102.0,25085.0
2807907088,2020,58631.0,24917.0
2807907088,2021,57706.0,25087.0
2807907088,2022,63323.0,27121.0
2807907089,2015,43501.0,18478.0
2807907089,2016,46298.0,19907.0
2807907089,2017,44210.0,19225.0
2807907089,2018,50389.0,21843.0
2807907089,2019,50603.0,21904.0
2807907089,2020,51651.0,22855.0
2807907089,2021,48356.0,21408.0
2807907089,2022,53112.0,23521.0
2807907090,2015,38981.0,16975.0
2807907090,2016,39886.0,17437.0
2807907090,2017,40028.0,17482.0
2807907090,2018,40526.0,17472.0
2807907090,2019,43185.0,19086.0
2807907090,2020,40784.0,18131.0
2807907090,2021,43052.0,19089.0
2807907090,2022,43544.0,19232.0
2807907091,2015,35227.0,17209.0
2807907091,2016,35166.0,17583.0
2807907091,2017,37870.0,18712.0
2807907091,2018,43365.0,20861.0
2807907091,2019,45906.0,22070.0
2807907091,2020,42062.0,20728.0
2807907091,2021,41111.0,20394.0
2807907091,2022,45977.0,22062.0
2807907092,2015,78190.0,28350.0
2807907092,2016,83624.0,29364.0
2807907092,2017,86006.0,30210.0
2807907092,2018,91933.0,32242.0
2807907092,2019,91479.0,32183.0
2807907092,2020,89731.0,31670.0
2807907092,2021,88769.0,32039.0
2807907092,2022,98221.0,34765.0
2807907093,2015,72219.0,26911.0
2807907093,2016,76317.0,29038.0
2807907093,2017,86006.0,30210.0
2807907093,2018,62366.0,23732.0
2807907093,2019,83306.0,31389.0
2807907093,2020,85007.0,31670.0
2807907093,2021,83657.0,31456.0
2807907093,2022,96607.0,34765.0
2807907094,2015,64288.0,24918.0
2807907094,2016,66788.0,26542.0
2807907094,2017,69214.0,27285.0
2807907094,2018,73740.0,29249.0
2807907094,2019,78391.0,30586.0
2807907094,2020,79932.0,31670.0
2807907094,2021,86675.0,32039.0
2807907094,2022,84479.0,33890.0
2807907095,2015,80135.0,28350.0
2807907095,2016,83624.0,29364.0
2807907095,2017,86006.0,30210.0
2807907095,2018,91933.0,32242.0
2807907095,2019,91479.0,32183.0
2807907095,2020,89731.0,31670.0
2807907095,2021,88769.0,32039.0
2807907095,2022,94531.0,34473.0
2807907096,2015,64296.0,27114.0
2807907096,2016,62699.0,25965.0
2807907096,2017,60108.0,25131.0
2807907096,2018,67216.0,28393.0
2807907096,2019,75617.0,30943.0
2807907096,2020,65349.0,26482.0
2807907096,2021,77347.0,31849.0
2807907096,2022,80623.0,34642.0
2807907097,2015,39047.0,18127.0
2807907097,2016,41114.0,19147.0
2807907097,2017,40927.0,19128.0
2807907097,2018,46593.0,21451.0
2807907097,2019,49716.0,22761.0
2807907097,2020,48988.0,22241.0
2807907097,2021,52936.0,24034.0
2807907097,2022,55882.0,24995.0
2807907098,2015,55833.0,23068.0
2807907098,2016,55519.0,23741.0
2807907098,2017,56129.0,23791.0
2807907098,2018,58124.0,24489.0
2807907098,2019,58880.0,25118.0
2807907098,2020,60063.0,25677.0
2807907098,2021,63674.0,27289.0
2807907098,2022,65608.0,28118.0
2807907099,2015,38854.0,18358.0
2807907099,2016,41541.0,19419.0
2807907099,2017,42220.0,19816.0
2807907099,2018,44250.0,20763.0
2807907099,2019,44148.0,21354.0
2807907099,2020,48141.0,22886.0
2807907099,2021,49069.0,23504.0
2807907099,2022,51128.0,24697.0
2807907100,2015,41312.0,18469.0
2807907100,2016,45526.0,20484.0
2807907100,2017,47870.0,22094.0
2807907100,2018,57100.0,27054.0
2807907100,2019,56764.0,26490.0
2807907100,2020,50029.0,23851.0
2807907100,2021,50824.0,24574.0
2807907100,2022,53904.0,27156.0
2807907101,2015,34882.0,17527.0
2807907101,2016,36373.0,18310.0
2807907101,2017,35975.0,18288.0
2807907101,2018,38154.0,19187.0
2807907101,2019,38021.0,19527.0
2807907101,2020,37823.0,19277.0
2807907101,2021,40147.0,20836.0
2807907101,2022,45043.0,23830.0
2807907102,2015,37824.0,18384.0
2807907102,2016,39410.0,19245.0
2807907102,2017,38984.0,19334.0
2807907102,2018,42178.0,20845.0
2807907102,2019,46018.0,22250.0
2807907102,2020,44522.0,21795.0
2807907102,2021,46116.0,23151.0
2807907102,2022,49407.0,24398.0
2807907103,2015,44450.0,20047.0
2807907103,2016,41701.0,19327.0
2807907103,2017,39071.0,18137.0
2807907103,2018,48035.0,22564.0
2807907103,2019,48030.0,22899.0
2807907103,2020,49373.0,23720.0
2807907103,2021,46291.0,22856.0
2807907103,2022,51737.0,25907.0
2807907105,2015,49264.0,21842.0
2807907105,2016,52424.0,23576.0
2807907105,2017,52842.0,23895.0
2807907105,2018,57089.0,24953.0
2807907105,2019,58808.0,25654.0
2807907105,2020,56991.0,24743.0
2807907105,2021,57920.0,25478.0
2807907105,2022,59946.0,25776.0
2807907106,2015,46270.0,19866.0
2807907106,2016,46755.0,20013.0
2807907106,2017,46579.0,20057.0
2807907106,2018,48593.0,21077.0
2807907106,2019,50165.0,22098.0
2807907106,2020,51858.0,22809.0
2807907106,2021,53065.0,23409.0
2807907106,2022,53666.0,23780.0
2807907107,2015,51323.0,22586.0
2807907107,2016,56556.0,25444.0
2807907107,2017,56900.0,26207.0
2807907107,2018,62869.0,27652.0
2807907107,2019,65542.0,28883.0
2807907107,2020,62829.0,27845.0
2807907107,2021,65215.0,28925.0
2807907107,2022,73840.0,33151.0
2807907108,2015,27636.0,11886.0
2807907108,2016,44643.0,19333.0
2807907108,2017,45691.0,19782.0
2807907108,2018,51121.0,22183.0
2807907108,2019,54888.0,23563.0
2807907108,2020,52755.0,22458.0
2807907108,2021,54086.0,23362.0
2807907108,2022,60535.0,25254.0
2807907109,2015,43769.0,19250.0
2807907109,2016,45411.0,20203.0
2807907109,2017,46845.0,20788.0
2807907109,2018,48934.0,21988.0
2807907109,2019,49153.0,22159.0
2807907109,2020,48733.0,22235.0
2807907109,2021,50569.0,23448.0
2807907109,2022,53242.0,24784.0
2807907110,2015,32013.0,16259.0
2807907110,2016,33952.0,17290.0
2807907110,2017,34716.0,17882.0
2807907110,2018,35154.0,18120.0
2807907110,2019,37807.0,19434.0
2807907110,2020,40465.0,20961.0
2807907110,2021,36192.0,18732.0
2807907110,2022,42143.0,21990.0
2807907111,2015,45314.0,20817.0
2807907111,2016,48307.0,22293.0
2807907111,2017,49972.0,22596.0
2807907111,2018,52117.0,23640.0
2807907111,2019,53544.0,24619.0
2807907111,2020,55474.0,25330.0
2807907111,2021,49272.0,23039.0
2807907111,2022,59595.0,28042.0
2807907112,2015,51761.0,22427.0
2807907112,2016,51334.0,22619.0
2807907112,2017,,
2807907112,2018,,
2807907112,2019,,
2807907112,2020,,
2807907112,2021,,
2807907112,2022,,
2807907113,2015,35785.0,16793.0
2807907113,2016,36938.0,17497.0
2807907113,2017,43920.0,19840.0
2807907113,2018,45887.0,20771.0
2807907113,2019,47060.0,21456.0
2807907113,2020,49810.0,22658.0
2807907113,2021,57147.0,25182.0
2807907113,2022,72785.0,30827.0
2807907114,2015,55983.0,23988.0
2807907114,2016,57177.0,24523.0
2807907114,2017,60521.0,25962.0
2807907114,2018,58554.0,24876.0
2807907114,2019,63046.0,27005.0
2807907114,2020,61010.0,26483.0
2807907114,2021,63098.0,27423.0
2807907114,2022,63454.0,27877.0
2807907115,2015,61826.0,26731.0
2807907115,2016,65988.0,28609.0
2807907115,2017,65835.0,28544.0
2807907115,2018,68651.0,30001.0
2807907115,2019,67610.0,28956.0
2807907115,2020,66171.0,29177.0
2807907115,2021,63489.0,28679.0
2807907115,2022,66442.0,30044.0
2807907116,2015,54495.0,20096.0
2807907116,2016,52883.0,19402.0
2807907116,2017,55081.0,20219.0
2807907116,2018,59799.0,21377.0
2807907116,2019,64190.0,22553.0
2807907116,2020,65073.0,22926.0
2807907116,2021,70699.0,24953.0
2807907116,2022,64597.0,22459.0
2807907117,2015,32935.0,14455.0
2807907117,2016,33812.0,15010.0
2807907117,2017,33874.0,14918.0
2807907117,2018,37499.0,16949.0
2807907117,2019,40189.0,18149.0
2807907117,2020,40111.0,18144.0
2807907117,2021,40240.0,18772.0
2807907117,2022,43159.0,20460.0
2807907118,2015,35509.0,18704.0
2807907118,2016,36910.0,19390.0
2807907118,2017,38116.0,19738.0
2807907118,2018,42698.0,22216.0
2807907118,2019,41697.0,21319.0
2807907118,2020,44043.0,22761.0
2807907118,2021,42796.0,21857.0
2807907118,2022,45643.0,23456.0
2807907119,2015,39218.0,19120.0
2807907119,2016,40400.0,19621.0
2807907119,2017,41791.0,20218.0
2807907119,2018,43544.0,20920.0
2807907119,2019,38956.0,18954.0
2807907119,2020,43371.0,21397.0
2807907119,2021,45695.0,22442.0
2807907119,2022,46783.0,23158.0
2807907120,2015,56125.0,23205.0
2807907120,2016,56935.0,23549.0
2807907120,2017,56508.0,23391.0
2807907120,2018,57410.0,23929.0
2807907120,2019,57866.0,24346.0
2807907120,2020,56797.0,23591.0
2807907120,2021,60552.0,26140.0
2807907120,2022,60517.0,24908.0
2807907121,2015,66043.0,26249.0
2807907121,2016,64459.0,26159.0
2807907121,2017,68901.0,27489.0
2807907121,2018,64784.0,26263.0
2807907121,2019,74902.0,30516.0
2807907121,2020,70050.0,29076.0
2807907121,2021,69960.0,29238.0
2807907121,2022,72504.0,30713.0
2807907122,2015,46215.0,21426.0
2807907122,2016,47381.0,22091.0
2807907122,2017,47496.0,21873.0
2807907122,2018,48036.0,21962.0
2807907122,2019,54893.0,24702.0
2807907122,2020,51691.0,23286.0
2807907122,2021,56282.0,26559.0
2807907122,2022,55304.0,26230.0
2807907123,2015,51845.0,23281.0
2807907123,2016,49031.0,22238.0
2807907123,2017,52633.0,24247.0
2807907123,2018,55022.0,25010.0
2807907123,2019,53194.0,24451.0
2807907123,2020,59060.0,27209.0
2807907123,2021,53865.0,24244.0
2807907123,2022,59529.0,26445.0
2807907124,2015,66391.0,25176.0
2807907124,2016,62343.0,24018.0
2807907124,2017,62063.0,23733.0
2807907124,2018,68250.0,25939.0
2807907124,2019,63732.0,23467.0
2807907124,2020,68345.0,25749.0
2807907124,2021,67323.0,25234.0
2807907124,2022,73319.0,27233.0
2807907125,2015,65700.0,24959.0
2807907125,2016,69936.0,26046.0
2807907125,2017,68979.0,25589.0
2807907125,2018,73225.0,27074.0
2807907125,2019,77592.0,29146.0
2807907125,2020,73290.0,27873.0
2807907125,2021,79908.0,29667.0
2807907125,2022,89809.0,33700.0
2807907126,2015,58118.0,20907.0
2807907126,2016,59811.0,21623.0
2807907126,2017,61569.0,22042.0
2807907126,2018,62426.0,22404.0
2807907126,2019,68198.0,24287.0
2807907126,2020,72035.0,25081.0
2807907126,2021,71472.0,25221.0
2807907126,2022,76429.0,26948.0
2807907127,2015,48130.0,20345.0
2807907127,2016,48414.0,20713.0
2807907127,2017,48897.0,20818.0
2807907127,2018,49599.0,20870.0
2807907127,2019,52848.0,22026.0
2807907127,2020,55881.0,23115.0
2807907127,2021,54291.0,22574.0
2807907127,2022,59497.0,25426.0
2807907128,2015,80135.0,28350.0
2807907128,2016,83624.0,29364.0
2807907128,2017,82666.0,30210.0
2807907128,2018,91933.0,32242.0
2807907128,2019,73488.0,31171.0
2807907128,2020,80618.0,31670.0
2807907128,2021,29360.0,12892.0
2807907128,2022,82291.0,34765.0
2807907129,2015,60255.0,26623.0
2807907129,2016,63824.0,27908.0
2807907129,2017,60837.0,27039.0
2807907129,2018,64185.0,28560.0
2807907129,2019,63138.0,27572.0
2807907129,2020,58765.0,26620.0
2807907129,2021,60195.0,26720.0
2807907129,2022,63151.0,28461.0
2807907130,2015,73190.0,28350.0
2807907130,2016,72526.0,29364.0
2807907130,2017,80364.0,30210.0
2807907130,2018,86315.0,32242.0
2807907130,2019,84524.0,32183.0
2807907130,2020,80100.0,31670.0
2807907130,2021,81441.0,32039.0
2807907130,2022,91299.0,34765.0
2807907131,2015,78817.0,28350.0
2807907131,2016,79159.0,29364.0
2807907131,2017,81442.0,30210.0
2807907131,2018,67613.0,25299.0
2807907131,2019,86632.0,32183.0
2807907131,2020,81365.0,30805.0
2807907131,2021,84275.0,31723.0
2807907131,2022,83919.0,32429.0
2807907132,2015,80135.0,28350.0
2807907132,2016,71010.0,25466.0
2807907132,2017,84776.0,30210.0
2807907132,2018,76549.0,27829.0
2807907132,2019,75875.0,28671.0
2807907132,2020,73828.0,27882.0
2807907132,2021,80591.0,29401.0
2807907132,2022,89278.0,33798.0
2807907133,2015,80135.0,28350.0
2807907133,2016,72908.0,28193.0
2807907133,2017,67921.0,27084.0
2807907133,2018,78691.0,31477.0
2807907133,2019,84970.0,32183.0
2807907133,2020,81995.0,31670.0
2807907133,2021,84921.0,32039.0
2807907133,2022,76125.0,30954.0
2807907134,2015,46610.0,17254.0
2807907134,2016,49031.0,17557.0
2807907134,2017,51599.0,18348.0
2807907134,2018,53482.0,18759.0
2807907134,2019,56456.0,19920.0
2807907134,2020,56414.0,20261.0
2807907134,2021,55036.0,20232.0
2807907134,2022,,
2807907135,2015,52312.0,20274.0
2807907135,2016,54302.0,20940.0
2807907135,2017,55698.0,21593.0
2807907135,2018,58992.0,22834.0
2807907135,2019,58594.0,23109.0
2807907135,2020,59228.0,23896.0
2807907135,2021,59280.0,23532.0
2807907135,2022,62376.0,25646.0
2807908001,2015,35158.0,14902.0
2807908001,2016,34711.0,14609.0
2807908001,2017,35118.0,14530.0
2807908001,2018,38873.0,15985.0
2807908001,2019,41340.0,16664.0
2807908001,2020,41184.0,16924.0
2807908001,2021,44554.0,18113.0
2807908001,2022,46784.0,18758.0
2807908002,2015,59985.0,23356.0
2807908002,2016,50919.0,19932.0
2807908002,2017,48293.0,19432.0
2807908002,2018,49880.0,19867.0
2807908002,2019,45525.0,18103.0
2807908002,2020,44936.0,18272.0
2807908002,2021,46579.0,19088.0
2807908002,2022,41860.0,16877.0
2807908003,2015,32658.0,13799.0
2807908003,2016,33509.0,14305.0
2807908003,2017,33280.0,14288.0
2807908003,2018,35080.0,14892.0
2807908003,2019,34381.0,15010.0
2807908003,2020,33446.0,14895.0
2807908003,2021,34291.0,15420.0
2807908003,2022,35622.0,16316.0
2807908004,2015,37510.0,14791.0
2807908004,2016,37118.0,14753.0
2807908004,2017,34804.0,14220.0
2807908004,2018,36121.0,14975.0
2807908004,2019,38690.0,15617.0
2807908004,2020,38597.0,15262.0
2807908004,2021,39578.0,15546.0
2807908004,2022,40916.0,16526.0
2807908005,2015,80135.0,28350.0
2807908005,2016,83624.0,29364.0
2807908005,2017,86006.0,30210.0
2807908005,2018,91933.0,32242.0
2807908005,2019,91479.0,32183.0
2807908005,2020,89731.0,31670.0
2807908005,2021,88769.0,32039.0
2807908005,2022,98221.0,34765.0
2807908006,2015,80135.0,26301.0
2807908006,2016,83624.0,29364.0
2807908006,2017,86006.0,29122.0
2807908006,2018,91344.0,29917.0
2807908006,2019,91479.0,32183.0
2807908006,2020,88423.0,28554.0
2807908006,2021,88263.0,28594.0
2807908006,2022,92379.0,31006.0
2807908007,2015,80135.0,28350.0
2807908007,2016,79330.0,27576.0
2807908007,2017,77716.0,27255.0
2807908007,2018,89233.0,31545.0
2807908007,2019,87136.0,30754.0
2807908007,2020,88253.0,31029.0
2807908007,2021,88769.0,32039.0
2807908007,2022,98221.0,34765.0
2807908008,2015,61145.0,20456.0
2807908008,2016,65581.0,22213.0
2807908008,2017,65919.0,22373.0
2807908008,2018,71720.0,24165.0
2807908008,2019,71176.0,23879.0
2807908008,2020,70971.0,23657.0
2807908008,2021,70273.0,23424.0
2807908008,2022,79960.0,26722.0
2807908009,2015,45375.0,16864.0
2807908009,2016,46388.0,17565.0
2807908009,2017,47466.0,17970.0
2807908009,2018,48496.0,18322.0
2807908009,2019,54089.0,20135.0
2807908009,2020,49632.0,18867.0
2807908009,2021,52307.0,20333.0
2807908009,2022,53824.0,21258.0
2807908010,2015,47122.0,16223.0
2807908010,2016,46889.0,15871.0
2807908010,2017,48912.0,16650.0
2807908010,2018,50899.0,17830.0
2807908010,2019,51891.0,18100.0
2807908010,2020,57512.0,19966.0
2807908010,2021,55103.0,19464.0
2807908010,2022,68250.0,24121.0
2807908011,2015,33567.0,12754.0
2807908011,2016,35089.0,13660.0
2807908011,2017,33105.0,12839.0
2807908011,2018,34571.0,13704.0
2807908011,2019,37239.0,14599.0
2807908011,2020,37743.0,14722.0
2807908011,2021,37652.0,15038.0
2807908011,2022,41353.0,15829.0
2807908012,2015,69168.0,22038.0
2807908012,2016,69679.0,21998.0
2807908012,2017,71675.0,22682.0
2807908012,2018,87049.0,27577.0
2807908012,2019,73650.0,24021.0
2807908012,2020,74331.0,24096.0
2807908012,2021,78374.0,25735.0
2807908012,2022,84603.0,28139.0
2807908013,2015,80135.0,25948.0
2807908013,2016,83624.0,27695.0
2807908013,2017,83846.0,27275.0
2807908013,2018,81086.0,26210.0
2807908013,2019,84726.0,26884.0
2807908013,2020,85532.0,26843.0
2807908013,2021,88769.0,28509.0
2807908013,2022,97347.0,29808.0
2807908014,2015,50790.0,20067.0
2807908014,2016,49049.0,19147.0
2807908014,2017,47805.0,18765.0
2807908014,2018,52742.0,20955.0
2807908014,2019,49754.0,20107.0
2807908014,2020,49545.0,20516.0
2807908014,2021,48971.0,20093.0
2807908014,2022,51788.0,21675.0
2807908015,2015,42495.0,16101.0
2807908015,2016,40851.0,15905.0
2807908015,2017,41511.0,16500.0
2807908015,2018,43418.0,17165.0
2807908015,2019,43459.0,17483.0
2807908015,2020,44897.0,18454.0
2807908015,2021,44192.0,17968.0
2807908015,2022,47017.0,18875.0
2807908016,2015,23895.0,9878.0
2807908016,2016,24056.0,10058.0
2807908016,2017,24780.0,10053.0
2807908016,2018,25229.0,9984.0
2807908016,2019,26766.0,10563.0
2807908016,2020,27100.0,10794.0
2807908016,2021,28235.0,11366.0
2807908016,2022,29927.0,11557.0
2807908017,2015,40912.0,15398.0
2807908017,2016,42003.0,16124.0
2807908017,2017,41026.0,15772.0
2807908017,2018,41966.0,16067.0
2807908017,2019,44599.0,17194.0
2807908017,2020,43215.0,16630.0
2807908017,2021,45565.0,17589.0
2807908017,2022,45585.0,18095.0
2807908018,2015,25033.0,10326.0
2807908018,2016,25206.0,10262.0
2807908018,2017,24102.0,10005.0
2807908018,2018,24721.0,10360.0
2807908018,2019,26430.0,10942.0
2807908018,2020,26521.0,10804.0
2807908018,2021,26882.0,11496.0
2807908018,2022,28719.0,12141.0
2807908019,2015,25081.0,10603.0
2807908019,2016,23839.0,10064.0
2807908019,2017,26207.0,10880.0
2807908019,2018,26452.0,11154.0
2807908019,2019,26815.0,11258.0
2807908019,2020,26636.0,11496.0
2807908019,2021,27158.0,11758.0
2807908019,2022,29526.0,12428.0
2807908020,2015,31514.0,13790.0
2807908020,2016,32162.0,14157.0
2807908020,2017,31688.0,14005.0
2807908020,2018,31995.0,14571.0
2807908020,2019,35271.0,15810.0
2807908020,2020,34674.0,15688.0
2807908020,2021,36739.0,16942.0
2807908020,2022,36789.0,17323.0
2807908021,2015,30561.0,12053.0
2807908021,2016,31102.0,12558.0
2807908021,2017,31539.0,12659.0
2807908021,2018,31855.0,12858.0
2807908021,2019,32992.0,13651.0
2807908021,2020,34034.0,14378.0
2807908021,2021,34129.0,14337.0
2807908021,2022,36674.0,14916.0
2807908022,2015,34530.0,14085.0
2807908022,2016,33981.0,13642.0
2807908022,2017,34521.0,13392.0
2807908022,2018,36370.0,14087.0
2807908022,2019,37624.0,14909.0
2807908022,2020,37808.0,15334.0
2807908022,2021,37522.0,15555.0
2807908022,2022,39637.0,16725.0
2807908023,2015,34080.0,13863.0
2807908023,2016,34516.0,13793.0
2807908023,2017,34511.0,13879.0
2807908023,2018,34418.0,14259.0
2807908023,2019,37566.0,15396.0
2807908023,2020,36627.0,15383.0
2807908023,2021,37224.0,16006.0
2807908023,2022,38847.0,16637.0
2807908024,2015,44060.0,16943.0
2807908024,2016,44766.0,17225.0
2807908024,2017,45575.0,17882.0
2807908024,2018,46582.0,18363.0
2807908024,2019,46997.0,18562.0
2807908024,2020,48404.0,19692.0
2807908024,2021,48823.0,20087.0
2807908024,2022,51508.0,20964.0
2807908025,2015,30406.0,13280.0
2807908025,2016,30957.0,13758.0
2807908025,2017,29686.0,13409.0
2807908025,2018,31693.0,14305.0
2807908025,2019,33437.0,14264.0
2807908025,2020,33087.0,14321.0
2807908025,2021,34904.0,15114.0
2807908025,2022,35549.0,15684.0
2807908026,2015,31663.0,13170.0
2807908026,2016,32247.0,13478.0
2807908026,2017,32184.0,13695.0
2807908026,2018,33765.0,14488.0
2807908026,2019,35180.0,15236.0
2807908026,2020,35305.0,15741.0
2807908026,2021,35725.0,16153.0
2807908026,2022,37317.0,16911.0
2807908027,2015,33827.0,14119.0
2807908027,2016,34345.0,14249.0
2807908027,2017,35025.0,14954.0
2807908027,2018,35349.0,14973.0
2807908027,2019,36644.0,15580.0
2807908027,2020,36587.0,15869.0
2807908027,2021,36602.0,15827.0
2807908027,2022,39051.0,17121.0
2807908028,2015,33014.0,13360.0
2807908028,2016,33980.0,13734.0
2807908028,2017,34711.0,14281.0
2807908028,2018,36988.0,15166.0
2807908028,2019,37874.0,15496.0
2807908028,2020,37502.0,15739.0
2807908028,2021,37267.0,16064.0
2807908028,2022,39573.0,16975.0
2807908029,2015,43355.0,16753.0
2807908029,2016,43512.0,16846.0
2807908029,2017,43765.0,16788.0
2807908029,2018,47034.0,17986.0
2807908029,2019,48468.0,18222.0
2807908029,2020,47517.0,17995.0
2807908029,2021,49941.0,18898.0
2807908029,2022,51662.0,19952.0
2807908030,2015,43920.0,16304.0
2807908030,2016,45413.0,16857.0
2807908030,2017,46759.0,17326.0
2807908030,2018,48881.0,18061.0
2807908030,2019,50065.0,18385.0
2807908030,2020,51372.0,18983.0
2807908030,2021,48332.0,18295.0
2807908030,2022,56393.0,21311.0
2807908031,2015,54516.0,20624.0
2807908031,2016,55790.0,21167.0
2807908031,2017,59922.0,22806.0
2807908031,2018,58187.0,22106.0
2807908031,2019,59572.0,22634.0
2807908031,2020,59865.0,23480.0
2807908031,2021,59331.0,23256.0
2807908031,2022,60482.0,23587.0
2807908032,2015,34661.0,13724.0
2807908032,2016,35822.0,14339.0
2807908032,2017,35341.0,14515.0
2807908032,2018,36801.0,14862.0
2807908032,2019,38862.0,15885.0
2807908032,2020,38504.0,15630.0
2807908032,2021,39969.0,16239.0
2807908032,2022,41449.0,16934.0
2807908033,2015,64479.0,22285.0
2807908033,2016,68818.0,23279.0
2807908033,2017,70802.0,23494.0
2807908033,2018,67702.0,22954.0
2807908033,2019,72041.0,24472.0
2807908033,2020,69595.0,24266.0
2807908033,2021,72144.0,24409.0
2807908033,2022,73423.0,25293.0
2807908034,2015,64715.0,22458.0
2807908034,2016,66986.0,23110.0
2807908034,2017,67510.0,23196.0
2807908034,2018,68303.0,23825.0
2807908034,2019,71899.0,24853.0
2807908034,2020,71129.0,24430.0
2807908034,2021,72358.0,24897.0
2807908034,2022,74927.0,25555.0
2807908035,2015,77094.0,25232.0
2807908035,2016,76002.0,24941.0
2807908035,2017,82943.0,27207.0
2807908035,2018,83359.0,27555.0
2807908035,2019,83084.0,27019.0
2807908035,2020,79692.0,26415.0
2807908035,2021,78213.0,26690.0
2807908035,2022,80345.0,27579.0
2807908036,2015,51116.0,19508.0
2807908036,2016,51061.0,19490.0
2807908036,2017,52279.0,19992.0
2807908036,2018,53287.0,20541.0
2807908036,2019,53161.0,20967.0
2807908036,2020,53798.0,21583.0
2807908036,2021,55095.0,22002.0
2807908036,2022,57830.0,23117.0
2807908037,2015,58327.0,21305.0
2807908037,2016,57468.0,21279.0
2807908037,2017,55154.0,20499.0
2807908037,2018,58642.0,21829.0
2807908037,2019,58109.0,22246.0
2807908037,2020,57469.0,22572.0
2807908037,2021,58276.0,22883.0
2807908037,2022,63735.0,24870.0
2807908038,2015,49723.0,19889.0
2807908038,2016,50531.0,20702.0
2807908038,2017,48972.0,19869.0
2807908038,2018,50686.0,21207.0
2807908038,2019,52986.0,22115.0
2807908038,2020,51519.0,22070.0
2807908038,2021,52914.0,22404.0
2807908038,2022,57040.0,24201.0
2807908039,2015,57358.0,20377.0
2807908039,2016,55090.0,20384.0
2807908039,2017,55943.0,20535.0
2807908039,2018,59261.0,21325.0
2807908039,2019,61274.0,21989.0
2807908039,2020,61283.0,22337.0
2807908039,2021,63471.0,23201.0
2807908039,2022,64527.0,23878.0
2807908040,2015,54999.0,19483.0
2807908040,2016,57019.0,20858.0
2807908040,2017,57774.0,21484.0
2807908040,2018,59342.0,22591.0
2807908040,2019,59766.0,23258.0
2807908040,2020,57153.0,22314.0
2807908040,2021,59002.0,23214.0
2807908040,2022,60497.0,24211.0
2807908041,2015,38818.0,15723.0
2807908041,2016,39049.0,15762.0
2807908041,2017,39158.0,15761.0
2807908041,2018,41787.0,16406.0
2807908041,2019,42135.0,16982.0
2807908041,2020,42613.0,17435.0
2807908041,2021,43821.0,18048.0
2807908041,2022,45853.0,18738.0
2807908042,2015,40392.0,16230.0
2807908042,2016,41378.0,16569.0
2807908042,2017,39526.0,15788.0
2807908042,2018,41954.0,16647.0
2807908042,2019,42988.0,16999.0
2807908042,2020,42717.0,17298.0
2807908042,2021,42589.0,17409.0
2807908042,2022,44958.0,18763.0
2807908043,2015,66269.0,22710.0
2807908043,2016,63745.0,22076.0
2807908043,2017,66593.0,23599.0
2807908043,2018,67083.0,23325.0
2807908043,2019,67655.0,24270.0
2807908043,2020,66997.0,24298.0
2807908043,2021,65232.0,24404.0
2807908043,2022,68903.0,25757.0
2807908044,2015,55452.0,19194.0
2807908044,2016,58743.0,20860.0
2807908044,2017,56582.0,20228.0
2807908044,2018,58381.0,21128.0
2807908044,2019,58582.0,21221.0
2807908044,2020,59285.0,21874.0
2807908044,2021,60582.0,22568.0
2807908044,2022,59798.0,22639.0
2807908045,2015,33993.0,15070.0
2807908045,2016,34743.0,15284.0
2807908045,2017,34505.0,15207.0
2807908045,2018,35549.0,15821.0
2807908045,2019,36662.0,16393.0
2807908045,2020,36449.0,16547.0
2807908045,2021,36968.0,16927.0
2807908045,2022,38913.0,18018.0
2807908046,2015,28733.0,13048.0
2807908046,2016,29938.0,13291.0
2807908046,2017,29114.0,13011.0
2807908046,2018,30342.0,13503.0
2807908046,2019,31086.0,13965.0
2807908046,2020,31195.0,14059.0
2807908046,2021,31926.0,14729.0
2807908046,2022,34457.0,15799.0
2807908047,2015,26696.0,12491.0
2807908047,2016,27762.0,12777.0
2807908047,2017,27715.0,12863.0
2807908047,2018,28510.0,13179.0
2807908047,2019,30333.0,13932.0
2807908047,2020,30272.0,13939.0
2807908047,2021,31531.0,14451.0
2807908047,2022,33539.0,15700.0
2807908048,2015,27304.0,12373.0
2807908048,2016,27425.0,12585.0
2807908048,2017,27532.0,13095.0
2807908048,2018,29219.0,13747.0
2807908048,2019,30441.0,14071.0
2807908048,2020,31290.0,14348.0
2807908048,2021,31719.0,14899.0
2807908048,2022,33340.0,15869.0
2807908049,2015,62554.0,22520.0
2807908049,2016,62556.0,22550.0
2807908049,2017,65309.0,23712.0
2807908049,2018,67130.0,24760.0
2807908049,2019,67230.0,25033.0
2807908049,2020,66107.0,24834.0
2807908049,2021,69176.0,26307.0
2807908049,2022,73461.0,28535.0
2807908050,2015,43041.0,15397.0
2807908050,2016,41229.0,14843.0
2807908050,2017,42087.0,15105.0
2807908050,2018,43102.0,15714.0
2807908050,2019,44456.0,16164.0
2807908050,2020,44681.0,16851.0
2807908050,2021,47859.0,18282.0
2807908050,2022,46917.0,18205.0
2807908051,2015,45768.0,17137.0
2807908051,2016,46705.0,17431.0
2807908051,2017,48825.0,18397.0
2807908051,2018,48951.0,18793.0
2807908051,2019,49476.0,18915.0
2807908051,2020,50579.0,19806.0
2807908051,2021,49792.0,19885.0
2807908051,2022,52701.0,20776.0
2807908052,2015,41562.0,15731.0
2807908052,2016,44959.0,17029.0
2807908052,2017,45486.0,17136.0
2807908052,2018,43655.0,16927.0
2807908052,2019,45164.0,17629.0
2807908052,2020,46331.0,18280.0
2807908052,2021,47870.0,19308.0
2807908052,2022,52595.0,21420.0
2807908053,2015,23835.0,10327.0
2807908053,2016,24100.0,10268.0
2807908053,2017,24698.0,10594.0
2807908053,2018,26738.0,11209.0
2807908053,2019,28019.0,11557.0
2807908053,2020,27922.0,11669.0
2807908053,2021,28389.0,12037.0
2807908053,2022,30205.0,12707.0
2807908054,2015,46905.0,17636.0
2807908054,2016,46426.0,17688.0
2807908054,2017,46212.0,17844.0
2807908054,2018,48170.0,18497.0
2807908054,2019,49611.0,19068.0
2807908054,2020,48009.0,18799.0
2807908054,2021,48677.0,19516.0
2807908054,2022,50877.0,20685.0
2807908055,2015,47260.0,17849.0
2807908055,2016,49211.0,18298.0
2807908055,2017,49497.0,18570.0
2807908055,2018,50257.0,19003.0
2807908055,2019,51800.0,19473.0
2807908055,2020,52366.0,19730.0
2807908055,2021,50800.0,19623.0
2807908055,2022,53564.0,21123.0
2807908056,2015,50308.0,21130.0
2807908056,2016,48414.0,20714.0
2807908056,2017,48898.0,21121.0
2807908056,2018,49803.0,21760.0
2807908056,2019,50706.0,22152.0
2807908056,2020,49754.0,21786.0
2807908056,2021,52331.0,22826.0
2807908056,2022,54045.0,23771.0
2807908057,2015,45395.0,18887.0
2807908057,2016,47720.0,20230.0
2807908057,2017,46935.0,19997.0
2807908057,2018,47694.0,20605.0
2807908057,2019,50329.0,21368.0
2807908057,2020,48648.0,21430.0
2807908057,2021,49525.0,22054.0
2807908057,2022,51750.0,22919.0
2807908058,2015,47173.0,19424.0
2807908058,2016,47983.0,20110.0
2807908058,2017,45188.0,18857.0
2807908058,2018,48476.0,20127.0
2807908058,2019,49909.0,20912.0
2807908058,2020,51088.0,21426.0
2807908058,2021,49469.0,21687.0
2807908058,2022,52054.0,23562.0
2807908059,2015,48749.0,19629.0
2807908059,2016,48448.0,20224.0
2807908059,2017,46961.0,20262.0
2807908059,2018,51764.0,22089.0
2807908059,2019,51190.0,22499.0
2807908059,2020,49883.0,22552.0
2807908059,2021,49668.0,22677.0
2807908059,2022,52745.0,24120.0
2807908060,2015,53932.0,20805.0
2807908060,2016,55069.0,21349.0
2807908060,2017,52480.0,20460.0
2807908060,2018,53747.0,21723.0
2807908060,2019,53079.0,21207.0
2807908060,2020,53609.0,21842.0
2807908060,2021,54881.0,22908.0
2807908060,2022,56989.0,24214.0
2807908061,2015,29854.0,11942.0
2807908061,2016,30256.0,12192.0
2807908061,2017,31293.0,12842.0
2807908061,2018,32039.0,13321.0
2807908061,2019,33905.0,13631.0
2807908061,2020,33413.0,13758.0
2807908061,2021,33971.0,13994.0
2807908061,2022,35408.0,14919.0
2807908062,2015,25805.0,11557.0
2807908062,2016,25952.0,11909.0
2807908062,2017,27070.0,12070.0
2807908062,2018,27968.0,12720.0
2807908062,2019,29138.0,12843.0
2807908062,2020,29079.0,13298.0
2807908062,2021,29491.0,13775.0
2807908062,2022,31030.0,14347.0
2807908063,2015,23821.0,10433.0
2807908063,2016,24161.0,10487.0
2807908063,2017,24840.0,10993.0
2807908063,2018,27143.0,11847.0
2807908063,2019,27003.0,11702.0
2807908063,2020,26926.0,11805.0
2807908063,2021,27603.0,12072.0
2807908063,2022,29110.0,12844.0
2807908064,2015,22819.0,10047.0
2807908064,2016,23942.0,10307.0
2807908064,2017,24460.0,10430.0
2807908064,2018,24633.0,10640.0
2807908064,2019,26824.0,11459.0
2807908064,2020,26546.0,11664.0
2807908064,2021,27218.0,12350.0
2807908064,2022,28565.0,12813.0
2807908065,2015,23251.0,9910.0
2807908065,2016,22970.0,9899.0
2807908065,2017,22717.0,9924.0
2807908065,2018,25056.0,10834.0
2807908065,2019,26453.0,11170.0
2807908065,2020,26065.0,11240.0
2807908065,2021,27642.0,11555.0
2807908065,2022,29538.0,12537.0
2807908066,2015,25248.0,10849.0
2807908066,2016,25072.0,10694.0
2807908066,2017,27095.0,10984.0
2807908066,2018,27565.0,11281.0
2807908066,2019,28271.0,11754.0
2807908066,2020,27514.0,11762.0
2807908066,2021,29787.0,12908.0
2807908066,2022,29916.0,13542.0
2807908067,2015,25346.0,10777.0
2807908067,2016,24977.0,10826.0
2807908067,2017,25784.0,11198.0
2807908067,2018,27338.0,11937.0
2807908067,2019,28556.0,12385.0
2807908067,2020,28368.0,12559.0
2807908067,2021,28601.0,12438.0
2807908067,2022,30749.0,13050.0
2807908068,2015,25027.0,10797.0
2807908068,2016,24744.0,10835.0
2807908068,2017,24698.0,11013.0
2807908068,2018,26365.0,11709.0
2807908068,2019,27589.0,12268.0
2807908068,2020,27578.0,12189.0
2807908068,2021,29038.0,13267.0
2807908068,2022,30693.0,13898.0
2807908069,2015,24753.0,10525.0
2807908069,2016,25355.0,10456.0
2807908069,2017,25933.0,10561.0
2807908069,2018,27332.0,10974.0
2807908069,2019,28051.0,11065.0
2807908069,2020,27763.0,11528.0
2807908069,2021,28809.0,11845.0
2807908069,2022,30225.0,12373.0
2807908071,2015,25557.0,11315.0
2807908071,2016,25975.0,11502.0
2807908071,2017,26175.0,11603.0
2807908071,2018,26541.0,11675.0
2807908071,2019,28458.0,12317.0
2807908071,2020,29166.0,12729.0
2807908071,2021,29460.0,13006.0
2807908071,2022,31121.0,13842.0
2807908072,2015,25681.0,11799.0
2807908072,2016,25650.0,12112.0
2807908072,2017,27078.0,12710.0
2807908072,2018,27801.0,12894.0
2807908072,2019,28603.0,12968.0
2807908072,2020,28666.0,13504.0
2807908072,2021,30436.0,14388.0
2807908072,2022,31979.0,15246.0
2807908073,2015,26074.0,12023.0
2807908073,2016,26313.0,12214.0
2807908073,2017,27001.0,12440.0
2807908073,2018,27788.0,12718.0
2807908073,2019,28569.0,13040.0
2807908073,2020,29437.0,13596.0
2807908073,2021,29671.0,13514.0
2807908073,2022,30444.0,14137.0
2807908074,2015,25350.0,11149.0
2807908074,2016,26348.0,11367.0
2807908074,2017,26543.0,11344.0
2807908074,2018,27980.0,11947.0
2807908074,2019,28728.0,12394.0
2807908074,2020,29314.0,12766.0
2807908074,2021,29634.0,13312.0
2807908074,2022,32202.0,14239.0
2807908075,2015,25516.0,11896.0
2807908075,2016,25399.0,12107.0
2807908075,2017,26550.0,12833.0
2807908075,2018,27600.0,13402.0
2807908075,2019,29066.0,13811.0
2807908075,2020,28475.0,13528.0
2807908075,2021,29044.0,13543.0
2807908075,2022,30719.0,14396.0
2807908076,2015,27540.0,11569.0
2807908076,2016,27477.0,11855.0
2807908076,2017,27356.0,11803.0
2807908076,2018,29742.0,12541.0
2807908076,2019,31351.0,12806.0
2807908076,2020,31412.0,13420.0
2807908076,2021,30164.0,13677.0
2807908076,2022,32912.0,14006.0
2807908077,2015,28335.0,11407.0
2807908077,2016,27500.0,11301.0
2807908077,2017,28313.0,11461.0
2807908077,2018,29432.0,11953.0
2807908077,2019,30376.0,12370.0
2807908077,2020,31247.0,12843.0
2807908077,2021,32708.0,13388.0
2807908077,2022,33296.0,13620.0
2807908078,2015,31120.0,12555.0
2807908078,2016,31995.0,13091.0
2807908078,2017,32077.0,12800.0
2807908078,2018,31202.0,12936.0
2807908078,2019,32506.0,13797.0
2807908078,2020,31817.0,13670.0
2807908078,2021,32475.0,14221.0
2807908078,2022,33672.0,15000.0
2807908079,2015,30959.0,12568.0
2807908079,2016,31076.0,12757.0
2807908079,2017,32039.0,13231.0
2807908079,2018,32413.0,13656.0
2807908079,2019,32618.0,14060.0
2807908079,2020,32382.0,14197.0
2807908079,2021,33650.0,14471.0
2807908079,2022,35600.0,15370.0
2807908080,2015,26033.0,12651.0
2807908080,2016,27043.0,13120.0
2807908080,2017,26573.0,12990.0
2807908080,2018,27817.0,12868.0
2807908080,2019,28913.0,13287.0
2807908080,2020,29238.0,13790.0
2807908080,2021,30019.0,14586.0
2807908080,2022,32690.0,15680.0
2807908081,2015,31594.0,12967.0
2807908081,2016,31939.0,13405.0
2807908081,2017,30627.0,13136.0
2807908081,2018,31675.0,13431.0
2807908081,2019,33704.0,14493.0
2807908081,2020,33250.0,14681.0
2807908081,2021,33691.0,14839.0
2807908081,2022,33952.0,15290.0
2807908082,2015,27462.0,11393.0
2807908082,2016,27769.0,11765.0
2807908082,2017,27890.0,11780.0
2807908082,2018,29107.0,12618.0
2807908082,2019,29960.0,12952.0
2807908082,2020,30506.0,13037.0
2807908082,2021,30018.0,12709.0
2807908082,2022,32609.0,13859.0
2807908083,2015,25678.0,11077.0
2807908083,2016,26143.0,11431.0
2807908083,2017,25904.0,11138.0
2807908083,2018,26842.0,11633.0
2807908083,2019,27622.0,12403.0
2807908083,2020,27600.0,12676.0
2807908083,2021,28573.0,13514.0
2807908083,2022,29986.0,13625.0
2807908084,2015,25152.0,10125.0
2807908084,2016,25055.0,10455.0
2807908084,2017,26301.0,10725.0
2807908084,2018,26753.0,10819.0
2807908084,2019,28068.0,11244.0
2807908084,2020,28364.0,11543.0
2807908084,2021,29493.0,12268.0
2807908084,2022,31359.0,13113.0
2807908085,2015,27997.0,11311.0
2807908085,2016,28045.0,11530.0
2807908085,2017,28102.0,11460.0
2807908085,2018,29004.0,11973.0
2807908085,2019,29758.0,12631.0
2807908085,2020,29703.0,12819.0
2807908085,2021,30541.0,13198.0
2807908085,2022,32696.0,14630.0
2807908086,2015,27203.0,11563.0
2807908086,2016,27236.0,11574.0
2807908086,2017,28945.0,12286.0
2807908086,2018,29490.0,12442.0
2807908086,2019,31231.0,13032.0
2807908086,2020,30847.0,13030.0
2807908086,2021,31988.0,13293.0
2807908086,2022,34432.0,14132.0
2807908087,2015,27499.0,10726.0
2807908087,2016,27367.0,10550.0
2807908087,2017,27640.0,10940.0
2807908087,2018,28230.0,11442.0
2807908087,2019,31281.0,12727.0
2807908087,2020,29751.0,12468.0
2807908087,2021,29885.0,12506.0
2807908087,2022,32563.0,13871.0
2807908088,2015,25707.0,11031.0
2807908088,2016,26722.0,11225.0
2807908088,2017,27036.0,11176.0
2807908088,2018,28758.0,11700.0
2807908088,2019,31052.0,13022.0
2807908088,2020,30271.0,13003.0
2807908088,2021,30635.0,12985.0
2807908088,2022,32111.0,13599.0
2807908089,2015,27708.0,11836.0
2807908089,2016,28546.0,12567.0
2807908089,2017,28420.0,12677.0
2807908089,2018,29271.0,13024.0
2807908089,2019,29713.0,12886.0
2807908089,2020,29065.0,12985.0
2807908089,2021,30704.0,13931.0
2807908089,2022,33779.0,15057.0
2807908090,2015,50761.0,20827.0
2807908090,2016,52240.0,21456.0
2807908090,2017,51368.0,21454.0
2807908090,2018,51934.0,21654.0
2807908090,2019,54422.0,22882.0
2807908090,2020,59778.0,25500.0
2807908090,2021,52926.0,22756.0
2807908090,2022,55048.0,23550.0
2807908091,2015,30697.0,12905.0
2807908091,2016,32496.0,13260.0
2807908091,2017,31749.0,13358.0
2807908091,2018,32494.0,13932.0
2807908091,2019,34482.0,14623.0
2807908091,2020,33692.0,14590.0
2807908091,2021,34415.0,15410.0
2807908091,2022,37887.0,16694.0
2807908092,2015,32743.0,13781.0
2807908092,2016,31760.0,13574.0
2807908092,2017,32563.0,13745.0
2807908092,2018,33076.0,14057.0
2807908092,2019,34933.0,14714.0
2807908092,2020,35015.0,14957.0
2807908092,2021,34990.0,15635.0
2807908092,2022,36675.0,16410.0
2807908093,2015,39197.0,15079.0
2807908093,2016,40415.0,15740.0
2807908093,2017,40117.0,15579.0
2807908093,2018,41080.0,15759.0
2807908093,2019,43328.0,17304.0
2807908093,2020,42494.0,17392.0
2807908093,2021,43812.0,18165.0
2807908093,2022,45714.0,18823.0
2807908094,2015,42245.0,16489.0
2807908094,2016,42762.0,16427.0
2807908094,2017,41921.0,16585.0
2807908094,2018,43298.0,16869.0
2807908094,2019,44508.0,17408.0
2807908094,2020,43852.0,17377.0
2807908094,2021,45468.0,18106.0
2807908094,2022,46001.0,18507.0
2807908095,2015,54561.0,21207.0
2807908095,2016,57530.0,22081.0
2807908095,2017,59477.0,23256.0
2807908095,2018,62560.0,24264.0
2807908095,2019,60927.0,23804.0
2807908095,2020,58664.0,23228.0
2807908095,2021,60481.0,24358.0
2807908095,2022,61229.0,25038.0
2807908096,2015,58937.0,22005.0
2807908096,2016,58612.0,21897.0
2807908096,2017,59271.0,22266.0
2807908096,2018,61249.0,23358.0
2807908096,2019,61548.0,23628.0
2807908096,2020,61651.0,24194.0
2807908096,2021,61068.0,24309.0
2807908096,2022,63832.0,25471.0
2807908097,2015,62233.0,22698.0
2807908097,2016,63317.0,23428.0
2807908097,2017,62988.0,23360.0
2807908097,2018,64051.0,24450.0
2807908097,2019,64564.0,24341.0
2807908097,2020,62958.0,24110.0
2807908097,2021,64531.0,25127.0
2807908097,2022,68190.0,26609.0
2807908098,2015,64344.0,22722.0
2807908098,2016,66566.0,23384.0
2807908098,2017,65643.0,23225.0
2807908098,2018,68134.0,24235.0
2807908098,2019,70225.0,24947.0
2807908098,2020,67112.0,24467.0
2807908098,2021,68521.0,25440.0
2807908098,2022,72201.0,26543.0
2807908099,2015,63177.0,22516.0
2807908099,2016,64617.0,23220.0
2807908099,2017,65332.0,23545.0
2807908099,2018,65107.0,23491.0
2807908099,2019,69084.0,25256.0
2807908099,2020,64940.0,24336.0
2807908099,2021,63626.0,24519.0
2807908099,2022,72879.0,27857.0
2807908100,2015,74177.0,25171.0
2807908100,2016,76132.0,25906.0
2807908100,2017,82313.0,27846.0
2807908100,2018,81420.0,27772.0
2807908100,2019,79477.0,27527.0
2807908100,2020,77504.0,27371.0
2807908100,2021,81039.0,28912.0
2807908100,2022,84826.0,30803.0
2807908102,2015,72459.0,24361.0
2807908102,2016,72663.0,24786.0
2807908102,2017,69859.0,24118.0
2807908102,2018,75818.0,26023.0
2807908102,2019,77647.0,26547.0
2807908102,2020,76358.0,26725.0
2807908102,2021,72032.0,25978.0
2807908102,2022,76641.0,27762.0
2807908103,2015,80135.0,28350.0
2807908103,2016,76052.0,28764.0
2807908103,2017,75834.0,28868.0
2807908103,2018,85362.0,32242.0
2807908103,2019,84290.0,32183.0
2807908103,2020,80922.0,30723.0
2807908103,2021,83467.0,31599.0
2807908103,2022,85838.0,33176.0
2807908104,2015,26127.0,11069.0
2807908104,2016,25614.0,11065.0
2807908104,2017,26324.0,11113.0
2807908104,2018,27739.0,11399.0
2807908104,2019,27807.0,11262.0
2807908104,2020,26857.0,11034.0
2807908104,2021,27989.0,11684.0
2807908104,2022,29371.0,11618.0
2807908105,2015,26040.0,10743.0
2807908105,2016,25003.0,10392.0
2807908105,2017,24415.0,10296.0
2807908105,2018,25991.0,11107.0
2807908105,2019,27158.0,11782.0
2807908105,2020,26690.0,11779.0
2807908105,2021,28806.0,12422.0
2807908105,2022,29844.0,12519.0
2807908106,2015,22998.0,9676.0
2807908106,2016,23349.0,9683.0
2807908106,2017,24117.0,10036.0
2807908106,2018,25886.0,10590.0
2807908106,2019,26787.0,10657.0
2807908106,2020,26835.0,10550.0
2807908106,2021,26581.0,10394.0
2807908106,2022,29064.0,11298.0
2807908107,2015,22208.0,9646.0
2807908107,2016,23409.0,9654.0
2807908107,2017,25128.0,10145.0
2807908107,2018,26865.0,10840.0
2807908107,2019,27203.0,11208.0
2807908107,2020,26184.0,10888.0
2807908107,2021,27186.0,11247.0
2807908107,2022,29990.0,11909.0
2807908108,2015,25010.0,10865.0
2807908108,2016,25339.0,11081.0
2807908108,2017,25429.0,11243.0
2807908108,2018,26928.0,11906.0
2807908108,2019,28179.0,12515.0
2807908108,2020,27741.0,12423.0
2807908108,2021,29207.0,12818.0
2807908108,2022,30494.0,13313.0
2807908109,2015,27880.0,11152.0
2807908109,2016,27517.0,11191.0
2807908109,2017,28345.0,11401.0
2807908109,2018,28955.0,11485.0
2807908109,2019,30734.0,11907.0
2807908109,2020,30210.0,11689.0
2807908109,2021,30370.0,12233.0
2807908109,2022,34055.0,13372.0
2807908110,2015,34109.0,14500.0
2807908110,2016,35642.0,14867.0
2807908110,2017,35032.0,15033.0
2807908110,2018,34517.0,15128.0
2807908110,2019,37017.0,16193.0
2807908110,2020,35363.0,15498.0
2807908110,2021,37318.0,16671.0
2807908110,2022,39228.0,17387.0
2807908111,2015,44333.0,17320.0
2807908111,2016,43923.0,17145.0
2807908111,2017,43704.0,17092.0
2807908111,2018,45086.0,18040.0
2807908111,2019,46753.0,18644.0
2807908111,2020,45716.0,18118.0
2807908111,2021,46284.0,18611.0
2807908111,2022,46710.0,18782.0
2807908112,2015,21909.0,8627.0
2807908112,2016,21914.0,8790.0
2807908112,2017,21778.0,8671.0
2807908112,2018,22791.0,9025.0
2807908112,2019,24143.0,9587.0
2807908112,2020,24541.0,9653.0
2807908112,2021,25110.0,10086.0
2807908112,2022,27802.0,11105.0
2807908113,2015,31869.0,13224.0
2807908113,2016,31412.0,12825.0
2807908113,2017,32845.0,13196.0
2807908113,2018,33207.0,13407.0
2807908113,2019,35313.0,13959.0
2807908113,2020,35587.0,14012.0
2807908113,2021,35873.0,14063.0
2807908113,2022,37648.0,15179.0
2807908114,2015,23031.0,8410.0
2807908114,2016,23086.0,9039.0
2807908114,2017,23804.0,9326.0
2807908114,2018,25062.0,9512.0
2807908114,2019,26394.0,9727.0
2807908114,2020,25781.0,9765.0
2807908114,2021,27105.0,10465.0
2807908114,2022,28561.0,10707.0
2807908115,2015,23825.0,8879.0
2807908115,2016,24661.0,9260.0
2807908115,2017,23392.0,8869.0
2807908115,2018,24825.0,9042.0
2807908115,2019,26261.0,9291.0
2807908115,2020,26775.0,9507.0
2807908115,2021,26553.0,9780.0
2807908115,2022,28344.0,10417.0
2807908116,2015,25322.0,10183.0
2807908116,2016,25252.0,10120.0
2807908116,2017,25641.0,10302.0
2807908116,2018,26438.0,10350.0
2807908116,2019,28737.0,10918.0
2807908116,2020,28604.0,10811.0
2807908116,2021,29239.0,11293.0
2807908116,2022,31420.0,11759.0
2807908117,2015,27151.0,10265.0
2807908117,2016,28031.0,10632.0
2807908117,2017,27988.0,10668.0
2807908117,2018,30314.0,11397.0
2807908117,2019,30854.0,10935.0
2807908117,2020,30186.0,10968.0
2807908117,2021,31415.0,11563.0
2807908117,2022,34124.0,12634.0
2807908119,2015,27822.0,11276.0
2807908119,2016,28196.0,11264.0
2807908119,2017,28741.0,11321.0
2807908119,2018,30601.0,11937.0
2807908119,2019,31273.0,12206.0
2807908119,2020,31539.0,12361.0
2807908119,2021,33177.0,12978.0
2807908119,2022,35326.0,13430.0
2807908120,2015,26535.0,10541.0
2807908120,2016,27430.0,10774.0
2807908120,2017,28757.0,10900.0
2807908120,2018,29387.0,10977.0
2807908120,2019,30336.0,11048.0
2807908120,2020,30327.0,11255.0
2807908120,2021,31669.0,11868.0
2807908120,2022,34493.0,12828.0
2807908121,2015,25024.0,9350.0
2807908121,2016,25164.0,9437.0
2807908121,2017,25182.0,9614.0
2807908121,2018,26780.0,10290.0
2807908121,2019,28308.0,10923.0
2807908121,2020,27254.0,10728.0
2807908121,2021,27461.0,10928.0
2807908121,2022,29240.0,11530.0
2807908122,2015,23756.0,9386.0
2807908122,2016,24202.0,9451.0
2807908122,2017,24520.0,9309.0
2807908122,2018,26283.0,9974.0
2807908122,2019,27028.0,10299.0
2807908122,2020,26592.0,10269.0
2807908122,2021,27258.0,10777.0
2807908122,2022,30260.0,12017.0
2807908123,2015,28671.0,10800.0
2807908123,2016,29795.0,10982.0
2807908123,2017,30927.0,11447.0
2807908123,2018,32136.0,12054.0
2807908123,2019,32092.0,11903.0
2807908123,2020,32533.0,12002.0
2807908123,2021,32444.0,11917.0
2807908123,2022,35239.0,13035.0
2807908124,2015,27915.0,10762.0
2807908124,2016,28399.0,11040.0
2807908124,2017,28604.0,10982.0
2807908124,2018,29618.0,10962.0
2807908124,2019,31283.0,11859.0
2807908124,2020,31065.0,12118.0
2807908124,2021,31864.0,12377.0
2807908124,2022,33738.0,12976.0
2807908125,2015,34207.0,13887.0
2807908125,2016,33105.0,13413.0
2807908125,2017,42020.0,16082.0
2807908125,2018,33314.0,12772.0
2807908125,2019,36277.0,13786.0
2807908125,2020,35810.0,13773.0
2807908125,2021,37154.0,14484.0
2807908125,2022,38547.0,14728.0
2807908126,2015,31246.0,12560.0
2807908126,2016,30938.0,12537.0
2807908126,2017,31133.0,12806.0
2807908126,2018,31509.0,12632.0
2807908126,2019,32956.0,12972.0
2807908126,2020,32864.0,13046.0
2807908126,2021,33653.0,13492.0
2807908126,2022,35817.0,14586.0
2807908128,2015,62667.0,20614.0
2807908128,2016,65154.0,20940.0
2807908128,2017,56725.0,17819.0
2807908128,2018,68230.0,21123.0
2807908128,2019,70403.0,21785.0
2807908128,2020,68635.0,21719.0
2807908128,2021,72354.0,22391.0
2807908128,2022,79683.0,23754.0
2807908129,2015,31486.0,9625.0
2807908129,2016,27104.0,9280.0
2807908129,2017,29562.0,9491.0
2807908129,2018,42061.0,12477.0
2807908129,2019,32109.0,11405.0
2807908129,2020,41636.0,14999.0
2807908129,2021,40680.0,13941.0
2807908129,2022,44301.0,15926.0
2807908130,2015,35959.0,13992.0
2807908130,2016,34378.0,13533.0
2807908130,2017,33985.0,13141.0
2807908130,2018,37059.0,13835.0
2807908130,2019,41047.0,14476.0
2807908130,2020,43862.0,16531.0
2807908130,2021,42036.0,16481.0
2807908130,2022,,
2807908131,2015,63836.0,19826.0
2807908131,2016,64173.0,19805.0
2807908131,2017,65784.0,18833.0
2807908131,2018,67695.0,19297.0
2807908131,2019,71562.0,20355.0
2807908131,2020,73839.0,20218.0
2807908131,2021,76984.0,21514.0
2807908131,2022,84734.0,24013.0
2807908132,2015,80135.0,28350.0
2807908132,2016,83624.0,29364.0
2807908132,2017,86006.0,30210.0
2807908132,2018,91933.0,32242.0
2807908132,2019,91479.0,32183.0
2807908132,2020,89731.0,31670.0
2807908132,2021,88769.0,30545.0
2807908132,2022,98221.0,34765.0
2807908133,2015,54359.0,18998.0
2807908133,2016,55456.0,19304.0
2807908133,2017,54508.0,18950.0
2807908133,2018,58731.0,20598.0
2807908133,2019,57590.0,20073.0
2807908133,2020,58979.0,20727.0
2807908133,2021,60907.0,21278.0
2807908133,2022,62253.0,21914.0
2807908134,2015,80135.0,28350.0
2807908134,2016,83624.0,29364.0
2807908134,2017,86006.0,30210.0
2807908134,2018,91933.0,32242.0
2807908134,2019,91479.0,32183.0
2807908134,2020,89731.0,31670.0
2807908134,2021,88769.0,32039.0
2807908134,2022,98221.0,34765.0
2807908135,2015,79912.0,23920.0
2807908135,2016,82967.0,25211.0
2807908135,2017,81608.0,24837.0
2807908135,2018,87035.0,26669.0
2807908135,2019,87352.0,27102.0
2807908135,2020,88749.0,27707.0
2807908135,2021,84154.0,26639.0
2807908135,2022,86254.0,27790.0
2807908136,2015,44386.0,17105.0
2807908136,2016,46964.0,17941.0
2807908136,2017,44982.0,17285.0
2807908136,2018,49980.0,19524.0
2807908136,2019,52682.0,20620.0
2807908136,2020,50068.0,19568.0
2807908136,2021,50122.0,19815.0
2807908136,2022,55840.0,22135.0
2807908137,2015,80135.0,28350.0
2807908137,2016,83624.0,29364.0
2807908137,2017,86006.0,30210.0
2807908137,2018,91933.0,32242.0
2807908137,2019,91479.0,32183.0
2807908137,2020,89731.0,31670.0
2807908137,2021,88769.0,32039.0
2807908137,2022,98221.0,34765.0
2807908138,2015,80135.0,28350.0
2807908138,2016,83624.0,29364.0
2807908138,2017,86006.0,30210.0
2807908138,2018,91933.0,32242.0
2807908138,2019,91479.0,32183.0
2807908138,2020,89731.0,31670.0
2807908138,2021,88769.0,32039.0
2807908138,2022,98221.0,34765.0
2807908139,2015,67887.0,20532.0
2807908139,2016,59097.0,20091.0
2807908139,2017,48417.0,18002.0
2807908139,2018,56002.0,19438.0
2807908139,2019,60760.0,20144.0
2807908139,2020,66981.0,21149.0
2807908139,2021,71744.0,22153.0
2807908139,2022,68561.0,22061.0
2807908140,2015,43677.0,16067.0
2807908140,2016,44137.0,16372.0
2807908140,2017,45679.0,17004.0
2807908140,2018,48386.0,17956.0
2807908140,2019,48407.0,17790.0
2807908140,2020,47693.0,17737.0
2807908140,2021,48068.0,18219.0
2807908140,2022,49408.0,18761.0
2807908141,2015,58927.0,19945.0
2807908141,2016,60606.0,20452.0
2807908141,2017,58404.0,20221.0
2807908141,2018,60434.0,21609.0
2807908141,2019,60243.0,21388.0
2807908141,2020,59727.0,21488.0
2807908141,2021,57989.0,21184.0
2807908141,2022,58839.0,21659.0
2807908142,2015,48728.0,16462.0
2807908142,2016,46512.0,15950.0
2807908142,2017,48760.0,16940.0
2807908142,2018,49080.0,17337.0
2807908142,2019,53955.0,18843.0
2807908142,2020,51758.0,18464.0
2807908142,2021,53987.0,19322.0
2807908142,2022,57413.0,20729.0
2807908143,2015,71763.0,25198.0
2807908143,2016,74784.0,26362.0
2807908143,2017,77018.0,27212.0
2807908143,2018,84148.0,29604.0
2807908143,2019,82100.0,29336.0
2807908143,2020,83388.0,30228.0
2807908143,2021,83397.0,30260.0
2807908143,2022,90782.0,32319.0
2807908144,2015,65413.0,22440.0
2807908144,2016,63635.0,21896.0
2807908144,2017,66032.0,22881.0
2807908144,2018,72491.0,25356.0
2807908144,2019,71634.0,25206.0
2807908144,2020,70883.0,25238.0
2807908144,2021,70641.0,25528.0
2807908144,2022,74697.0,27121.0
2807908145,2015,58189.0,20535.0
2807908145,2016,61900.0,22457.0
2807908145,2017,63803.0,22961.0
2807908145,2018,59920.0,22481.0
2807908145,2019,64293.0,24540.0
2807908145,2020,62668.0,23969.0
2807908145,2021,53118.0,20765.0
2807908145,2022,64334.0,25281.0
2807908146,2015,70759.0,23080.0
2807908146,2016,72745.0,24073.0
2807908146,2017,74544.0,25198.0
2807908146,2018,74666.0,25069.0
2807908146,2019,77321.0,26280.0
2807908146,2020,76507.0,26198.0
2807908146,2021,74011.0,25940.0
2807908146,2022,76662.0,27108.0
2807908147,2015,80135.0,25111.0
2807908147,2016,80306.0,23846.0
2807908147,2017,86006.0,25698.0
2807908147,2018,87192.0,26098.0
2807908147,2019,88592.0,26979.0
2807908147,2020,89731.0,28168.0
2807908147,2021,87820.0,27409.0
2807908147,2022,95846.0,30409.0
2807908148,2015,48528.0,18922.0
2807908148,2016,51114.0,20016.0
2807908148,2017,51211.0,20054.0
2807908148,2018,54581.0,21289.0
2807908148,2019,55397.0,22218.0
2807908148,2020,57770.0,23445.0
2807908148,2021,59242.0,23780.0
2807908148,2022,59840.0,24237.0
2807908149,2015,39722.0,15183.0
2807908149,2016,40747.0,15355.0
2807908149,2017,41086.0,15772.0
2807908149,2018,42985.0,16807.0
2807908149,2019,41570.0,16259.0
2807908149,2020,42046.0,17037.0
2807908149,2021,42191.0,17362.0
2807908149,2022,46967.0,18994.0
2807908150,2015,79043.0,26869.0
2807908150,2016,83624.0,29364.0
2807908150,2017,83496.0,29097.0
2807908150,2018,87555.0,30800.0
2807908150,2019,91479.0,32183.0
2807908150,2020,80753.0,29851.0
2807908150,2021,83787.0,31359.0
2807908150,2022,92691.0,34552.0
2807908151,2015,48078.0,17408.0
2807908151,2016,48849.0,17382.0
2807908151,2017,50523.0,18433.0
2807908151,2018,51155.0,18802.0
2807908151,2019,51719.0,19215.0
2807908151,2020,50828.0,19396.0
2807908151,2021,51379.0,19789.0
2807908151,2022,53859.0,21011.0
2807908152,2015,80135.0,28350.0
2807908152,2016,83624.0,29364.0
2807908152,2017,86006.0,30210.0
2807908152,2018,91933.0,31078.0
2807908152,2019,91479.0,32183.0
2807908152,2020,89731.0,30672.0
2807908152,2021,88769.0,31356.0
2807908152,2022,98221.0,34332.0
2807908153,2015,46224.0,16648.0
2807908153,2016,47254.0,16864.0
2807908153,2017,49134.0,17435.0
2807908153,2018,50215.0,18125.0
2807908153,2019,52098.0,19019.0
2807908153,2020,52236.0,18992.0
2807908153,2021,54298.0,20226.0
2807908153,2022,56939.0,21074.0
2807908154,2015,72453.0,24081.0
2807908154,2016,69371.0,23216.0
2807908154,2017,73991.0,24806.0
2807908154,2018,74318.0,25086.0
2807908154,2019,79928.0,27660.0
2807908154,2020,71657.0,25344.0
2807908154,2021,72076.0,25783.0
2807908154,2022,74708.0,27478.0
2807908155,2015,50682.0,17964.0
2807908155,2016,53180.0,18871.0
2807908155,2017,51795.0,18250.0
2807908155,2018,54293.0,19339.0
2807908155,2019,57571.0,20610.0
2807908155,2020,57671.0,20532.0
2807908155,2021,59204.0,21342.0
2807908155,2022,59783.0,21774.0
2807908156,2015,55287.0,19141.0
2807908156,2016,57695.0,20317.0
2807908156,2017,56290.0,19764.0
2807908156,2018,59347.0,21425.0
2807908156,2019,61710.0,22769.0
2807908156,2020,60954.0,22726.0
2807908156,2021,62898.0,23575.0
2807908156,2022,66724.0,25066.0
2807908157,2015,37975.0,18939.0
2807908157,2016,37781.0,18794.0
2807908157,2017,38213.0,18916.0
2807908157,2018,42811.0,20490.0
2807908157,2019,47557.0,22104.0
2807908157,2020,48131.0,22017.0
2807908157,2021,50315.0,22903.0
2807908157,2022,54268.0,24805.0
2807908158,2015,80135.0,28350.0
2807908158,2016,83624.0,29364.0
2807908158,2017,86006.0,28520.0
2807908158,2018,91933.0,29835.0
2807908158,2019,91479.0,31273.0
2807908158,2020,89731.0,31670.0
2807908158,2021,88769.0,32039.0
2807908158,2022,98221.0,32249.0
2807908159,2015,70628.0,23320.0
2807908159,2016,73607.0,24096.0
2807908159,2017,76628.0,25441.0
2807908159,2018,73447.0,24816.0
2807908159,2019,79097.0,26262.0
2807908159,2020,81485.0,27297.0
2807908159,2021,79940.0,27093.0
2807908159,2022,87310.0,29967.0
2807908160,2015,52553.0,18454.0
2807908160,2016,56046.0,19020.0
2807908160,2017,64257.0,20400.0
2807908160,2018,69891.0,21535.0
2807908160,2019,70965.0,21857.0
2807908160,2020,69404.0,21634.0
2807908160,2021,73731.0,23408.0
2807908160,2022,74120.0,24897.0
2807908161,2015,61317.0,22133.0
2807908161,2016,62974.0,22628.0
2807908161,2017,63813.0,23546.0
2807908161,2018,63004.0,23253.0
2807908161,2019,68760.0,25013.0
2807908161,2020,64968.0,24043.0
2807908161,2021,66336.0,24406.0
2807908161,2022,69053.0,26111.0
2807908162,2015,59296.0,21227.0
2807908162,2016,58346.0,21098.0
2807908162,2017,57067.0,20602.0
2807908162,2018,58851.0,21138.0
2807908162,2019,60202.0,21509.0
2807908162,2020,59551.0,21611.0
2807908162,2021,62570.0,23256.0
2807908162,2022,64573.0,24625.0
2807908163,2015,62418.0,22248.0
2807908163,2016,63714.0,22643.0
2807908163,2017,65623.0,23318.0
2807908163,2018,67823.0,23889.0
2807908163,2019,70737.0,24855.0
2807908163,2020,71520.0,25465.0
2807908163,2021,68699.0,25030.0
2807908163,2022,73572.0,27214.0
2807908164,2015,55769.0,18694.0
2807908164,2016,57566.0,19153.0
2807908164,2017,58220.0,19393.0
2807908164,2018,61564.0,20172.0
2807908164,2019,64006.0,21093.0
2807908164,2020,62500.0,20726.0
2807908164,2021,66266.0,22534.0
2807908164,2022,69582.0,24058.0
2807908165,2015,60660.0,19493.0
2807908165,2016,62474.0,19717.0
2807908165,2017,68964.0,21720.0
2807908165,2018,75275.0,23699.0
2807908165,2019,76654.0,23908.0
2807908165,2020,75384.0,23984.0
2807908165,2021,80500.0,25522.0
2807908165,2022,83352.0,26515.0
2807908166,2015,36647.0,13542.0
2807908166,2016,38600.0,13883.0
2807908166,2017,42727.0,15468.0
2807908166,2018,43956.0,15709.0
2807908166,2019,50472.0,17364.0
2807908166,2020,55514.0,19041.0
2807908166,2021,58603.0,19846.0
2807908166,2022,59319.0,20221.0
2807908167,2015,71429.0,22006.0
2807908167,2016,76217.0,23502.0
2807908167,2017,75131.0,22607.0
2807908167,2018,80055.0,24018.0
2807908167,2019,85038.0,25094.0
2807908167,2020,84547.0,25085.0
2807908167,2021,82429.0,24700.0
2807908167,2022,80815.0,24328.0
2807908168,2015,41192.0,14767.0
2807908168,2016,45186.0,16073.0
2807908168,2017,40226.0,13828.0
2807908168,2018,42566.0,14546.0
2807908168,2019,44587.0,15175.0
2807908168,2020,44089.0,14845.0
2807908168,2021,46080.0,15679.0
2807908168,2022,48710.0,16656.0
2807908169,2015,50503.0,18292.0
2807908169,2016,52708.0,18589.0
2807908169,2017,55166.0,19250.0
2807908169,2018,57715.0,19788.0
2807908169,2019,59340.0,20346.0
2807908169,2020,59924.0,20536.0
2807908169,2021,61200.0,20716.0
2807908169,2022,65287.0,22863.0
2807908170,2015,53567.0,17789.0
2807908170,2016,54332.0,17998.0
2807908170,2017,55921.0,18453.0
2807908170,2018,58066.0,18790.0
2807908170,2019,59293.0,19132.0
2807908170,2020,58515.0,19047.0
2807908170,2021,61080.0,20077.0
2807908170,2022,62865.0,21052.0
2807908171,2015,51726.0,17367.0
2807908171,2016,51915.0,17315.0
2807908171,2017,55199.0,17947.0
2807908171,2018,57850.0,18825.0
2807908171,2019,59649.0,19801.0
2807908171,2020,58343.0,19241.0
2807908171,2021,60833.0,20376.0
2807908171,2022,64277.0,21903.0
2807908172,2015,43200.0,16663.0
2807908172,2016,44205.0,16613.0
2807908172,2017,47780.0,17486.0
2807908172,2018,47066.0,17190.0
2807908172,2019,49403.0,18041.0
2807908172,2020,50555.0,18443.0
2807908172,2021,50594.0,18396.0
2807908172,2022,54206.0,19579.0
2807908173,2015,58520.0,19255.0
2807908173,2016,61762.0,19953.0
2807908173,2017,62264.0,20246.0
2807908173,2018,69808.0,22166.0
2807908173,2019,73166.0,23617.0
2807908173,2020,75053.0,24415.0
2807908173,2021,72430.0,24143.0
2807908173,2022,82035.0,27639.0
2807908174,2015,49875.0,17565.0
2807908174,2016,50680.0,18212.0
2807908174,2017,51014.0,18085.0
2807908174,2018,53164.0,18896.0
2807908174,2019,54231.0,19580.0
2807908174,2020,53630.0,19863.0
2807908174,2021,56485.0,20700.0
2807908174,2022,58264.0,21710.0
2807908175,2015,80135.0,28350.0
2807908175,2016,83624.0,29364.0
2807908175,2017,86006.0,30210.0
2807908175,2018,91933.0,30226.0
2807908175,2019,91479.0,32096.0
2807908175,2020,89731.0,31670.0
2807908175,2021,88769.0,32039.0
2807908175,2022,98221.0,34765.0
2807908176,2015,68304.0,20345.0
2807908176,2016,74731.0,21960.0
2807908176,2017,73423.0,21684.0
2807908176,2018,81443.0,24018.0
2807908176,2019,86541.0,25070.0
2807908176,2020,87473.0,25268.0
2807908176,2021,88769.0,26888.0
2807908176,2022,97803.0,29077.0
2807908177,2015,42247.0,15550.0
2807908177,2016,44031.0,16217.0
2807908177,2017,44179.0,16374.0
2807908177,2018,46734.0,17430.0
2807908177,2019,47943.0,18059.0
2807908177,2020,47657.0,18116.0
2807908177,2021,51647.0,19673.0
2807908177,2022,51929.0,19903.0
2807908178,2015,58182.0,20216.0
2807908178,2016,58152.0,20033.0
2807908178,2017,60590.0,20822.0
2807908178,2018,65019.0,22345.0
2807908178,2019,65837.0,22283.0
2807908178,2020,65117.0,22470.0
2807908178,2021,66158.0,22871.0
2807908178,2022,68785.0,24319.0
2807908179,2015,44270.0,16357.0
2807908179,2016,46253.0,16894.0
2807908179,2017,46784.0,16592.0
2807908179,2018,49781.0,17601.0
2807908179,2019,51928.0,17981.0
2807908179,2020,51407.0,18265.0
2807908179,2021,51310.0,18517.0
2807908179,2022,53302.0,19416.0
2807908180,2015,45497.0,16187.0
2807908180,2016,47137.0,16773.0
2807908180,2017,47937.0,17478.0
2807908180,2018,50720.0,18253.0
2807908180,2019,53745.0,19340.0
2807908180,2020,54539.0,19731.0
2807908180,2021,53724.0,19759.0
2807908180,2022,57645.0,21374.0
2807908181,2015,,
2807908181,2016,,
2807908181,2017,86006.0,26584.0
2807908181,2018,79879.0,23895.0
2807908181,2019,85463.0,25185.0
2807908181,2020,79253.0,23884.0
2807908181,2021,79335.0,23635.0
2807908181,2022,82933.0,24915.0
2807908182,2015,,
2807908182,2016,,
2807908182,2017,81221.0,26340.0
2807908182,2018,89159.0,29548.0
2807908182,2019,85201.0,27702.0
2807908182,2020,81172.0,26714.0
2807908182,2021,81810.0,27119.0
2807908182,2022,87184.0,29620.0
2807908183,2015,,
2807908183,2016,,
2807908183,2017,66034.0,21488.0
2807908183,2018,68198.0,22076.0
2807908183,2019,70856.0,22909.0
2807908183,2020,71004.0,22937.0
2807908183,2021,72721.0,24121.0
2807908183,2022,75292.0,25819.0
2807908184,2015,,
2807908184,2016,,
2807908184,2017,63846.0,20371.0
2807908184,2018,70511.0,22693.0
2807908184,2019,69790.0,22371.0
2807908184,2020,71497.0,23367.0
2807908184,2021,69350.0,22977.0
2807908184,2022,72085.0,24992.0
2807908185,2015,,
2807908185,2016,,
2807908185,2017,52065.0,17502.0
2807908185,2018,53192.0,18090.0
2807908185,2019,57460.0,19428.0
2807908185,2020,57383.0,19267.0
2807908185,2021,58410.0,19577.0
2807908185,2022,61346.0,21331.0
2807908186,2015,,
2807908186,2016,,
2807908186,2017,50375.0,17217.0
2807908186,2018,53538.0,18182.0
2807908186,2019,54866.0,18797.0
2807908186,2020,55743.0,19150.0
2807908186,2021,57769.0,19746.0
2807908186,2022,59674.0,20550.0
2807908187,2015,,
2807908187,2016,,
2807908187,2017,60368.0,20656.0
2807908187,2018,60063.0,20552.0
2807908187,2019,63718.0,21771.0
2807908187,2020,63159.0,21900.0
2807908187,2021,63810.0,22515.0
2807908187,2022,63663.0,22798.0
2807908188,2015,,
2807908188,2016,,
2807908188,2017,46547.0,16382.0
2807908188,2018,46938.0,16546.0
2807908188,2019,48667.0,17133.0
2807908188,2020,49087.0,17166.0
2807908188,2021,49970.0,17579.0
2807908188,2022,52127.0,18300.0
2807908189,2015,,
2807908189,2016,,
2807908189,2017,,
2807908189,2018,,
2807908189,2019,,
2807908189,2020,,
2807908189,2021,,
2807908189,2022,92877.0,26317.0
2807908190,2015,,
2807908190,2016,,
2807908190,2017,,
2807908190,2018,,
2807908190,2019,,
2807908190,2020,,
2807908190,2021,,
2807908190,2022,95201.0,28415.0
2807908191,2015,,
2807908191,2016,,
2807908191,2017,,
2807908191,2018,,
2807908191,2019,,
2807908191,2020,,
2807908191,2021,,
2807908191,2022,76558.0,26407.0
2807909001,2015,33410.0,16153.0
2807909001,2016,34380.0,16700.0
2807909001,2017,34544.0,16813.0
2807909001,2018,37284.0,18159.0
2807909001,2019,38732.0,18340.0
2807909001,2020,39292.0,18441.0
2807909001,2021,39873.0,18933.0
2807909001,2022,43384.0,21100.0
2807909002,2015,37018.0,16894.0
2807909002,2016,37982.0,17459.0
2807909002,2017,37486.0,17527.0
2807909002,2018,38795.0,18152.0
2807909002,2019,39143.0,17731.0
2807909002,2020,40729.0,18541.0
2807909002,2021,41106.0,18925.0
2807909002,2022,42870.0,19778.0
2807909004,2015,35736.0,14999.0
2807909004,2016,37003.0,15476.0
2807909004,2017,36900.0,15887.0
2807909004,2018,38734.0,16585.0
2807909004,2019,40632.0,17223.0
2807909004,2020,40334.0,17239.0
2807909004,2021,40326.0,17673.0
2807909004,2022,43367.0,18888.0
2807909005,2015,29920.0,13968.0
2807909005,2016,31600.0,14238.0
2807909005,2017,31741.0,14248.0
2807909005,2018,35481.0,15737.0
2807909005,2019,36628.0,15627.0
2807909005,2020,36170.0,15507.0
2807909005,2021,38154.0,16957.0
2807909005,2022,40185.0,18058.0
2807909006,2015,34678.0,15088.0
2807909006,2016,37084.0,16184.0
2807909006,2017,36652.0,16317.0
2807909006,2018,38074.0,16746.0
2807909006,2019,39375.0,17300.0
2807909006,2020,40026.0,17719.0
2807909006,2021,43552.0,18211.0
2807909006,2022,44911.0,18685.0
2807909007,2015,40988.0,16353.0
2807909007,2016,40948.0,16388.0
2807909007,2017,42330.0,16941.0
2807909007,2018,44674.0,18134.0
2807909007,2019,45018.0,18353.0
2807909007,2020,44678.0,17656.0
2807909007,2021,46385.0,18673.0
2807909007,2022,49483.0,20082.0
2807909008,2015,53685.0,21795.0
2807909008,2016,56756.0,22853.0
2807909008,2017,56100.0,22537.0
2807909008,2018,58266.0,22894.0
2807909008,2019,58572.0,23369.0
2807909008,2020,57240.0,23371.0
2807909008,2021,60418.0,25139.0
2807909008,2022,62081.0,25692.0
2807909009,2015,33933.0,16189.0
2807909009,2016,34253.0,16356.0
2807909009,2017,35633.0,16826.0
2807909009,2018,36928.0,17437.0
2807909009,2019,39430.0,18466.0
2807909009,2020,38516.0,18323.0
2807909009,2021,40692.0,19275.0
2807909009,2022,40877.0,19967.0
2807909010,2015,54249.0,23336.0
2807909010,2016,54368.0,23941.0
2807909010,2017,54710.0,24228.0
2807909010,2018,56804.0,25369.0
2807909010,2019,58102.0,26100.0
2807909010,2020,59320.0,26768.0
2807909010,2021,60813.0,27898.0
2807909010,2022,62673.0,27913.0
2807909011,2015,42304.0,19327.0
2807909011,2016,41290.0,19719.0
2807909011,2017,42750.0,20306.0
2807909011,2018,43713.0,20609.0
2807909011,2019,45986.0,21701.0
2807909011,2020,43577.0,20703.0
2807909011,2021,46483.0,22585.0
2807909011,2022,49370.0,24428.0
2807909012,2015,38173.0,17104.0
2807909012,2016,38841.0,17104.0
2807909012,2017,37185.0,17018.0
2807909012,2018,43301.0,19323.0
2807909012,2019,42019.0,19493.0
2807909012,2020,42487.0,19758.0
2807909012,2021,46535.0,21326.0
2807909012,2022,46265.0,21055.0
2807909013,2015,32603.0,15407.0
2807909013,2016,33796.0,15750.0
2807909013,2017,35583.0,16783.0
2807909013,2018,36265.0,17175.0
2807909013,2019,37723.0,18213.0
2807909013,2020,37558.0,18415.0
2807909013,2021,38261.0,18715.0
2807909013,2022,38920.0,19025.0
2807909014,2015,43282.0,21933.0
2807909014,2016,46802.0,24129.0
2807909014,2017,47079.0,24542.0
2807909014,2018,49442.0,25282.0
2807909014,2019,54108.0,27441.0
2807909014,2020,50696.0,26032.0
2807909014,2021,54563.0,27774.0
2807909014,2022,57659.0,29182.0
2807909015,2015,53321.0,22504.0
2807909015,2016,48955.0,21003.0
2807909015,2017,53392.0,22872.0
2807909015,2018,46297.0,20028.0
2807909015,2019,56612.0,24827.0
2807909015,2020,55798.0,24155.0
2807909015,2021,56833.0,25002.0
2807909015,2022,59443.0,26030.0
2807909016,2015,39822.0,18416.0
2807909016,2016,35485.0,16920.0
2807909016,2017,39775.0,19115.0
2807909016,2018,42695.0,20555.0
2807909016,2019,43181.0,20066.0
2807909016,2020,40444.0,19391.0
2807909016,2021,44061.0,21431.0
2807909016,2022,45796.0,22031.0
2807909017,2015,44774.0,19799.0
2807909017,2016,47024.0,20694.0
2807909017,2017,48095.0,21447.0
2807909017,2018,49851.0,22766.0
2807909017,2019,52239.0,23249.0
2807909017,2020,50521.0,22860.0
2807909017,2021,52078.0,24402.0
2807909017,2022,54481.0,25623.0
2807909018,2015,76872.0,28350.0
2807909018,2016,81541.0,29364.0
2807909018,2017,86006.0,30210.0
2807909018,2018,91933.0,32242.0
2807909018,2019,86797.0,32183.0
2807909018,2020,89731.0,31670.0
2807909018,2021,83277.0,32039.0
2807909018,2022,91628.0,34765.0
2807909019,2015,59785.0,25109.0
2807909019,2016,60505.0,25764.0
2807909019,2017,62286.0,26341.0
2807909019,2018,70129.0,29558.0
2807909019,2019,76485.0,31919.0
2807909019,2020,78632.0,31670.0
2807909019,2021,77635.0,32039.0
2807909019,2022,83611.0,34765.0
2807909020,2015,64160.0,28011.0
2807909020,2016,62822.0,27476.0
2807909020,2017,73486.0,30210.0
2807909020,2018,75955.0,32242.0
2807909020,2019,80952.0,32183.0
2807909020,2020,73567.0,31670.0
2807909020,2021,75903.0,32039.0
2807909020,2022,82788.0,34765.0
2807909021,2015,59697.0,23396.0
2807909021,2016,62402.0,24590.0
2807909021,2017,66902.0,26788.0
2807909021,2018,76935.0,30836.0
2807909021,2019,75778.0,29807.0
2807909021,2020,78003.0,31325.0
2807909021,2021,83342.0,32039.0
2807909021,2022,84111.0,34765.0
2807909022,2015,50534.0,22396.0
2807909022,2016,52330.0,23088.0
2807909022,2017,53304.0,23485.0
2807909022,2018,53348.0,23340.0
2807909022,2019,54679.0,23938.0
2807909022,2020,54162.0,23718.0
2807909022,2021,53705.0,24008.0
2807909022,2022,60010.0,27035.0
2807909023,2015,37843.0,15951.0
2807909023,2016,41514.0,17623.0
2807909023,2017,44117.0,18828.0
2807909023,2018,43216.0,18436.0
2807909023,2019,46254.0,18805.0
2807909023,2020,46052.0,19281.0
2807909023,2021,46016.0,19371.0
2807909023,2022,49654.0,20737.0
2807909024,2015,80135.0,28350.0
2807909024,2016,65493.0,27955.0
2807909024,2017,69505.0,29260.0
2807909024,2018,73411.0,30701.0
2807909024,2019,77147.0,31815.0
2807909024,2020,67476.0,27828.0
2807909024,2021,70222.0,28723.0
2807909024,2022,74250.0,29247.0
2807909025,2015,65606.0,26039.0
2807909025,2016,77956.0,29364.0
2807909025,2017,77499.0,30210.0
2807909025,2018,58818.0,22746.0
2807909025,2019,67937.0,26850.0
2807909025,2020,63617.0,25236.0
2807909025,2021,66604.0,26116.0
2807909025,2022,78732.0,31039.0
2807909026,2015,38045.0,15637.0
2807909026,2016,37631.0,15618.0
2807909026,2017,38699.0,16160.0
2807909026,2018,37676.0,15865.0
2807909026,2019,40534.0,16918.0
2807909026,2020,41037.0,17374.0
2807909026,2021,38272.0,16434.0
2807909026,2022,45986.0,19201.0
2807909028,2015,48710.0,21558.0
2807909028,2016,46771.0,20453.0
2807909028,2017,49458.0,21347.0
2807909028,2018,48534.0,21260.0
2807909028,2019,50414.0,22365.0
2807909028,2020,49299.0,21745.0
2807909028,2021,51604.0,23217.0
2807909028,2022,58503.0,25887.0
2807909029,2015,48864.0,20111.0
2807909029,2016,51137.0,20712.0
2807909029,2017,52892.0,20650.0
2807909029,2018,59034.0,22394.0
2807909029,2019,58251.0,21814.0
2807909029,2020,62279.0,22869.0
2807909029,2021,61520.0,22624.0
2807909029,2022,66189.0,24917.0
2807909030,2015,80135.0,28350.0
2807909030,2016,83624.0,29364.0
2807909030,2017,86006.0,30210.0
2807909030,2018,83162.0,31547.0
2807909030,2019,83696.0,31682.0
2807909030,2020,84827.0,31670.0
2807909030,2021,75787.0,28685.0
2807909030,2022,82491.0,31530.0
2807909031,2015,44657.0,17932.0
2807909031,2016,45592.0,18721.0
2807909031,2017,46875.0,19531.0
2807909031,2018,49806.0,21357.0
2807909031,2019,51070.0,22125.0
2807909031,2020,51218.0,22198.0
2807909031,2021,50870.0,20912.0
2807909031,2022,53160.0,22094.0
2807909033,2015,66779.0,25454.0
2807909033,2016,63828.0,23714.0
2807909033,2017,61971.0,23447.0
2807909033,2018,65120.0,24318.0
2807909033,2019,64490.0,24288.0
2807909033,2020,67811.0,25891.0
2807909033,2021,68114.0,27053.0
2807909033,2022,68791.0,27517.0
2807909034,2015,63891.0,25513.0
2807909034,2016,70745.0,28242.0
2807909034,2017,52898.0,21449.0
2807909034,2018,75406.0,30354.0
2807909034,2019,71542.0,29036.0
2807909034,2020,70061.0,28378.0
2807909034,2021,75025.0,30560.0
2807909034,2022,80871.0,32513.0
2807909035,2015,54075.0,22038.0
2807909035,2016,56075.0,23211.0
2807909035,2017,58144.0,24035.0
2807909035,2018,63519.0,25802.0
2807909035,2019,61939.0,25456.0
2807909035,2020,64278.0,26718.0
2807909035,2021,66513.0,26404.0
2807909035,2022,71936.0,28825.0
2807909036,2015,40553.0,17794.0
2807909036,2016,39000.0,17464.0
2807909036,2017,40046.0,17863.0
2807909036,2018,42705.0,18630.0
2807909036,2019,46310.0,19969.0
2807909036,2020,45278.0,19745.0
2807909036,2021,48061.0,20949.0
2807909036,2022,48412.0,21387.0
2807909037,2015,54684.0,22902.0
2807909037,2016,55318.0,23392.0
2807909037,2017,56649.0,23945.0
2807909037,2018,57681.0,24062.0
2807909037,2019,63594.0,26392.0
2807909037,2020,61354.0,26075.0
2807909037,2021,65277.0,27284.0
2807909037,2022,68790.0,29661.0
2807909038,2015,51248.0,20996.0
2807909038,2016,52907.0,21790.0
2807909038,2017,54102.0,22194.0
2807909038,2018,62419.0,24801.0
2807909038,2019,56120.0,23042.0
2807909038,2020,57299.0,23458.0
2807909038,2021,58447.0,24357.0
2807909038,2022,56180.0,24063.0
2807909039,2015,40994.0,17818.0
2807909039,2016,41439.0,18134.0
2807909039,2017,43089.0,19168.0
2807909039,2018,42161.0,18913.0
2807909039,2019,43673.0,19730.0
2807909039,2020,45489.0,20681.0
2807909039,2021,45935.0,20714.0
2807909039,2022,50430.0,22594.0
2807909040,2015,37723.0,17051.0
2807909040,2016,38685.0,17567.0
2807909040,2017,38876.0,17700.0
2807909040,2018,38960.0,17851.0
2807909040,2019,40886.0,18441.0
2807909040,2020,41129.0,18179.0
2807909040,2021,43059.0,19215.0
2807909040,2022,44660.0,20248.0
2807909041,2015,80135.0,28350.0
2807909041,2016,83624.0,29364.0
2807909041,2017,86006.0,30210.0
2807909041,2018,91933.0,32242.0
2807909041,2019,57389.0,18742.0
2807909041,2020,89731.0,30593.0
2807909041,2021,88769.0,32039.0
2807909041,2022,98221.0,34765.0
2807909043,2015,80135.0,28350.0
2807909043,2016,83624.0,29364.0
2807909043,2017,86006.0,30210.0
2807909043,2018,91933.0,32242.0
2807909043,2019,91479.0,32183.0
2807909043,2020,89731.0,31670.0
2807909043,2021,88769.0,32039.0
2807909043,2022,98221.0,34765.0
2807909044,2015,64708.0,23796.0
2807909044,2016,66820.0,23886.0
2807909044,2017,62189.0,21914.0
2807909044,2018,64761.0,22860.0
2807909044,2019,63306.0,22768.0
2807909044,2020,62689.0,22588.0
2807909044,2021,67509.0,24608.0
2807909044,2022,71503.0,26386.0
2807909045,2015,75903.0,25153.0
2807909045,2016,64855.0,21024.0
2807909045,2017,76611.0,25414.0
2807909045,2018,81114.0,27669.0
2807909045,2019,84024.0,28659.0
2807909045,2020,78574.0,26718.0
2807909045,2021,82216.0,27769.0
2807909045,2022,83538.0,28525.0
2807909046,2015,55850.0,22154.0
2807909046,2016,56689.0,22439.0
2807909046,2017,57267.0,22699.0
2807909046,2018,58239.0,23223.0
2807909046,2019,59019.0,23397.0
2807909046,2020,56360.0,22638.0
2807909046,2021,56682.0,23165.0
2807909046,2022,59919.0,24511.0
2807909047,2015,42189.0,16514.0
2807909047,2016,43338.0,16979.0
2807909047,2017,44129.0,17059.0
2807909047,2018,44902.0,17563.0
2807909047,2019,46417.0,18018.0
2807909047,2020,47135.0,18512.0
2807909047,2021,48371.0,18696.0
2807909047,2022,51674.0,19719.0
2807909049,2015,35750.0,14985.0
2807909049,2016,36084.0,15287.0
2807909049,2017,35532.0,15009.0
2807909049,2018,37720.0,15608.0
2807909049,2019,39667.0,16019.0
2807909049,2020,38463.0,16142.0
2807909049,2021,38694.0,15875.0
2807909049,2022,41186.0,16997.0
2807909050,2015,33252.0,13400.0
2807909050,2016,34395.0,14148.0
2807909050,2017,33689.0,14095.0
2807909050,2018,34892.0,14496.0
2807909050,2019,38070.0,15782.0
2807909050,2020,36056.0,15240.0
2807909050,2021,37047.0,16134.0
2807909050,2022,38308.0,16069.0
2807909051,2015,39538.0,15886.0
2807909051,2016,40378.0,16290.0
2807909051,2017,40426.0,16610.0
2807909051,2018,42795.0,17711.0
2807909051,2019,43909.0,18337.0
2807909051,2020,43512.0,18648.0
2807909051,2021,44092.0,19123.0
2807909051,2022,45793.0,19651.0
2807909052,2015,36748.0,14748.0
2807909052,2016,37035.0,14974.0
2807909052,2017,37667.0,15308.0
2807909052,2018,39127.0,15837.0
2807909052,2019,40370.0,16409.0
2807909052,2020,39935.0,16533.0
2807909052,2021,40997.0,17191.0
2807909052,2022,42224.0,18037.0
2807909053,2015,50431.0,20556.0
2807909053,2016,48605.0,20141.0
2807909053,2017,48937.0,20063.0
2807909053,2018,52992.0,22120.0
2807909053,2019,53927.0,22587.0
2807909053,2020,52781.0,22352.0
2807909053,2021,57481.0,23555.0
2807909053,2022,55024.0,22519.0
2807909054,2015,25807.0,11113.0
2807909054,2016,25875.0,11125.0
2807909054,2017,26774.0,11538.0
2807909054,2018,28111.0,12201.0
2807909054,2019,29151.0,12238.0
2807909054,2020,29203.0,12456.0
2807909054,2021,29237.0,12680.0
2807909054,2022,31286.0,13126.0
2807909055,2015,44054.0,16804.0
2807909055,2016,43398.0,16833.0
2807909055,2017,43287.0,16745.0
2807909055,2018,43531.0,16883.0
2807909055,2019,44604.0,17412.0
2807909055,2020,44333.0,17658.0
2807909055,2021,44546.0,18203.0
2807909055,2022,46492.0,18973.0
2807909056,2015,45458.0,17378.0
2807909056,2016,47549.0,18352.0
2807909056,2017,48149.0,18701.0
2807909056,2018,48525.0,18975.0
2807909056,2019,47332.0,19025.0
2807909056,2020,49136.0,20040.0
2807909056,2021,49718.0,20188.0
2807909056,2022,51338.0,20874.0
2807909057,2015,27606.0,11795.0
2807909057,2016,27487.0,11888.0
2807909057,2017,28025.0,12275.0
2807909057,2018,28230.0,12443.0
2807909057,2019,29402.0,12893.0
2807909057,2020,29335.0,13030.0
2807909057,2021,31110.0,13863.0
2807909057,2022,33370.0,14970.0
2807909058,2015,25680.0,10773.0
2807909058,2016,27021.0,11137.0
2807909058,2017,26802.0,11224.0
2807909058,2018,28084.0,11569.0
2807909058,2019,28811.0,11994.0
2807909058,2020,29192.0,12705.0
2807909058,2021,29003.0,12916.0
2807909058,2022,30861.0,13293.0
2807909060,2015,25827.0,11008.0
2807909060,2016,26681.0,11563.0
2807909060,2017,26492.0,11494.0
2807909060,2018,27390.0,11871.0
2807909060,2019,29434.0,12434.0
2807909060,2020,29380.0,12646.0
2807909060,2021,29324.0,12985.0
2807909060,2022,31127.0,13941.0
2807909061,2015,26357.0,10526.0
2807909061,2016,26494.0,10718.0
2807909061,2017,25661.0,10089.0
2807909061,2018,26937.0,10211.0
2807909061,2019,28084.0,10824.0
2807909061,2020,27726.0,10899.0
2807909061,2021,28445.0,11623.0
2807909061,2022,30583.0,12192.0
2807909063,2015,35001.0,13813.0
2807909063,2016,35013.0,14089.0
2807909063,2017,37048.0,14759.0
2807909063,2018,38260.0,15299.0
2807909063,2019,39500.0,15828.0
2807909063,2020,40395.0,16673.0
2807909063,2021,41563.0,16923.0
2807909063,2022,43911.0,17279.0
2807909064,2015,26029.0,10212.0
2807909064,2016,26372.0,10365.0
2807909064,2017,26749.0,10519.0
2807909064,2018,27702.0,10980.0
2807909064,2019,28662.0,11226.0
2807909064,2020,28272.0,11352.0
2807909064,2021,29950.0,11883.0
2807909064,2022,31847.0,12346.0
2807909065,2015,22645.0,9362.0
2807909065,2016,22899.0,9569.0
2807909065,2017,23371.0,9886.0
2807909065,2018,24371.0,10173.0
2807909065,2019,25221.0,10407.0
2807909065,2020,25374.0,10476.0
2807909065,2021,26357.0,11116.0
2807909065,2022,27860.0,11659.0
2807909066,2015,28742.0,11266.0
2807909066,2016,28396.0,11387.0
2807909066,2017,27618.0,11360.0
2807909066,2018,29354.0,12122.0
2807909066,2019,30505.0,12443.0
2807909066,2020,30747.0,12670.0
2807909066,2021,30455.0,12616.0
2807909066,2022,34023.0,13842.0
2807909067,2015,22074.0,9245.0
2807909067,2016,23103.0,9811.0
2807909067,2017,24022.0,10173.0
2807909067,2018,24272.0,10526.0
2807909067,2019,26395.0,11251.0
2807909067,2020,26624.0,11434.0
2807909067,2021,25989.0,11488.0
2807909067,2022,27797.0,11923.0
2807909068,2015,25918.0,11840.0
2807909068,2016,27070.0,12584.0
2807909068,2017,26082.0,12211.0
2807909068,2018,27139.0,12688.0
2807909068,2019,28708.0,12937.0
2807909068,2020,29456.0,13593.0
2807909068,2021,29549.0,13574.0
2807909068,2022,31269.0,14199.0
2807909069,2015,33035.0,12629.0
2807909069,2016,32217.0,12332.0
2807909069,2017,34515.0,13292.0
2807909069,2018,36472.0,14056.0
2807909069,2019,37177.0,15520.0
2807909069,2020,37266.0,15565.0
2807909069,2021,38371.0,16638.0
2807909069,2022,40455.0,17128.0
2807909070,2015,29923.0,14101.0
2807909070,2016,31063.0,14705.0
2807909070,2017,31262.0,14714.0
2807909070,2018,32903.0,15213.0
2807909070,2019,38598.0,16668.0
2807909070,2020,41807.0,18419.0
2807909070,2021,44651.0,19549.0
2807909070,2022,49943.0,21965.0
2807909071,2015,80135.0,28350.0
2807909071,2016,83624.0,29364.0
2807909071,2017,86006.0,30210.0
2807909071,2018,91933.0,32242.0
2807909071,2019,91479.0,32183.0
2807909071,2020,89731.0,31670.0
2807909071,2021,88769.0,32039.0
2807909071,2022,98221.0,34765.0
2807909072,2015,80135.0,28350.0
2807909072,2016,83624.0,29364.0
2807909072,2017,86006.0,30210.0
2807909072,2018,91933.0,32242.0
2807909072,2019,91479.0,32183.0
2807909072,2020,89731.0,31670.0
2807909072,2021,88769.0,32039.0
2807909072,2022,98221.0,34765.0
2807909073,2015,80135.0,28350.0
2807909073,2016,83624.0,29364.0
2807909073,2017,86006.0,30210.0
2807909073,2018,91933.0,32242.0
2807909073,2019,91479.0,32183.0
2807909073,2020,89731.0,31670.0
2807909073,2021,88769.0,32039.0
2807909073,2022,98221.0,34095.0
2807909074,2015,37253.0,13810.0
2807909074,2016,37829.0,14359.0
2807909074,2017,37705.0,14558.0
2807909074,2018,39589.0,15568.0
2807909074,2019,40804.0,16082.0
2807909074,2020,40916.0,15826.0
2807909074,2021,41329.0,16594.0
2807909074,2022,43314.0,17420.0
2807909075,2015,68452.0,22558.0
2807909075,2016,77669.0,25487.0
2807909075,2017,86006.0,27687.0
2807909075,2018,90468.0,28381.0
2807909075,2019,64509.0,20351.0
2807909075,2020,82176.0,26107.0
2807909075,2021,84840.0,27302.0
2807909075,2022,92152.0,30083.0
2807909076,2015,25935.0,9729.0
2807909076,2016,26058.0,9891.0
2807909076,2017,26622.0,10261.0
2807909076,2018,26946.0,10283.0
2807909076,2019,29072.0,10705.0
2807909076,2020,28213.0,10778.0
2807909076,2021,29724.0,11764.0
2807909076,2022,31110.0,12630.0
2807909077,2015,38933.0,15098.0
2807909077,2016,42458.0,16680.0
2807909077,2017,42000.0,16501.0
2807909077,2018,39182.0,15594.0
2807909077,2019,44448.0,17406.0
2807909077,2020,41143.0,16264.0
2807909077,2021,41403.0,16455.0
2807909077,2022,46005.0,18443.0
2807909078,2015,80135.0,28350.0
2807909078,2016,83624.0,29364.0
2807909078,2017,86006.0,30210.0
2807909078,2018,91933.0,32242.0
2807909078,2019,91479.0,32183.0
2807909078,2020,89731.0,31670.0
2807909078,2021,88769.0,32039.0
2807909078,2022,98221.0,34765.0
2807909079,2015,56388.0,20004.0
2807909079,2016,63357.0,22773.0
2807909079,2017,62344.0,22759.0
2807909079,2018,63122.0,23182.0
2807909079,2019,63544.0,23474.0
2807909079,2020,59672.0,22290.0
2807909079,2021,57138.0,21646.0
2807909079,2022,63317.0,24324.0
2807909080,2015,66459.0,21143.0
2807909080,2016,68668.0,22030.0
2807909080,2017,68340.0,22767.0
2807909080,2018,77719.0,26072.0
2807909080,2019,76350.0,25229.0
2807909080,2020,73569.0,24509.0
2807909080,2021,71175.0,24714.0
2807909080,2022,78374.0,27642.0
2807909081,2015,56323.0,21892.0
2807909081,2016,59089.0,23110.0
2807909081,2017,55921.0,22249.0
2807909081,2018,58912.0,23837.0
2807909081,2019,64512.0,24910.0
2807909081,2020,61593.0,24473.0
2807909081,2021,52930.0,21134.0
2807909081,2022,67352.0,26909.0
2807909082,2015,35340.0,14434.0
2807909082,2016,36336.0,14683.0
2807909082,2017,37941.0,15625.0
2807909082,2018,39455.0,16143.0
2807909082,2019,39480.0,16426.0
2807909082,2020,39048.0,16618.0
2807909082,2021,40023.0,16831.0
2807909082,2022,42141.0,17980.0
2807909083,2015,70763.0,23788.0
2807909083,2016,71350.0,23955.0
2807909083,2017,70757.0,23963.0
2807909083,2018,73843.0,25001.0
2807909083,2019,75152.0,25291.0
2807909083,2020,75680.0,25924.0
2807909083,2021,72820.0,25429.0
2807909083,2022,90478.0,29267.0
2807909084,2015,37495.0,17345.0
2807909084,2016,38175.0,18552.0
2807909084,2017,40604.0,19124.0
2807909084,2018,43297.0,20202.0
2807909084,2019,43515.0,20569.0
2807909084,2020,43097.0,20485.0
2807909084,2021,44246.0,21657.0
2807909084,2022,49522.0,24188.0
2807909085,2015,76608.0,23109.0
2807909085,2016,77990.0,23258.0
2807909085,2017,80738.0,23852.0
2807909085,2018,80777.0,24183.0
2807909085,2019,83094.0,25068.0
2807909085,2020,81042.0,25394.0
2807909085,2021,79706.0,25450.0
2807909085,2022,88922.0,28483.0
2807909086,2015,80135.0,28350.0
2807909086,2016,83624.0,29364.0
2807909086,2017,86006.0,30210.0
2807909086,2018,91933.0,32242.0
2807909086,2019,91479.0,32183.0
2807909086,2020,89731.0,31670.0
2807909086,2021,88769.0,32039.0
2807909086,2022,98221.0,34765.0
2807909087,2015,80135.0,28350.0
2807909087,2016,83624.0,29364.0
2807909087,2017,86006.0,30210.0
2807909087,2018,91933.0,32242.0
2807909087,2019,91479.0,32183.0
2807909087,2020,89731.0,31670.0
2807909087,2021,88769.0,32039.0
2807909087,2022,98221.0,34765.0
2807909088,2015,54606.0,20518.0
2807909088,2016,57880.0,21667.0
2807909088,2017,60343.0,22427.0
2807909088,2018,62366.0,23019.0
2807909088,2019,62800.0,23251.0
2807909088,2020,60584.0,22557.0
2807909088,2021,63911.0,24459.0
2807909088,2022,65583.0,24802.0
2807909089,2015,80135.0,28350.0
2807909089,2016,83624.0,28996.0
2807909089,2017,86006.0,30210.0
2807909089,2018,91933.0,32242.0
2807909089,2019,91479.0,32183.0
2807909089,2020,89731.0,31670.0
2807909089,2021,88769.0,32039.0
2807909089,2022,98221.0,34765.0
2807909090,2015,41404.0,15720.0
2807909090,2016,41887.0,16114.0
2807909090,2017,43508.0,16962.0
2807909090,2018,45786.0,17866.0
2807909090,2019,48267.0,18983.0
2807909090,2020,48123.0,19027.0
2807909090,2021,49922.0,19802.0
2807909090,2022,53920.0,21257.0
2807909091,2015,79466.0,26608.0
2807909091,2016,83624.0,29364.0
2807909091,2017,86006.0,29444.0
2807909091,2018,88432.0,30217.0
2807909091,2019,91479.0,31874.0
2807909091,2020,89731.0,31670.0
2807909091,2021,88769.0,32039.0
2807909091,2022,98221.0,34765.0
2807909092,2015,,
2807909092,2016,,
2807909092,2017,64255.0,19442.0
2807909092,2018,77972.0,23721.0
2807909092,2019,80502.0,24735.0
2807909092,2020,82149.0,25535.0
2807909092,2021,75009.0,23804.0
2807909092,2022,80839.0,25721.0
2807909093,2015,,
2807909093,2016,,
2807909093,2017,,
2807909093,2018,,
2807909093,2019,,
2807909093,2020,,
2807909093,2021,,
2807909093,2022,98221.0,34765.0
2807909094,2015,,
2807909094,2016,,
2807909094,2017,,
2807909094,2018,,
2807909094,2019,,
2807909094,2020,,
2807909094,2021,,
2807909094,2022,69645.0,25800.0
2807909095,2015,,
2807909095,2016,,
2807909095,2017,,
2807909095,2018,,
2807909095,2019,,
2807909095,2020,,
2807909095,2021,,
2807909095,2022,58380.0,27760.0
2807909096,2015,,
2807909096,2016,,
2807909096,2017,,
2807909096,2018,,
2807909096,2019,,
2807909096,2020,,
2807909096,2021,,
2807909096,2022,98221.0,34765.0
2807909097,2015,,
2807909097,2016,,
2807909097,2017,,
2807909097,2018,,
2807909097,2019,,
2807909097,2020,,
2807909097,2021,,
2807909097,2022,98221.0,34765.0
2807910001,2015,26571.0,10249.0
2807910001,2016,27367.0,10236.0
2807910001,2017,27785.0,10332.0
2807910001,2018,28700.0,10591.0
2807910001,2019,29632.0,10796.0
2807910001,2020,29756.0,10720.0
2807910001,2021,31341.0,11402.0
2807910001,2022,32373.0,11730.0
2807910002,2015,20294.0,6177.0
2807910002,2016,20182.0,6319.0
2807910002,2017,20624.0,6189.0
2807910002,2018,21273.0,6313.0
2807910002,2019,23165.0,6635.0
2807910002,2020,22330.0,6632.0
2807910002,2021,23171.0,6985.0
2807910002,2022,24757.0,7663.0
2807910003,2015,17169.0,5286.0
2807910003,2016,18024.0,5744.0
2807910003,2017,18256.0,5878.0
2807910003,2018,19504.0,6236.0
2807910003,2019,20616.0,6510.0
2807910003,2020,19849.0,6486.0
2807910003,2021,20552.0,6625.0
2807910003,2022,22831.0,7345.0
2807910004,2015,21311.0,8513.0
2807910004,2016,22772.0,8859.0
2807910004,2017,23451.0,9182.0
2807910004,2018,24983.0,9782.0
2807910004,2019,26259.0,9872.0
2807910004,2020,26428.0,9820.0
2807910004,2021,27381.0,10758.0
2807910004,2022,28074.0,10497.0
2807910005,2015,24041.0,9088.0
2807910005,2016,25097.0,9462.0
2807910005,2017,24682.0,9359.0
2807910005,2018,26182.0,9967.0
2807910005,2019,28064.0,10361.0
2807910005,2020,27498.0,10329.0
2807910005,2021,27948.0,10597.0
2807910005,2022,29913.0,10775.0
2807910006,2015,34721.0,13307.0
2807910006,2016,34975.0,13292.0
2807910006,2017,34462.0,13220.0
2807910006,2018,36022.0,13871.0
2807910006,2019,37389.0,14265.0
2807910006,2020,36711.0,14323.0
2807910006,2021,38131.0,14661.0
2807910006,2022,38985.0,15050.0
2807910007,2015,24196.0,9430.0
2807910007,2016,24651.0,9588.0
2807910007,2017,25383.0,9576.0
2807910007,2018,26667.0,9838.0
2807910007,2019,28442.0,10194.0
2807910007,2020,28011.0,10140.0
2807910007,2021,29596.0,10665.0
2807910007,2022,30535.0,10881.0
2807910008,2015,24057.0,8840.0
2807910008,2016,24250.0,8830.0
2807910008,2017,25265.0,9419.0
2807910008,2018,25612.0,9682.0
2807910008,2019,27985.0,10464.0
2807910008,2020,26889.0,10466.0
2807910008,2021,29378.0,11252.0
2807910008,2022,30434.0,11456.0
2807910009,2015,24548.0,9152.0
2807910009,2016,25275.0,9895.0
2807910009,2017,25750.0,10009.0
2807910009,2018,26839.0,10215.0
2807910009,2019,27532.0,10798.0
2807910009,2020,27167.0,10892.0
2807910009,2021,29273.0,11165.0
2807910009,2022,30228.0,11564.0
2807910010,2015,29042.0,10382.0
2807910010,2016,30007.0,11024.0
2807910010,2017,30294.0,11238.0
2807910010,2018,30374.0,11284.0
2807910010,2019,32502.0,11646.0
2807910010,2020,31844.0,11333.0
2807910010,2021,32585.0,11682.0
2807910010,2022,33678.0,12086.0
2807910011,2015,33209.0,14573.0
2807910011,2016,33739.0,14890.0
2807910011,2017,34211.0,14829.0
2807910011,2018,36431.0,15884.0
2807910011,2019,39057.0,16661.0
2807910011,2020,38144.0,16547.0
2807910011,2021,42129.0,18472.0
2807910011,2022,41678.0,17948.0
2807910012,2015,30516.0,13585.0
2807910012,2016,29878.0,13620.0
2807910012,2017,30778.0,13672.0
2807910012,2018,32070.0,14401.0
2807910012,2019,33473.0,15176.0
2807910012,2020,33495.0,15360.0
2807910012,2021,35075.0,16206.0
2807910012,2022,38225.0,17382.0
2807910013,2015,37363.0,15895.0
2807910013,2016,37714.0,15908.0
2807910013,2017,38426.0,16343.0
2807910013,2018,39542.0,16931.0
2807910013,2019,41433.0,17512.0
2807910013,2020,40029.0,17599.0
2807910013,2021,41826.0,18914.0
2807910013,2022,46074.0,20129.0
2807910014,2015,55245.0,20717.0
2807910014,2016,52399.0,19610.0
2807910014,2017,50621.0,19441.0
2807910014,2018,52714.0,20230.0
2807910014,2019,52220.0,19846.0
2807910014,2020,53136.0,20689.0
2807910014,2021,55590.0,21427.0
2807910014,2022,58675.0,22740.0
2807910015,2015,23770.0,10483.0
2807910015,2016,23770.0,10460.0
2807910015,2017,24087.0,10483.0
2807910015,2018,24968.0,10819.0
2807910015,2019,26428.0,11543.0
2807910015,2020,26418.0,11617.0
2807910015,2021,27433.0,12310.0
2807910015,2022,30294.0,13426.0
2807910016,2015,32540.0,14143.0
2807910016,2016,33288.0,14611.0
2807910016,2017,33666.0,15220.0
2807910016,2018,35128.0,15664.0
2807910016,2019,37829.0,16915.0
2807910016,2020,35947.0,16337.0
2807910016,2021,38880.0,17504.0
2807910016,2022,41719.0,19054.0
2807910017,2015,58338.0,23241.0
2807910017,2016,59794.0,23517.0
2807910017,2017,58020.0,22703.0
2807910017,2018,62903.0,24908.0
2807910017,2019,60546.0,24067.0
2807910017,2020,58640.0,23443.0
2807910017,2021,59911.0,23352.0
2807910017,2022,67684.0,26641.0
2807910018,2015,27523.0,11421.0
2807910018,2016,28436.0,11510.0
2807910018,2017,28739.0,11935.0
2807910018,2018,29926.0,12580.0
2807910018,2019,31435.0,12683.0
2807910018,2020,30882.0,13378.0
2807910018,2021,31079.0,13502.0
2807910018,2022,34659.0,15188.0
2807910020,2015,21089.0,8771.0
2807910020,2016,22057.0,9397.0
2807910020,2017,22197.0,9636.0
2807910020,2018,22874.0,10070.0
2807910020,2019,24756.0,10982.0
2807910020,2020,24237.0,10769.0
2807910020,2021,24704.0,11123.0
2807910020,2022,29134.0,12529.0
2807910021,2015,25230.0,11318.0
2807910021,2016,26053.0,11959.0
2807910021,2017,25858.0,11598.0
2807910021,2018,27305.0,12246.0
2807910021,2019,28689.0,12756.0
2807910021,2020,28458.0,12873.0
2807910021,2021,30045.0,13549.0
2807910021,2022,32703.0,15210.0
2807910022,2015,25277.0,10454.0
2807910022,2016,26083.0,10896.0
2807910022,2017,25791.0,10808.0
2807910022,2018,26646.0,11127.0
2807910022,2019,28236.0,11590.0
2807910022,2020,27747.0,11740.0
2807910022,2021,27665.0,12252.0
2807910022,2022,31701.0,13757.0
2807910023,2015,24341.0,11086.0
2807910023,2016,25686.0,11741.0
2807910023,2017,26274.0,12099.0
2807910023,2018,25870.0,11987.0
2807910023,2019,27194.0,12304.0
2807910023,2020,27197.0,12683.0
2807910023,2021,28792.0,13914.0
2807910023,2022,30677.0,14397.0
2807910024,2015,24763.0,10269.0
2807910024,2016,25814.0,10347.0
2807910024,2017,27334.0,11089.0
2807910024,2018,29228.0,11587.0
2807910024,2019,29572.0,12010.0
2807910024,2020,29893.0,12551.0
2807910024,2021,30485.0,12870.0
2807910024,2022,33099.0,14142.0
2807910025,2015,26701.0,10809.0
2807910025,2016,26996.0,11121.0
2807910025,2017,27844.0,11373.0
2807910025,2018,28805.0,11671.0
2807910025,2019,29851.0,12112.0
2807910025,2020,30161.0,12580.0
2807910025,2021,29972.0,12954.0
2807910025,2022,33583.0,14046.0
2807910026,2015,28155.0,12883.0
2807910026,2016,29285.0,13436.0
2807910026,2017,30486.0,13973.0
2807910026,2018,32288.0,14716.0
2807910026,2019,32778.0,15232.0
2807910026,2020,33892.0,15527.0
2807910026,2021,35536.0,16160.0
2807910026,2022,37343.0,16982.0
2807910027,2015,26612.0,12268.0
2807910027,2016,26639.0,12334.0
2807910027,2017,26486.0,12589.0
2807910027,2018,27640.0,13003.0
2807910027,2019,29467.0,13618.0
2807910027,2020,28815.0,13735.0
2807910027,2021,31069.0,14785.0
2807910027,2022,31772.0,14825.0
2807910028,2015,24966.0,10227.0
2807910028,2016,25513.0,10562.0
2807910028,2017,25627.0,10449.0
2807910028,2018,27125.0,10693.0
2807910028,2019,28941.0,10807.0
2807910028,2020,28548.0,11092.0
2807910028,2021,29381.0,11647.0
2807910028,2022,32259.0,12695.0
2807910029,2015,25517.0,10632.0
2807910029,2016,26640.0,10831.0
2807910029,2017,26739.0,10968.0
2807910029,2018,28183.0,11309.0
2807910029,2019,29328.0,11765.0
2807910029,2020,28578.0,12118.0
2807910029,2021,30029.0,12403.0
2807910029,2022,32224.0,13393.0
2807910030,2015,24803.0,10111.0
2807910030,2016,25068.0,10303.0
2807910030,2017,25554.0,10356.0
2807910030,2018,27176.0,11016.0
2807910030,2019,27899.0,10968.0
2807910030,2020,27551.0,11163.0
2807910030,2021,28340.0,11686.0
2807910030,2022,30412.0,12547.0
2807910031,2015,24488.0,10344.0
2807910031,2016,24363.0,10204.0
2807910031,2017,24823.0,10181.0
2807910031,2018,26586.0,10722.0
2807910031,2019,27638.0,11140.0
2807910031,2020,27975.0,11074.0
2807910031,2021,27755.0,11319.0
2807910031,2022,31647.0,12548.0
2807910032,2015,24133.0,10126.0
2807910032,2016,24902.0,10446.0
2807910032,2017,24755.0,10527.0
2807910032,2018,25286.0,10620.0
2807910032,2019,27218.0,11413.0
2807910032,2020,25701.0,11531.0
2807910032,2021,27578.0,12271.0
2807910032,2022,29647.0,12582.0
2807910033,2015,23984.0,10328.0
2807910033,2016,24327.0,10698.0
2807910033,2017,25415.0,11099.0
2807910033,2018,25910.0,11254.0
2807910033,2019,27117.0,11753.0
2807910033,2020,26845.0,12050.0
2807910033,2021,27687.0,12968.0
2807910033,2022,29929.0,14084.0
2807910034,2015,22032.0,8830.0
2807910034,2016,23162.0,9166.0
2807910034,2017,25614.0,9918.0
2807910034,2018,26871.0,10463.0
2807910034,2019,26836.0,10568.0
2807910034,2020,26598.0,10389.0
2807910034,2021,28092.0,11500.0
2807910034,2022,,
2807910035,2015,25962.0,10262.0
2807910035,2016,26263.0,10446.0
2807910035,2017,27580.0,11245.0
2807910035,2018,27911.0,11615.0
2807910035,2019,28177.0,11775.0
2807910035,2020,27592.0,11574.0
2807910035,2021,29737.0,12318.0
2807910035,2022,31433.0,13218.0
2807910036,2015,30627.0,13355.0
2807910036,2016,31051.0,13867.0
2807910036,2017,31220.0,13852.0
2807910036,2018,32546.0,14750.0
2807910036,2019,34872.0,15286.0
2807910036,2020,33353.0,14867.0
2807910036,2021,33990.0,15556.0
2807910036,2022,36471.0,16252.0
2807910037,2015,24848.0,10224.0
2807910037,2016,24954.0,10229.0
2807910037,2017,26344.0,10890.0
2807910037,2018,26184.0,11020.0
2807910037,2019,28192.0,11676.0
2807910037,2020,27106.0,11204.0
2807910037,2021,28053.0,11718.0
2807910037,2022,30522.0,12725.0
2807910038,2015,29126.0,11781.0
2807910038,2016,29585.0,11538.0
2807910038,2017,32660.0,12498.0
2807910038,2018,30148.0,11532.0
2807910038,2019,34041.0,13008.0
2807910038,2020,30931.0,12270.0
2807910038,2021,32468.0,12833.0
2807910038,2022,32595.0,12652.0
2807910039,2015,25840.0,10132.0
2807910039,2016,25218.0,9884.0
2807910039,2017,25694.0,9998.0
2807910039,2018,26986.0,10479.0
2807910039,2019,28910.0,11264.0
2807910039,2020,28236.0,11137.0
2807910039,2021,28790.0,11142.0
2807910039,2022,31774.0,11655.0
2807910040,2015,20026.0,8141.0
2807910040,2016,21180.0,8845.0
2807910040,2017,20703.0,8917.0
2807910040,2018,21978.0,9011.0
2807910040,2019,23733.0,9595.0
2807910040,2020,23245.0,9681.0
2807910040,2021,23637.0,9987.0
2807910040,2022,25727.0,10768.0
2807910041,2015,24265.0,9490.0
2807910041,2016,24460.0,9579.0
2807910041,2017,24873.0,9842.0
2807910041,2018,25411.0,10260.0
2807910041,2019,26505.0,10746.0
2807910041,2020,26295.0,10656.0
2807910041,2021,27306.0,11275.0
2807910041,2022,29715.0,12028.0
2807910042,2015,26748.0,11259.0
2807910042,2016,28301.0,11507.0
2807910042,2017,27895.0,11513.0
2807910042,2018,29276.0,12355.0
2807910042,2019,31073.0,12723.0
2807910042,2020,31047.0,12632.0
2807910042,2021,31823.0,12885.0
2807910042,2022,34982.0,13819.0
2807910043,2015,28606.0,11387.0
2807910043,2016,29078.0,11805.0
2807910043,2017,28732.0,11509.0
2807910043,2018,29339.0,11751.0
2807910043,2019,31952.0,12704.0
2807910043,2020,31246.0,12621.0
2807910043,2021,31459.0,13013.0
2807910043,2022,33920.0,13637.0
2807910044,2015,32327.0,13659.0
2807910044,2016,34117.0,14346.0
2807910044,2017,34227.0,14802.0
2807910044,2018,37285.0,16110.0
2807910044,2019,37840.0,16011.0
2807910044,2020,38885.0,16691.0
2807910044,2021,37738.0,16737.0
2807910044,2022,39357.0,17497.0
2807910046,2015,24664.0,10394.0
2807910046,2016,25599.0,10749.0
2807910046,2017,25506.0,10539.0
2807910046,2018,26202.0,10560.0
2807910046,2019,27358.0,11078.0
2807910046,2020,27507.0,10977.0
2807910046,2021,27099.0,11210.0
2807910046,2022,29413.0,11815.0
2807910047,2015,22813.0,8311.0
2807910047,2016,22981.0,8343.0
2807910047,2017,21978.0,7929.0
2807910047,2018,23805.0,8316.0
2807910047,2019,25767.0,8639.0
2807910047,2020,25871.0,8788.0
2807910047,2021,26735.0,8990.0
2807910047,2022,27957.0,9161.0
2807910048,2015,22409.0,8604.0
2807910048,2016,21972.0,8557.0
2807910048,2017,22289.0,8416.0
2807910048,2018,22902.0,8562.0
2807910048,2019,24151.0,8712.0
2807910048,2020,24931.0,9045.0
2807910048,2021,26884.0,9590.0
2807910048,2022,28906.0,10122.0
2807910049,2015,22827.0,8498.0
2807910049,2016,23159.0,8739.0
2807910049,2017,23768.0,8811.0
2807910049,2018,23784.0,8971.0
2807910049,2019,25937.0,9778.0
2807910049,2020,25143.0,9817.0
2807910049,2021,25152.0,9863.0
2807910049,2022,27373.0,10414.0
2807910050,2015,24363.0,9326.0
2807910050,2016,24824.0,9309.0
2807910050,2017,25164.0,9455.0
2807910050,2018,26013.0,9880.0
2807910050,2019,26914.0,9777.0
2807910050,2020,26655.0,9866.0
2807910050,2021,27230.0,10338.0
2807910050,2022,29391.0,10929.0
2807910051,2015,26378.0,9949.0
2807910051,2016,27449.0,10026.0
2807910051,2017,27185.0,10097.0
2807910051,2018,27879.0,10507.0
2807910051,2019,28575.0,10818.0
2807910051,2020,28427.0,10851.0
2807910051,2021,30258.0,11452.0
2807910051,2022,31585.0,11852.0
2807910052,2015,25924.0,9964.0
2807910052,2016,26713.0,10225.0
2807910052,2017,26695.0,9977.0
2807910052,2018,28770.0,10535.0
2807910052,2019,28669.0,10626.0
2807910052,2020,28002.0,10349.0
2807910052,2021,29123.0,10860.0
2807910052,2022,30400.0,11143.0
2807910053,2015,26938.0,10359.0
2807910053,2016,27323.0,10144.0
2807910053,2017,27508.0,10415.0
2807910053,2018,28285.0,10830.0
2807910053,2019,29806.0,11223.0
2807910053,2020,29699.0,11458.0
2807910053,2021,31110.0,11875.0
2807910053,2022,32904.0,12571.0
2807910054,2015,36157.0,15124.0
2807910054,2016,37068.0,15698.0
2807910054,2017,37900.0,16192.0
2807910054,2018,39147.0,16538.0
2807910054,2019,42232.0,17475.0
2807910054,2020,41127.0,17196.0
2807910054,2021,42754.0,17859.0
2807910054,2022,43395.0,18450.0
2807910055,2015,35465.0,13779.0
2807910055,2016,35570.0,14091.0
2807910055,2017,36470.0,14247.0
2807910055,2018,37631.0,14837.0
2807910055,2019,39796.0,15595.0
2807910055,2020,39955.0,15989.0
2807910055,2021,40252.0,16230.0
2807910055,2022,41293.0,17159.0
2807910056,2015,24329.0,9617.0
2807910056,2016,23786.0,9330.0
2807910056,2017,24883.0,9223.0
2807910056,2018,26447.0,9839.0
2807910056,2019,27475.0,10160.0
2807910056,2020,27066.0,10593.0
2807910056,2021,28138.0,11030.0
2807910056,2022,30685.0,11471.0
2807910057,2015,24072.0,9610.0
2807910057,2016,24292.0,9646.0
2807910057,2017,24895.0,10015.0
2807910057,2018,25070.0,10156.0
2807910057,2019,26882.0,10457.0
2807910057,2020,26578.0,10659.0
2807910057,2021,27509.0,11201.0
2807910057,2022,29136.0,11749.0
2807910058,2015,22755.0,8930.0
2807910058,2016,22968.0,9075.0
2807910058,2017,23435.0,9251.0
2807910058,2018,23956.0,9521.0
2807910058,2019,25760.0,9948.0
2807910058,2020,24588.0,9776.0
2807910058,2021,25714.0,10436.0
2807910058,2022,27820.0,10783.0
2807910059,2015,22597.0,8543.0
2807910059,2016,23509.0,8933.0
2807910059,2017,23842.0,9083.0
2807910059,2018,25219.0,9834.0
2807910059,2019,25924.0,10004.0
2807910059,2020,25373.0,9896.0
2807910059,2021,26089.0,10235.0
2807910059,2022,28198.0,10675.0
2807910060,2015,36564.0,13120.0
2807910060,2016,36926.0,13552.0
2807910060,2017,36548.0,13475.0
2807910060,2018,38558.0,14212.0
2807910060,2019,38844.0,14617.0
2807910060,2020,41930.0,15870.0
2807910060,2021,40447.0,15473.0
2807910060,2022,41065.0,15956.0
2807910061,2015,21877.0,8423.0
2807910061,2016,22328.0,8575.0
2807910061,2017,22609.0,8582.0
2807910061,2018,23732.0,8729.0
2807910061,2019,25610.0,9013.0
2807910061,2020,25815.0,9108.0
2807910061,2021,26962.0,9669.0
2807910061,2022,28902.0,10112.0
2807910062,2015,21054.0,7414.0
2807910062,2016,21006.0,7768.0
2807910062,2017,21994.0,8040.0
2807910062,2018,22885.0,8426.0
2807910062,2019,24081.0,8278.0
2807910062,2020,24266.0,8223.0
2807910062,2021,23072.0,8201.0
2807910062,2022,26804.0,9325.0
2807910063,2015,22255.0,8569.0
2807910063,2016,22449.0,8606.0
2807910063,2017,23159.0,8565.0
2807910063,2018,24418.0,8764.0
2807910063,2019,25212.0,8959.0
2807910063,2020,25117.0,9051.0
2807910063,2021,26513.0,9494.0
2807910063,2022,28286.0,9828.0
2807910065,2015,24219.0,9386.0
2807910065,2016,24727.0,9383.0
2807910065,2017,24766.0,9807.0
2807910065,2018,25667.0,9926.0
2807910065,2019,26907.0,10599.0
2807910065,2020,26569.0,10381.0
2807910065,2021,29184.0,11414.0
2807910065,2022,29405.0,11497.0
2807910067,2015,31505.0,13935.0
2807910067,2016,30582.0,13316.0
2807910067,2017,31224.0,13658.0
2807910067,2018,32191.0,13973.0
2807910067,2019,33365.0,14469.0
2807910067,2020,32357.0,14294.0
2807910067,2021,32321.0,14460.0
2807910067,2022,34367.0,15300.0
2807910068,2015,29995.0,12651.0
2807910068,2016,30714.0,12794.0
2807910068,2017,30045.0,12655.0
2807910068,2018,31427.0,13113.0
2807910068,2019,32037.0,13526.0
2807910068,2020,31989.0,13833.0
2807910068,2021,32982.0,14288.0
2807910068,2022,34512.0,15037.0
2807910069,2015,26986.0,10860.0
2807910069,2016,27032.0,10934.0
2807910069,2017,28163.0,11106.0
2807910069,2018,29330.0,11387.0
2807910069,2019,30840.0,11834.0
2807910069,2020,30953.0,11910.0
2807910069,2021,31951.0,12183.0
2807910069,2022,33431.0,12347.0
2807910070,2015,27737.0,11397.0
2807910070,2016,27761.0,11382.0
2807910070,2017,27966.0,11328.0
2807910070,2018,29407.0,11900.0
2807910070,2019,31754.0,12495.0
2807910070,2020,30800.0,12337.0
2807910070,2021,29339.0,11856.0
2807910070,2022,33361.0,13515.0
2807910072,2015,34742.0,14779.0
2807910072,2016,35291.0,15110.0
2807910072,2017,35461.0,15203.0
2807910072,2018,37267.0,15698.0
2807910072,2019,39450.0,16503.0
2807910072,2020,41127.0,17566.0
2807910072,2021,39615.0,16727.0
2807910072,2022,42393.0,17970.0
2807910073,2015,25975.0,10111.0
2807910073,2016,25323.0,9796.0
2807910073,2017,26741.0,10627.0
2807910073,2018,27759.0,10537.0
2807910073,2019,29340.0,11027.0
2807910073,2020,29569.0,11182.0
2807910073,2021,30004.0,11389.0
2807910073,2022,32071.0,11991.0
2807910074,2015,32430.0,15118.0
2807910074,2016,32647.0,15006.0
2807910074,2017,32828.0,15364.0
2807910074,2018,34034.0,15919.0
2807910074,2019,35873.0,16153.0
2807910074,2020,35883.0,16345.0
2807910074,2021,37354.0,17351.0
2807910074,2022,39486.0,17973.0
2807910075,2015,29746.0,12902.0
2807910075,2016,28100.0,11850.0
2807910075,2017,28983.0,12208.0
2807910075,2018,29420.0,12736.0
2807910075,2019,30839.0,13262.0
2807910075,2020,31512.0,14060.0
2807910075,2021,31195.0,13960.0
2807910075,2022,33079.0,13928.0
2807910076,2015,30835.0,13292.0
2807910076,2016,32513.0,13703.0
2807910076,2017,32867.0,13701.0
2807910076,2018,33151.0,13573.0
2807910076,2019,35200.0,14548.0
2807910076,2020,34556.0,14165.0
2807910076,2021,36507.0,15199.0
2807910076,2022,37674.0,15691.0
2807910077,2015,24814.0,10737.0
2807910077,2016,25301.0,10964.0
2807910077,2017,25886.0,10919.0
2807910077,2018,27337.0,11578.0
2807910077,2019,29205.0,12516.0
2807910077,2020,28802.0,12344.0
2807910077,2021,29699.0,12664.0
2807910077,2022,30163.0,12384.0
2807910078,2015,28954.0,12945.0
2807910078,2016,29516.0,13030.0
2807910078,2017,31781.0,13840.0
2807910078,2018,29669.0,12750.0
2807910078,2019,31665.0,13615.0
2807910078,2020,32018.0,13748.0
2807910078,2021,32507.0,14015.0
2807910078,2022,35437.0,14575.0
2807910081,2015,42174.0,16870.0
2807910081,2016,35497.0,14403.0
2807910081,2017,39370.0,15883.0
2807910081,2018,40962.0,17033.0
2807910081,2019,41848.0,17460.0
2807910081,2020,40905.0,17214.0
2807910081,2021,42332.0,17614.0
2807910081,2022,44647.0,18575.0
2807910082,2015,25248.0,10700.0
2807910082,2016,25376.0,10801.0
2807910082,2017,26067.0,10910.0
2807910082,2018,26366.0,10682.0
2807910082,2019,27318.0,10783.0
2807910082,2020,27229.0,10747.0
2807910082,2021,27987.0,11052.0
2807910082,2022,29821.0,11587.0
2807910083,2015,24466.0,8900.0
2807910083,2016,24647.0,8861.0
2807910083,2017,25012.0,9384.0
2807910083,2018,25999.0,9652.0
2807910083,2019,28406.0,10065.0
2807910083,2020,28016.0,9699.0
2807910083,2021,29768.0,10442.0
2807910083,2022,31532.0,10810.0
2807910084,2015,22655.0,8483.0
2807910084,2016,22864.0,8616.0
2807910084,2017,22880.0,8548.0
2807910084,2018,24082.0,9172.0
2807910084,2019,25423.0,9317.0
2807910084,2020,24956.0,9236.0
2807910084,2021,25751.0,9401.0
2807910084,2022,27467.0,9904.0
2807910086,2015,23291.0,9246.0
2807910086,2016,23194.0,9133.0
2807910086,2017,23569.0,9283.0
2807910086,2018,23931.0,9417.0
2807910086,2019,24608.0,9617.0
2807910086,2020,23325.0,9220.0
2807910086,2021,24472.0,9835.0
2807910086,2022,25636.0,9942.0
2807910087,2015,48594.0,18406.0
2807910087,2016,48636.0,18883.0
2807910087,2017,48355.0,19022.0
2807910087,2018,51004.0,20556.0
2807910087,2019,49612.0,19909.0
2807910087,2020,50724.0,20481.0
2807910087,2021,51371.0,21221.0
2807910087,2022,53140.0,22417.0
2807910088,2015,30577.0,12181.0
2807910088,2016,28878.0,12062.0
2807910088,2017,29161.0,11563.0
2807910088,2018,30044.0,12037.0
2807910088,2019,31416.0,12566.0
2807910088,2020,31352.0,12576.0
2807910088,2021,32080.0,13279.0
2807910088,2022,34110.0,13975.0
2807910089,2015,28971.0,11923.0
2807910089,2016,27916.0,11913.0
2807910089,2017,27714.0,11908.0
2807910089,2018,29168.0,12557.0
2807910089,2019,30819.0,12669.0
2807910089,2020,30385.0,13014.0
2807910089,2021,30073.0,13352.0
2807910089,2022,31895.0,13908.0
2807910090,2015,37873.0,14626.0
2807910090,2016,39044.0,15303.0
2807910090,2017,38994.0,15191.0
2807910090,2018,39055.0,15813.0
2807910090,2019,39280.0,16196.0
2807910090,2020,40134.0,16780.0
2807910090,2021,39805.0,16961.0
2807910090,2022,41705.0,17271.0
2807910091,2015,43715.0,16719.0
2807910091,2016,43102.0,17186.0
2807910091,2017,43215.0,17414.0
2807910091,2018,44780.0,18081.0
2807910091,2019,45587.0,18216.0
2807910091,2020,46135.0,18551.0
2807910091,2021,46430.0,18932.0
2807910091,2022,49101.0,19732.0
2807910092,2015,31959.0,11295.0
2807910092,2016,32333.0,11747.0
2807910092,2017,32537.0,11785.0
2807910092,2018,33020.0,12216.0
2807910092,2019,34046.0,12978.0
2807910092,2020,33284.0,12702.0
2807910092,2021,34566.0,13421.0
2807910092,2022,36263.0,13647.0
2807910093,2015,27334.0,11751.0
2807910093,2016,27454.0,11938.0
2807910093,2017,27886.0,11809.0
2807910093,2018,28492.0,12046.0
2807910093,2019,29998.0,12311.0
2807910093,2020,28712.0,12143.0
2807910093,2021,29454.0,12303.0
2807910093,2022,31460.0,12604.0
2807910094,2015,21885.0,8897.0
2807910094,2016,22147.0,9218.0
2807910094,2017,22222.0,9132.0
2807910094,2018,22397.0,8947.0
2807910094,2019,23592.0,9417.0
2807910094,2020,23355.0,9730.0
2807910094,2021,25121.0,10715.0
2807910094,2022,26575.0,11230.0
2807910095,2015,26319.0,10197.0
2807910095,2016,25676.0,10165.0
2807910095,2017,26185.0,10175.0
2807910095,2018,27288.0,10260.0
2807910095,2019,28194.0,10584.0
2807910095,2020,28503.0,10786.0
2807910095,2021,29114.0,11532.0
2807910095,2022,31261.0,12082.0
2807910096,2015,22682.0,9279.0
2807910096,2016,22511.0,9343.0
2807910096,2017,23078.0,9636.0
2807910096,2018,24371.0,10063.0
2807910096,2019,24904.0,10186.0
2807910096,2020,25006.0,10233.0
2807910096,2021,25527.0,10683.0
2807910096,2022,26941.0,10955.0
2807910098,2015,29081.0,11821.0
2807910098,2016,29021.0,11795.0
2807910098,2017,29302.0,11885.0
2807910098,2018,29602.0,11793.0
2807910098,2019,30447.0,11967.0
2807910098,2020,29865.0,12144.0
2807910098,2021,30916.0,12600.0
2807910098,2022,32716.0,12866.0
2807910099,2015,30689.0,12725.0
2807910099,2016,31438.0,12828.0
2807910099,2017,30896.0,12816.0
2807910099,2018,32832.0,13714.0
2807910099,2019,34189.0,13999.0
2807910099,2020,34663.0,14377.0
2807910099,2021,35103.0,14410.0
2807910099,2022,37737.0,15292.0
2807910100,2015,29423.0,12146.0
2807910100,2016,29329.0,12165.0
2807910100,2017,30719.0,12736.0
2807910100,2018,30790.0,12434.0
2807910100,2019,32528.0,13037.0
2807910100,2020,31925.0,12930.0
2807910100,2021,32075.0,13162.0
2807910100,2022,34431.0,14358.0
2807910101,2015,32164.0,12508.0
2807910101,2016,31720.0,12464.0
2807910101,2017,33284.0,13270.0
2807910101,2018,34496.0,13602.0
2807910101,2019,35668.0,14072.0
2807910101,2020,34298.0,14150.0
2807910101,2021,35568.0,14725.0
2807910101,2022,36345.0,15083.0
2807910102,2015,34721.0,13241.0
2807910102,2016,32965.0,12769.0
2807910102,2017,34189.0,13510.0
2807910102,2018,35252.0,14058.0
2807910102,2019,38186.0,15090.0
2807910102,2020,36313.0,14811.0
2807910102,2021,37195.0,15594.0
2807910102,2022,38400.0,15660.0
2807910103,2015,22492.0,9905.0
2807910103,2016,23860.0,10376.0
2807910103,2017,24035.0,10388.0
2807910103,2018,25009.0,10621.0
2807910103,2019,27079.0,11204.0
2807910103,2020,26326.0,11000.0
2807910103,2021,27547.0,11744.0
2807910103,2022,29900.0,12724.0
2807910104,2015,36460.0,14199.0
2807910104,2016,38185.0,14942.0
2807910104,2017,,
2807910104,2018,,
2807910104,2019,,
2807910104,2020,,
2807910104,2021,,
2807910104,2022,,
2807910106,2015,41083.0,15742.0
2807910106,2016,41227.0,15848.0
2807910106,2017,41753.0,16593.0
2807910106,2018,43974.0,17411.0
2807910106,2019,44373.0,17660.0
2807910106,2020,44845.0,18029.0
2807910106,2021,44886.0,18455.0
2807910106,2022,46197.0,19156.0
2807910107,2015,41209.0,16077.0
2807910107,2016,41426.0,16317.0
2807910107,2017,41117.0,16254.0
2807910107,2018,41530.0,16692.0
2807910107,2019,42037.0,17173.0
2807910107,2020,41287.0,17694.0
2807910107,2021,42015.0,18037.0
2807910107,2022,44258.0,18858.0
2807910108,2015,35599.0,13974.0
2807910108,2016,37415.0,14795.0
2807910108,2017,36741.0,14575.0
2807910108,2018,37483.0,15041.0
2807910108,2019,38440.0,15309.0
2807910108,2020,37942.0,15576.0
2807910108,2021,38455.0,15775.0
2807910108,2022,40654.0,16712.0
2807910109,2015,34905.0,14275.0
2807910109,2016,36211.0,14759.0
2807910109,2017,35178.0,14190.0
2807910109,2018,36313.0,14679.0
2807910109,2019,37621.0,15503.0
2807910109,2020,37339.0,15739.0
2807910109,2021,37873.0,16207.0
2807910109,2022,39529.0,16820.0
2807910110,2015,24401.0,9507.0
2807910110,2016,24889.0,9689.0
2807910110,2017,25698.0,10207.0
2807910110,2018,26852.0,10528.0
2807910110,2019,26986.0,10768.0
2807910110,2020,26632.0,10916.0
2807910110,2021,27414.0,11367.0
2807910110,2022,28015.0,11639.0
2807910111,2015,21459.0,8922.0
2807910111,2016,21397.0,8824.0
2807910111,2017,22140.0,9096.0
2807910111,2018,22712.0,9333.0
2807910111,2019,24597.0,9944.0
2807910111,2020,23466.0,9522.0
2807910111,2021,24184.0,10176.0
2807910111,2022,,
2807910112,2015,23417.0,9216.0
2807910112,2016,23188.0,9257.0
2807910112,2017,23069.0,9318.0
2807910112,2018,24205.0,9780.0
2807910112,2019,25955.0,10377.0
2807910112,2020,26123.0,10953.0
2807910112,2021,26181.0,10851.0
2807910112,2022,27162.0,11238.0
2807910113,2015,23407.0,9774.0
2807910113,2016,23827.0,10031.0
2807910113,2017,23293.0,10016.0
2807910113,2018,24339.0,10193.0
2807910113,2019,26870.0,10731.0
2807910113,2020,25628.0,10971.0
2807910113,2021,26374.0,11033.0
2807910113,2022,27496.0,11421.0
2807910114,2015,22896.0,9308.0
2807910114,2016,23206.0,9400.0
2807910114,2017,24272.0,9598.0
2807910114,2018,26138.0,10217.0
2807910114,2019,26850.0,10673.0
2807910114,2020,26432.0,10491.0
2807910114,2021,27220.0,10928.0
2807910114,2022,28394.0,11431.0
2807910115,2015,21952.0,8711.0
2807910115,2016,22275.0,9150.0
2807910115,2017,22495.0,9281.0
2807910115,2018,23389.0,9799.0
2807910115,2019,24995.0,10245.0
2807910115,2020,24345.0,10440.0
2807910115,2021,25585.0,11066.0
2807910115,2022,27356.0,11766.0
2807910116,2015,35002.0,13730.0
2807910116,2016,35790.0,14029.0
2807910116,2017,35078.0,13681.0
2807910116,2018,36054.0,14096.0
2807910116,2019,36844.0,14503.0
2807910116,2020,36912.0,14733.0
2807910116,2021,38294.0,15666.0
2807910116,2022,39006.0,16199.0
2807910117,2015,44285.0,16331.0
2807910117,2016,45065.0,16524.0
2807910117,2017,44864.0,16810.0
2807910117,2018,45379.0,17206.0
2807910117,2019,46593.0,18117.0
2807910117,2020,44785.0,17401.0
2807910117,2021,46025.0,18151.0
2807910117,2022,45000.0,18450.0
2807910118,2015,34484.0,14260.0
2807910118,2016,35142.0,14466.0
2807910118,2017,35448.0,14332.0
2807910118,2018,35201.0,14447.0
2807910118,2019,36049.0,15161.0
2807910118,2020,36397.0,14995.0
2807910118,2021,36953.0,15687.0
2807910118,2022,39697.0,16815.0
2807910119,2015,44271.0,16249.0
2807910119,2016,45761.0,16890.0
2807910119,2017,47560.0,17472.0
2807910119,2018,47488.0,17666.0
2807910119,2019,47828.0,18054.0
2807910119,2020,45897.0,17757.0
2807910119,2021,48226.0,18875.0
2807910119,2022,50081.0,19948.0
2807910120,2015,31964.0,12759.0
2807910120,2016,32389.0,13165.0
2807910120,2017,31791.0,12802.0
2807910120,2018,32181.0,12910.0
2807910120,2019,34320.0,13550.0
2807910120,2020,34125.0,13405.0
2807910120,2021,34493.0,13972.0
2807910120,2022,36607.0,14752.0
2807910121,2015,24568.0,10849.0
2807910121,2016,25283.0,11085.0
2807910121,2017,24671.0,10707.0
2807910121,2018,25418.0,11265.0
2807910121,2019,26055.0,11560.0
2807910121,2020,25693.0,11518.0
2807910121,2021,27241.0,12454.0
2807910121,2022,28900.0,13006.0
2807910122,2015,34969.0,13899.0
2807910122,2016,36403.0,14243.0
2807910122,2017,36973.0,14668.0
2807910122,2018,37904.0,15113.0
2807910122,2019,38216.0,15081.0
2807910122,2020,38516.0,15399.0
2807910122,2021,39536.0,16016.0
2807910122,2022,40718.0,15903.0
2807910123,2015,36632.0,14188.0
2807910123,2016,36919.0,14598.0
2807910123,2017,36954.0,14773.0
2807910123,2018,38292.0,15435.0
2807910123,2019,38515.0,15264.0
2807910123,2020,37741.0,15623.0
2807910123,2021,37842.0,15710.0
2807910123,2022,39723.0,16752.0
2807910124,2015,27802.0,10258.0
2807910124,2016,27297.0,10119.0
2807910124,2017,27654.0,10188.0
2807910124,2018,28697.0,10633.0
2807910124,2019,29690.0,10755.0
2807910124,2020,29261.0,10942.0
2807910124,2021,29590.0,11349.0
2807910124,2022,31235.0,11802.0
2807910125,2015,30955.0,12710.0
2807910125,2016,29814.0,12402.0
2807910125,2017,31363.0,12562.0
2807910125,2018,32809.0,13399.0
2807910125,2019,33525.0,13211.0
2807910125,2020,31788.0,12749.0
2807910125,2021,33832.0,13733.0
2807910125,2022,35244.0,14263.0
2807910126,2015,28488.0,10794.0
2807910126,2016,28426.0,10856.0
2807910126,2017,28736.0,10907.0
2807910126,2018,29390.0,11251.0
2807910126,2019,31454.0,11819.0
2807910126,2020,30589.0,11596.0
2807910126,2021,31090.0,12045.0
2807910126,2022,32365.0,12418.0
2807910127,2015,25730.0,10806.0
2807910127,2016,25041.0,11012.0
2807910127,2017,26029.0,11221.0
2807910127,2018,26808.0,11619.0
2807910127,2019,28658.0,11690.0
2807910127,2020,27811.0,11824.0
2807910127,2021,28315.0,12118.0
2807910127,2022,30165.0,12838.0
2807910128,2015,31260.0,12785.0
2807910128,2016,31585.0,12751.0
2807910128,2017,31921.0,13046.0
2807910128,2018,33686.0,13588.0
2807910128,2019,33953.0,13848.0
2807910128,2020,33642.0,13970.0
2807910128,2021,35127.0,14516.0
2807910128,2022,36375.0,15293.0
2807910129,2015,37699.0,15428.0
2807910129,2016,38672.0,16042.0
2807910129,2017,37867.0,16273.0
2807910129,2018,40581.0,17128.0
2807910129,2019,40732.0,17360.0
2807910129,2020,39855.0,17462.0
2807910129,2021,39270.0,17242.0
2807910129,2022,38392.0,16640.0
2807910130,2015,34673.0,14151.0
2807910130,2016,33936.0,13996.0
2807910130,2017,34553.0,14372.0
2807910130,2018,36706.0,15109.0
2807910130,2019,36213.0,15023.0
2807910130,2020,36551.0,15335.0
2807910130,2021,37761.0,15994.0
2807910130,2022,39010.0,16291.0
2807910131,2015,32168.0,13051.0
2807910131,2016,33431.0,13556.0
2807910131,2017,33999.0,13673.0
2807910131,2018,36480.0,14463.0
2807910131,2019,38620.0,14854.0
2807910131,2020,39744.0,15708.0
2807910131,2021,40732.0,16214.0
2807910131,2022,43311.0,17150.0
2807910132,2015,34730.0,14626.0
2807910132,2016,34580.0,14693.0
2807910132,2017,35593.0,14879.0
2807910132,2018,35393.0,14724.0
2807910132,2019,37541.0,15696.0
2807910132,2020,38943.0,15955.0
2807910132,2021,39476.0,15921.0
2807910132,2022,41465.0,16974.0
2807910133,2015,36397.0,14606.0
2807910133,2016,37271.0,15075.0
2807910133,2017,38184.0,15580.0
2807910133,2018,39216.0,16036.0
2807910133,2019,40769.0,16506.0
2807910133,2020,40245.0,16254.0
2807910133,2021,41489.0,16935.0
2807910133,2022,43286.0,17610.0
2807910134,2015,30223.0,13007.0
2807910134,2016,31483.0,13740.0
2807910134,2017,30874.0,13385.0
2807910134,2018,33062.0,14461.0
2807910134,2019,31081.0,14369.0
2807910134,2020,32397.0,14576.0
2807910134,2021,32759.0,14091.0
2807910134,2022,,
2807910135,2015,26859.0,12212.0
2807910135,2016,28041.0,12723.0
2807910135,2017,29378.0,13262.0
2807910135,2018,29855.0,13235.0
2807910135,2019,32062.0,13798.0
2807910135,2020,30892.0,13567.0
2807910135,2021,31078.0,13866.0
2807910135,2022,33160.0,14673.0
2807910136,2015,29988.0,11949.0
2807910136,2016,30006.0,12243.0
2807910136,2017,29317.0,12222.0
2807910136,2018,30913.0,12796.0
2807910136,2019,31316.0,12925.0
2807910136,2020,32506.0,13218.0
2807910136,2021,32835.0,13997.0
2807910136,2022,34111.0,14159.0
2807910137,2015,24202.0,10180.0
2807910137,2016,24615.0,10329.0
2807910137,2017,24371.0,9931.0
2807910137,2018,25169.0,9908.0
2807910137,2019,26195.0,10241.0
2807910137,2020,25089.0,10150.0
2807910137,2021,25918.0,10448.0
2807910137,2022,27637.0,10761.0
2807910138,2015,39819.0,16596.0
2807910138,2016,40863.0,16699.0
2807910138,2017,40407.0,16361.0
2807910138,2018,40809.0,16820.0
2807910138,2019,43285.0,18086.0
2807910138,2020,42136.0,17930.0
2807910138,2021,43072.0,18679.0
2807910138,2022,42732.0,18978.0
2807910139,2015,25352.0,9926.0
2807910139,2016,26788.0,10156.0
2807910139,2017,27629.0,10296.0
2807910139,2018,27664.0,10300.0
2807910139,2019,29083.0,11014.0
2807910139,2020,28786.0,10950.0
2807910139,2021,30293.0,11740.0
2807910139,2022,31879.0,12068.0
2807910140,2015,31930.0,12750.0
2807910140,2016,32052.0,13310.0
2807910140,2017,31471.0,12846.0
2807910140,2018,31967.0,12904.0
2807910140,2019,33754.0,13896.0
2807910140,2020,33051.0,14076.0
2807910140,2021,33676.0,14426.0
2807910140,2022,35887.0,15463.0
2807910142,2015,26637.0,10485.0
2807910142,2016,27070.0,10699.0
2807910142,2017,27179.0,10636.0
2807910142,2018,27967.0,10633.0
2807910142,2019,29575.0,11042.0
2807910142,2020,29137.0,10747.0
2807910142,2021,30236.0,11438.0
2807910142,2022,31721.0,12041.0
2807910143,2015,32517.0,12898.0
2807910143,2016,31422.0,12458.0
2807910143,2017,33035.0,12972.0
2807910143,2018,34743.0,13645.0
2807910143,2019,35506.0,13412.0
2807910143,2020,35289.0,13805.0
2807910143,2021,36126.0,14093.0
2807910143,2022,37645.0,14481.0
2807910144,2015,21869.0,8761.0
2807910144,2016,21805.0,8656.0
2807910144,2017,22527.0,8976.0
2807910144,2018,22898.0,8889.0
2807910144,2019,24986.0,9218.0
2807910144,2020,24424.0,9152.0
2807910144,2021,25064.0,9427.0
2807910144,2022,26900.0,9775.0
2807910145,2015,27374.0,10645.0
2807910145,2016,27709.0,10612.0
2807910145,2017,27686.0,10907.0
2807910145,2018,28752.0,11089.0
2807910145,2019,30073.0,11568.0
2807910145,2020,29696.0,11516.0
2807910145,2021,30699.0,11764.0
2807910145,2022,32725.0,12204.0
2807910146,2015,26120.0,10562.0
2807910146,2016,26995.0,10839.0
2807910146,2017,26962.0,10919.0
2807910146,2018,27922.0,10996.0
2807910146,2019,30220.0,11469.0
2807910146,2020,28722.0,10892.0
2807910146,2021,29678.0,11350.0
2807910146,2022,31495.0,11665.0
2807910147,2015,24305.0,9360.0
2807910147,2016,24490.0,9436.0
2807910147,2017,24937.0,9476.0
2807910147,2018,26204.0,9717.0
2807910147,2019,27110.0,10020.0
2807910147,2020,27386.0,10194.0
2807910147,2021,27424.0,10439.0
2807910147,2022,28674.0,10440.0
2807910148,2015,22005.0,8108.0
2807910148,2016,21847.0,8135.0
2807910148,2017,22368.0,8325.0
2807910148,2018,22970.0,8371.0
2807910148,2019,24324.0,8289.0
2807910148,2020,24419.0,8535.0
2807910148,2021,24757.0,8878.0
2807910148,2022,26463.0,9251.0
2807910149,2015,24594.0,9210.0
2807910149,2016,24284.0,9095.0
2807910149,2017,25556.0,9244.0
2807910149,2018,26274.0,9577.0
2807910149,2019,27269.0,9599.0
2807910149,2020,26723.0,9509.0
2807910149,2021,27734.0,9905.0
2807910149,2022,29817.0,10613.0
2807910150,2015,25488.0,9328.0
2807910150,2016,25199.0,9350.0
2807910150,2017,25422.0,9372.0
2807910150,2018,26626.0,10119.0
2807910150,2019,27572.0,10369.0
2807910150,2020,27535.0,10427.0
2807910150,2021,27811.0,10670.0
2807910150,2022,,
2807910151,2015,28920.0,11027.0
2807910151,2016,29384.0,11205.0
2807910151,2017,29750.0,11193.0
2807910151,2018,30527.0,11469.0
2807910151,2019,31140.0,11585.0
2807910151,2020,30674.0,11730.0
2807910151,2021,31859.0,12386.0
2807910151,2022,33602.0,12823.0
2807910152,2015,38867.0,15547.0
2807910152,2016,38581.0,15402.0
2807910152,2017,39522.0,15709.0
2807910152,2018,41614.0,16470.0
2807910152,2019,44832.0,17473.0
2807910152,2020,44595.0,17486.0
2807910152,2021,45615.0,17857.0
2807910152,2022,47463.0,19297.0
2807910153,2015,35935.0,15132.0
2807910153,2016,36028.0,15232.0
2807910153,2017,36042.0,15326.0
2807910153,2018,37840.0,16160.0
2807910153,2019,39950.0,16692.0
2807910153,2020,39084.0,16690.0
2807910153,2021,40457.0,17281.0
2807910153,2022,42716.0,18199.0
2807910154,2015,28088.0,11304.0
2807910154,2016,28687.0,11675.0
2807910154,2017,28869.0,11825.0
2807910154,2018,33642.0,13826.0
2807910154,2019,29734.0,12463.0
2807910154,2020,29839.0,12475.0
2807910154,2021,31243.0,12993.0
2807910154,2022,31538.0,12919.0
2807910156,2015,46985.0,17613.0
2807910156,2016,46205.0,17585.0
2807910156,2017,46324.0,17785.0
2807910156,2018,45690.0,17820.0
2807910156,2019,46882.0,18313.0
2807910156,2020,45858.0,18516.0
2807910156,2021,46756.0,18691.0
2807910156,2022,49296.0,19837.0
2807910157,2015,46493.0,18259.0
2807910157,2016,45451.0,18253.0
2807910157,2017,45336.0,18358.0
2807910157,2018,46072.0,18693.0
2807910157,2019,47399.0,18723.0
2807910157,2020,48528.0,19451.0
2807910157,2021,49939.0,19881.0
2807910157,2022,51172.0,20399.0
2807910158,2015,45936.0,16392.0
2807910158,2016,47029.0,16902.0
2807910158,2017,48151.0,17205.0
2807910158,2018,49513.0,18080.0
2807910158,2019,49720.0,18452.0
2807910158,2020,51173.0,18998.0
2807910158,2021,49120.0,18906.0
2807910158,2022,52400.0,19813.0
2807910159,2015,47636.0,16222.0
2807910159,2016,46838.0,16322.0
2807910159,2017,47438.0,16432.0
2807910159,2018,48134.0,16859.0
2807910159,2019,50059.0,17683.0
2807910159,2020,50209.0,17919.0
2807910159,2021,51538.0,18717.0
2807910159,2022,52318.0,19643.0
2807910161,2015,26951.0,11232.0
2807910161,2016,27370.0,11424.0
2807910161,2017,27812.0,11623.0
2807910161,2018,28202.0,12020.0
2807910161,2019,29688.0,12791.0
2807910161,2020,28940.0,12651.0
2807910161,2021,30130.0,13296.0
2807910161,2022,32121.0,14042.0
2807910162,2015,23722.0,10393.0
2807910162,2016,23246.0,10363.0
2807910162,2017,23605.0,10394.0
2807910162,2018,24465.0,10656.0
2807910162,2019,25840.0,11118.0
2807910162,2020,25932.0,11790.0
2807910162,2021,26831.0,11880.0
2807910162,2022,28228.0,12656.0
2807910163,2015,26542.0,10610.0
2807910163,2016,27291.0,10873.0
2807910163,2017,26839.0,10844.0
2807910163,2018,28651.0,11545.0
2807910163,2019,28764.0,11638.0
2807910163,2020,28558.0,11584.0
2807910163,2021,29493.0,11836.0
2807910163,2022,30682.0,12402.0
2807910164,2015,22073.0,9369.0
2807910164,2016,22386.0,9471.0
2807910164,2017,22939.0,9607.0
2807910164,2018,23799.0,9853.0
2807910164,2019,24410.0,9932.0
2807910164,2020,24265.0,10042.0
2807910164,2021,25095.0,10732.0
2807910164,2022,25725.0,10948.0
2807910165,2015,34940.0,12395.0
2807910165,2016,34851.0,12492.0
2807910165,2017,35786.0,13030.0
2807910165,2018,36972.0,13792.0
2807910165,2019,38123.0,13804.0
2807910165,2020,38389.0,14213.0
2807910165,2021,37258.0,14174.0
2807910165,2022,40509.0,15146.0
2807910167,2015,36590.0,13836.0
2807910167,2016,37683.0,14125.0
2807910167,2017,38255.0,14369.0
2807910167,2018,38836.0,14807.0
2807910167,2019,40535.0,15234.0
2807910167,2020,40065.0,15226.0
2807910167,2021,41533.0,16124.0
2807910167,2022,43380.0,16962.0
2807910168,2015,25553.0,10126.0
2807910168,2016,25501.0,10291.0
2807910168,2017,26498.0,10494.0
2807910168,2018,26982.0,10797.0
2807910168,2019,28142.0,11292.0
2807910168,2020,28027.0,11390.0
2807910168,2021,28917.0,11766.0
2807910168,2022,29529.0,11798.0
2807910169,2015,23883.0,10294.0
2807910169,2016,24646.0,10531.0
2807910169,2017,25924.0,10907.0
2807910169,2018,26821.0,10785.0
2807910169,2019,27298.0,10612.0
2807910169,2020,27973.0,11031.0
2807910169,2021,28152.0,11376.0
2807910169,2022,29751.0,12093.0
2807910170,2015,30673.0,11797.0
2807910170,2016,31325.0,12015.0
2807910170,2017,31689.0,12482.0
2807910170,2018,32951.0,12669.0
2807910170,2019,34447.0,12979.0
2807910170,2020,33953.0,13485.0
2807910170,2021,34359.0,13756.0
2807910170,2022,36710.0,14594.0
2807910171,2015,29213.0,11910.0
2807910171,2016,29557.0,12251.0
2807910171,2017,30087.0,12400.0
2807910171,2018,31238.0,12771.0
2807910171,2019,32597.0,13144.0
2807910171,2020,31926.0,13172.0
2807910171,2021,32578.0,13625.0
2807910171,2022,33916.0,13854.0
2807910172,2015,29818.0,11618.0
2807910172,2016,30329.0,12099.0
2807910172,2017,30084.0,11863.0
2807910172,2018,29776.0,11822.0
2807910172,2019,32208.0,12928.0
2807910172,2020,31630.0,12549.0
2807910172,2021,33152.0,13243.0
2807910172,2022,35563.0,13908.0
2807910173,2015,32470.0,12894.0
2807910173,2016,33399.0,13330.0
2807910173,2017,33713.0,13597.0
2807910173,2018,34548.0,14028.0
2807910173,2019,35052.0,14413.0
2807910173,2020,35340.0,14473.0
2807910173,2021,36012.0,15148.0
2807910173,2022,37760.0,15378.0
2807910174,2015,32173.0,12610.0
2807910174,2016,30803.0,12289.0
2807910174,2017,30698.0,12079.0
2807910174,2018,32034.0,12323.0
2807910174,2019,33364.0,12731.0
2807910174,2020,33791.0,13163.0
2807910174,2021,34839.0,13852.0
2807910174,2022,36630.0,14708.0
2807910175,2015,31327.0,12069.0
2807910175,2016,30605.0,11703.0
2807910175,2017,30250.0,12012.0
2807910175,2018,31916.0,12383.0
2807910175,2019,33287.0,12882.0
2807910175,2020,34172.0,13486.0
2807910175,2021,35108.0,14226.0
2807910175,2022,35987.0,14673.0
2807910176,2015,29906.0,12043.0
2807910176,2016,30252.0,12237.0
2807910176,2017,29860.0,12170.0
2807910176,2018,31909.0,12871.0
2807910176,2019,32199.0,12773.0
2807910176,2020,31498.0,13064.0
2807910176,2021,32010.0,13255.0
2807910176,2022,33954.0,14120.0
2807910178,2015,32148.0,13036.0
2807910178,2016,31472.0,12924.0
2807910178,2017,33737.0,13804.0
2807910178,2018,33479.0,13872.0
2807910178,2019,33915.0,14107.0
2807910178,2020,34159.0,14367.0
2807910178,2021,33205.0,14259.0
2807910178,2022,36905.0,15710.0
2807910179,2015,24219.0,10648.0
2807910179,2016,24223.0,10917.0
2807910179,2017,24153.0,10892.0
2807910179,2018,24617.0,10995.0
2807910179,2019,26385.0,11947.0
2807910179,2020,27509.0,12562.0
2807910179,2021,27646.0,12532.0
2807910179,2022,29972.0,13676.0
2807910180,2015,30190.0,12081.0
2807910180,2016,29966.0,11996.0
2807910180,2017,30325.0,11940.0
2807910180,2018,31548.0,12203.0
2807910180,2019,33001.0,12745.0
2807910180,2020,32747.0,12840.0
2807910180,2021,33618.0,13245.0
2807910180,2022,34333.0,13610.0
2807910181,2015,25896.0,11092.0
2807910181,2016,25702.0,10893.0
2807910181,2017,25943.0,11192.0
2807910181,2018,26891.0,11029.0
2807910181,2019,28478.0,11797.0
2807910181,2020,27629.0,11671.0
2807910181,2021,28140.0,11799.0
2807910181,2022,29643.0,12708.0
2807910182,2015,22027.0,9975.0
2807910182,2016,22591.0,9906.0
2807910182,2017,22511.0,9975.0
2807910182,2018,23157.0,10094.0
2807910182,2019,24479.0,10473.0
2807910182,2020,23559.0,10147.0
2807910182,2021,24005.0,10635.0
2807910182,2022,26399.0,11588.0
2807910183,2015,28422.0,11414.0
2807910183,2016,28770.0,11851.0
2807910183,2017,29216.0,12013.0
2807910183,2018,30400.0,12505.0
2807910183,2019,32075.0,12916.0
2807910183,2020,31236.0,12738.0
2807910183,2021,31604.0,13271.0
2807910183,2022,34393.0,14489.0
2807910184,2015,29791.0,12547.0
2807910184,2016,29838.0,12456.0
2807910184,2017,29807.0,12554.0
2807910184,2018,31132.0,12804.0
2807910184,2019,31825.0,13163.0
2807910184,2020,32361.0,13356.0
2807910184,2021,33232.0,13996.0
2807910184,2022,35455.0,14715.0
2807910185,2015,28456.0,10933.0
2807910185,2016,29079.0,10962.0
2807910185,2017,29755.0,11168.0
2807910185,2018,30437.0,11633.0
2807910185,2019,32685.0,12332.0
2807910185,2020,31660.0,12079.0
2807910185,2021,31801.0,12075.0
2807910185,2022,33988.0,12602.0
2807910187,2015,27008.0,10399.0
2807910187,2016,27642.0,10780.0
2807910187,2017,28574.0,11047.0
2807910187,2018,29045.0,11103.0
2807910187,2019,30435.0,11208.0
2807910187,2020,30285.0,11369.0
2807910187,2021,32040.0,11917.0
2807910187,2022,34647.0,12617.0
2807910188,2015,27271.0,10778.0
2807910188,2016,27877.0,11157.0
2807910188,2017,28018.0,10987.0
2807910188,2018,28921.0,11611.0
2807910188,2019,29987.0,11716.0
2807910188,2020,31432.0,11949.0
2807910188,2021,32351.0,12223.0
2807910188,2022,33367.0,13040.0
2807910189,2015,28083.0,11029.0
2807910189,2016,28036.0,11333.0
2807910189,2017,28313.0,11699.0
2807910189,2018,28890.0,11993.0
2807910189,2019,30165.0,12355.0
2807910189,2020,30621.0,12848.0
2807910189,2021,31160.0,13065.0
2807910189,2022,32272.0,13194.0
2807910190,2015,26752.0,11436.0
2807910190,2016,26633.0,11397.0
2807910190,2017,27128.0,11532.0
2807910190,2018,27427.0,11552.0
2807910190,2019,29138.0,12152.0
2807910190,2020,29410.0,12183.0
2807910190,2021,30416.0,12851.0
2807910190,2022,31537.0,13140.0
2807910191,2015,27426.0,11107.0
2807910191,2016,28170.0,11332.0
2807910191,2017,28747.0,11463.0
2807910191,2018,29064.0,11820.0
2807910191,2019,31368.0,12547.0
2807910191,2020,30011.0,12167.0
2807910191,2021,30659.0,12828.0
2807910191,2022,31762.0,12857.0
2807910192,2015,32928.0,13466.0
2807910192,2016,33566.0,13774.0
2807910192,2017,33612.0,13903.0
2807910192,2018,34641.0,14197.0
2807910192,2019,35784.0,14983.0
2807910192,2020,35523.0,15013.0
2807910192,2021,35979.0,15254.0
2807910192,2022,37856.0,15909.0
2807910193,2015,25904.0,11361.0
2807910193,2016,26122.0,11275.0
2807910193,2017,26444.0,11181.0
2807910193,2018,27696.0,11746.0
2807910193,2019,29224.0,12303.0
2807910193,2020,30110.0,12842.0
2807910193,2021,31325.0,13726.0
2807910193,2022,33185.0,14573.0
2807910194,2015,32120.0,13234.0
2807910194,2016,32361.0,13187.0
2807910194,2017,33211.0,13523.0
2807910194,2018,33411.0,13791.0
2807910194,2019,34425.0,13863.0
2807910194,2020,33971.0,13917.0
2807910194,2021,34876.0,14776.0
2807910194,2022,37028.0,15627.0
2807910196,2015,30955.0,11766.0
2807910196,2016,31356.0,12092.0
2807910196,2017,,
2807910196,2018,,
2807910196,2019,,
2807910196,2020,,
2807910196,2021,,
2807910196,2022,,
2807910197,2015,30620.0,12167.0
2807910197,2016,34798.0,13246.0
2807910197,2017,37167.0,13713.0
2807910197,2018,39578.0,14802.0
2807910197,2019,40752.0,15054.0
2807910197,2020,40387.0,15260.0
2807910197,2021,41275.0,15706.0
2807910197,2022,43410.0,16210.0
2807910198,2015,32051.0,12845.0
2807910198,2016,31900.0,12853.0
2807910198,2017,31169.0,12537.0
2807910198,2018,32851.0,13235.0
2807910198,2019,34309.0,13592.0
2807910198,2020,33264.0,13360.0
2807910198,2021,34724.0,13968.0
2807910198,2022,35769.0,14689.0
2807910199,2015,30440.0,12494.0
2807910199,2016,30269.0,12494.0
2807910199,2017,30530.0,12994.0
2807910199,2018,30719.0,13123.0
2807910199,2019,32639.0,13880.0
2807910199,2020,32861.0,13919.0
2807910199,2021,34086.0,14589.0
2807910199,2022,35589.0,14965.0
2807910201,2015,31497.0,13019.0
2807910201,2016,33199.0,13676.0
2807910201,2017,32714.0,13761.0
2807910201,2018,33091.0,14003.0
2807910201,2019,35717.0,15110.0
2807910201,2020,34994.0,15083.0
2807910201,2021,33619.0,14599.0
2807910201,2022,35242.0,15546.0
2807910202,2015,33865.0,13060.0
2807910202,2016,33401.0,13028.0
2807910202,2017,34431.0,13504.0
2807910202,2018,35282.0,13905.0
2807910202,2019,37698.0,15029.0
2807910202,2020,35926.0,14408.0
2807910202,2021,37349.0,14920.0
2807910202,2022,38632.0,15663.0
2807910203,2015,29747.0,12754.0
2807910203,2016,30308.0,12992.0
2807910203,2017,30406.0,13005.0
2807910203,2018,31809.0,13354.0
2807910203,2019,32605.0,13547.0
2807910203,2020,32554.0,13411.0
2807910203,2021,32919.0,13645.0
2807910203,2022,34383.0,14465.0
2807910204,2015,27317.0,11578.0
2807910204,2016,26951.0,11758.0
2807910204,2017,27036.0,11649.0
2807910204,2018,28640.0,12056.0
2807910204,2019,30974.0,12624.0
2807910204,2020,29872.0,12474.0
2807910204,2021,29992.0,12363.0
2807910204,2022,32112.0,13026.0
2807910205,2015,46470.0,16545.0
2807910205,2016,47945.0,17307.0
2807910205,2017,48428.0,17620.0
2807910205,2018,49724.0,18196.0
2807910205,2019,50637.0,18544.0
2807910205,2020,49941.0,18562.0
2807910205,2021,49601.0,18758.0
2807910205,2022,52491.0,20265.0
2807910206,2015,42923.0,19258.0
2807910206,2016,43827.0,19394.0
2807910206,2017,40971.0,18125.0
2807910206,2018,41404.0,18637.0
2807910206,2019,43947.0,20322.0
2807910206,2020,44040.0,20662.0
2807910206,2021,44313.0,20682.0
2807910206,2022,49925.0,23352.0
2807910207,2015,41692.0,16236.0
2807910207,2016,42683.0,16743.0
2807910207,2017,43097.0,17189.0
2807910207,2018,43911.0,17405.0
2807910207,2019,45428.0,18101.0
2807910207,2020,45321.0,18558.0
2807910207,2021,45772.0,19083.0
2807910207,2022,46562.0,19344.0
2807910209,2015,34045.0,13394.0
2807910209,2016,33586.0,13642.0
2807910209,2017,33476.0,13971.0
2807910209,2018,34317.0,14140.0
2807910209,2019,36325.0,15138.0
2807910209,2020,35654.0,15222.0
2807910209,2021,37136.0,15841.0
2807910209,2022,39899.0,17265.0
2807910210,2015,28753.0,10782.0
2807910210,2016,29521.0,11086.0
2807910210,2017,28190.0,10580.0
2807910210,2018,30926.0,11703.0
2807910210,2019,32879.0,12319.0
2807910210,2020,31641.0,12050.0
2807910210,2021,31951.0,12429.0
2807910210,2022,34480.0,13666.0
2807910211,2015,34231.0,16204.0
2807910211,2016,34555.0,16493.0
2807910211,2017,35600.0,16915.0
2807910211,2018,34473.0,16409.0
2807910211,2019,37156.0,18044.0
2807910211,2020,37158.0,18193.0
2807910211,2021,37250.0,18352.0
2807910211,2022,41977.0,20573.0
2807910212,2015,45920.0,17474.0
2807910212,2016,47265.0,18209.0
2807910212,2017,49005.0,18765.0
2807910212,2018,48767.0,19098.0
2807910212,2019,49359.0,19424.0
2807910212,2020,48049.0,19220.0
2807910212,2021,48404.0,19900.0
2807910212,2022,50739.0,20919.0
2807910213,2015,44085.0,15923.0
2807910213,2016,44447.0,16074.0
2807910213,2017,44684.0,16158.0
2807910213,2018,45109.0,16443.0
2807910213,2019,47837.0,17618.0
2807910213,2020,48141.0,18095.0
2807910213,2021,49400.0,18648.0
2807910213,2022,52187.0,19975.0
2807910214,2015,36120.0,13602.0
2807910214,2016,37001.0,14056.0
2807910214,2017,37158.0,14258.0
2807910214,2018,38482.0,14860.0
2807910214,2019,40783.0,15771.0
2807910214,2020,41023.0,15963.0
2807910214,2021,42972.0,16946.0
2807910214,2022,45082.0,18150.0
2807910215,2015,43803.0,15090.0
2807910215,2016,43673.0,15120.0
2807910215,2017,43055.0,15042.0
2807910215,2018,44214.0,15610.0
2807910215,2019,45699.0,16279.0
2807910215,2020,45899.0,16511.0
2807910215,2021,46118.0,16970.0
2807910215,2022,49112.0,18151.0
2807910216,2015,40300.0,16036.0
2807910216,2016,40717.0,16290.0
2807910216,2017,43948.0,18051.0
2807910216,2018,42125.0,17302.0
2807910216,2019,44324.0,18200.0
2807910216,2020,44059.0,18030.0
2807910216,2021,46551.0,19123.0
2807910216,2022,46435.0,19336.0
2807910217,2015,31451.0,13648.0
2807910217,2016,32727.0,14143.0
2807910217,2017,33494.0,14607.0
2807910217,2018,33618.0,14674.0
2807910217,2019,35617.0,15668.0
2807910217,2020,35749.0,15897.0
2807910217,2021,36204.0,16017.0
2807910217,2022,37841.0,16464.0
2807910218,2015,47130.0,16582.0
2807910218,2016,47516.0,16749.0
2807910218,2017,48003.0,17008.0
2807910218,2018,50909.0,18129.0
2807910218,2019,52664.0,18719.0
2807910218,2020,52022.0,18509.0
2807910218,2021,52873.0,19272.0
2807910218,2022,51757.0,19066.0
2807910219,2015,37851.0,14704.0
2807910219,2016,37953.0,14882.0
2807910219,2017,38113.0,14909.0
2807910219,2018,41261.0,15971.0
2807910219,2019,41960.0,16534.0
2807910219,2020,40685.0,16147.0
2807910219,2021,41146.0,16719.0
2807910219,2022,43396.0,18161.0
2807910220,2015,30196.0,12473.0
2807910220,2016,30498.0,12470.0
2807910220,2017,32166.0,12917.0
2807910220,2018,33459.0,13119.0
2807910220,2019,35270.0,13597.0
2807910220,2020,34845.0,13357.0
2807910220,2021,36206.0,13592.0
2807910220,2022,32162.0,11965.0
2807910221,2015,,
2807910221,2016,,
2807910221,2017,39678.0,15834.0
2807910221,2018,41232.0,16518.0
2807910221,2019,42524.0,16932.0
2807910221,2020,42846.0,17079.0
2807910221,2021,44080.0,18065.0
2807910221,2022,44464.0,19065.0
2807910222,2015,,
2807910222,2016,,
2807910222,2017,,
2807910222,2018,,
2807910222,2019,,
2807910222,2020,,
2807910222,2021,,
2807910222,2022,43633.0,16949.0
2807911001,2015,28680.0,12243.0
2807911001,2016,28302.0,12362.0
2807911001,2017,28709.0,12654.0
2807911001,2018,31309.0,14164.0
2807911001,2019,31771.0,14274.0
2807911001,2020,30939.0,14228.0
2807911001,2021,31938.0,14578.0
2807911001,2022,34289.0,15496.0
2807911002,2015,30938.0,13133.0
2807911002,2016,31194.0,13439.0
2807911002,2017,31771.0,13616.0
2807911002,2018,32715.0,14086.0
2807911002,2019,34706.0,15051.0
2807911002,2020,34493.0,15263.0
2807911002,2021,35971.0,16111.0
2807911002,2022,38157.0,17172.0
2807911003,2015,33960.0,14800.0
2807911003,2016,34223.0,15139.0
2807911003,2017,34664.0,15221.0
2807911003,2018,35465.0,15778.0
2807911003,2019,37753.0,16470.0
2807911003,2020,37008.0,16402.0
2807911003,2021,38095.0,17087.0
2807911003,2022,39940.0,17634.0
2807911004,2015,33254.0,14378.0
2807911004,2016,33897.0,14688.0
2807911004,2017,34977.0,15229.0
2807911004,2018,36311.0,16089.0
2807911004,2019,36659.0,16069.0
2807911004,2020,37962.0,16869.0
2807911004,2021,37965.0,17182.0
2807911004,2022,40086.0,18358.0
2807911005,2015,31012.0,12919.0
2807911005,2016,30507.0,13027.0
2807911005,2017,31537.0,13614.0
2807911005,2018,30148.0,13296.0
2807911005,2019,32955.0,14364.0
2807911005,2020,32912.0,14655.0
2807911005,2021,34231.0,15696.0
2807911005,2022,36209.0,16274.0
2807911006,2015,28880.0,12860.0
2807911006,2016,29583.0,13068.0
2807911006,2017,29455.0,13142.0
2807911006,2018,30069.0,13305.0
2807911006,2019,31218.0,13639.0
2807911006,2020,31153.0,14097.0
2807911006,2021,31942.0,14798.0
2807911006,2022,34039.0,15520.0
2807911007,2015,23768.0,9563.0
2807911007,2016,23904.0,9725.0
2807911007,2017,25452.0,10304.0
2807911007,2018,27189.0,10996.0
2807911007,2019,28009.0,11147.0
2807911007,2020,30006.0,12180.0
2807911007,2021,28876.0,12128.0
2807911007,2022,32046.0,13056.0
2807911010,2015,32915.0,14922.0
2807911010,2016,32659.0,14813.0
2807911010,2017,33575.0,14976.0
2807911010,2018,34974.0,15728.0
2807911010,2019,36265.0,16237.0
2807911010,2020,35451.0,15639.0
2807911010,2021,36642.0,16295.0
2807911010,2022,38065.0,17163.0
2807911011,2015,28025.0,11725.0
2807911011,2016,28655.0,12063.0
2807911011,2017,30039.0,12612.0
2807911011,2018,30705.0,12949.0
2807911011,2019,33637.0,13701.0
2807911011,2020,34105.0,13892.0
2807911011,2021,35914.0,14594.0
2807911011,2022,38021.0,15047.0
2807911012,2015,24075.0,10516.0
2807911012,2016,25091.0,10976.0
2807911012,2017,25016.0,11159.0
2807911012,2018,25868.0,11233.0
2807911012,2019,27443.0,11983.0
2807911012,2020,27724.0,12364.0
2807911012,2021,29690.0,13083.0
2807911012,2022,32164.0,14162.0
2807911013,2015,25268.0,10028.0
2807911013,2016,25966.0,10510.0
2807911013,2017,26125.0,10825.0
2807911013,2018,26850.0,11001.0
2807911013,2019,28439.0,11387.0
2807911013,2020,28007.0,11571.0
2807911013,2021,28064.0,12027.0
2807911013,2022,30023.0,12508.0
2807911015,2015,25235.0,10449.0
2807911015,2016,25083.0,10298.0
2807911015,2017,25991.0,10864.0
2807911015,2018,27431.0,11379.0
2807911015,2019,28769.0,11923.0
2807911015,2020,28206.0,11839.0
2807911015,2021,28635.0,12360.0
2807911015,2022,31365.0,13209.0
2807911016,2015,23417.0,10704.0
2807911016,2016,23697.0,10723.0
2807911016,2017,24050.0,10799.0
2807911016,2018,24771.0,11148.0
2807911016,2019,25830.0,10940.0
2807911016,2020,26033.0,11332.0
2807911016,2021,26465.0,11319.0
2807911016,2022,29034.0,12404.0
2807911017,2015,20703.0,9077.0
2807911017,2016,21217.0,9359.0
2807911017,2017,21768.0,9615.0
2807911017,2018,22506.0,9848.0
2807911017,2019,23597.0,10227.0
2807911017,2020,22599.0,9949.0
2807911017,2021,24632.0,10838.0
2807911017,2022,25801.0,11229.0
2807911018,2015,25359.0,8786.0
2807911018,2016,25813.0,8877.0
2807911018,2017,26250.0,9157.0
2807911018,2018,26468.0,9450.0
2807911018,2019,27881.0,9658.0
2807911018,2020,28223.0,9839.0
2807911018,2021,29461.0,10307.0
2807911018,2022,30976.0,11138.0
2807911019,2015,29329.0,12173.0
2807911019,2016,29742.0,12305.0
2807911019,2017,30868.0,12244.0
2807911019,2018,31274.0,12380.0
2807911019,2019,32820.0,12812.0
2807911019,2020,34186.0,13336.0
2807911019,2021,34431.0,14126.0
2807911019,2022,36674.0,14820.0
2807911021,2015,24968.0,9474.0
2807911021,2016,25453.0,9490.0
2807911021,2017,25610.0,9440.0
2807911021,2018,26337.0,9393.0
2807911021,2019,27323.0,9798.0
2807911021,2020,26484.0,9407.0
2807911021,2021,28347.0,10450.0
2807911021,2022,30538.0,10558.0
2807911022,2015,30197.0,11818.0
2807911022,2016,31838.0,12454.0
2807911022,2017,31073.0,12259.0
2807911022,2018,31564.0,12389.0
2807911022,2019,32849.0,12969.0
2807911022,2020,32213.0,13021.0
2807911022,2021,34821.0,13938.0
2807911022,2022,34960.0,14262.0
2807911023,2015,22854.0,9049.0
2807911023,2016,23753.0,9366.0
2807911023,2017,24032.0,9445.0
2807911023,2018,25015.0,9553.0
2807911023,2019,26858.0,10509.0
2807911023,2020,26225.0,10268.0
2807911023,2021,27075.0,10767.0
2807911023,2022,29301.0,11525.0
2807911024,2015,23783.0,9578.0
2807911024,2016,24438.0,9670.0
2807911024,2017,24794.0,9577.0
2807911024,2018,26117.0,10075.0
2807911024,2019,27511.0,10529.0
2807911024,2020,27408.0,10602.0
2807911024,2021,28789.0,11235.0
2807911024,2022,30181.0,11542.0
2807911025,2015,29399.0,11126.0
2807911025,2016,29782.0,11177.0
2807911025,2017,30384.0,11331.0
2807911025,2018,31223.0,11564.0
2807911025,2019,32573.0,11838.0
2807911025,2020,31903.0,11513.0
2807911025,2021,34329.0,12657.0
2807911025,2022,34704.0,12660.0
2807911026,2015,27958.0,11133.0
2807911026,2016,28289.0,11323.0
2807911026,2017,28359.0,11528.0
2807911026,2018,29378.0,11837.0
2807911026,2019,31546.0,12639.0
2807911026,2020,30809.0,12220.0
2807911026,2021,32107.0,12860.0
2807911026,2022,32828.0,13087.0
2807911028,2015,36013.0,14026.0
2807911028,2016,37133.0,14027.0
2807911028,2017,36686.0,13977.0
2807911028,2018,38790.0,14488.0
2807911028,2019,40845.0,15333.0
2807911028,2020,39562.0,14971.0
2807911028,2021,40079.0,15219.0
2807911028,2022,42082.0,15621.0
2807911029,2015,25782.0,10579.0
2807911029,2016,25405.0,10244.0
2807911029,2017,26135.0,10313.0
2807911029,2018,27694.0,11116.0
2807911029,2019,29562.0,11949.0
2807911029,2020,28331.0,11443.0
2807911029,2021,29904.0,12173.0
2807911029,2022,32578.0,12841.0
2807911030,2015,26278.0,10498.0
2807911030,2016,26539.0,10538.0
2807911030,2017,26160.0,10522.0
2807911030,2018,27845.0,11070.0
2807911030,2019,28881.0,11212.0
2807911030,2020,27899.0,11040.0
2807911030,2021,29414.0,11118.0
2807911030,2022,32386.0,11866.0
2807911031,2015,32888.0,13876.0
2807911031,2016,33203.0,14009.0
2807911031,2017,34154.0,14532.0
2807911031,2018,35184.0,14799.0
2807911031,2019,35909.0,15599.0
2807911031,2020,35262.0,15681.0
2807911031,2021,36877.0,16554.0
2807911031,2022,37732.0,17017.0
2807911032,2015,25874.0,9674.0
2807911032,2016,25273.0,9744.0
2807911032,2017,25513.0,9538.0
2807911032,2018,27342.0,10173.0
2807911032,2019,28420.0,10500.0
2807911032,2020,27597.0,10175.0
2807911032,2021,29910.0,11196.0
2807911032,2022,31223.0,11172.0
2807911033,2015,25269.0,8991.0
2807911033,2016,25107.0,8797.0
2807911033,2017,26217.0,9226.0
2807911033,2018,25755.0,8803.0
2807911033,2019,28414.0,9344.0
2807911033,2020,27636.0,9512.0
2807911033,2021,29099.0,9860.0
2807911033,2022,31134.0,10232.0
2807911034,2015,24853.0,10298.0
2807911034,2016,24415.0,9975.0
2807911034,2017,25116.0,10076.0
2807911034,2018,26506.0,10555.0
2807911034,2019,27766.0,10474.0
2807911034,2020,27764.0,10906.0
2807911034,2021,29289.0,11376.0
2807911034,2022,31867.0,12020.0
2807911035,2015,26891.0,9927.0
2807911035,2016,26543.0,10105.0
2807911035,2017,26842.0,9790.0
2807911035,2018,28823.0,10194.0
2807911035,2019,30513.0,10914.0
2807911035,2020,29178.0,10557.0
2807911035,2021,31458.0,11244.0
2807911035,2022,33905.0,11859.0
2807911036,2015,25649.0,9495.0
2807911036,2016,25734.0,9407.0
2807911036,2017,26156.0,9900.0
2807911036,2018,28854.0,10691.0
2807911036,2019,30111.0,10792.0
2807911036,2020,30068.0,10740.0
2807911036,2021,31725.0,11559.0
2807911036,2022,32091.0,12003.0
2807911037,2015,24808.0,10183.0
2807911037,2016,25067.0,10265.0
2807911037,2017,25324.0,10276.0
2807911037,2018,26715.0,10435.0
2807911037,2019,27735.0,10767.0
2807911037,2020,26927.0,10440.0
2807911037,2021,28611.0,11365.0
2807911037,2022,29836.0,11748.0
2807911038,2015,24282.0,10171.0
2807911038,2016,24805.0,10269.0
2807911038,2017,24488.0,10345.0
2807911038,2018,25859.0,10678.0
2807911038,2019,25516.0,10576.0
2807911038,2020,25215.0,10549.0
2807911038,2021,26869.0,10850.0
2807911038,2022,29605.0,11476.0
2807911039,2015,28250.0,12360.0
2807911039,2016,28820.0,12343.0
2807911039,2017,29633.0,12502.0
2807911039,2018,31766.0,13412.0
2807911039,2019,33906.0,14285.0
2807911039,2020,33526.0,14053.0
2807911039,2021,35310.0,15183.0
2807911039,2022,36598.0,15905.0
2807911040,2015,21505.0,9022.0
2807911040,2016,20209.0,8407.0
2807911040,2017,20002.0,8093.0
2807911040,2018,21062.0,8678.0
2807911040,2019,23511.0,9375.0
2807911040,2020,23067.0,9187.0
2807911040,2021,24790.0,10216.0
2807911040,2022,27018.0,10784.0
2807911041,2015,21832.0,8256.0
2807911041,2016,22600.0,8562.0
2807911041,2017,23289.0,8416.0
2807911041,2018,24613.0,8857.0
2807911041,2019,25750.0,9222.0
2807911041,2020,25398.0,9264.0
2807911041,2021,26169.0,9924.0
2807911041,2022,28448.0,10521.0
2807911042,2015,24190.0,9893.0
2807911042,2016,24566.0,9831.0
2807911042,2017,26110.0,10699.0
2807911042,2018,26759.0,10880.0
2807911042,2019,27837.0,10966.0
2807911042,2020,27771.0,11065.0
2807911042,2021,28490.0,11294.0
2807911042,2022,30158.0,12195.0
2807911043,2015,28673.0,12387.0
2807911043,2016,28684.0,12331.0
2807911043,2017,29170.0,12409.0
2807911043,2018,31312.0,13325.0
2807911043,2019,31947.0,13622.0
2807911043,2020,31976.0,13534.0
2807911043,2021,33391.0,14154.0
2807911043,2022,35772.0,15345.0
2807911044,2015,39681.0,15538.0
2807911044,2016,40564.0,15692.0
2807911044,2017,40023.0,15727.0
2807911044,2018,41291.0,16125.0
2807911044,2019,42542.0,16629.0
2807911044,2020,41436.0,16272.0
2807911044,2021,43921.0,17544.0
2807911044,2022,46212.0,18862.0
2807911045,2015,33022.0,14103.0
2807911045,2016,34617.0,14709.0
2807911045,2017,34519.0,14555.0
2807911045,2018,35870.0,15558.0
2807911045,2019,37137.0,16279.0
2807911045,2020,37518.0,16173.0
2807911045,2021,39169.0,17729.0
2807911045,2022,40759.0,18737.0
2807911046,2015,27595.0,12497.0
2807911046,2016,27463.0,12630.0
2807911046,2017,28393.0,13186.0
2807911046,2018,29840.0,14058.0
2807911046,2019,30757.0,14308.0
2807911046,2020,30043.0,14362.0
2807911046,2021,30937.0,15245.0
2807911046,2022,32020.0,15801.0
2807911047,2015,24540.0,10407.0
2807911047,2016,25004.0,10604.0
2807911047,2017,26116.0,11035.0
2807911047,2018,27031.0,11478.0
2807911047,2019,28224.0,11841.0
2807911047,2020,27928.0,11960.0
2807911047,2021,29600.0,12856.0
2807911047,2022,31258.0,13330.0
2807911048,2015,23352.0,8298.0
2807911048,2016,24079.0,8514.0
2807911048,2017,25114.0,8792.0
2807911048,2018,25938.0,9264.0
2807911048,2019,27200.0,9817.0
2807911048,2020,26755.0,9779.0
2807911048,2021,28930.0,10795.0
2807911048,2022,31400.0,11749.0
2807911049,2015,32756.0,14180.0
2807911049,2016,33036.0,14332.0
2807911049,2017,33131.0,14266.0
2807911049,2018,34680.0,15042.0
2807911049,2019,35079.0,15436.0
2807911049,2020,35112.0,15657.0
2807911049,2021,35637.0,15989.0
2807911049,2022,39073.0,17067.0
2807911050,2015,31218.0,13497.0
2807911050,2016,31727.0,13837.0
2807911050,2017,32877.0,14174.0
2807911050,2018,33939.0,14931.0
2807911050,2019,35016.0,15231.0
2807911050,2020,34199.0,15373.0
2807911050,2021,35874.0,15846.0
2807911050,2022,39632.0,17014.0
2807911051,2015,32283.0,13802.0
2807911051,2016,32630.0,14031.0
2807911051,2017,32979.0,14450.0
2807911051,2018,34470.0,15157.0
2807911051,2019,35688.0,15757.0
2807911051,2020,35906.0,15794.0
2807911051,2021,37166.0,16504.0
2807911051,2022,40124.0,17967.0
2807911054,2015,22227.0,7378.0
2807911054,2016,22635.0,7654.0
2807911054,2017,22986.0,7840.0
2807911054,2018,25108.0,8707.0
2807911054,2019,26139.0,9133.0
2807911054,2020,25121.0,8739.0
2807911054,2021,27156.0,9714.0
2807911054,2022,27599.0,9735.0
2807911055,2015,22748.0,9441.0
2807911055,2016,22634.0,9253.0
2807911055,2017,22286.0,9194.0
2807911055,2018,23905.0,9661.0
2807911055,2019,25220.0,9667.0
2807911055,2020,25500.0,10127.0
2807911055,2021,25972.0,10252.0
2807911055,2022,28687.0,11108.0
2807911056,2015,23134.0,8681.0
2807911056,2016,22436.0,8649.0
2807911056,2017,22945.0,8848.0
2807911056,2018,24193.0,9108.0
2807911056,2019,25784.0,9565.0
2807911056,2020,25779.0,9823.0
2807911056,2021,26797.0,10338.0
2807911056,2022,28922.0,10486.0
2807911057,2015,24191.0,9537.0
2807911057,2016,24218.0,9567.0
2807911057,2017,25647.0,9925.0
2807911057,2018,26451.0,10181.0
2807911057,2019,27455.0,10261.0
2807911057,2020,27342.0,10281.0
2807911057,2021,29245.0,11039.0
2807911057,2022,30245.0,10934.0
2807911058,2015,26732.0,10112.0
2807911058,2016,26258.0,9975.0
2807911058,2017,25660.0,9975.0
2807911058,2018,27663.0,10486.0
2807911058,2019,27837.0,10551.0
2807911058,2020,27218.0,10532.0
2807911058,2021,29201.0,11298.0
2807911058,2022,29176.0,11686.0
2807911059,2015,24193.0,9416.0
2807911059,2016,24220.0,9423.0
2807911059,2017,24293.0,9186.0
2807911059,2018,25476.0,9732.0
2807911059,2019,26374.0,9905.0
2807911059,2020,25436.0,9531.0
2807911059,2021,26095.0,10320.0
2807911059,2022,28614.0,11219.0
2807911060,2015,27857.0,11309.0
2807911060,2016,28510.0,11779.0
2807911060,2017,29924.0,12320.0
2807911060,2018,30703.0,12625.0
2807911060,2019,33089.0,13505.0
2807911060,2020,33661.0,13694.0
2807911060,2021,37525.0,15047.0
2807911060,2022,39562.0,15910.0
2807911061,2015,23579.0,9691.0
2807911061,2016,23915.0,9798.0
2807911061,2017,24319.0,9972.0
2807911061,2018,25679.0,10420.0
2807911061,2019,27413.0,11079.0
2807911061,2020,27587.0,11390.0
2807911061,2021,28723.0,11886.0
2807911061,2022,29985.0,12260.0
2807911062,2015,21771.0,9354.0
2807911062,2016,21901.0,9458.0
2807911062,2017,23400.0,9631.0
2807911062,2018,24069.0,9964.0
2807911062,2019,24490.0,9727.0
2807911062,2020,24508.0,9742.0
2807911062,2021,25872.0,10407.0
2807911062,2022,27843.0,10884.0
2807911063,2015,26444.0,10515.0
2807911063,2016,26117.0,10332.0
2807911063,2017,26231.0,10324.0
2807911063,2018,27432.0,10549.0
2807911063,2019,28691.0,10960.0
2807911063,2020,27995.0,10798.0
2807911063,2021,28935.0,11233.0
2807911063,2022,31338.0,12210.0
2807911065,2015,32928.0,13596.0
2807911065,2016,34194.0,14190.0
2807911065,2017,34624.0,14054.0
2807911065,2018,35909.0,14827.0
2807911065,2019,38517.0,15858.0
2807911065,2020,38297.0,15894.0
2807911065,2021,38207.0,16103.0
2807911065,2022,40249.0,17153.0
2807911066,2015,20347.0,7582.0
2807911066,2016,21712.0,8122.0
2807911066,2017,22118.0,8548.0
2807911066,2018,22490.0,8493.0
2807911066,2019,24549.0,9297.0
2807911066,2020,24552.0,9157.0
2807911066,2021,25235.0,9610.0
2807911066,2022,,
2807911067,2015,32751.0,13950.0
2807911067,2016,32553.0,13714.0
2807911067,2017,33979.0,13568.0
2807911067,2018,33126.0,13186.0
2807911067,2019,35782.0,14317.0
2807911067,2020,35754.0,14626.0
2807911067,2021,36912.0,15299.0
2807911067,2022,39222.0,16334.0
2807911068,2015,25861.0,9209.0
2807911068,2016,26110.0,9185.0
2807911068,2017,26328.0,9516.0
2807911068,2018,26816.0,9543.0
2807911068,2019,27908.0,10024.0
2807911068,2020,27356.0,9997.0
2807911068,2021,27725.0,10247.0
2807911068,2022,30301.0,10870.0
2807911069,2015,25198.0,8976.0
2807911069,2016,25896.0,9145.0
2807911069,2017,26061.0,9194.0
2807911069,2018,27065.0,9549.0
2807911069,2019,28151.0,9698.0
2807911069,2020,27513.0,9657.0
2807911069,2021,28768.0,10269.0
2807911069,2022,30554.0,10558.0
2807911070,2015,25319.0,9467.0
2807911070,2016,25098.0,9224.0
2807911070,2017,25945.0,9507.0
2807911070,2018,27314.0,10061.0
2807911070,2019,28306.0,10212.0
2807911070,2020,28564.0,10419.0
2807911070,2021,31048.0,11260.0
2807911070,2022,31992.0,11541.0
2807911071,2015,22464.0,8845.0
2807911071,2016,22555.0,8844.0
2807911071,2017,22924.0,8765.0
2807911071,2018,24284.0,9225.0
2807911071,2019,25724.0,9722.0
2807911071,2020,25164.0,9776.0
2807911071,2021,25773.0,10143.0
2807911071,2022,27898.0,10744.0
2807911072,2015,21713.0,8390.0
2807911072,2016,22559.0,8575.0
2807911072,2017,23151.0,8745.0
2807911072,2018,24896.0,9468.0
2807911072,2019,25307.0,9509.0
2807911072,2020,24743.0,9330.0
2807911072,2021,25930.0,9961.0
2807911072,2022,26971.0,10026.0
2807911073,2015,23171.0,7997.0
2807911073,2016,23581.0,8224.0
2807911073,2017,24041.0,8407.0
2807911073,2018,24991.0,8532.0
2807911073,2019,26381.0,8669.0
2807911073,2020,25188.0,8520.0
2807911073,2021,26807.0,8918.0
2807911073,2022,28420.0,9499.0
2807911074,2015,23927.0,8294.0
2807911074,2016,23142.0,8159.0
2807911074,2017,23708.0,8411.0
2807911074,2018,24457.0,8521.0
2807911074,2019,26452.0,9174.0
2807911074,2020,25646.0,9281.0
2807911074,2021,25909.0,9621.0
2807911074,2022,27591.0,9707.0
2807911075,2015,30798.0,13061.0
2807911075,2016,30308.0,12769.0
2807911075,2017,30873.0,12893.0
2807911075,2018,31560.0,13473.0
2807911075,2019,33418.0,14359.0
2807911075,2020,31661.0,13795.0
2807911075,2021,31482.0,14002.0
2807911075,2022,33997.0,15146.0
2807911078,2015,25324.0,9301.0
2807911078,2016,25762.0,8939.0
2807911078,2017,26811.0,9267.0
2807911078,2018,27770.0,9444.0
2807911078,2019,28833.0,9683.0
2807911078,2020,29104.0,9899.0
2807911078,2021,29354.0,10015.0
2807911078,2022,31111.0,10697.0
2807911079,2015,24156.0,8634.0
2807911079,2016,25128.0,8946.0
2807911079,2017,24493.0,8881.0
2807911079,2018,25015.0,8925.0
2807911079,2019,26690.0,9141.0
2807911079,2020,25659.0,9026.0
2807911079,2021,26486.0,9394.0
2807911079,2022,27546.0,9916.0
2807911080,2015,23127.0,8478.0
2807911080,2016,22928.0,8401.0
2807911080,2017,23347.0,8325.0
2807911080,2018,24500.0,8664.0
2807911080,2019,26637.0,9106.0
2807911080,2020,26652.0,9324.0
2807911080,2021,27872.0,10001.0
2807911080,2022,29564.0,10358.0
2807911081,2015,23766.0,9475.0
2807911081,2016,24067.0,9253.0
2807911081,2017,24823.0,9431.0
2807911081,2018,26591.0,10161.0
2807911081,2019,27550.0,10183.0
2807911081,2020,27413.0,10289.0
2807911081,2021,28420.0,10694.0
2807911081,2022,29800.0,11198.0
2807911082,2015,25474.0,9028.0
2807911082,2016,25241.0,8771.0
2807911082,2017,26179.0,9166.0
2807911082,2018,26522.0,9191.0
2807911082,2019,27371.0,9516.0
2807911082,2020,26419.0,9304.0
2807911082,2021,28804.0,10113.0
2807911082,2022,30005.0,10203.0
2807911083,2015,21586.0,8587.0
2807911083,2016,22364.0,8999.0
2807911083,2017,23526.0,9130.0
2807911083,2018,25307.0,9322.0
2807911083,2019,26422.0,9640.0
2807911083,2020,26091.0,9682.0
2807911083,2021,25773.0,9637.0
2807911083,2022,27456.0,9511.0
2807911084,2015,24991.0,9747.0
2807911084,2016,25473.0,9440.0
2807911084,2017,,
2807911084,2018,,
2807911084,2019,,
2807911084,2020,,
2807911084,2021,,
2807911084,2022,,
2807911085,2015,24826.0,9724.0
2807911085,2016,25376.0,9891.0
2807911085,2017,26126.0,10064.0
2807911085,2018,26980.0,10020.0
2807911085,2019,27786.0,10129.0
2807911085,2020,27372.0,10283.0
2807911085,2021,27859.0,10656.0
2807911085,2022,30378.0,11093.0
2807911086,2015,24569.0,10168.0
2807911086,2016,24870.0,9933.0
2807911086,2017,24288.0,9445.0
2807911086,2018,25992.0,10006.0
2807911086,2019,26613.0,10228.0
2807911086,2020,26651.0,10372.0
2807911086,2021,28130.0,10741.0
2807911086,2022,29685.0,11253.0
2807911087,2015,23740.0,8923.0
2807911087,2016,24109.0,9049.0
2807911087,2017,24412.0,9073.0
2807911087,2018,25361.0,9504.0
2807911087,2019,25624.0,9263.0
2807911087,2020,25650.0,9373.0
2807911087,2021,27555.0,10169.0
2807911087,2022,28468.0,10428.0
2807911088,2015,24023.0,9500.0
2807911088,2016,24025.0,9321.0
2807911088,2017,24077.0,9381.0
2807911088,2018,24798.0,9413.0
2807911088,2019,26511.0,9739.0
2807911088,2020,26960.0,10010.0
2807911088,2021,28838.0,11146.0
2807911088,2022,29229.0,10997.0
2807911089,2015,23690.0,9731.0
2807911089,2016,24276.0,9755.0
2807911089,2017,24542.0,9920.0
2807911089,2018,25658.0,10357.0
2807911089,2019,27352.0,10708.0
2807911089,2020,27333.0,10811.0
2807911089,2021,27856.0,11241.0
2807911089,2022,29497.0,11644.0
2807911091,2015,23329.0,9136.0
2807911091,2016,23489.0,9158.0
2807911091,2017,24639.0,9343.0
2807911091,2018,25549.0,9349.0
2807911091,2019,26758.0,9896.0
2807911091,2020,25818.0,9746.0
2807911091,2021,26154.0,9768.0
2807911091,2022,28106.0,10268.0
2807911092,2015,26433.0,10126.0
2807911092,2016,26683.0,10184.0
2807911092,2017,25990.0,10135.0
2807911092,2018,27036.0,10605.0
2807911092,2019,29168.0,10723.0
2807911092,2020,28077.0,10850.0
2807911092,2021,28595.0,11030.0
2807911092,2022,30061.0,11379.0
2807911093,2015,35694.0,14201.0
2807911093,2016,35973.0,14279.0
2807911093,2017,36020.0,14469.0
2807911093,2018,36245.0,14355.0
2807911093,2019,38167.0,15128.0
2807911093,2020,37354.0,15113.0
2807911093,2021,38301.0,15587.0
2807911093,2022,41048.0,16561.0
2807911094,2015,49954.0,17924.0
2807911094,2016,50223.0,18535.0
2807911094,2017,50894.0,18790.0
2807911094,2018,52747.0,19785.0
2807911094,2019,54176.0,20674.0
2807911094,2020,52042.0,20132.0
2807911094,2021,51260.0,20122.0
2807911094,2022,53756.0,21133.0
2807911095,2015,44105.0,15694.0
2807911095,2016,43159.0,15440.0
2807911095,2017,43151.0,15370.0
2807911095,2018,45144.0,16343.0
2807911095,2019,46411.0,17109.0
2807911095,2020,44898.0,17076.0
2807911095,2021,44841.0,17953.0
2807911095,2022,46356.0,18772.0
2807911096,2015,36192.0,14435.0
2807911096,2016,37270.0,14712.0
2807911096,2017,35414.0,14158.0
2807911096,2018,36558.0,14574.0
2807911096,2019,37426.0,15249.0
2807911096,2020,38614.0,16018.0
2807911096,2021,37764.0,15692.0
2807911096,2022,39354.0,16736.0
2807911097,2015,31258.0,12828.0
2807911097,2016,34250.0,13769.0
2807911097,2017,31344.0,12622.0
2807911097,2018,31769.0,13019.0
2807911097,2019,33003.0,13497.0
2807911097,2020,33984.0,13764.0
2807911097,2021,34249.0,13923.0
2807911097,2022,35234.0,14543.0
2807911098,2015,32213.0,12452.0
2807911098,2016,32753.0,12652.0
2807911098,2017,33262.0,13058.0
2807911098,2018,33777.0,13450.0
2807911098,2019,35092.0,13709.0
2807911098,2020,34676.0,13730.0
2807911098,2021,36057.0,14135.0
2807911098,2022,36862.0,14390.0
2807911099,2015,34691.0,13733.0
2807911099,2016,33579.0,13773.0
2807911099,2017,33569.0,13884.0
2807911099,2018,34415.0,14060.0
2807911099,2019,34420.0,14080.0
2807911099,2020,34628.0,14311.0
2807911099,2021,36045.0,14985.0
2807911099,2022,37608.0,15375.0
2807911100,2015,28044.0,10574.0
2807911100,2016,28721.0,11013.0
2807911100,2017,28635.0,10749.0
2807911100,2018,29017.0,10876.0
2807911100,2019,30589.0,11146.0
2807911100,2020,30488.0,11250.0
2807911100,2021,30886.0,11436.0
2807911100,2022,33778.0,12047.0
2807911101,2015,28691.0,10598.0
2807911101,2016,29199.0,10836.0
2807911101,2017,29292.0,10820.0
2807911101,2018,29798.0,11029.0
2807911101,2019,31139.0,11265.0
2807911101,2020,30375.0,11479.0
2807911101,2021,31684.0,12023.0
2807911101,2022,33751.0,12683.0
2807911102,2015,25079.0,9421.0
2807911102,2016,25624.0,9700.0
2807911102,2017,26532.0,10007.0
2807911102,2018,26787.0,10050.0
2807911102,2019,27729.0,10120.0
2807911102,2020,27882.0,10343.0
2807911102,2021,29179.0,11175.0
2807911102,2022,29560.0,11033.0
2807911103,2015,25928.0,10071.0
2807911103,2016,26007.0,10215.0
2807911103,2017,26518.0,10417.0
2807911103,2018,27637.0,10787.0
2807911103,2019,29289.0,11335.0
2807911103,2020,28727.0,10996.0
2807911103,2021,29729.0,11630.0
2807911103,2022,30469.0,11893.0
2807911104,2015,28811.0,11847.0
2807911104,2016,27898.0,11577.0
2807911104,2017,27563.0,11181.0
2807911104,2018,29721.0,11697.0
2807911104,2019,30646.0,11745.0
2807911104,2020,29939.0,11664.0
2807911104,2021,31164.0,12213.0
2807911104,2022,33069.0,13033.0
2807911105,2015,24427.0,9440.0
2807911105,2016,24884.0,9630.0
2807911105,2017,25822.0,9863.0
2807911105,2018,26242.0,9964.0
2807911105,2019,27733.0,9691.0
2807911105,2020,26855.0,9659.0
2807911105,2021,28215.0,10557.0
2807911105,2022,30236.0,10781.0
2807911106,2015,28074.0,10402.0
2807911106,2016,28649.0,11121.0
2807911106,2017,28124.0,10873.0
2807911106,2018,29037.0,10663.0
2807911106,2019,30370.0,10771.0
2807911106,2020,30168.0,11037.0
2807911106,2021,30915.0,11230.0
2807911106,2022,34874.0,12264.0
2807911107,2015,29575.0,11305.0
2807911107,2016,30251.0,11645.0
2807911107,2017,32011.0,12271.0
2807911107,2018,31879.0,12321.0
2807911107,2019,33184.0,12465.0
2807911107,2020,32079.0,12099.0
2807911107,2021,37152.0,14399.0
2807911107,2022,35721.0,13431.0
2807911108,2015,26258.0,9746.0
2807911108,2016,25522.0,9672.0
2807911108,2017,26091.0,9936.0
2807911108,2018,27204.0,10193.0
2807911108,2019,29049.0,10714.0
2807911108,2020,27601.0,10295.0
2807911108,2021,26965.0,10395.0
2807911108,2022,30823.0,11789.0
2807911109,2015,22766.0,8893.0
2807911109,2016,24089.0,9031.0
2807911109,2017,24073.0,8919.0
2807911109,2018,24828.0,9037.0
2807911109,2019,25857.0,9192.0
2807911109,2020,24824.0,9382.0
2807911109,2021,25747.0,9593.0
2807911109,2022,28121.0,10144.0
2807911110,2015,25758.0,8917.0
2807911110,2016,25016.0,8905.0
2807911110,2017,26475.0,9583.0
2807911110,2018,27311.0,9584.0
2807911110,2019,28640.0,9620.0
2807911110,2020,27650.0,9528.0
2807911110,2021,29759.0,10064.0
2807911110,2022,31593.0,10479.0
2807911111,2015,23587.0,8735.0
2807911111,2016,24968.0,8995.0
2807911111,2017,25235.0,8777.0
2807911111,2018,27760.0,9377.0
2807911111,2019,28738.0,9518.0
2807911111,2020,28179.0,9183.0
2807911111,2021,28370.0,9798.0
2807911111,2022,29754.0,9843.0
2807911112,2015,28481.0,11240.0
2807911112,2016,28238.0,11263.0
2807911112,2017,28175.0,11439.0
2807911112,2018,28751.0,11604.0
2807911112,2019,30553.0,11807.0
2807911112,2020,30311.0,11865.0
2807911112,2021,30281.0,12141.0
2807911112,2022,32412.0,12795.0
2807911113,2015,27751.0,9786.0
2807911113,2016,26930.0,9512.0
2807911113,2017,27683.0,9733.0
2807911113,2018,28821.0,10147.0
2807911113,2019,29325.0,10119.0
2807911113,2020,28338.0,9923.0
2807911113,2021,29940.0,10457.0
2807911113,2022,32108.0,11011.0
2807911114,2015,27163.0,10683.0
2807911114,2016,28043.0,10913.0
2807911114,2017,27981.0,10827.0
2807911114,2018,29945.0,11466.0
2807911114,2019,30108.0,11358.0
2807911114,2020,30087.0,11308.0
2807911114,2021,31033.0,11833.0
2807911114,2022,31453.0,11842.0
2807911115,2015,26367.0,9685.0
2807911115,2016,26216.0,9739.0
2807911115,2017,25820.0,9472.0
2807911115,2018,27135.0,10008.0
2807911115,2019,28620.0,10410.0
2807911115,2020,27798.0,10422.0
2807911115,2021,28994.0,10737.0
2807911115,2022,31126.0,11218.0
2807911116,2015,23294.0,9568.0
2807911116,2016,23088.0,9224.0
2807911116,2017,23057.0,8992.0
2807911116,2018,23715.0,9412.0
2807911116,2019,24759.0,9963.0
2807911116,2020,25248.0,9688.0
2807911116,2021,25735.0,10169.0
2807911116,2022,27367.0,10556.0
2807911117,2015,21532.0,7794.0
2807911117,2016,21581.0,7806.0
2807911117,2017,22310.0,8014.0
2807911117,2018,23078.0,8175.0
2807911117,2019,24692.0,8543.0
2807911117,2020,24396.0,8488.0
2807911117,2021,25382.0,9035.0
2807911117,2022,27619.0,9281.0
2807911118,2015,24277.0,9159.0
2807911118,2016,23905.0,9231.0
2807911118,2017,24632.0,9176.0
2807911118,2018,24656.0,9271.0
2807911118,2019,26758.0,9800.0
2807911118,2020,25776.0,9713.0
2807911118,2021,26065.0,10100.0
2807911118,2022,27687.0,10077.0
2807911119,2015,21984.0,7880.0
2807911119,2016,22208.0,7751.0
2807911119,2017,23829.0,8072.0
2807911119,2018,24850.0,8333.0
2807911119,2019,26006.0,8575.0
2807911119,2020,25604.0,8337.0
2807911119,2021,26663.0,9200.0
2807911119,2022,28601.0,9768.0
2807911120,2015,23137.0,8618.0
2807911120,2016,24074.0,8719.0
2807911120,2017,24284.0,8700.0
2807911120,2018,25769.0,8951.0
2807911120,2019,26184.0,9204.0
2807911120,2020,26107.0,9256.0
2807911120,2021,26563.0,9802.0
2807911120,2022,27841.0,9956.0
2807911121,2015,21670.0,7819.0
2807911121,2016,21385.0,7844.0
2807911121,2017,22269.0,7855.0
2807911121,2018,23256.0,8095.0
2807911121,2019,24380.0,8400.0
2807911121,2020,23836.0,8351.0
2807911121,2021,24970.0,8923.0
2807911121,2022,26690.0,8886.0
2807911122,2015,21446.0,7979.0
2807911122,2016,22194.0,8189.0
2807911122,2017,22098.0,7726.0
2807911122,2018,23312.0,7969.0
2807911122,2019,25299.0,8228.0
2807911122,2020,23914.0,7877.0
2807911122,2021,25197.0,8262.0
2807911122,2022,27412.0,8717.0
2807911123,2015,29444.0,11840.0
2807911123,2016,30090.0,11689.0
2807911123,2017,32569.0,12292.0
2807911123,2018,32182.0,11702.0
2807911123,2019,32651.0,12321.0
2807911123,2020,30252.0,10958.0
2807911123,2021,34015.0,11766.0
2807911123,2022,33431.0,12618.0
2807911124,2015,28110.0,10614.0
2807911124,2016,28823.0,10937.0
2807911124,2017,29302.0,10912.0
2807911124,2018,30197.0,11297.0
2807911124,2019,32032.0,11986.0
2807911124,2020,31886.0,12147.0
2807911124,2021,31896.0,12127.0
2807911124,2022,33696.0,12423.0
2807911125,2015,30793.0,11858.0
2807911125,2016,30586.0,11633.0
2807911125,2017,30613.0,11610.0
2807911125,2018,30825.0,11796.0
2807911125,2019,32530.0,12324.0
2807911125,2020,32752.0,12580.0
2807911125,2021,34103.0,13448.0
2807911125,2022,35478.0,13593.0
2807911126,2015,28432.0,10989.0
2807911126,2016,29422.0,11221.0
2807911126,2017,28965.0,11073.0
2807911126,2018,30362.0,11395.0
2807911126,2019,31321.0,11803.0
2807911126,2020,30870.0,11772.0
2807911126,2021,32241.0,12364.0
2807911126,2022,42007.0,16063.0
2807911128,2015,19520.0,6717.0
2807911128,2016,20067.0,6912.0
2807911128,2017,20607.0,6992.0
2807911128,2018,21718.0,7233.0
2807911128,2019,23237.0,7578.0
2807911128,2020,22476.0,7504.0
2807911128,2021,23580.0,7879.0
2807911128,2022,26007.0,8310.0
2807911129,2015,17782.0,5855.0
2807911129,2016,18418.0,6215.0
2807911129,2017,18590.0,6209.0
2807911129,2018,18727.0,6261.0
2807911129,2019,18985.0,6457.0
2807911129,2020,19198.0,6412.0
2807911129,2021,20948.0,6983.0
2807911129,2022,22374.0,7421.0
2807911130,2015,19603.0,7078.0
2807911130,2016,20923.0,7614.0
2807911130,2017,20704.0,7387.0
2807911130,2018,22040.0,7564.0
2807911130,2019,23097.0,7800.0
2807911130,2020,23233.0,7970.0
2807911130,2021,24250.0,8288.0
2807911130,2022,26297.0,8597.0
2807911131,2015,18927.0,7418.0
2807911131,2016,18955.0,7373.0
2807911131,2017,19250.0,7419.0
2807911131,2018,20137.0,7571.0
2807911131,2019,21558.0,7819.0
2807911131,2020,21604.0,7879.0
2807911131,2021,23290.0,8343.0
2807911131,2022,24403.0,8373.0
2807911132,2015,18873.0,7318.0
2807911132,2016,19639.0,7483.0
2807911132,2017,19039.0,7153.0
2807911132,2018,20008.0,7207.0
2807911132,2019,21029.0,7546.0
2807911132,2020,20448.0,7446.0
2807911132,2021,21953.0,7941.0
2807911132,2022,24702.0,8316.0
2807911133,2015,28128.0,11212.0
2807911133,2016,28381.0,11604.0
2807911133,2017,28575.0,11528.0
2807911133,2018,29627.0,11833.0
2807911133,2019,30723.0,11626.0
2807911133,2020,30661.0,11491.0
2807911133,2021,31996.0,12347.0
2807911133,2022,32685.0,12461.0
2807911134,2015,24648.0,9646.0
2807911134,2016,23883.0,9336.0
2807911134,2017,23592.0,9360.0
2807911134,2018,23810.0,9173.0
2807911134,2019,25839.0,9450.0
2807911134,2020,25599.0,9424.0
2807911134,2021,25952.0,9839.0
2807911134,2022,28632.0,10452.0
2807911135,2015,28743.0,10578.0
2807911135,2016,28132.0,10391.0
2807911135,2017,28129.0,10280.0
2807911135,2018,28936.0,10598.0
2807911135,2019,29964.0,10929.0
2807911135,2020,29814.0,11228.0
2807911135,2021,31216.0,11677.0
2807911135,2022,32082.0,11776.0
2807911136,2015,26083.0,10295.0
2807911136,2016,26289.0,10431.0
2807911136,2017,26693.0,10699.0
2807911136,2018,27613.0,11059.0
2807911136,2019,29622.0,11506.0
2807911136,2020,29769.0,11849.0
2807911136,2021,30368.0,12012.0
2807911136,2022,31480.0,12490.0
2807911137,2015,33294.0,12301.0
2807911137,2016,34687.0,12821.0
2807911137,2017,35035.0,12870.0
2807911137,2018,36363.0,13119.0
2807911137,2019,36965.0,13213.0
2807911137,2020,37728.0,13608.0
2807911137,2021,38856.0,14044.0
2807911137,2022,41162.0,14865.0
2807911138,2015,24881.0,9393.0
2807911138,2016,26072.0,9740.0
2807911138,2017,26129.0,9894.0
2807911138,2018,27346.0,10074.0
2807911138,2019,28733.0,10361.0
2807911138,2020,28005.0,10271.0
2807911138,2021,29779.0,10792.0
2807911138,2022,30802.0,10856.0
2807911139,2015,24871.0,9535.0
2807911139,2016,25198.0,9713.0
2807911139,2017,25585.0,9855.0
2807911139,2018,26422.0,9911.0
2807911139,2019,27344.0,10155.0
2807911139,2020,27837.0,10478.0
2807911139,2021,27969.0,10933.0
2807911139,2022,29379.0,11164.0
2807911140,2015,23279.0,8052.0
2807911140,2016,22461.0,7958.0
2807911140,2017,23557.0,8398.0
2807911140,2018,24619.0,8639.0
2807911140,2019,25262.0,8760.0
2807911140,2020,25190.0,8722.0
2807911140,2021,27391.0,9621.0
2807911140,2022,29504.0,10342.0
2807911141,2015,28859.0,10901.0
2807911141,2016,29017.0,11297.0
2807911141,2017,28950.0,11361.0
2807911141,2018,30147.0,11729.0
2807911141,2019,31630.0,12061.0
2807911141,2020,30103.0,11925.0
2807911141,2021,30888.0,12298.0
2807911141,2022,32666.0,12911.0
2807911142,2015,28422.0,11474.0
2807911142,2016,27552.0,11230.0
2807911142,2017,27710.0,11233.0
2807911142,2018,29091.0,11677.0
2807911142,2019,29376.0,11799.0
2807911142,2020,30482.0,12110.0
2807911142,2021,31549.0,12769.0
2807911142,2022,33000.0,13084.0
2807911143,2015,22022.0,9256.0
2807911143,2016,22099.0,9301.0
2807911143,2017,22567.0,9224.0
2807911143,2018,23243.0,9369.0
2807911143,2019,24302.0,9759.0
2807911143,2020,23759.0,9511.0
2807911143,2021,25926.0,10447.0
2807911143,2022,26261.0,10398.0
2807911145,2015,24753.0,9788.0
2807911145,2016,24743.0,9806.0
2807911145,2017,25449.0,10258.0
2807911145,2018,26457.0,10788.0
2807911145,2019,27726.0,10997.0
2807911145,2020,26995.0,10666.0
2807911145,2021,27591.0,11155.0
2807911145,2022,29588.0,11791.0
2807911146,2015,25565.0,9637.0
2807911146,2016,25464.0,9615.0
2807911146,2017,25676.0,9767.0
2807911146,2018,25864.0,9781.0
2807911146,2019,27786.0,10367.0
2807911146,2020,27297.0,10367.0
2807911146,2021,28443.0,10768.0
2807911146,2022,30079.0,11037.0
2807911147,2015,31305.0,11835.0
2807911147,2016,31879.0,12185.0
2807911147,2017,31779.0,12034.0
2807911147,2018,31331.0,12158.0
2807911147,2019,32933.0,12823.0
2807911147,2020,32329.0,12887.0
2807911147,2021,34434.0,13856.0
2807911147,2022,36100.0,14410.0
2807911148,2015,28656.0,11834.0
2807911148,2016,28529.0,11722.0
2807911148,2017,28706.0,11736.0
2807911148,2018,29686.0,12059.0
2807911148,2019,30887.0,12596.0
2807911148,2020,30496.0,12593.0
2807911148,2021,31117.0,12891.0
2807911148,2022,32549.0,13233.0
2807911149,2015,24015.0,10236.0
2807911149,2016,25515.0,10600.0
2807911149,2017,25721.0,10887.0
2807911149,2018,26608.0,11196.0
2807911149,2019,27575.0,11425.0
2807911149,2020,27663.0,11611.0
2807911149,2021,27351.0,11338.0
2807911149,2022,29173.0,11803.0
2807911150,2015,29035.0,10756.0
2807911150,2016,29253.0,10905.0
2807911150,2017,29229.0,10910.0
2807911150,2018,31214.0,11355.0
2807911150,2019,32303.0,11847.0
2807911150,2020,32316.0,12074.0
2807911150,2021,33144.0,12450.0
2807911150,2022,33783.0,12973.0
2807911151,2015,23568.0,9012.0
2807911151,2016,24409.0,9421.0
2807911151,2017,24580.0,9461.0
2807911151,2018,25989.0,10144.0
2807911151,2019,26960.0,10244.0
2807911151,2020,26935.0,10284.0
2807911151,2021,27685.0,10603.0
2807911151,2022,29431.0,11266.0
2807911152,2015,28047.0,10924.0
2807911152,2016,28646.0,11129.0
2807911152,2017,29346.0,11476.0
2807911152,2018,30047.0,11862.0
2807911152,2019,31171.0,12117.0
2807911152,2020,31380.0,12179.0
2807911152,2021,32007.0,12531.0
2807911152,2022,34450.0,13513.0
2807911153,2015,24195.0,9539.0
2807911153,2016,24759.0,9637.0
2807911153,2017,24836.0,9781.0
2807911153,2018,26574.0,10194.0
2807911153,2019,27358.0,10609.0
2807911153,2020,26955.0,10728.0
2807911153,2021,27874.0,11195.0
2807911153,2022,29157.0,11361.0
2807911154,2015,23227.0,8476.0
2807911154,2016,23849.0,8627.0
2807911154,2017,23383.0,8644.0
2807911154,2018,25122.0,9193.0
2807911154,2019,26225.0,9174.0
2807911154,2020,25681.0,8969.0
2807911154,2021,25784.0,9296.0
2807911154,2022,27686.0,9778.0
2807911155,2015,32966.0,11195.0
2807911155,2016,33110.0,11389.0
2807911155,2017,33506.0,11511.0
2807911155,2018,35652.0,12089.0
2807911155,2019,36577.0,12508.0
2807911155,2020,36989.0,12673.0
2807911155,2021,37635.0,13235.0
2807911155,2022,39218.0,13899.0
2807911156,2015,40264.0,14736.0
2807911156,2016,39716.0,14255.0
2807911156,2017,40846.0,14381.0
2807911156,2018,42708.0,15125.0
2807911156,2019,43518.0,15507.0
2807911156,2020,44504.0,15872.0
2807911156,2021,44393.0,15844.0
2807911156,2022,44324.0,15651.0
2807911157,2015,22886.0,8140.0
2807911157,2016,22690.0,8254.0
2807911157,2017,24509.0,8492.0
2807911157,2018,24784.0,8386.0
2807911157,2019,25936.0,8702.0
2807911157,2020,25971.0,8765.0
2807911157,2021,26886.0,9467.0
2807911157,2022,27818.0,9837.0
2807911158,2015,19420.0,6260.0
2807911158,2016,19514.0,6312.0
2807911158,2017,19569.0,6577.0
2807911158,2018,19838.0,6383.0
2807911158,2019,21227.0,6501.0
2807911158,2020,21236.0,6775.0
2807911158,2021,22809.0,7402.0
2807911158,2022,25082.0,8049.0
2807911159,2015,21159.0,7332.0
2807911159,2016,21608.0,7426.0
2807911159,2017,,
2807911159,2018,,
2807911159,2019,,
2807911159,2020,,
2807911159,2021,,
2807911159,2022,,
2807911160,2015,20848.0,7694.0
2807911160,2016,21584.0,7786.0
2807911160,2017,22112.0,7635.0
2807911160,2018,23535.0,7781.0
2807911160,2019,25633.0,8287.0
2807911160,2020,24991.0,8252.0
2807911160,2021,25641.0,8552.0
2807911160,2022,28327.0,9035.0
2807911161,2015,19976.0,7373.0
2807911161,2016,21153.0,7496.0
2807911161,2017,21775.0,7614.0
2807911161,2018,23206.0,7724.0
2807911161,2019,24323.0,7483.0
2807911161,2020,23056.0,7379.0
2807911161,2021,24951.0,8075.0
2807911161,2022,26667.0,8308.0
2807911162,2015,25231.0,10182.0
2807911162,2016,22821.0,9104.0
2807911162,2017,23177.0,8914.0
2807911162,2018,24526.0,9080.0
2807911162,2019,26431.0,9457.0
2807911162,2020,25879.0,9383.0
2807911162,2021,28018.0,10020.0
2807911162,2022,28765.0,10091.0
2807911163,2015,32501.0,12616.0
2807911163,2016,32278.0,12507.0
2807911163,2017,32375.0,12619.0
2807911163,2018,32834.0,12773.0
2807911163,2019,33917.0,12930.0
2807911163,2020,33231.0,12993.0
2807911163,2021,33576.0,13396.0
2807911163,2022,34059.0,13363.0
2807911165,2015,26605.0,9943.0
2807911165,2016,27610.0,10391.0
2807911165,2017,28175.0,10489.0
2807911165,2018,28488.0,10301.0
2807911165,2019,30329.0,10659.0
2807911165,2020,29809.0,10867.0
2807911165,2021,29817.0,11013.0
2807911165,2022,32074.0,11624.0
2807911167,2015,27699.0,10314.0
2807911167,2016,28714.0,10644.0
2807911167,2017,27438.0,10380.0
2807911167,2018,28842.0,10619.0
2807911167,2019,30028.0,10755.0
2807911167,2020,29686.0,11129.0
2807911167,2021,30583.0,11493.0
2807911167,2022,32704.0,11956.0
2807911168,2015,26768.0,9991.0
2807911168,2016,27035.0,10196.0
2807911168,2017,27176.0,10311.0
2807911168,2018,28186.0,10557.0
2807911168,2019,29068.0,10983.0
2807911168,2020,29063.0,11348.0
2807911168,2021,28958.0,11366.0
2807911168,2022,30435.0,12063.0
2807911169,2015,24181.0,8881.0
2807911169,2016,24511.0,8731.0
2807911169,2017,24665.0,8958.0
2807911169,2018,26473.0,9513.0
2807911169,2019,27276.0,9413.0
2807911169,2020,27111.0,9463.0
2807911169,2021,27869.0,9706.0
2807911169,2022,29846.0,10170.0
2807911170,2015,24214.0,8390.0
2807911170,2016,24181.0,8362.0
2807911170,2017,25318.0,8891.0
2807911170,2018,26098.0,9066.0
2807911170,2019,27328.0,9272.0
2807911170,2020,27588.0,9250.0
2807911170,2021,27986.0,9801.0
2807911170,2022,29513.0,9685.0
2807911171,2015,22934.0,7431.0
2807911171,2016,23602.0,7722.0
2807911171,2017,23933.0,7848.0
2807911171,2018,25946.0,8233.0
2807911171,2019,27471.0,8179.0
2807911171,2020,26695.0,8049.0
2807911171,2021,26949.0,8936.0
2807911171,2022,28086.0,8989.0
2807911173,2015,22604.0,8386.0
2807911173,2016,23200.0,8590.0
2807911173,2017,23355.0,8498.0
2807911173,2018,23654.0,8533.0
2807911173,2019,24607.0,8508.0
2807911173,2020,23827.0,8385.0
2807911173,2021,24623.0,8756.0
2807911173,2022,26365.0,8545.0
2807911174,2015,25432.0,10111.0
2807911174,2016,26883.0,10466.0
2807911174,2017,26352.0,10485.0
2807911174,2018,29187.0,11323.0
2807911174,2019,30120.0,11418.0
2807911174,2020,29737.0,11175.0
2807911174,2021,30312.0,12069.0
2807911174,2022,32175.0,12390.0
2807911175,2015,24072.0,9439.0
2807911175,2016,25092.0,9564.0
2807911175,2017,24723.0,9440.0
2807911175,2018,25643.0,9670.0
2807911175,2019,27492.0,9840.0
2807911175,2020,27182.0,10303.0
2807911175,2021,28842.0,10841.0
2807911175,2022,29774.0,11012.0
2807911176,2015,25415.0,9945.0
2807911176,2016,25821.0,10004.0
2807911176,2017,27048.0,10203.0
2807911176,2018,28217.0,10349.0
2807911176,2019,29609.0,11028.0
2807911176,2020,29620.0,10937.0
2807911176,2021,30641.0,11110.0
2807911176,2022,32800.0,12011.0
2807911177,2015,24493.0,10090.0
2807911177,2016,25445.0,10544.0
2807911177,2017,25712.0,10395.0
2807911177,2018,27015.0,10842.0
2807911177,2019,28058.0,11221.0
2807911177,2020,27581.0,11122.0
2807911177,2021,28477.0,11516.0
2807911177,2022,30646.0,11869.0
2807911178,2015,23211.0,9474.0
2807911178,2016,23365.0,9443.0
2807911178,2017,23716.0,9590.0
2807911178,2018,24907.0,9721.0
2807911178,2019,26970.0,9572.0
2807911178,2020,26435.0,9613.0
2807911178,2021,26405.0,9602.0
2807911178,2022,29115.0,10346.0
2807911179,2015,28814.0,11004.0
2807911179,2016,30318.0,11295.0
2807911179,2017,29970.0,11132.0
2807911179,2018,31572.0,11578.0
2807911179,2019,32539.0,11783.0
2807911179,2020,32826.0,11922.0
2807911179,2021,33139.0,12376.0
2807911179,2022,34455.0,12868.0
2807911180,2015,19476.0,6084.0
2807911180,2016,19928.0,6318.0
2807911180,2017,20013.0,6460.0
2807911180,2018,21015.0,6865.0
2807911180,2019,22241.0,7162.0
2807911180,2020,22207.0,7291.0
2807911180,2021,23403.0,7621.0
2807911180,2022,25800.0,8427.0
2807911181,2015,29320.0,13513.0
2807911181,2016,29504.0,13533.0
2807911181,2017,30454.0,13900.0
2807911181,2018,30825.0,14009.0
2807911181,2019,31815.0,14297.0
2807911181,2020,32892.0,14948.0
2807911181,2021,33588.0,15521.0
2807911181,2022,35424.0,16511.0
2807911182,2015,41318.0,14409.0
2807911182,2016,42061.0,14711.0
2807911182,2017,42609.0,15061.0
2807911182,2018,43692.0,15227.0
2807911182,2019,45115.0,15678.0
2807911182,2020,44806.0,15785.0
2807911182,2021,46581.0,16853.0
2807911182,2022,48004.0,17528.0
2807911183,2015,42109.0,14625.0
2807911183,2016,42380.0,14437.0
2807911183,2017,42614.0,14634.0
2807911183,2018,44088.0,15130.0
2807911183,2019,46462.0,15957.0
2807911183,2020,44950.0,15646.0
2807911183,2021,46268.0,16426.0
2807911183,2022,47750.0,17255.0
2807911184,2015,38540.0,16563.0
2807911184,2016,38025.0,16658.0
2807911184,2017,40034.0,17451.0
2807911184,2018,41523.0,18123.0
2807911184,2019,42044.0,18013.0
2807911184,2020,41075.0,17900.0
2807911184,2021,38758.0,17242.0
2807911184,2022,43550.0,19455.0
2807911185,2015,37199.0,13953.0
2807911185,2016,36222.0,13551.0
2807911185,2017,38882.0,14235.0
2807911185,2018,41516.0,15270.0
2807911185,2019,41608.0,14641.0
2807911185,2020,41897.0,15028.0
2807911185,2021,49651.0,17611.0
2807911185,2022,44986.0,15891.0
2807911186,2015,29235.0,11081.0
2807911186,2016,29854.0,11115.0
2807911186,2017,30477.0,11286.0
2807911186,2018,31740.0,11755.0
2807911186,2019,33521.0,12265.0
2807911186,2020,33800.0,12448.0
2807911186,2021,34675.0,12341.0
2807911186,2022,36403.0,12628.0
2807911187,2015,38116.0,13011.0
2807911187,2016,39622.0,13653.0
2807911187,2017,33363.0,12175.0
2807911187,2018,35051.0,12817.0
2807911187,2019,36511.0,13487.0
2807911187,2020,35626.0,13014.0
2807911187,2021,37287.0,13353.0
2807911187,2022,37732.0,13648.0
2807911188,2015,44830.0,14697.0
2807911188,2016,45215.0,14819.0
2807911188,2017,46267.0,15080.0
2807911188,2018,47913.0,15650.0
2807911188,2019,52531.0,17285.0
2807911188,2020,50932.0,16590.0
2807911188,2021,53175.0,17569.0
2807911188,2022,55004.0,18297.0
2807911189,2015,32105.0,10231.0
2807911189,2016,33280.0,10620.0
2807911189,2017,33278.0,10498.0
2807911189,2018,34725.0,10900.0
2807911189,2019,36611.0,11441.0
2807911189,2020,36642.0,11544.0
2807911189,2021,38797.0,12224.0
2807911189,2022,40143.0,12878.0
2807911190,2015,39249.0,13947.0
2807911190,2016,39603.0,14116.0
2807911190,2017,40173.0,13274.0
2807911190,2018,42138.0,13576.0
2807911190,2019,42853.0,13995.0
2807911190,2020,43365.0,14170.0
2807911190,2021,44511.0,14687.0
2807911190,2022,46109.0,15709.0
2807911191,2015,39154.0,13411.0
2807911191,2016,39721.0,13486.0
2807911191,2017,41245.0,13963.0
2807911191,2018,42709.0,14292.0
2807911191,2019,46054.0,15451.0
2807911191,2020,45322.0,14915.0
2807911191,2021,47910.0,15758.0
2807911191,2022,44594.0,15026.0
2807911192,2015,37086.0,14973.0
2807911192,2016,37975.0,15177.0
2807911192,2017,34826.0,14394.0
2807911192,2018,36027.0,14799.0
2807911192,2019,37642.0,15236.0
2807911192,2020,38512.0,15547.0
2807911192,2021,39951.0,15877.0
2807911192,2022,42075.0,16900.0
2807911193,2015,24546.0,9801.0
2807911193,2016,25438.0,9784.0
2807911193,2017,26537.0,9971.0
2807911193,2018,28105.0,10574.0
2807911193,2019,28735.0,10507.0
2807911193,2020,29602.0,10783.0
2807911193,2021,29584.0,11094.0
2807911193,2022,31291.0,11842.0
2807911194,2015,41138.0,14362.0
2807911194,2016,42883.0,15117.0
2807911194,2017,42181.0,14900.0
2807911194,2018,44895.0,15854.0
2807911194,2019,45636.0,16158.0
2807911194,2020,45136.0,16221.0
2807911194,2021,48034.0,17262.0
2807911194,2022,49229.0,17700.0
2807911195,2015,,
2807911195,2016,,
2807911195,2017,32934.0,14938.0
2807911195,2018,33877.0,15240.0
2807911195,2019,35901.0,16030.0
2807911195,2020,34317.0,15703.0
2807911195,2021,36302.0,16427.0
2807911195,2022,31946.0,13801.0
2807911196,2015,,
2807911196,2016,,
2807911196,2017,47792.0,15490.0
2807911196,2018,50061.0,16266.0
2807911196,2019,52062.0,17186.0
2807911196,2020,52090.0,17641.0
2807911196,2021,53274.0,18316.0
2807911196,2022,57359.0,19860.0
2807911197,2015,,
2807911197,2016,,
2807911197,2017,41190.0,15387.0
2807911197,2018,41619.0,15711.0
2807911197,2019,43203.0,16462.0
2807911197,2020,43212.0,16674.0
2807911197,2021,43622.0,17305.0
2807911197,2022,46606.0,18498.0
2807911198,2015,,
2807911198,2016,,
2807911198,2017,41941.0,15869.0
2807911198,2018,43269.0,16541.0
2807911198,2019,45662.0,16924.0
2807911198,2020,46016.0,17152.0
2807911198,2021,48991.0,18459.0
2807911198,2022,51598.0,19164.0
2807911199,2015,,
2807911199,2016,,
2807911199,2017,,
2807911199,2018,,
2807911199,2019,,
2807911199,2020,,
2807911199,2021,,
2807911199,2022,28990.0,11001.0
2807911200,2015,,
2807911200,2016,,
2807911200,2017,,
2807911200,2018,,
2807911200,2019,,
2807911200,2020,,
2807911200,2021,,
2807911200,2022,48859.0,17989.0
2807912001,2015,26321.0,10464.0
2807912001,2016,26726.0,10877.0
2807912001,2017,27685.0,11134.0
2807912001,2018,29232.0,11693.0
2807912001,2019,30512.0,12112.0
2807912001,2020,29913.0,12192.0
2807912001,2021,30551.0,12449.0
2807912001,2022,33284.0,13303.0
2807912002,2015,25275.0,11492.0
2807912002,2016,26916.0,11947.0
2807912002,2017,27289.0,11802.0
2807912002,2018,28584.0,11967.0
2807912002,2019,30455.0,12567.0
2807912002,2020,29499.0,12401.0
2807912002,2021,30168.0,12655.0
2807912002,2022,31902.0,13253.0
2807912003,2015,25308.0,11048.0
2807912003,2016,25840.0,11112.0
2807912003,2017,26415.0,11292.0
2807912003,2018,27326.0,11328.0
2807912003,2019,29409.0,11834.0
2807912003,2020,29727.0,12196.0
2807912003,2021,29827.0,12216.0
2807912003,2022,32838.0,13436.0
2807912005,2015,25593.0,11163.0
2807912005,2016,25719.0,11184.0
2807912005,2017,26285.0,11525.0
2807912005,2018,27125.0,11571.0
2807912005,2019,28291.0,11878.0
2807912005,2020,28604.0,11946.0
2807912005,2021,29357.0,12358.0
2807912005,2022,31790.0,12906.0
2807912006,2015,24987.0,11022.0
2807912006,2016,26281.0,11559.0
2807912006,2017,26309.0,11336.0
2807912006,2018,27392.0,11786.0
2807912006,2019,28800.0,12050.0
2807912006,2020,29831.0,12540.0
2807912006,2021,29675.0,12381.0
2807912006,2022,30944.0,12920.0
2807912007,2015,26170.0,11210.0
2807912007,2016,26371.0,11254.0
2807912007,2017,28026.0,11600.0
2807912007,2018,28987.0,11835.0
2807912007,2019,29692.0,11972.0
2807912007,2020,30251.0,12248.0
2807912007,2021,30892.0,12306.0
2807912007,2022,32531.0,13178.0
2807912008,2015,23272.0,9001.0
2807912008,2016,23719.0,9098.0
2807912008,2017,24139.0,9144.0
2807912008,2018,26015.0,9530.0
2807912008,2019,27538.0,9853.0
2807912008,2020,27308.0,9871.0
2807912008,2021,28520.0,10471.0
2807912008,2022,31089.0,11199.0
2807912009,2015,22719.0,8306.0
2807912009,2016,22960.0,8426.0
2807912009,2017,23364.0,8751.0
2807912009,2018,24214.0,9005.0
2807912009,2019,26585.0,9341.0
2807912009,2020,26265.0,9353.0
2807912009,2021,27535.0,9683.0
2807912009,2022,28736.0,10473.0
2807912010,2015,22212.0,8673.0
2807912010,2016,22545.0,8700.0
2807912010,2017,22584.0,8909.0
2807912010,2018,24110.0,9330.0
2807912010,2019,25080.0,9787.0
2807912010,2020,25367.0,9894.0
2807912010,2021,26986.0,10591.0
2807912010,2022,28815.0,11183.0
2807912011,2015,23986.0,9151.0
2807912011,2016,24539.0,9192.0
2807912011,2017,24891.0,9324.0
2807912011,2018,26448.0,9805.0
2807912011,2019,27891.0,10054.0
2807912011,2020,27055.0,9539.0
2807912011,2021,28685.0,10136.0
2807912011,2022,30201.0,10693.0
2807912012,2015,24090.0,8590.0
2807912012,2016,23807.0,8626.0
2807912012,2017,25691.0,9096.0
2807912012,2018,25486.0,9192.0
2807912012,2019,26832.0,9587.0
2807912012,2020,25919.0,9377.0
2807912012,2021,28042.0,10031.0
2807912012,2022,30542.0,10601.0
2807912013,2015,24465.0,9253.0
2807912013,2016,25698.0,9386.0
2807912013,2017,24859.0,9069.0
2807912013,2018,25156.0,9287.0
2807912013,2019,26935.0,10045.0
2807912013,2020,25551.0,9704.0
2807912013,2021,27216.0,10234.0
2807912013,2022,28863.0,10823.0
2807912014,2015,26395.0,8677.0
2807912014,2016,26938.0,8785.0
2807912014,2017,27868.0,9289.0
2807912014,2018,28357.0,9487.0
2807912014,2019,29379.0,10022.0
2807912014,2020,29607.0,10206.0
2807912014,2021,29900.0,10508.0
2807912014,2022,32539.0,11325.0
2807912015,2015,21730.0,8031.0
2807912015,2016,23156.0,8541.0
2807912015,2017,23587.0,8816.0
2807912015,2018,24201.0,8944.0
2807912015,2019,25928.0,9471.0
2807912015,2020,25829.0,9450.0
2807912015,2021,26486.0,10185.0
2807912015,2022,28953.0,11095.0
2807912016,2015,28337.0,10049.0
2807912016,2016,29260.0,10519.0
2807912016,2017,29878.0,10605.0
2807912016,2018,31836.0,11255.0
2807912016,2019,33389.0,11729.0
2807912016,2020,34084.0,11964.0
2807912016,2021,35631.0,12570.0
2807912016,2022,40932.0,14730.0
2807912018,2015,22292.0,7373.0
2807912018,2016,22205.0,7393.0
2807912018,2017,22940.0,7528.0
2807912018,2018,24358.0,7839.0
2807912018,2019,25240.0,7957.0
2807912018,2020,25170.0,8032.0
2807912018,2021,25583.0,8116.0
2807912018,2022,27179.0,8689.0
2807912019,2015,20356.0,6674.0
2807912019,2016,20271.0,6631.0
2807912019,2017,21183.0,6703.0
2807912019,2018,22384.0,7226.0
2807912019,2019,24608.0,7611.0
2807912019,2020,23603.0,7471.0
2807912019,2021,24926.0,7810.0
2807912019,2022,25885.0,8019.0
2807912020,2015,20589.0,7070.0
2807912020,2016,21530.0,7447.0
2807912020,2017,21211.0,7324.0
2807912020,2018,23168.0,7711.0
2807912020,2019,24252.0,7884.0
2807912020,2020,24431.0,7696.0
2807912020,2021,25098.0,8034.0
2807912020,2022,27743.0,8690.0
2807912021,2015,24830.0,9165.0
2807912021,2016,25047.0,9444.0
2807912021,2017,,
2807912021,2018,,
2807912021,2019,,
2807912021,2020,,
2807912021,2021,,
2807912021,2022,,
2807912022,2015,18980.0,6793.0
2807912022,2016,18958.0,6646.0
2807912022,2017,22232.0,7933.0
2807912022,2018,23024.0,8140.0
2807912022,2019,24076.0,8216.0
2807912022,2020,23849.0,8095.0
2807912022,2021,25574.0,8551.0
2807912022,2022,27182.0,8832.0
2807912023,2015,21903.0,7470.0
2807912023,2016,22337.0,7578.0
2807912023,2017,23787.0,7967.0
2807912023,2018,24943.0,8343.0
2807912023,2019,25939.0,8605.0
2807912023,2020,25821.0,8578.0
2807912023,2021,26794.0,8854.0
2807912023,2022,28432.0,9351.0
2807912024,2015,28687.0,10016.0
2807912024,2016,28770.0,10210.0
2807912024,2017,29764.0,10572.0
2807912024,2018,31381.0,10935.0
2807912024,2019,32846.0,11311.0
2807912024,2020,32136.0,11337.0
2807912024,2021,34026.0,12031.0
2807912024,2022,36722.0,12909.0
2807912027,2015,26576.0,9627.0
2807912027,2016,27826.0,10252.0
2807912027,2017,27563.0,10273.0
2807912027,2018,29333.0,10733.0
2807912027,2019,30875.0,11247.0
2807912027,2020,31252.0,11529.0
2807912027,2021,32455.0,12129.0
2807912027,2022,34922.0,12971.0
2807912028,2015,20681.0,8342.0
2807912028,2016,20803.0,8474.0
2807912028,2017,21221.0,8526.0
2807912028,2018,22828.0,9018.0
2807912028,2019,24176.0,9123.0
2807912028,2020,23596.0,9439.0
2807912028,2021,24866.0,9989.0
2807912028,2022,26144.0,10715.0
2807912029,2015,20270.0,7304.0
2807912029,2016,20733.0,7547.0
2807912029,2017,21203.0,7679.0
2807912029,2018,22411.0,8093.0
2807912029,2019,23435.0,8516.0
2807912029,2020,22746.0,8349.0
2807912029,2021,24197.0,8809.0
2807912029,2022,26581.0,9460.0
2807912030,2015,22952.0,7402.0
2807912030,2016,24223.0,7714.0
2807912030,2017,24028.0,7687.0
2807912030,2018,25409.0,7876.0
2807912030,2019,27969.0,8432.0
2807912030,2020,26855.0,8039.0
2807912030,2021,27398.0,8394.0
2807912030,2022,30185.0,9060.0
2807912031,2015,24252.0,8615.0
2807912031,2016,23647.0,8326.0
2807912031,2017,24066.0,8480.0
2807912031,2018,24718.0,8756.0
2807912031,2019,27381.0,9259.0
2807912031,2020,27066.0,9098.0
2807912031,2021,27196.0,9338.0
2807912031,2022,29229.0,9777.0
2807912032,2015,27684.0,10110.0
2807912032,2016,28159.0,10385.0
2807912032,2017,28125.0,10384.0
2807912032,2018,29283.0,10753.0
2807912032,2019,29995.0,10969.0
2807912032,2020,30171.0,11096.0
2807912032,2021,30832.0,11572.0
2807912032,2022,31918.0,12047.0
2807912033,2015,23013.0,8610.0
2807912033,2016,23910.0,8619.0
2807912033,2017,23522.0,8780.0
2807912033,2018,25164.0,9265.0
2807912033,2019,27648.0,9903.0
2807912033,2020,26784.0,9902.0
2807912033,2021,27263.0,10134.0
2807912033,2022,28909.0,10686.0
2807912034,2015,24413.0,8771.0
2807912034,2016,24604.0,8855.0
2807912034,2017,23921.0,8527.0
2807912034,2018,25390.0,8965.0
2807912034,2019,26179.0,9195.0
2807912034,2020,25636.0,9334.0
2807912034,2021,27364.0,10005.0
2807912034,2022,29432.0,10678.0
2807912036,2015,21039.0,7669.0
2807912036,2016,21194.0,7722.0
2807912036,2017,,
2807912036,2018,,
2807912036,2019,,
2807912036,2020,,
2807912036,2021,,
2807912036,2022,,
2807912037,2015,20461.0,7457.0
2807912037,2016,21141.0,7740.0
2807912037,2017,22157.0,8123.0
2807912037,2018,23078.0,8403.0
2807912037,2019,24580.0,8858.0
2807912037,2020,24476.0,8834.0
2807912037,2021,25383.0,9398.0
2807912037,2022,27605.0,10094.0
2807912039,2015,24024.0,9024.0
2807912039,2016,23532.0,8966.0
2807912039,2017,24580.0,9247.0
2807912039,2018,25927.0,9634.0
2807912039,2019,28166.0,10028.0
2807912039,2020,27070.0,9932.0
2807912039,2021,28949.0,10448.0
2807912039,2022,30402.0,10928.0
2807912041,2015,21882.0,8385.0
2807912041,2016,22019.0,8426.0
2807912041,2017,22933.0,8457.0
2807912041,2018,23791.0,8682.0
2807912041,2019,26059.0,8991.0
2807912041,2020,25986.0,9194.0
2807912041,2021,25843.0,9446.0
2807912041,2022,27940.0,9819.0
2807912042,2015,19561.0,7003.0
2807912042,2016,19634.0,6853.0
2807912042,2017,19661.0,7159.0
2807912042,2018,21181.0,7199.0
2807912042,2019,23320.0,7497.0
2807912042,2020,23015.0,7544.0
2807912042,2021,24771.0,8384.0
2807912042,2022,26862.0,8703.0
2807912043,2015,23354.0,8640.0
2807912043,2016,23405.0,8506.0
2807912043,2017,24122.0,8815.0
2807912043,2018,25502.0,9033.0
2807912043,2019,27361.0,9452.0
2807912043,2020,26428.0,9392.0
2807912043,2021,27897.0,9900.0
2807912043,2022,29973.0,10567.0
2807912044,2015,23558.0,7975.0
2807912044,2016,24068.0,8284.0
2807912044,2017,24312.0,8187.0
2807912044,2018,25695.0,8433.0
2807912044,2019,26668.0,8723.0
2807912044,2020,25344.0,8663.0
2807912044,2021,26687.0,9092.0
2807912044,2022,29023.0,9644.0
2807912045,2015,21011.0,7241.0
2807912045,2016,21256.0,7085.0
2807912045,2017,21571.0,7190.0
2807912045,2018,22959.0,7426.0
2807912045,2019,25260.0,7993.0
2807912045,2020,24217.0,8032.0
2807912045,2021,24680.0,8410.0
2807912045,2022,26409.0,8836.0
2807912046,2015,24432.0,8337.0
2807912046,2016,24442.0,8284.0
2807912046,2017,26237.0,8553.0
2807912046,2018,26310.0,8412.0
2807912046,2019,27832.0,8897.0
2807912046,2020,27488.0,8845.0
2807912046,2021,28499.0,9489.0
2807912046,2022,30287.0,9868.0
2807912047,2015,22455.0,7544.0
2807912047,2016,23199.0,7645.0
2807912047,2017,23208.0,7915.0
2807912047,2018,23870.0,7963.0
2807912047,2019,25451.0,8054.0
2807912047,2020,25472.0,8081.0
2807912047,2021,26055.0,8408.0
2807912047,2022,27838.0,9179.0
2807912048,2015,23105.0,8208.0
2807912048,2016,23444.0,8229.0
2807912048,2017,23705.0,8326.0
2807912048,2018,24388.0,8524.0
2807912048,2019,25750.0,8763.0
2807912048,2020,25362.0,8748.0
2807912048,2021,27510.0,9577.0
2807912048,2022,29362.0,10019.0
2807912049,2015,23020.0,7881.0
2807912049,2016,23506.0,8279.0
2807912049,2017,23912.0,8475.0
2807912049,2018,25392.0,8800.0
2807912049,2019,27045.0,9234.0
2807912049,2020,25865.0,9029.0
2807912049,2021,26730.0,9267.0
2807912049,2022,28907.0,10286.0
2807912050,2015,22707.0,9279.0
2807912050,2016,23440.0,9711.0
2807912050,2017,23835.0,9927.0
2807912050,2018,24895.0,10268.0
2807912050,2019,25238.0,10363.0
2807912050,2020,25826.0,10440.0
2807912050,2021,25639.0,10805.0
2807912050,2022,27469.0,11085.0
2807912051,2015,25688.0,9460.0
2807912051,2016,26398.0,9477.0
2807912051,2017,26153.0,9233.0
2807912051,2018,28218.0,9794.0
2807912051,2019,31240.0,10596.0
2807912051,2020,30834.0,10725.0
2807912051,2021,30656.0,10898.0
2807912051,2022,33163.0,11659.0
2807912052,2015,31637.0,12294.0
2807912052,2016,31841.0,12419.0
2807912052,2017,33008.0,12594.0
2807912052,2018,34145.0,13369.0
2807912052,2019,35575.0,14254.0
2807912052,2020,43839.0,17033.0
2807912052,2021,47290.0,17965.0
2807912052,2022,52137.0,19643.0
2807912053,2015,38321.0,15798.0
2807912053,2016,39058.0,16129.0
2807912053,2017,39372.0,16461.0
2807912053,2018,39040.0,16382.0
2807912053,2019,40065.0,17085.0
2807912053,2020,40178.0,17571.0
2807912053,2021,40910.0,17853.0
2807912053,2022,43541.0,19333.0
2807912054,2015,31555.0,12669.0
2807912054,2016,31959.0,13019.0
2807912054,2017,33822.0,13977.0
2807912054,2018,34932.0,14517.0
2807912054,2019,36041.0,14971.0
2807912054,2020,37440.0,15944.0
2807912054,2021,37179.0,15729.0
2807912054,2022,33272.0,14335.0
2807912055,2015,25438.0,8788.0
2807912055,2016,25986.0,9000.0
2807912055,2017,25993.0,8920.0
2807912055,2018,27677.0,9396.0
2807912055,2019,29744.0,10334.0
2807912055,2020,29289.0,10492.0
2807912055,2021,30617.0,11095.0
2807912055,2022,32499.0,12068.0
2807912056,2015,23248.0,8218.0
2807912056,2016,23295.0,8297.0
2807912056,2017,23490.0,8155.0
2807912056,2018,24749.0,8390.0
2807912056,2019,26262.0,8811.0
2807912056,2020,25540.0,8837.0
2807912056,2021,26987.0,9486.0
2807912056,2022,28308.0,10055.0
2807912057,2015,23727.0,8224.0
2807912057,2016,23576.0,8154.0
2807912057,2017,24103.0,7830.0
2807912057,2018,25694.0,8486.0
2807912057,2019,26667.0,8637.0
2807912057,2020,24980.0,8161.0
2807912057,2021,26937.0,8902.0
2807912057,2022,28557.0,9246.0
2807912059,2015,31084.0,11833.0
2807912059,2016,31743.0,12192.0
2807912059,2017,32575.0,12362.0
2807912059,2018,34561.0,13145.0
2807912059,2019,36839.0,14100.0
2807912059,2020,34424.0,13656.0
2807912059,2021,35783.0,14430.0
2807912059,2022,39163.0,15703.0
2807912061,2015,26581.0,10138.0
2807912061,2016,26904.0,10328.0
2807912061,2017,27186.0,10613.0
2807912061,2018,28754.0,11173.0
2807912061,2019,30045.0,11673.0
2807912061,2020,29394.0,11817.0
2807912061,2021,30760.0,12380.0
2807912061,2022,32730.0,13206.0
2807912062,2015,24456.0,10128.0
2807912062,2016,25359.0,10475.0
2807912062,2017,26708.0,10754.0
2807912062,2018,27184.0,10652.0
2807912062,2019,27732.0,11065.0
2807912062,2020,27530.0,10735.0
2807912062,2021,29216.0,11628.0
2807912062,2022,31927.0,12040.0
2807912064,2015,21849.0,9109.0
2807912064,2016,22049.0,9116.0
2807912064,2017,22500.0,9363.0
2807912064,2018,23634.0,9643.0
2807912064,2019,25143.0,10161.0
2807912064,2020,26145.0,10786.0
2807912064,2021,27331.0,11190.0
2807912064,2022,29625.0,11873.0
2807912065,2015,24302.0,8507.0
2807912065,2016,23967.0,8272.0
2807912065,2017,24848.0,8610.0
2807912065,2018,24950.0,8545.0
2807912065,2019,25937.0,8692.0
2807912065,2020,24530.0,8272.0
2807912065,2021,27049.0,9009.0
2807912065,2022,28875.0,9683.0
2807912066,2015,20917.0,6550.0
2807912066,2016,20408.0,6457.0
2807912066,2017,21218.0,6612.0
2807912066,2018,22399.0,6782.0
2807912066,2019,24509.0,7007.0
2807912066,2020,23164.0,6875.0
2807912066,2021,24786.0,7386.0
2807912066,2022,27263.0,7900.0
2807912067,2015,22974.0,7414.0
2807912067,2016,23145.0,7523.0
2807912067,2017,23594.0,7694.0
2807912067,2018,24906.0,7827.0
2807912067,2019,26684.0,8024.0
2807912067,2020,25172.0,7780.0
2807912067,2021,26518.0,8391.0
2807912067,2022,28360.0,8823.0
2807912069,2015,24976.0,9688.0
2807912069,2016,24027.0,9241.0
2807912069,2017,23946.0,9111.0
2807912069,2018,25268.0,9396.0
2807912069,2019,26540.0,9872.0
2807912069,2020,25859.0,9486.0
2807912069,2021,26195.0,10065.0
2807912069,2022,28835.0,11054.0
2807912070,2015,33569.0,13339.0
2807912070,2016,32809.0,13093.0
2807912070,2017,31409.0,12473.0
2807912070,2018,34061.0,13344.0
2807912070,2019,34010.0,13161.0
2807912070,2020,33813.0,13255.0
2807912070,2021,33492.0,13367.0
2807912070,2022,36354.0,14016.0
2807912071,2015,24708.0,10426.0
2807912071,2016,24596.0,10237.0
2807912071,2017,24884.0,10246.0
2807912071,2018,26503.0,10845.0
2807912071,2019,27583.0,10852.0
2807912071,2020,27296.0,10774.0
2807912071,2021,28651.0,11604.0
2807912071,2022,30154.0,11983.0
2807912073,2015,18483.0,7928.0
2807912073,2016,19024.0,8008.0
2807912073,2017,18913.0,8049.0
2807912073,2018,19838.0,7885.0
2807912073,2019,20676.0,7827.0
2807912073,2020,19846.0,7783.0
2807912073,2021,21374.0,8689.0
2807912073,2022,23024.0,8951.0
2807912074,2015,22651.0,8902.0
2807912074,2016,23808.0,8956.0
2807912074,2017,24553.0,9385.0
2807912074,2018,24616.0,9302.0
2807912074,2019,26082.0,9746.0
2807912074,2020,25672.0,9517.0
2807912074,2021,27875.0,10438.0
2807912074,2022,28279.0,10362.0
2807912075,2015,21501.0,8422.0
2807912075,2016,21893.0,8377.0
2807912075,2017,22563.0,8266.0
2807912075,2018,24519.0,8967.0
2807912075,2019,25620.0,9184.0
2807912075,2020,24967.0,8998.0
2807912075,2021,24973.0,9016.0
2807912075,2022,26757.0,9596.0
2807912077,2015,25518.0,9997.0
2807912077,2016,25621.0,9824.0
2807912077,2017,26325.0,10107.0
2807912077,2018,27668.0,10351.0
2807912077,2019,28675.0,10733.0
2807912077,2020,27679.0,10666.0
2807912077,2021,29451.0,11304.0
2807912077,2022,31974.0,12043.0
2807912078,2015,23227.0,8794.0
2807912078,2016,23383.0,8865.0
2807912078,2017,24605.0,9021.0
2807912078,2018,25930.0,9426.0
2807912078,2019,27092.0,9624.0
2807912078,2020,26948.0,9528.0
2807912078,2021,26802.0,10063.0
2807912078,2022,28749.0,10599.0
2807912079,2015,23755.0,8734.0
2807912079,2016,24210.0,8880.0
2807912079,2017,24313.0,8799.0
2807912079,2018,24620.0,8820.0
2807912079,2019,25452.0,8860.0
2807912079,2020,25378.0,8955.0
2807912079,2021,27188.0,9717.0
2807912079,2022,27209.0,9734.0
2807912080,2015,22163.0,7853.0
2807912080,2016,22835.0,7768.0
2807912080,2017,23485.0,8232.0
2807912080,2018,24810.0,8431.0
2807912080,2019,25203.0,8482.0
2807912080,2020,24702.0,8530.0
2807912080,2021,26443.0,9390.0
2807912080,2022,28501.0,9822.0
2807912081,2015,22691.0,8480.0
2807912081,2016,22556.0,8503.0
2807912081,2017,23591.0,8780.0
2807912081,2018,24970.0,9063.0
2807912081,2019,25686.0,9033.0
2807912081,2020,24809.0,8678.0
2807912081,2021,25604.0,8991.0
2807912081,2022,27260.0,9578.0
2807912082,2015,25541.0,8618.0
2807912082,2016,25640.0,8436.0
2807912082,2017,25997.0,8753.0
2807912082,2018,27479.0,8885.0
2807912082,2019,28919.0,9227.0
2807912082,2020,29155.0,9470.0
2807912082,2021,28531.0,9548.0
2807912082,2022,29787.0,9929.0
2807912083,2015,23603.0,8060.0
2807912083,2016,23837.0,8100.0
2807912083,2017,25516.0,8784.0
2807912083,2018,24894.0,8505.0
2807912083,2019,26360.0,8953.0
2807912083,2020,26323.0,9024.0
2807912083,2021,27465.0,9528.0
2807912083,2022,29709.0,9751.0
2807912084,2015,22852.0,8531.0
2807912084,2016,23144.0,8597.0
2807912084,2017,23308.0,8585.0
2807912084,2018,25445.0,9326.0
2807912084,2019,26789.0,9410.0
2807912084,2020,25760.0,9228.0
2807912084,2021,26748.0,9374.0
2807912084,2022,28428.0,9476.0
2807912086,2015,24675.0,8747.0
2807912086,2016,24843.0,8856.0
2807912086,2017,25741.0,8956.0
2807912086,2018,26485.0,9054.0
2807912086,2019,27496.0,9646.0
2807912086,2020,26928.0,9409.0
2807912086,2021,28749.0,9924.0
2807912086,2022,30685.0,10689.0
2807912087,2015,22088.0,7807.0
2807912087,2016,21916.0,7732.0
2807912087,2017,22949.0,7871.0
2807912087,2018,23848.0,7849.0
2807912087,2019,24879.0,8084.0
2807912087,2020,24396.0,7914.0
2807912087,2021,25907.0,8292.0
2807912087,2022,27441.0,8795.0
2807912088,2015,23102.0,8051.0
2807912088,2016,23376.0,7959.0
2807912088,2017,23579.0,8028.0
2807912088,2018,24106.0,8106.0
2807912088,2019,25319.0,8290.0
2807912088,2020,24427.0,7869.0
2807912088,2021,25386.0,8510.0
2807912088,2022,27015.0,8910.0
2807912089,2015,22775.0,7682.0
2807912089,2016,23955.0,8406.0
2807912089,2017,23212.0,7956.0
2807912089,2018,23408.0,8175.0
2807912089,2019,25094.0,8758.0
2807912089,2020,24052.0,8453.0
2807912089,2021,25617.0,9287.0
2807912089,2022,27780.0,9801.0
2807912090,2015,23561.0,8346.0
2807912090,2016,23629.0,8385.0
2807912090,2017,23416.0,8401.0
2807912090,2018,24588.0,8495.0
2807912090,2019,24649.0,8515.0
2807912090,2020,22701.0,8169.0
2807912090,2021,25030.0,9108.0
2807912090,2022,26674.0,9319.0
2807912091,2015,22932.0,8159.0
2807912091,2016,23001.0,7969.0
2807912091,2017,23499.0,8244.0
2807912091,2018,23857.0,8544.0
2807912091,2019,24320.0,8550.0
2807912091,2020,24421.0,8570.0
2807912091,2021,25921.0,9218.0
2807912091,2022,27395.0,9572.0
2807912092,2015,24963.0,8918.0
2807912092,2016,25199.0,8851.0
2807912092,2017,24886.0,8607.0
2807912092,2018,26738.0,9169.0
2807912092,2019,27493.0,9227.0
2807912092,2020,26597.0,9028.0
2807912092,2021,26479.0,9609.0
2807912092,2022,28963.0,10292.0
2807912093,2015,24185.0,8146.0
2807912093,2016,24530.0,8387.0
2807912093,2017,25427.0,8519.0
2807912093,2018,25493.0,8661.0
2807912093,2019,27429.0,9438.0
2807912093,2020,26120.0,9181.0
2807912093,2021,27809.0,9530.0
2807912093,2022,29478.0,9826.0
2807912094,2015,21428.0,7540.0
2807912094,2016,22211.0,7823.0
2807912094,2017,22282.0,7762.0
2807912094,2018,23640.0,8115.0
2807912094,2019,24453.0,8155.0
2807912094,2020,23679.0,7853.0
2807912094,2021,25983.0,8858.0
2807912094,2022,26935.0,9151.0
2807912096,2015,22025.0,7416.0
2807912096,2016,22245.0,7348.0
2807912096,2017,23831.0,7606.0
2807912096,2018,24088.0,7760.0
2807912096,2019,25204.0,7872.0
2807912096,2020,24214.0,7577.0
2807912096,2021,24359.0,8120.0
2807912096,2022,27064.0,8769.0
2807912097,2015,24542.0,8530.0
2807912097,2016,24685.0,8589.0
2807912097,2017,26045.0,9126.0
2807912097,2018,27043.0,9237.0
2807912097,2019,27881.0,9573.0
2807912097,2020,27094.0,9400.0
2807912097,2021,28595.0,9840.0
2807912097,2022,30048.0,10188.0
2807912098,2015,39133.0,13782.0
2807912098,2016,39578.0,14069.0
2807912098,2017,40483.0,14592.0
2807912098,2018,40614.0,14586.0
2807912098,2019,42862.0,15409.0
2807912098,2020,42187.0,15336.0
2807912098,2021,44100.0,16172.0
2807912098,2022,46509.0,17315.0
2807912099,2015,23566.0,7870.0
2807912099,2016,23726.0,8042.0
2807912099,2017,24950.0,8378.0
2807912099,2018,25968.0,8719.0
2807912099,2019,27461.0,9023.0
2807912099,2020,27858.0,9080.0
2807912099,2021,29300.0,9706.0
2807912099,2022,31619.0,10540.0
2807912100,2015,22130.0,8350.0
2807912100,2016,22262.0,8361.0
2807912100,2017,23048.0,8566.0
2807912100,2018,23904.0,8891.0
2807912100,2019,25495.0,9384.0
2807912100,2020,25535.0,9381.0
2807912100,2021,26278.0,9911.0
2807912100,2022,28603.0,10884.0
2807912101,2015,33616.0,10979.0
2807912101,2016,34914.0,11447.0
2807912101,2017,35056.0,11485.0
2807912101,2018,36610.0,12017.0
2807912101,2019,39542.0,12685.0
2807912101,2020,38420.0,12462.0
2807912101,2021,40418.0,13376.0
2807912101,2022,41845.0,14418.0
2807912102,2015,29416.0,10058.0
2807912102,2016,30089.0,10216.0
2807912102,2017,31123.0,10626.0
2807912102,2018,32222.0,10804.0
2807912102,2019,33606.0,11045.0
2807912102,2020,33290.0,11005.0
2807912102,2021,35057.0,11746.0
2807912102,2022,36518.0,12455.0
2807912103,2015,21842.0,6870.0
2807912103,2016,22122.0,7078.0
2807912103,2017,21937.0,7161.0
2807912103,2018,22954.0,7425.0
2807912103,2019,24292.0,7873.0
2807912103,2020,24223.0,8048.0
2807912103,2021,25576.0,8487.0
2807912103,2022,27831.0,9236.0
2807912104,2015,34888.0,12105.0
2807912104,2016,35216.0,12102.0
2807912104,2017,36012.0,12273.0
2807912104,2018,37155.0,12542.0
2807912104,2019,38401.0,13318.0
2807912104,2020,38828.0,13423.0
2807912104,2021,41013.0,14197.0
2807912104,2022,42413.0,14954.0
2807912105,2015,33725.0,10682.0
2807912105,2016,35479.0,10935.0
2807912105,2017,36953.0,11407.0
2807912105,2018,38004.0,11501.0
2807912105,2019,39736.0,11979.0
2807912105,2020,38705.0,11904.0
2807912105,2021,40930.0,12824.0
2807912105,2022,42583.0,13538.0
2807912106,2015,34202.0,11681.0
2807912106,2016,35078.0,11940.0
2807912106,2017,36540.0,12557.0
2807912106,2018,38266.0,13024.0
2807912106,2019,39869.0,13490.0
2807912106,2020,39407.0,13559.0
2807912106,2021,40639.0,14087.0
2807912106,2022,42093.0,14638.0
2807912107,2015,39762.0,14987.0
2807912107,2016,40460.0,15688.0
2807912107,2017,40778.0,16098.0
2807912107,2018,43269.0,17114.0
2807912107,2019,44426.0,17287.0
2807912107,2020,44066.0,17439.0
2807912107,2021,45702.0,18158.0
2807912107,2022,48366.0,19626.0
2807912108,2015,31075.0,11522.0
2807912108,2016,30566.0,11276.0
2807912108,2017,31668.0,11589.0
2807912108,2018,33449.0,12330.0
2807912108,2019,34998.0,12918.0
2807912108,2020,34761.0,12949.0
2807912108,2021,36270.0,13570.0
2807912108,2022,36347.0,16254.0
2807912109,2015,28676.0,9692.0
2807912109,2016,29179.0,9876.0
2807912109,2017,29398.0,9978.0
2807912109,2018,30213.0,10294.0
2807912109,2019,31666.0,10622.0
2807912109,2020,31608.0,10805.0
2807912109,2021,33381.0,11576.0
2807912109,2022,34556.0,12073.0
2807912110,2015,,
2807912110,2016,,
2807912110,2017,,
2807912110,2018,,
2807912110,2019,,
2807912110,2020,,
2807912110,2021,,
2807912110,2022,39708.0,12856.0
2807913002,2015,19945.0,7075.0
2807913002,2016,20376.0,7372.0
2807913002,2017,21670.0,7831.0
2807913002,2018,22605.0,8213.0
2807913002,2019,23538.0,8492.0
2807913002,2020,23547.0,8672.0
2807913002,2021,25587.0,9087.0
2807913002,2022,27497.0,9801.0
2807913003,2015,19786.0,6968.0
2807913003,2016,19657.0,7058.0
2807913003,2017,19830.0,7027.0
2807913003,2018,20838.0,7397.0
2807913003,2019,22532.0,7502.0
2807913003,2020,23286.0,7716.0
2807913003,2021,25013.0,8308.0
2807913003,2022,26567.0,8354.0
2807913004,2015,21201.0,8075.0
2807913004,2016,21513.0,8153.0
2807913004,2017,22958.0,8642.0
2807913004,2018,24865.0,9098.0
2807913004,2019,25863.0,9588.0
2807913004,2020,24849.0,9496.0
2807913004,2021,25663.0,9645.0
2807913004,2022,27854.0,10348.0
2807913005,2015,22590.0,8014.0
2807913005,2016,23545.0,8303.0
2807913005,2017,24106.0,8441.0
2807913005,2018,24886.0,8424.0
2807913005,2019,26101.0,8815.0
2807913005,2020,26011.0,8738.0
2807913005,2021,27074.0,9263.0
2807913005,2022,29408.0,9663.0
2807913006,2015,20767.0,7005.0
2807913006,2016,21373.0,7354.0
2807913006,2017,22034.0,7656.0
2807913006,2018,22872.0,7974.0
2807913006,2019,25445.0,8731.0
2807913006,2020,24928.0,8588.0
2807913006,2021,27848.0,9426.0
2807913006,2022,29959.0,9976.0
2807913007,2015,21243.0,7710.0
2807913007,2016,21746.0,7960.0
2807913007,2017,22695.0,8462.0
2807913007,2018,24029.0,8578.0
2807913007,2019,25032.0,8883.0
2807913007,2020,25058.0,8974.0
2807913007,2021,27040.0,9670.0
2807913007,2022,28072.0,10203.0
2807913008,2015,22525.0,8362.0
2807913008,2016,22535.0,8527.0
2807913008,2017,22849.0,8596.0
2807913008,2018,24421.0,8901.0
2807913008,2019,25972.0,9575.0
2807913008,2020,25329.0,9760.0
2807913008,2021,26081.0,10162.0
2807913008,2022,27573.0,10349.0
2807913010,2015,22898.0,8961.0
2807913010,2016,23175.0,9078.0
2807913010,2017,25117.0,9483.0
2807913010,2018,25031.0,9559.0
2807913010,2019,26671.0,9961.0
2807913010,2020,26200.0,9860.0
2807913010,2021,27330.0,10689.0
2807913010,2022,29099.0,10952.0
2807913011,2015,21479.0,7886.0
2807913011,2016,21658.0,7833.0
2807913011,2017,22168.0,8017.0
2807913011,2018,16055.0,5635.0
2807913011,2019,26082.0,8842.0
2807913011,2020,25540.0,8681.0
2807913011,2021,25698.0,9049.0
2807913011,2022,26802.0,9271.0
2807913012,2015,22312.0,7966.0
2807913012,2016,21495.0,7734.0
2807913012,2017,21792.0,7654.0
2807913012,2018,22834.0,7903.0
2807913012,2019,24424.0,8465.0
2807913012,2020,24654.0,8527.0
2807913012,2021,26204.0,9117.0
2807913012,2022,27337.0,9377.0
2807913013,2015,21172.0,7781.0
2807913013,2016,21339.0,7966.0
2807913013,2017,21535.0,8048.0
2807913013,2018,23644.0,8644.0
2807913013,2019,24830.0,8864.0
2807913013,2020,24497.0,8968.0
2807913013,2021,24938.0,9294.0
2807913013,2022,26683.0,9868.0
2807913014,2015,20422.0,8097.0
2807913014,2016,20960.0,8178.0
2807913014,2017,21346.0,8280.0
2807913014,2018,23002.0,8642.0
2807913014,2019,23575.0,8658.0
2807913014,2020,23939.0,8975.0
2807913014,2021,25361.0,9605.0
2807913014,2022,24923.0,9245.0
2807913016,2015,20753.0,7694.0
2807913016,2016,22093.0,8096.0
2807913016,2017,22408.0,8030.0
2807913016,2018,23288.0,8276.0
2807913016,2019,24805.0,8541.0
2807913016,2020,23273.0,7983.0
2807913016,2021,23887.0,8497.0
2807913016,2022,25735.0,9322.0
2807913017,2015,20797.0,7771.0
2807913017,2016,22222.0,8410.0
2807913017,2017,22373.0,8529.0
2807913017,2018,24447.0,8964.0
2807913017,2019,25829.0,9539.0
2807913017,2020,25945.0,9659.0
2807913017,2021,26933.0,10002.0
2807913017,2022,28681.0,10601.0
2807913018,2015,19536.0,7165.0
2807913018,2016,21297.0,7659.0
2807913018,2017,21205.0,7480.0
2807913018,2018,22243.0,8077.0
2807913018,2019,23105.0,8446.0
2807913018,2020,22519.0,8370.0
2807913018,2021,24413.0,9008.0
2807913018,2022,26341.0,9302.0
2807913019,2015,21259.0,8082.0
2807913019,2016,21861.0,8280.0
2807913019,2017,22713.0,8594.0
2807913019,2018,24001.0,9079.0
2807913019,2019,25607.0,9485.0
2807913019,2020,26295.0,9838.0
2807913019,2021,27089.0,10449.0
2807913019,2022,28905.0,10859.0
2807913021,2015,22118.0,8483.0
2807913021,2016,23193.0,9153.0
2807913021,2017,23151.0,9142.0
2807913021,2018,25577.0,10025.0
2807913021,2019,26685.0,10422.0
2807913021,2020,26533.0,10307.0
2807913021,2021,29678.0,11597.0
2807913021,2022,29919.0,11625.0
2807913022,2015,24587.0,8794.0
2807913022,2016,24205.0,8738.0
2807913022,2017,24606.0,8691.0
2807913022,2018,25501.0,8966.0
2807913022,2019,27576.0,9587.0
2807913022,2020,26948.0,9333.0
2807913022,2021,27301.0,9533.0
2807913022,2022,29246.0,9952.0
2807913023,2015,24165.0,9258.0
2807913023,2016,24007.0,9301.0
2807913023,2017,24872.0,9688.0
2807913023,2018,26466.0,10032.0
2807913023,2019,28149.0,10556.0
2807913023,2020,27670.0,10558.0
2807913023,2021,28550.0,11002.0
2807913023,2022,31641.0,11837.0
2807913024,2015,24639.0,8505.0
2807913024,2016,25465.0,8922.0
2807913024,2017,26516.0,9059.0
2807913024,2018,28103.0,9706.0
2807913024,2019,29570.0,9900.0
2807913024,2020,29023.0,9945.0
2807913024,2021,30031.0,10382.0
2807913024,2022,31706.0,10970.0
2807913026,2015,21395.0,8597.0
2807913026,2016,21871.0,8959.0
2807913026,2017,22091.0,8952.0
2807913026,2018,23391.0,9330.0
2807913026,2019,24560.0,9258.0
2807913026,2020,24505.0,9274.0
2807913026,2021,25400.0,9678.0
2807913026,2022,27562.0,10494.0
2807913027,2015,18993.0,6459.0
2807913027,2016,19211.0,6533.0
2807913027,2017,19518.0,6592.0
2807913027,2018,19826.0,6730.0
2807913027,2019,20861.0,6909.0
2807913027,2020,20079.0,6973.0
2807913027,2021,20805.0,7475.0
2807913027,2022,,
2807913028,2015,18172.0,6291.0
2807913028,2016,19411.0,6891.0
2807913028,2017,19897.0,6809.0
2807913028,2018,21133.0,7061.0
2807913028,2019,22403.0,7485.0
2807913028,2020,21407.0,7254.0
2807913028,2021,22728.0,7900.0
2807913028,2022,24702.0,8400.0
2807913029,2015,21541.0,8764.0
2807913029,2016,21700.0,8841.0
2807913029,2017,22456.0,8994.0
2807913029,2018,22569.0,8830.0
2807913029,2019,23085.0,9201.0
2807913029,2020,22867.0,9438.0
2807913029,2021,24194.0,10015.0
2807913029,2022,26162.0,10204.0
2807913030,2015,22377.0,9289.0
2807913030,2016,22813.0,9327.0
2807913030,2017,23236.0,9478.0
2807913030,2018,24681.0,9905.0
2807913030,2019,26281.0,10293.0
2807913030,2020,25948.0,10104.0
2807913030,2021,26807.0,10708.0
2807913030,2022,28932.0,11532.0
2807913031,2015,22315.0,7884.0
2807913031,2016,23129.0,7791.0
2807913031,2017,22532.0,7936.0
2807913031,2018,24452.0,8498.0
2807913031,2019,25527.0,8787.0
2807913031,2020,24890.0,8735.0
2807913031,2021,26505.0,9257.0
2807913031,2022,28007.0,9675.0
2807913032,2015,23322.0,8913.0
2807913032,2016,23547.0,9105.0
2807913032,2017,24783.0,9430.0
2807913032,2018,25946.0,9585.0
2807913032,2019,27630.0,10024.0
2807913032,2020,26940.0,9933.0
2807913032,2021,28250.0,10459.0
2807913032,2022,30033.0,10501.0
2807913033,2015,23173.0,8354.0
2807913033,2016,24048.0,8518.0
2807913033,2017,24346.0,8551.0
2807913033,2018,25365.0,8889.0
2807913033,2019,26354.0,8920.0
2807913033,2020,25743.0,8896.0
2807913033,2021,26686.0,9250.0
2807913033,2022,28035.0,9641.0
2807913034,2015,23541.0,9007.0
2807913034,2016,23197.0,8868.0
2807913034,2017,23557.0,9015.0
2807913034,2018,24856.0,9493.0
2807913034,2019,25556.0,9629.0
2807913034,2020,25798.0,9874.0
2807913034,2021,26391.0,10275.0
2807913034,2022,28349.0,10681.0
2807913035,2015,24848.0,9398.0
2807913035,2016,25256.0,9577.0
2807913035,2017,26203.0,9758.0
2807913035,2018,27012.0,10067.0
2807913035,2019,28633.0,10538.0
2807913035,2020,28341.0,10513.0
2807913035,2021,29623.0,11158.0
2807913035,2022,30899.0,11458.0
2807913036,2015,19814.0,7846.0
2807913036,2016,19344.0,7841.0
2807913036,2017,20070.0,8079.0
2807913036,2018,22169.0,8238.0
2807913036,2019,22942.0,8320.0
2807913036,2020,22619.0,8401.0
2807913036,2021,24187.0,9129.0
2807913036,2022,25562.0,9630.0
2807913037,2015,22289.0,9320.0
2807913037,2016,21873.0,9053.0
2807913037,2017,22083.0,9245.0
2807913037,2018,23323.0,9660.0
2807913037,2019,26170.0,10280.0
2807913037,2020,24741.0,10002.0
2807913037,2021,25131.0,10221.0
2807913037,2022,26636.0,10907.0
2807913038,2015,20769.0,8118.0
2807913038,2016,20442.0,8145.0
2807913038,2017,21577.0,8436.0
2807913038,2018,23939.0,9448.0
2807913038,2019,24086.0,8973.0
2807913038,2020,23532.0,9057.0
2807913038,2021,23864.0,8697.0
2807913038,2022,25909.0,9036.0
2807913039,2015,20561.0,8365.0
2807913039,2016,21004.0,8696.0
2807913039,2017,21018.0,8545.0
2807913039,2018,22091.0,8807.0
2807913039,2019,24156.0,9369.0
2807913039,2020,24552.0,9542.0
2807913039,2021,25081.0,10258.0
2807913039,2022,26710.0,10787.0
2807913040,2015,20225.0,8249.0
2807913040,2016,19891.0,8143.0
2807913040,2017,20806.0,8365.0
2807913040,2018,21801.0,8648.0
2807913040,2019,22891.0,8571.0
2807913040,2020,22432.0,8950.0
2807913040,2021,23411.0,9522.0
2807913040,2022,25521.0,9809.0
2807913041,2015,21448.0,8925.0
2807913041,2016,23020.0,9450.0
2807913041,2017,22333.0,8911.0
2807913041,2018,23263.0,9295.0
2807913041,2019,24997.0,9643.0
2807913041,2020,23955.0,9424.0
2807913041,2021,24775.0,10035.0
2807913041,2022,26660.0,10590.0
2807913042,2015,19042.0,7091.0
2807913042,2016,19284.0,7175.0
2807913042,2017,20466.0,7745.0
2807913042,2018,22592.0,8124.0
2807913042,2019,24013.0,8539.0
2807913042,2020,23223.0,8679.0
2807913042,2021,24748.0,9267.0
2807913042,2022,26765.0,9875.0
2807913043,2015,20414.0,8096.0
2807913043,2016,21110.0,8223.0
2807913043,2017,22213.0,8402.0
2807913043,2018,23645.0,8621.0
2807913043,2019,24634.0,8891.0
2807913043,2020,23900.0,8694.0
2807913043,2021,24845.0,9655.0
2807913043,2022,26113.0,9911.0
2807913044,2015,21399.0,8302.0
2807913044,2016,21703.0,8399.0
2807913044,2017,21892.0,8566.0
2807913044,2018,22887.0,8758.0
2807913044,2019,24715.0,9189.0
2807913044,2020,23772.0,9011.0
2807913044,2021,25030.0,9537.0
2807913044,2022,27085.0,9899.0
2807913045,2015,20808.0,8007.0
2807913045,2016,21090.0,8026.0
2807913045,2017,20912.0,7668.0
2807913045,2018,22749.0,8059.0
2807913045,2019,23671.0,8411.0
2807913045,2020,22692.0,8493.0
2807913045,2021,23271.0,8672.0
2807913045,2022,25391.0,9181.0
2807913046,2015,19508.0,8158.0
2807913046,2016,19661.0,8185.0
2807913046,2017,21150.0,8571.0
2807913046,2018,21638.0,8783.0
2807913046,2019,22916.0,8896.0
2807913046,2020,23318.0,8992.0
2807913046,2021,24099.0,9297.0
2807913046,2022,25560.0,9533.0
2807913047,2015,21890.0,9101.0
2807913047,2016,22033.0,9361.0
2807913047,2017,22717.0,9382.0
2807913047,2018,23678.0,9699.0
2807913047,2019,25262.0,9942.0
2807913047,2020,24895.0,9838.0
2807913047,2021,25540.0,10313.0
2807913047,2022,27561.0,10994.0
2807913048,2015,20143.0,7610.0
2807913048,2016,20418.0,7768.0
2807913048,2017,20490.0,7694.0
2807913048,2018,21923.0,7920.0
2807913048,2019,23829.0,8253.0
2807913048,2020,23429.0,8196.0
2807913048,2021,23691.0,8405.0
2807913048,2022,25275.0,8668.0
2807913049,2015,26665.0,9929.0
2807913049,2016,26703.0,10047.0
2807913049,2017,26966.0,10126.0
2807913049,2018,28034.0,10594.0
2807913049,2019,29136.0,10591.0
2807913049,2020,28907.0,10576.0
2807913049,2021,28828.0,10910.0
2807913049,2022,31187.0,11613.0
2807913050,2015,22271.0,8520.0
2807913050,2016,21342.0,8385.0
2807913050,2017,22376.0,8649.0
2807913050,2018,23126.0,8816.0
2807913050,2019,23535.0,8761.0
2807913050,2020,23781.0,9003.0
2807913050,2021,24310.0,9568.0
2807913050,2022,25796.0,10035.0
2807913052,2015,22725.0,8795.0
2807913052,2016,22437.0,8836.0
2807913052,2017,23248.0,8918.0
2807913052,2018,24514.0,9579.0
2807913052,2019,24811.0,9003.0
2807913052,2020,25078.0,9198.0
2807913052,2021,27852.0,10458.0
2807913052,2022,28656.0,10913.0
2807913053,2015,24736.0,8886.0
2807913053,2016,25384.0,8962.0
2807913053,2017,25848.0,9171.0
2807913053,2018,26876.0,9641.0
2807913053,2019,27503.0,9493.0
2807913053,2020,26756.0,9620.0
2807913053,2021,27990.0,9994.0
2807913053,2022,29574.0,10470.0
2807913054,2015,23793.0,8786.0
2807913054,2016,22518.0,8504.0
2807913054,2017,22544.0,8604.0
2807913054,2018,23765.0,8906.0
2807913054,2019,25255.0,9385.0
2807913054,2020,23602.0,9084.0
2807913054,2021,25400.0,9711.0
2807913054,2022,26773.0,10087.0
2807913055,2015,20047.0,7557.0
2807913055,2016,20705.0,7663.0
2807913055,2017,20400.0,7583.0
2807913055,2018,21887.0,8015.0
2807913055,2019,23022.0,8133.0
2807913055,2020,23536.0,8280.0
2807913055,2021,24490.0,8897.0
2807913055,2022,25899.0,9254.0
2807913056,2015,20627.0,8415.0
2807913056,2016,20924.0,8440.0
2807913056,2017,22610.0,8874.0
2807913056,2018,24069.0,9741.0
2807913056,2019,25707.0,10178.0
2807913056,2020,24765.0,10117.0
2807913056,2021,25431.0,10070.0
2807913056,2022,26727.0,10031.0
2807913057,2015,22059.0,8235.0
2807913057,2016,22271.0,8383.0
2807913057,2017,22870.0,8402.0
2807913057,2018,24085.0,8883.0
2807913057,2019,24790.0,8888.0
2807913057,2020,23588.0,8602.0
2807913057,2021,24675.0,9021.0
2807913057,2022,25888.0,9068.0
2807913058,2015,19739.0,7601.0
2807913058,2016,19776.0,7464.0
2807913058,2017,20463.0,7497.0
2807913058,2018,22526.0,7885.0
2807913058,2019,24060.0,7979.0
2807913058,2020,23499.0,7879.0
2807913058,2021,23409.0,8181.0
2807913058,2022,25009.0,8634.0
2807913059,2015,19828.0,7694.0
2807913059,2016,19916.0,7712.0
2807913059,2017,19887.0,7499.0
2807913059,2018,20238.0,7591.0
2807913059,2019,21779.0,7900.0
2807913059,2020,21467.0,7850.0
2807913059,2021,21905.0,8236.0
2807913059,2022,23163.0,8730.0
2807913060,2015,21965.0,7987.0
2807913060,2016,22117.0,7861.0
2807913060,2017,22610.0,7865.0
2807913060,2018,23708.0,8113.0
2807913060,2019,25039.0,8321.0
2807913060,2020,25594.0,8619.0
2807913060,2021,25619.0,9054.0
2807913060,2022,26145.0,9311.0
2807913061,2015,18310.0,7328.0
2807913061,2016,18662.0,7461.0
2807913061,2017,19649.0,7646.0
2807913061,2018,21311.0,8133.0
2807913061,2019,22443.0,8388.0
2807913061,2020,22222.0,8140.0
2807913061,2021,22602.0,8487.0
2807913061,2022,24022.0,8706.0
2807913062,2015,19652.0,7299.0
2807913062,2016,19908.0,7296.0
2807913062,2017,20645.0,7645.0
2807913062,2018,21813.0,7936.0
2807913062,2019,24335.0,8365.0
2807913062,2020,24466.0,8215.0
2807913062,2021,24826.0,8739.0
2807913062,2022,26496.0,8804.0
2807913063,2015,22242.0,8213.0
2807913063,2016,23002.0,8606.0
2807913063,2017,23515.0,8694.0
2807913063,2018,24550.0,9002.0
2807913063,2019,25677.0,8936.0
2807913063,2020,24806.0,8884.0
2807913063,2021,25748.0,8955.0
2807913063,2022,26564.0,8810.0
2807913064,2015,19043.0,7423.0
2807913064,2016,18321.0,7424.0
2807913064,2017,,
2807913064,2018,,
2807913064,2019,,
2807913064,2020,,
2807913064,2021,,
2807913064,2022,,
2807913065,2015,18772.0,7332.0
2807913065,2016,19155.0,7717.0
2807913065,2017,19267.0,7716.0
2807913065,2018,20507.0,7893.0
2807913065,2019,21729.0,8151.0
2807913065,2020,21856.0,8413.0
2807913065,2021,22374.0,8405.0
2807913065,2022,24718.0,9086.0
2807913066,2015,20979.0,7734.0
2807913066,2016,21141.0,7875.0
2807913066,2017,21725.0,8047.0
2807913066,2018,23149.0,8482.0
2807913066,2019,23934.0,8643.0
2807913066,2020,23680.0,8390.0
2807913066,2021,25011.0,8886.0
2807913066,2022,26623.0,9473.0
2807913069,2015,20820.0,7876.0
2807913069,2016,20017.0,7784.0
2807913069,2017,20625.0,8229.0
2807913069,2018,21627.0,8120.0
2807913069,2019,22801.0,8620.0
2807913069,2020,22611.0,8651.0
2807913069,2021,23625.0,8996.0
2807913069,2022,24465.0,9304.0
2807913074,2015,32991.0,12188.0
2807913074,2016,34599.0,12729.0
2807913074,2017,35556.0,13200.0
2807913074,2018,36529.0,13513.0
2807913074,2019,37994.0,14232.0
2807913074,2020,38453.0,14609.0
2807913074,2021,39500.0,15044.0
2807913074,2022,41647.0,16061.0
2807913077,2015,36804.0,14470.0
2807913077,2016,37298.0,14788.0
2807913077,2017,36610.0,14855.0
2807913077,2018,38139.0,15621.0
2807913077,2019,38654.0,16043.0
2807913077,2020,39496.0,16447.0
2807913077,2021,39976.0,16935.0
2807913077,2022,40983.0,17722.0
2807913078,2015,36858.0,13876.0
2807913078,2016,37672.0,14048.0
2807913078,2017,37856.0,14366.0
2807913078,2018,40538.0,15202.0
2807913078,2019,42399.0,16348.0
2807913078,2020,41157.0,16034.0
2807913078,2021,42395.0,17179.0
2807913078,2022,40717.0,16232.0
2807913079,2015,20985.0,8517.0
2807913079,2016,20396.0,8421.0
2807913079,2017,21191.0,8585.0
2807913079,2018,22453.0,8729.0
2807913079,2019,23917.0,8962.0
2807913079,2020,23042.0,8875.0
2807913079,2021,24777.0,9403.0
2807913079,2022,26220.0,9867.0
2807913080,2015,21112.0,7864.0
2807913080,2016,21399.0,8086.0
2807913080,2017,22183.0,8018.0
2807913080,2018,23510.0,8295.0
2807913080,2019,24248.0,8378.0
2807913080,2020,23221.0,8216.0
2807913080,2021,25382.0,9316.0
2807913080,2022,26097.0,9272.0
2807913083,2015,25384.0,8541.0
2807913083,2016,26473.0,8918.0
2807913083,2017,25859.0,8540.0
2807913083,2018,26803.0,8776.0
2807913083,2019,28075.0,9322.0
2807913083,2020,26068.0,8586.0
2807913083,2021,28103.0,9140.0
2807913083,2022,30432.0,9686.0
2807913084,2015,25228.0,8943.0
2807913084,2016,25095.0,8709.0
2807913084,2017,25398.0,8821.0
2807913084,2018,26410.0,8950.0
2807913084,2019,27841.0,9226.0
2807913084,2020,26970.0,8927.0
2807913084,2021,28154.0,9675.0
2807913084,2022,30231.0,9774.0
2807913086,2015,21897.0,9400.0
2807913086,2016,22040.0,9341.0
2807913086,2017,22348.0,9412.0
2807913086,2018,22963.0,9384.0
2807913086,2019,24238.0,9665.0
2807913086,2020,24110.0,10054.0
2807913086,2021,25283.0,10467.0
2807913086,2022,26923.0,10942.0
2807913087,2015,34072.0,12777.0
2807913087,2016,35176.0,13167.0
2807913087,2017,32755.0,12512.0
2807913087,2018,34521.0,12697.0
2807913087,2019,36499.0,13076.0
2807913087,2020,38808.0,14311.0
2807913087,2021,39897.0,15666.0
2807913087,2022,40022.0,15756.0
2807913088,2015,28454.0,13364.0
2807913088,2016,28562.0,13411.0
2807913088,2017,28890.0,13506.0
2807913088,2018,29442.0,13372.0
2807913088,2019,31036.0,13529.0
2807913088,2020,31924.0,13867.0
2807913088,2021,31466.0,14052.0
2807913088,2022,33869.0,14976.0
2807913089,2015,20386.0,8513.0
2807913089,2016,20274.0,8385.0
2807913089,2017,21147.0,8293.0
2807913089,2018,22257.0,8667.0
2807913089,2019,23628.0,9120.0
2807913089,2020,24140.0,9548.0
2807913089,2021,24927.0,9928.0
2807913089,2022,26593.0,10377.0
2807913090,2015,18360.0,7569.0
2807913090,2016,18576.0,7628.0
2807913090,2017,20309.0,8035.0
2807913090,2018,22104.0,8673.0
2807913090,2019,22989.0,8515.0
2807913090,2020,22980.0,8723.0
2807913090,2021,24167.0,9072.0
2807913090,2022,25504.0,9577.0
2807913091,2015,22321.0,9232.0
2807913091,2016,22093.0,8980.0
2807913091,2017,22530.0,9070.0
2807913091,2018,23688.0,9545.0
2807913091,2019,25003.0,9961.0
2807913091,2020,24902.0,9934.0
2807913091,2021,25536.0,10405.0
2807913091,2022,27567.0,10829.0
2807913092,2015,26019.0,9598.0
2807913092,2016,26264.0,9777.0
2807913092,2017,27401.0,10181.0
2807913092,2018,28415.0,10564.0
2807913092,2019,29711.0,10960.0
2807913092,2020,29656.0,11086.0
2807913092,2021,29952.0,11337.0
2807913092,2022,32209.0,12163.0
2807913094,2015,23987.0,9516.0
2807913094,2016,24723.0,9740.0
2807913094,2017,24908.0,9882.0
2807913094,2018,25891.0,10248.0
2807913094,2019,27415.0,10798.0
2807913094,2020,27361.0,10770.0
2807913094,2021,29276.0,11414.0
2807913094,2022,29961.0,11875.0
2807913103,2015,23311.0,9282.0
2807913103,2016,24496.0,9528.0
2807913103,2017,24885.0,9960.0
2807913103,2018,25099.0,9714.0
2807913103,2019,27968.0,10508.0
2807913103,2020,27499.0,10332.0
2807913103,2021,29327.0,11156.0
2807913103,2022,31432.0,11391.0
2807913104,2015,24712.0,9555.0
2807913104,2016,25180.0,9805.0
2807913104,2017,25796.0,10055.0
2807913104,2018,27362.0,10717.0
2807913104,2019,28343.0,11150.0
2807913104,2020,28502.0,11350.0
2807913104,2021,29311.0,11846.0
2807913104,2022,31200.0,12644.0
2807913108,2015,29382.0,10497.0
2807913108,2016,28712.0,10294.0
2807913108,2017,30027.0,10870.0
2807913108,2018,30472.0,11041.0
2807913108,2019,31675.0,11372.0
2807913108,2020,31034.0,11456.0
2807913108,2021,32413.0,11918.0
2807913108,2022,34924.0,12535.0
2807913109,2015,29496.0,10966.0
2807913109,2016,29632.0,11248.0
2807913109,2017,30379.0,11522.0
2807913109,2018,32016.0,12115.0
2807913109,2019,33870.0,12860.0
2807913109,2020,33573.0,12991.0
2807913109,2021,34563.0,13571.0
2807913109,2022,36833.0,14505.0
2807913110,2015,22321.0,9378.0
2807913110,2016,21728.0,9107.0
2807913110,2017,21813.0,9091.0
2807913110,2018,22492.0,9109.0
2807913110,2019,23729.0,9196.0
2807913110,2020,23744.0,9217.0
2807913110,2021,24682.0,9671.0
2807913110,2022,25825.0,10324.0
2807913111,2015,24329.0,8168.0
2807913111,2016,25724.0,8585.0
2807913111,2017,25705.0,8825.0
2807913111,2018,27422.0,9307.0
2807913111,2019,28409.0,9664.0
2807913111,2020,27361.0,9421.0
2807913111,2021,28014.0,9849.0
2807913111,2022,29322.0,10387.0
2807913112,2015,22335.0,8474.0
2807913112,2016,22765.0,8776.0
2807913112,2017,23759.0,9011.0
2807913112,2018,24849.0,9595.0
2807913112,2019,26073.0,10085.0
2807913112,2020,26100.0,10103.0
2807913112,2021,27133.0,10436.0
2807913112,2022,28624.0,10940.0
2807913114,2015,19620.0,8675.0
2807913114,2016,19082.0,8402.0
2807913114,2017,20524.0,8870.0
2807913114,2018,20845.0,8688.0
2807913114,2019,21424.0,8778.0
2807913114,2020,22071.0,9095.0
2807913114,2021,23259.0,9826.0
2807913114,2022,,
2807913115,2015,23025.0,8931.0
2807913115,2016,24365.0,9677.0
2807913115,2017,25367.0,9906.0
2807913115,2018,25848.0,9996.0
2807913115,2019,27593.0,10623.0
2807913115,2020,26828.0,10504.0
2807913115,2021,27071.0,10853.0
2807913115,2022,27212.0,10992.0
2807913116,2015,23597.0,9009.0
2807913116,2016,23797.0,9217.0
2807913116,2017,24225.0,9690.0
2807913116,2018,24962.0,9814.0
2807913116,2019,27293.0,10576.0
2807913116,2020,27548.0,10623.0
2807913116,2021,28825.0,11344.0
2807913116,2022,30010.0,11700.0
2807913117,2015,23420.0,8524.0
2807913117,2016,24106.0,8900.0
2807913117,2017,23580.0,8890.0
2807913117,2018,24948.0,9182.0
2807913117,2019,25417.0,9439.0
2807913117,2020,26636.0,9654.0
2807913117,2021,27372.0,10148.0
2807913117,2022,27789.0,10062.0
2807913118,2015,22214.0,8063.0
2807913118,2016,23040.0,8278.0
2807913118,2017,23945.0,8410.0
2807913118,2018,25464.0,9078.0
2807913118,2019,25470.0,9276.0
2807913118,2020,25675.0,9492.0
2807913118,2021,26688.0,9742.0
2807913118,2022,28944.0,10746.0
2807913119,2015,23802.0,9071.0
2807913119,2016,23965.0,9094.0
2807913119,2017,24602.0,9322.0
2807913119,2018,25706.0,9868.0
2807913119,2019,26526.0,10051.0
2807913119,2020,26949.0,10195.0
2807913119,2021,28380.0,10681.0
2807913119,2022,29516.0,11016.0
2807913120,2015,23237.0,8669.0
2807913120,2016,24195.0,9051.0
2807913120,2017,24217.0,9193.0
2807913120,2018,25603.0,9675.0
2807913120,2019,26979.0,9963.0
2807913120,2020,27323.0,10110.0
2807913120,2021,27919.0,10467.0
2807913120,2022,30213.0,11252.0
2807913121,2015,22869.0,8837.0
2807913121,2016,23718.0,9246.0
2807913121,2017,24399.0,9640.0
2807913121,2018,24704.0,9869.0
2807913121,2019,26031.0,10365.0
2807913121,2020,25959.0,10155.0
2807913121,2021,28065.0,10698.0
2807913121,2022,30202.0,11239.0
2807913122,2015,20884.0,8103.0
2807913122,2016,21251.0,8358.0
2807913122,2017,21969.0,8622.0
2807913122,2018,22809.0,8955.0
2807913122,2019,24648.0,9574.0
2807913122,2020,24667.0,9559.0
2807913122,2021,26681.0,10156.0
2807913122,2022,28397.0,11112.0
2807913123,2015,28270.0,10238.0
2807913123,2016,29637.0,10654.0
2807913123,2017,29897.0,10883.0
2807913123,2018,31995.0,11294.0
2807913123,2019,33820.0,11905.0
2807913123,2020,33156.0,12052.0
2807913123,2021,34807.0,12421.0
2807913123,2022,36583.0,13238.0
2807913124,2015,23463.0,8815.0
2807913124,2016,23609.0,9283.0
2807913124,2017,24411.0,9621.0
2807913124,2018,25316.0,9826.0
2807913124,2019,26012.0,9852.0
2807913124,2020,25809.0,9840.0
2807913124,2021,27026.0,10382.0
2807913124,2022,28802.0,10721.0
2807913125,2015,20416.0,7851.0
2807913125,2016,20574.0,7775.0
2807913125,2017,20788.0,7927.0
2807913125,2018,22005.0,8048.0
2807913125,2019,22708.0,8283.0
2807913125,2020,22538.0,8271.0
2807913125,2021,23327.0,8911.0
2807913125,2022,24754.0,9381.0
2807913126,2015,20277.0,7779.0
2807913126,2016,21036.0,7892.0
2807913126,2017,21331.0,8185.0
2807913126,2018,21768.0,8107.0
2807913126,2019,22484.0,8329.0
2807913126,2020,21616.0,8246.0
2807913126,2021,22981.0,8524.0
2807913126,2022,,
2807913127,2015,41760.0,15572.0
2807913127,2016,42036.0,15717.0
2807913127,2017,43612.0,16376.0
2807913127,2018,45250.0,17034.0
2807913127,2019,46760.0,17292.0
2807913127,2020,47612.0,17447.0
2807913127,2021,47745.0,17841.0
2807913127,2022,50057.0,18925.0
2807913128,2015,29473.0,11005.0
2807913128,2016,30314.0,11464.0
2807913128,2017,30954.0,11675.0
2807913128,2018,31245.0,12010.0
2807913128,2019,33387.0,12785.0
2807913128,2020,33293.0,12862.0
2807913128,2021,33824.0,13384.0
2807913128,2022,34759.0,14093.0
2807913129,2015,23715.0,8501.0
2807913129,2016,25164.0,9150.0
2807913129,2017,24373.0,9118.0
2807913129,2018,24688.0,9206.0
2807913129,2019,26922.0,10193.0
2807913129,2020,26403.0,10072.0
2807913129,2021,27705.0,10721.0
2807913129,2022,29262.0,11428.0
2807913131,2015,25594.0,9333.0
2807913131,2016,26297.0,9625.0
2807913131,2017,26409.0,9739.0
2807913131,2018,27056.0,10001.0
2807913131,2019,28456.0,10341.0
2807913131,2020,27551.0,10158.0
2807913131,2021,30319.0,11125.0
2807913131,2022,32039.0,11756.0
2807913132,2015,22888.0,8305.0
2807913132,2016,24054.0,8884.0
2807913132,2017,24687.0,9217.0
2807913132,2018,25527.0,9592.0
2807913132,2019,26267.0,9841.0
2807913132,2020,26193.0,9966.0
2807913132,2021,27242.0,10318.0
2807913132,2022,29491.0,10944.0
2807913133,2015,23469.0,8612.0
2807913133,2016,24410.0,8761.0
2807913133,2017,24755.0,8906.0
2807913133,2018,26698.0,9457.0
2807913133,2019,28045.0,9911.0
2807913133,2020,28728.0,10287.0
2807913133,2021,29447.0,10648.0
2807913133,2022,31664.0,11443.0
2807913134,2015,25550.0,9738.0
2807913134,2016,25770.0,9549.0
2807913134,2017,25944.0,9647.0
2807913134,2018,27258.0,10254.0
2807913134,2019,27868.0,10552.0
2807913134,2020,28733.0,10584.0
2807913134,2021,30073.0,11006.0
2807913134,2022,30377.0,11441.0
2807913135,2015,23877.0,9076.0
2807913135,2016,24769.0,9375.0
2807913135,2017,25833.0,9906.0
2807913135,2018,26691.0,10209.0
2807913135,2019,28913.0,11162.0
2807913135,2020,28317.0,11020.0
2807913135,2021,29062.0,11398.0
2807913135,2022,31988.0,12537.0
2807913136,2015,22722.0,8595.0
2807913136,2016,25465.0,9297.0
2807913136,2017,25632.0,9624.0
2807913136,2018,26112.0,9858.0
2807913136,2019,27387.0,10118.0
2807913136,2020,27800.0,10561.0
2807913136,2021,28728.0,11055.0
2807913136,2022,30381.0,11490.0
2807913137,2015,32951.0,12061.0
2807913137,2016,34161.0,12439.0
2807913137,2017,34581.0,12723.0
2807913137,2018,34872.0,13046.0
2807913137,2019,36298.0,13733.0
2807913137,2020,35584.0,13797.0
2807913137,2021,37371.0,14766.0
2807913137,2022,39355.0,15392.0
2807913138,2015,22465.0,8437.0
2807913138,2016,23000.0,8850.0
2807913138,2017,23420.0,9058.0
2807913138,2018,24389.0,9169.0
2807913138,2019,25270.0,9490.0
2807913138,2020,24433.0,9146.0
2807913138,2021,25952.0,9855.0
2807913138,2022,27359.0,10274.0
2807913139,2015,21524.0,8856.0
2807913139,2016,21585.0,8866.0
2807913139,2017,22171.0,9056.0
2807913139,2018,23292.0,9279.0
2807913139,2019,24828.0,9752.0
2807913139,2020,23954.0,9586.0
2807913139,2021,24536.0,9805.0
2807913139,2022,26210.0,10395.0
2807913140,2015,27136.0,10153.0
2807913140,2016,27590.0,10395.0
2807913140,2017,27990.0,10529.0
2807913140,2018,29454.0,11057.0
2807913140,2019,31376.0,11769.0
2807913140,2020,32438.0,12154.0
2807913140,2021,32296.0,12437.0
2807913140,2022,34714.0,13506.0
2807913142,2015,21656.0,8781.0
2807913142,2016,22788.0,9265.0
2807913142,2017,22499.0,9198.0
2807913142,2018,24126.0,9538.0
2807913142,2019,24803.0,9541.0
2807913142,2020,24547.0,9535.0
2807913142,2021,26101.0,10419.0
2807913142,2022,27588.0,10958.0
2807913143,2015,27545.0,10989.0
2807913143,2016,27391.0,11131.0
2807913143,2017,28242.0,11326.0
2807913143,2018,27550.0,11423.0
2807913143,2019,28722.0,11809.0
2807913143,2020,28326.0,11923.0
2807913143,2021,29370.0,12622.0
2807913143,2022,30948.0,13107.0
2807913144,2015,22310.0,8886.0
2807913144,2016,21853.0,8890.0
2807913144,2017,22405.0,8915.0
2807913144,2018,23474.0,9403.0
2807913144,2019,24506.0,9631.0
2807913144,2020,24234.0,9606.0
2807913144,2021,24472.0,9885.0
2807913144,2022,26585.0,10464.0
2807913145,2015,19203.0,8257.0
2807913145,2016,18898.0,8203.0
2807913145,2017,19067.0,8022.0
2807913145,2018,20783.0,8807.0
2807913145,2019,21406.0,8866.0
2807913145,2020,21258.0,8971.0
2807913145,2021,21829.0,9153.0
2807913145,2022,23519.0,9544.0
2807913146,2015,24717.0,9334.0
2807913146,2016,25175.0,9506.0
2807913146,2017,25113.0,9205.0
2807913146,2018,26831.0,9936.0
2807913146,2019,28079.0,10063.0
2807913146,2020,27253.0,10148.0
2807913146,2021,28245.0,10316.0
2807913146,2022,30020.0,10698.0
2807913147,2015,24329.0,8635.0
2807913147,2016,25024.0,9192.0
2807913147,2017,24764.0,9201.0
2807913147,2018,25855.0,9357.0
2807913147,2019,28205.0,10103.0
2807913147,2020,26529.0,9855.0
2807913147,2021,27774.0,10502.0
2807913147,2022,29733.0,11373.0
2807913148,2015,20066.0,8239.0
2807913148,2016,20620.0,8286.0
2807913148,2017,20991.0,8260.0
2807913148,2018,21916.0,8618.0
2807913148,2019,23510.0,8904.0
2807913148,2020,23444.0,8934.0
2807913148,2021,23528.0,9186.0
2807913148,2022,25839.0,9610.0
2807913150,2015,21222.0,7792.0
2807913150,2016,21456.0,8207.0
2807913150,2017,22114.0,8557.0
2807913150,2018,22512.0,8708.0
2807913150,2019,24031.0,9051.0
2807913150,2020,24182.0,9026.0
2807913150,2021,25915.0,9608.0
2807913150,2022,27641.0,10254.0
2807913153,2015,21469.0,7905.0
2807913153,2016,21594.0,7744.0
2807913153,2017,22332.0,7931.0
2807913153,2018,23395.0,8420.0
2807913153,2019,24485.0,8542.0
2807913153,2020,24498.0,8769.0
2807913153,2021,25180.0,9027.0
2807913153,2022,26465.0,9640.0
2807913154,2015,24633.0,9276.0
2807913154,2016,24665.0,9488.0
2807913154,2017,25724.0,9732.0
2807913154,2018,25852.0,9648.0
2807913154,2019,27308.0,10170.0
2807913154,2020,26518.0,10055.0
2807913154,2021,27395.0,10631.0
2807913154,2022,28826.0,11181.0
2807913155,2015,23874.0,9044.0
2807913155,2016,24205.0,9167.0
2807913155,2017,25116.0,9240.0
2807913155,2018,26278.0,9619.0
2807913155,2019,27021.0,9888.0
2807913155,2020,26482.0,9880.0
2807913155,2021,27425.0,10262.0
2807913155,2022,28769.0,10681.0
2807913156,2015,23429.0,9687.0
2807913156,2016,23419.0,9812.0
2807913156,2017,23937.0,9846.0
2807913156,2018,25072.0,10274.0
2807913156,2019,26365.0,10858.0
2807913156,2020,26026.0,10693.0
2807913156,2021,26975.0,11415.0
2807913156,2022,29282.0,12133.0
2807913157,2015,24084.0,9375.0
2807913157,2016,24940.0,9516.0
2807913157,2017,25483.0,9780.0
2807913157,2018,26023.0,9795.0
2807913157,2019,26899.0,10122.0
2807913157,2020,27420.0,10499.0
2807913157,2021,27732.0,10816.0
2807913157,2022,28686.0,10827.0
2807913158,2015,24922.0,9923.0
2807913158,2016,25278.0,10078.0
2807913158,2017,26345.0,10595.0
2807913158,2018,27546.0,10837.0
2807913158,2019,28890.0,11303.0
2807913158,2020,28596.0,11272.0
2807913158,2021,29267.0,11806.0
2807913158,2022,31109.0,12286.0
2807913160,2015,26210.0,10045.0
2807913160,2016,26193.0,10222.0
2807913160,2017,26977.0,10562.0
2807913160,2018,28177.0,10947.0
2807913160,2019,29516.0,11206.0
2807913160,2020,28642.0,11186.0
2807913160,2021,30311.0,11837.0
2807913160,2022,32499.0,12572.0
2807913161,2015,30442.0,11811.0
2807913161,2016,30198.0,11862.0
2807913161,2017,29745.0,11748.0
2807913161,2018,30406.0,12002.0
2807913161,2019,31207.0,12594.0
2807913161,2020,30925.0,12446.0
2807913161,2021,30894.0,12742.0
2807913161,2022,33973.0,13760.0
2807913162,2015,23745.0,8824.0
2807913162,2016,24311.0,9104.0
2807913162,2017,24782.0,9513.0
2807913162,2018,26468.0,10047.0
2807913162,2019,27562.0,10295.0
2807913162,2020,28085.0,10163.0
2807913162,2021,29052.0,10999.0
2807913162,2022,30405.0,11569.0
2807913163,2015,25289.0,10177.0
2807913163,2016,24515.0,10066.0
2807913163,2017,26639.0,10766.0
2807913163,2018,26954.0,10913.0
2807913163,2019,29353.0,11861.0
2807913163,2020,27784.0,11302.0
2807913163,2021,28205.0,11681.0
2807913163,2022,29568.0,12347.0
2807913164,2015,27159.0,10818.0
2807913164,2016,28045.0,11211.0
2807913164,2017,28305.0,11357.0
2807913164,2018,29198.0,11490.0
2807913164,2019,29835.0,11963.0
2807913164,2020,29362.0,11640.0
2807913164,2021,29658.0,12173.0
2807913164,2022,31574.0,12839.0
2807913166,2015,27310.0,9698.0
2807913166,2016,27703.0,9931.0
2807913166,2017,28191.0,10029.0
2807913166,2018,29797.0,10748.0
2807913166,2019,30053.0,10961.0
2807913166,2020,29875.0,10905.0
2807913166,2021,30609.0,11435.0
2807913166,2022,32610.0,11697.0
2807913168,2015,24956.0,9562.0
2807913168,2016,24052.0,9125.0
2807913168,2017,24410.0,8973.0
2807913168,2018,25747.0,9570.0
2807913168,2019,26701.0,9799.0
2807913168,2020,25983.0,9727.0
2807913168,2021,27210.0,10237.0
2807913168,2022,29306.0,10660.0
2807913169,2015,23100.0,9492.0
2807913169,2016,23234.0,9741.0
2807913169,2017,23911.0,9940.0
2807913169,2018,25447.0,10301.0
2807913169,2019,25758.0,10253.0
2807913169,2020,25043.0,10211.0
2807913169,2021,26106.0,10845.0
2807913169,2022,27550.0,11375.0
2807913170,2015,23037.0,8776.0
2807913170,2016,24149.0,9008.0
2807913170,2017,24448.0,9295.0
2807913170,2018,26367.0,9624.0
2807913170,2019,27679.0,10288.0
2807913170,2020,26540.0,9716.0
2807913170,2021,27134.0,10091.0
2807913170,2022,29164.0,10937.0
2807913171,2015,25174.0,9471.0
2807913171,2016,26655.0,10002.0
2807913171,2017,25769.0,9765.0
2807913171,2018,26126.0,9516.0
2807913171,2019,27644.0,10064.0
2807913171,2020,27988.0,10314.0
2807913171,2021,28520.0,10510.0
2807913171,2022,29666.0,11004.0
2807913172,2015,21500.0,8228.0
2807913172,2016,21309.0,8234.0
2807913172,2017,21329.0,8315.0
2807913172,2018,23469.0,8366.0
2807913172,2019,24475.0,8780.0
2807913172,2020,23642.0,8599.0
2807913172,2021,24867.0,9380.0
2807913172,2022,26898.0,9910.0
2807913173,2015,19596.0,7358.0
2807913173,2016,19694.0,7359.0
2807913173,2017,19948.0,7388.0
2807913173,2018,21652.0,8040.0
2807913173,2019,23055.0,8465.0
2807913173,2020,22015.0,7833.0
2807913173,2021,23023.0,8617.0
2807913173,2022,25914.0,9161.0
2807913174,2015,23107.0,8866.0
2807913174,2016,23819.0,9035.0
2807913174,2017,23238.0,9142.0
2807913174,2018,23772.0,9384.0
2807913174,2019,24699.0,9438.0
2807913174,2020,25376.0,9474.0
2807913174,2021,26328.0,10239.0
2807913174,2022,27922.0,10653.0
2807913175,2015,22516.0,8983.0
2807913175,2016,23419.0,9196.0
2807913175,2017,23510.0,9139.0
2807913175,2018,24244.0,9076.0
2807913175,2019,25475.0,9319.0
2807913175,2020,25084.0,9208.0
2807913175,2021,25984.0,9864.0
2807913175,2022,28001.0,10563.0
2807913176,2015,21747.0,8201.0
2807913176,2016,21680.0,8015.0
2807913176,2017,22190.0,8386.0
2807913176,2018,23078.0,8643.0
2807913176,2019,24031.0,8686.0
2807913176,2020,23521.0,8752.0
2807913176,2021,25175.0,9173.0
2807913176,2022,26419.0,9598.0
2807913177,2015,21167.0,8061.0
2807913177,2016,20883.0,7947.0
2807913177,2017,21653.0,7995.0
2807913177,2018,22383.0,8305.0
2807913177,2019,24471.0,8968.0
2807913177,2020,24204.0,8990.0
2807913177,2021,25337.0,9598.0
2807913177,2022,26194.0,9176.0
2807913178,2015,23283.0,8612.0
2807913178,2016,24118.0,9127.0
2807913178,2017,23455.0,8903.0
2807913178,2018,24599.0,9337.0
2807913178,2019,25971.0,9665.0
2807913178,2020,26054.0,10086.0
2807913178,2021,26518.0,10450.0
2807913178,2022,28447.0,11304.0
2807913179,2015,24700.0,9433.0
2807913179,2016,24169.0,9151.0
2807913179,2017,24620.0,9653.0
2807913179,2018,26141.0,10206.0
2807913179,2019,27453.0,10802.0
2807913179,2020,27482.0,10716.0
2807913179,2021,28567.0,11126.0
2807913179,2022,29729.0,11699.0
2807913180,2015,23604.0,8147.0
2807913180,2016,23966.0,8395.0
2807913180,2017,25126.0,8667.0
2807913180,2018,26643.0,9330.0
2807913180,2019,26996.0,9543.0
2807913180,2020,27260.0,9727.0
2807913180,2021,27826.0,9911.0
2807913180,2022,28964.0,10459.0
2807913181,2015,22012.0,8703.0
2807913181,2016,22985.0,9104.0
2807913181,2017,23364.0,9162.0
2807913181,2018,24471.0,9406.0
2807913181,2019,25775.0,9878.0
2807913181,2020,25699.0,9837.0
2807913181,2021,26750.0,10385.0
2807913181,2022,28432.0,11144.0
2807913182,2015,35277.0,13225.0
2807913182,2016,35287.0,13018.0
2807913182,2017,35395.0,13227.0
2807913182,2018,36812.0,13954.0
2807913182,2019,38478.0,14731.0
2807913182,2020,37391.0,14611.0
2807913182,2021,38812.0,15352.0
2807913182,2022,39831.0,15448.0
2807913183,2015,37739.0,14070.0
2807913183,2016,37485.0,14289.0
2807913183,2017,38061.0,14521.0
2807913183,2018,37813.0,14433.0
2807913183,2019,41985.0,16348.0
2807913183,2020,40479.0,16126.0
2807913183,2021,40527.0,16310.0
2807913183,2022,42402.0,16892.0
2807913184,2015,29144.0,11012.0
2807913184,2016,30340.0,11375.0
2807913184,2017,29545.0,11266.0
2807913184,2018,32016.0,12021.0
2807913184,2019,32505.0,12189.0
2807913184,2020,31634.0,12071.0
2807913184,2021,31560.0,12318.0
2807913184,2022,33122.0,12806.0
2807913185,2015,22249.0,8517.0
2807913185,2016,22615.0,8674.0
2807913185,2017,24340.0,9034.0
2807913185,2018,24326.0,9153.0
2807913185,2019,26214.0,9688.0
2807913185,2020,25859.0,9810.0
2807913185,2021,27221.0,10193.0
2807913185,2022,27761.0,10593.0
2807913186,2015,23275.0,9060.0
2807913186,2016,23804.0,9402.0
2807913186,2017,24413.0,9518.0
2807913186,2018,25223.0,9870.0
2807913186,2019,26365.0,10174.0
2807913186,2020,25816.0,10286.0
2807913186,2021,27154.0,10726.0
2807913186,2022,28621.0,10759.0
2807913187,2015,22280.0,8488.0
2807913187,2016,22842.0,8627.0
2807913187,2017,23509.0,8740.0
2807913187,2018,24375.0,9027.0
2807913187,2019,25456.0,9390.0
2807913187,2020,24991.0,9288.0
2807913187,2021,26322.0,9976.0
2807913187,2022,27048.0,9988.0
2807913189,2015,23033.0,8565.0
2807913189,2016,23184.0,8280.0
2807913189,2017,22734.0,7963.0
2807913189,2018,24592.0,8429.0
2807913189,2019,26548.0,8937.0
2807913189,2020,25678.0,9007.0
2807913189,2021,25976.0,9114.0
2807913189,2022,27372.0,9562.0
2807913190,2015,22488.0,9053.0
2807913190,2016,22238.0,9138.0
2807913190,2017,23616.0,9625.0
2807913190,2018,25368.0,10180.0
2807913190,2019,25765.0,10250.0
2807913190,2020,25697.0,10621.0
2807913190,2021,26143.0,10650.0
2807913190,2022,27027.0,10717.0
2807913191,2015,30067.0,11581.0
2807913191,2016,30050.0,11934.0
2807913191,2017,30297.0,12070.0
2807913191,2018,30580.0,12290.0
2807913191,2019,31767.0,12670.0
2807913191,2020,31366.0,12728.0
2807913191,2021,32607.0,13361.0
2807913191,2022,34135.0,14163.0
2807913192,2015,22530.0,8551.0
2807913192,2016,22501.0,8855.0
2807913192,2017,23249.0,9092.0
2807913192,2018,24104.0,9415.0
2807913192,2019,25529.0,9794.0
2807913192,2020,25102.0,9808.0
2807913192,2021,25218.0,10294.0
2807913192,2022,27697.0,10760.0
2807913193,2015,22962.0,9178.0
2807913193,2016,22888.0,9359.0
2807913193,2017,23628.0,9649.0
2807913193,2018,25583.0,10155.0
2807913193,2019,26750.0,10455.0
2807913193,2020,26471.0,10348.0
2807913193,2021,27128.0,10831.0
2807913193,2022,28756.0,11588.0
2807913194,2015,21385.0,8619.0
2807913194,2016,21111.0,8678.0
2807913194,2017,21699.0,8982.0
2807913194,2018,22690.0,9367.0
2807913194,2019,23951.0,9533.0
2807913194,2020,23549.0,9936.0
2807913194,2021,24555.0,10498.0
2807913194,2022,26043.0,10925.0
2807913195,2015,25530.0,10439.0
2807913195,2016,25570.0,10485.0
2807913195,2017,25716.0,10965.0
2807913195,2018,26309.0,10920.0
2807913195,2019,27757.0,11149.0
2807913195,2020,27852.0,11563.0
2807913195,2021,27759.0,11656.0
2807913195,2022,30999.0,12488.0
2807913196,2015,26116.0,10061.0
2807913196,2016,25592.0,9755.0
2807913196,2017,26587.0,10223.0
2807913196,2018,28333.0,10373.0
2807913196,2019,29780.0,10716.0
2807913196,2020,29287.0,10739.0
2807913196,2021,28733.0,11021.0
2807913196,2022,30835.0,11479.0
2807913197,2015,23563.0,9540.0
2807913197,2016,24652.0,9757.0
2807913197,2017,24395.0,9702.0
2807913197,2018,25630.0,10269.0
2807913197,2019,26955.0,10147.0
2807913197,2020,26471.0,10372.0
2807913197,2021,27510.0,10792.0
2807913197,2022,27874.0,10569.0
2807913198,2015,25853.0,9814.0
2807913198,2016,26608.0,9949.0
2807913198,2017,26759.0,10482.0
2807913198,2018,27630.0,10579.0
2807913198,2019,30299.0,11423.0
2807913198,2020,29954.0,11207.0
2807913198,2021,31009.0,11761.0
2807913198,2022,32864.0,12514.0
2807913199,2015,35829.0,12564.0
2807913199,2016,37065.0,12899.0
2807913199,2017,37974.0,13365.0
2807913199,2018,40003.0,14157.0
2807913199,2019,40650.0,14723.0
2807913199,2020,41680.0,15220.0
2807913199,2021,42574.0,15670.0
2807913199,2022,43505.0,16392.0
2807913200,2015,24388.0,8926.0
2807913200,2016,24677.0,9158.0
2807913200,2017,25239.0,9547.0
2807913200,2018,25940.0,9765.0
2807913200,2019,24308.0,9035.0
2807913200,2020,26717.0,10105.0
2807913200,2021,28303.0,10641.0
2807913200,2022,29319.0,11204.0
2807913201,2015,23411.0,8726.0
2807913201,2016,23572.0,8728.0
2807913201,2017,23630.0,8944.0
2807913201,2018,24772.0,9284.0
2807913201,2019,26379.0,9677.0
2807913201,2020,26551.0,9865.0
2807913201,2021,27650.0,10449.0
2807913201,2022,29692.0,11110.0
2807913202,2015,31105.0,12339.0
2807913202,2016,31418.0,12493.0
2807913202,2017,31714.0,12685.0
2807913202,2018,34692.0,13923.0
2807913202,2019,35486.0,14358.0
2807913202,2020,34639.0,14328.0
2807913202,2021,34604.0,14597.0
2807913202,2022,36453.0,15452.0
2807913203,2015,41674.0,14466.0
2807913203,2016,42407.0,14885.0
2807913203,2017,43012.0,15310.0
2807913203,2018,42589.0,15356.0
2807913203,2019,44830.0,16160.0
2807913203,2020,45841.0,16758.0
2807913203,2021,46642.0,17408.0
2807913203,2022,46651.0,18302.0
2807913204,2015,33362.0,11793.0
2807913204,2016,33499.0,11911.0
2807913204,2017,35438.0,12582.0
2807913204,2018,37130.0,13296.0
2807913204,2019,39275.0,14124.0
2807913204,2020,38969.0,14293.0
2807913204,2021,41406.0,15262.0
2807913204,2022,43039.0,16577.0
2807913205,2015,38119.0,13717.0
2807913205,2016,36126.0,13121.0
2807913205,2017,37368.0,13572.0
2807913205,2018,38459.0,14134.0
2807913205,2019,39400.0,14506.0
2807913205,2020,38812.0,14519.0
2807913205,2021,41892.0,15619.0
2807913205,2022,41060.0,15629.0
2807913206,2015,23854.0,9599.0
2807913206,2016,23104.0,9195.0
2807913206,2017,23685.0,9330.0
2807913206,2018,25187.0,9876.0
2807913206,2019,26216.0,10093.0
2807913206,2020,26262.0,10326.0
2807913206,2021,26910.0,10624.0
2807913206,2022,29632.0,11633.0
2807913207,2015,37702.0,13215.0
2807913207,2016,39499.0,13974.0
2807913207,2017,39231.0,13918.0
2807913207,2018,40890.0,14560.0
2807913207,2019,42529.0,15217.0
2807913207,2020,42590.0,15380.0
2807913207,2021,44335.0,16481.0
2807913207,2022,45490.0,17322.0
2807913208,2015,37238.0,12859.0
2807913208,2016,37236.0,12931.0
2807913208,2017,37487.0,13149.0
2807913208,2018,39975.0,13943.0
2807913208,2019,41520.0,14476.0
2807913208,2020,41529.0,14716.0
2807913208,2021,43575.0,15557.0
2807913208,2022,45064.0,16598.0
2807913209,2015,34096.0,11823.0
2807913209,2016,34489.0,12079.0
2807913209,2017,34684.0,12397.0
2807913209,2018,36920.0,13300.0
2807913209,2019,39073.0,14040.0
2807913209,2020,39831.0,14565.0
2807913209,2021,38775.0,14148.0
2807913209,2022,40289.0,15314.0
2807913210,2015,23699.0,7982.0
2807913210,2016,24758.0,8386.0
2807913210,2017,27011.0,9265.0
2807913210,2018,25561.0,8901.0
2807913210,2019,27374.0,9549.0
2807913210,2020,26839.0,9431.0
2807913210,2021,28761.0,10338.0
2807913210,2022,30154.0,11073.0
2807913211,2015,32898.0,10405.0
2807913211,2016,35174.0,11231.0
2807913211,2017,32923.0,10648.0
2807913211,2018,34881.0,11200.0
2807913211,2019,36607.0,12028.0
2807913211,2020,37342.0,12015.0
2807913211,2021,38289.0,12690.0
2807913211,2022,38911.0,13156.0
2807913212,2015,32843.0,12196.0
2807913212,2016,33219.0,12595.0
2807913212,2017,32908.0,12701.0
2807913212,2018,35465.0,13555.0
2807913212,2019,37759.0,14523.0
2807913212,2020,37381.0,14160.0
2807913212,2021,39204.0,15373.0
2807913212,2022,41894.0,16991.0
2807913213,2015,29778.0,11267.0
2807913213,2016,29882.0,11326.0
2807913213,2017,30513.0,11505.0
2807913213,2018,32064.0,12015.0
2807913213,2019,33012.0,12339.0
2807913213,2020,33398.0,12518.0
2807913213,2021,28061.0,10427.0
2807913213,2022,36255.0,13829.0
2807913214,2015,19789.0,6284.0
2807913214,2016,20839.0,6542.0
2807913214,2017,20923.0,6625.0
2807913214,2018,21474.0,6928.0
2807913214,2019,23206.0,7405.0
2807913214,2020,23298.0,7505.0
2807913214,2021,24085.0,7990.0
2807913214,2022,26176.0,8585.0
2807913215,2015,21515.0,8360.0
2807913215,2016,21263.0,8289.0
2807913215,2017,21800.0,8446.0
2807913215,2018,23213.0,8677.0
2807913215,2019,23985.0,9000.0
2807913215,2020,24029.0,9117.0
2807913215,2021,24397.0,9709.0
2807913215,2022,25470.0,9915.0
2807913216,2015,33295.0,13779.0
2807913216,2016,33010.0,13641.0
2807913216,2017,33908.0,13751.0
2807913216,2018,34882.0,14084.0
2807913216,2019,36618.0,14478.0
2807913216,2020,36639.0,14827.0
2807913216,2021,38929.0,15861.0
2807913216,2022,40604.0,16856.0
2807913217,2015,,
2807913217,2016,,
2807913217,2017,23275.0,9180.0
2807913217,2018,23718.0,9491.0
2807913217,2019,24809.0,9862.0
2807913217,2020,24036.0,9824.0
2807913217,2021,25327.0,10704.0
2807913217,2022,26120.0,10670.0
2807914001,2015,29619.0,11399.0
2807914001,2016,29599.0,11546.0
2807914001,2017,,
2807914001,2018,,
2807914001,2019,,
2807914001,2020,,
2807914001,2021,,
2807914001,2022,,
2807914002,2015,24906.0,9838.0
2807914002,2016,24386.0,9806.0
2807914002,2017,25374.0,10010.0
2807914002,2018,26071.0,10488.0
2807914002,2019,28186.0,11050.0
2807914002,2020,27629.0,11138.0
2807914002,2021,28375.0,11728.0
2807914002,2022,30163.0,12408.0
2807914003,2015,26460.0,10932.0
2807914003,2016,26810.0,11664.0
2807914003,2017,28163.0,11256.0
2807914003,2018,29404.0,11422.0
2807914003,2019,30468.0,11841.0
2807914003,2020,29598.0,11886.0
2807914003,2021,29956.0,12174.0
2807914003,2022,31971.0,12743.0
2807914004,2015,34182.0,12559.0
2807914004,2016,34054.0,12664.0
2807914004,2017,35011.0,13020.0
2807914004,2018,34624.0,12934.0
2807914004,2019,35891.0,13788.0
2807914004,2020,35990.0,14104.0
2807914004,2021,36484.0,14600.0
2807914004,2022,38773.0,15537.0
2807914005,2015,32065.0,13136.0
2807914005,2016,32073.0,13417.0
2807914005,2017,32951.0,13632.0
2807914005,2018,34872.0,14336.0
2807914005,2019,36415.0,14576.0
2807914005,2020,35331.0,14191.0
2807914005,2021,36335.0,14983.0
2807914005,2022,37211.0,15569.0
2807914006,2015,28999.0,11041.0
2807914006,2016,29973.0,11687.0
2807914006,2017,30632.0,11716.0
2807914006,2018,32286.0,12647.0
2807914006,2019,33387.0,12775.0
2807914006,2020,32985.0,12765.0
2807914006,2021,35289.0,14104.0
2807914006,2022,36535.0,14555.0
2807914010,2015,53619.0,18329.0
2807914010,2016,53913.0,18698.0
2807914010,2017,56586.0,19856.0
2807914010,2018,57516.0,20265.0
2807914010,2019,56380.0,20510.0
2807914010,2020,56917.0,21128.0
2807914010,2021,56903.0,21297.0
2807914010,2022,59338.0,22455.0
2807914012,2015,30183.0,13020.0
2807914012,2016,29686.0,13002.0
2807914012,2017,29816.0,13039.0
2807914012,2018,31431.0,13918.0
2807914012,2019,31944.0,13934.0
2807914012,2020,31822.0,14260.0
2807914012,2021,33332.0,14912.0
2807914012,2022,34434.0,15417.0
2807914013,2015,40953.0,16511.0
2807914013,2016,39817.0,16537.0
2807914013,2017,40691.0,17111.0
2807914013,2018,43366.0,18252.0
2807914013,2019,45007.0,18768.0
2807914013,2020,45078.0,18892.0
2807914013,2021,44171.0,18469.0
2807914013,2022,47370.0,19879.0
2807914014,2015,40689.0,17005.0
2807914014,2016,39968.0,16689.0
2807914014,2017,40194.0,16600.0
2807914014,2018,42349.0,17524.0
2807914014,2019,46672.0,19505.0
2807914014,2020,43553.0,19054.0
2807914014,2021,44579.0,19601.0
2807914014,2022,46455.0,20638.0
2807914015,2015,40148.0,16464.0
2807914015,2016,40456.0,16864.0
2807914015,2017,41034.0,17303.0
2807914015,2018,43192.0,18377.0
2807914015,2019,44157.0,18743.0
2807914015,2020,42006.0,18381.0
2807914015,2021,43628.0,19289.0
2807914015,2022,43709.0,19647.0
2807914016,2015,38276.0,16038.0
2807914016,2016,38899.0,16362.0
2807914016,2017,36832.0,15363.0
2807914016,2018,39381.0,16862.0
2807914016,2019,38939.0,17001.0
2807914016,2020,41035.0,17964.0
2807914016,2021,39917.0,18012.0
2807914016,2022,42097.0,19163.0
2807914017,2015,37170.0,16019.0
2807914017,2016,40114.0,17046.0
2807914017,2017,39094.0,16310.0
2807914017,2018,41005.0,17301.0
2807914017,2019,41743.0,17529.0
2807914017,2020,45088.0,18978.0
2807914017,2021,42403.0,17967.0
2807914017,2022,44162.0,18910.0
2807914018,2015,37533.0,15867.0
2807914018,2016,37182.0,16073.0
2807914018,2017,38649.0,16574.0
2807914018,2018,39673.0,16760.0
2807914018,2019,39820.0,17356.0
2807914018,2020,38954.0,17098.0
2807914018,2021,38156.0,16931.0
2807914018,2022,40502.0,17864.0
2807914019,2015,37996.0,15972.0
2807914019,2016,37296.0,15967.0
2807914019,2017,36931.0,15594.0
2807914019,2018,37558.0,15589.0
2807914019,2019,37810.0,16321.0
2807914019,2020,38200.0,16992.0
2807914019,2021,38088.0,16655.0
2807914019,2022,,
2807914020,2015,38575.0,15665.0
2807914020,2016,39363.0,16234.0
2807914020,2017,39786.0,16674.0
2807914020,2018,39233.0,16675.0
2807914020,2019,38255.0,16408.0
2807914020,2020,39527.0,17079.0
2807914020,2021,40252.0,17771.0
2807914020,2022,42166.0,18494.0
2807914021,2015,36070.0,15746.0
2807914021,2016,36694.0,16139.0
2807914021,2017,36235.0,15639.0
2807914021,2018,37441.0,16176.0
2807914021,2019,39054.0,16407.0
2807914021,2020,40151.0,17593.0
2807914021,2021,38471.0,17066.0
2807914021,2022,41547.0,18253.0
2807914022,2015,39458.0,16602.0
2807914022,2016,40864.0,17272.0
2807914022,2017,40130.0,17088.0
2807914022,2018,41426.0,17519.0
2807914022,2019,42166.0,17907.0
2807914022,2020,40889.0,17913.0
2807914022,2021,41822.0,18069.0
2807914022,2022,44011.0,19321.0
2807914023,2015,39752.0,17153.0
2807914023,2016,38447.0,17244.0
2807914023,2017,,
2807914023,2018,,
2807914023,2019,,
2807914023,2020,,
2807914023,2021,,
2807914023,2022,,
2807914024,2015,40342.0,17323.0
2807914024,2016,39330.0,17005.0
2807914024,2017,39866.0,17409.0
2807914024,2018,40013.0,17727.0
2807914024,2019,41726.0,18657.0
2807914024,2020,41554.0,19051.0
2807914024,2021,42193.0,19614.0
2807914024,2022,42419.0,19400.0
2807914025,2015,29193.0,13776.0
2807914025,2016,28932.0,13529.0
2807914025,2017,29754.0,13570.0
2807914025,2018,31795.0,14467.0
2807914025,2019,33068.0,14694.0
2807914025,2020,32520.0,14600.0
2807914025,2021,33469.0,15151.0
2807914025,2022,34588.0,15624.0
2807914026,2015,25026.0,10565.0
2807914026,2016,25665.0,10953.0
2807914026,2017,26241.0,11136.0
2807914026,2018,26827.0,11506.0
2807914026,2019,28789.0,12206.0
2807914026,2020,28616.0,12386.0
2807914026,2021,29202.0,12898.0
2807914026,2022,29825.0,13232.0
2807914027,2015,27511.0,12028.0
2807914027,2016,27715.0,12312.0
2807914027,2017,28753.0,12906.0
2807914027,2018,29805.0,13461.0
2807914027,2019,30369.0,14295.0
2807914027,2020,29736.0,14012.0
2807914027,2021,30292.0,14684.0
2807914027,2022,32667.0,15492.0
2807914028,2015,22796.0,10586.0
2807914028,2016,23736.0,10902.0
2807914028,2017,24044.0,10977.0
2807914028,2018,24775.0,11496.0
2807914028,2019,24540.0,11571.0
2807914028,2020,25598.0,11914.0
2807914028,2021,26925.0,12719.0
2807914028,2022,27395.0,12989.0
2807914029,2015,28847.0,13228.0
2807914029,2016,28351.0,13125.0
2807914029,2017,28360.0,13059.0
2807914029,2018,28765.0,13298.0
2807914029,2019,29706.0,13945.0
2807914029,2020,29367.0,14093.0
2807914029,2021,30041.0,14428.0
2807914029,2022,32149.0,15626.0
2807914030,2015,44932.0,17529.0
2807914030,2016,45825.0,18223.0
2807914030,2017,45786.0,18239.0
2807914030,2018,48421.0,19095.0
2807914030,2019,47227.0,18869.0
2807914030,2020,46870.0,19193.0
2807914030,2021,46714.0,19471.0
2807914030,2022,48985.0,20403.0
2807914031,2015,36951.0,15547.0
2807914031,2016,36908.0,15640.0
2807914031,2017,37393.0,15570.0
2807914031,2018,38826.0,16409.0
2807914031,2019,39400.0,16936.0
2807914031,2020,40450.0,17342.0
2807914031,2021,41243.0,17470.0
2807914031,2022,42857.0,18053.0
2807914032,2015,36687.0,16173.0
2807914032,2016,36876.0,16255.0
2807914032,2017,37725.0,16788.0
2807914032,2018,38521.0,17163.0
2807914032,2019,39492.0,17678.0
2807914032,2020,38814.0,17702.0
2807914032,2021,38349.0,17719.0
2807914032,2022,41291.0,18997.0
2807914033,2015,29895.0,12255.0
2807914033,2016,30085.0,12654.0
2807914033,2017,30281.0,12675.0
2807914033,2018,32115.0,13285.0
2807914033,2019,34286.0,13950.0
2807914033,2020,30870.0,12559.0
2807914033,2021,33530.0,13778.0
2807914033,2022,34690.0,14710.0
2807914034,2015,37222.0,15648.0
2807914034,2016,37206.0,15708.0
2807914034,2017,36952.0,15687.0
2807914034,2018,38627.0,16561.0
2807914034,2019,40478.0,17448.0
2807914034,2020,42126.0,18167.0
2807914034,2021,42815.0,18200.0
2807914034,2022,44530.0,19255.0
2807914035,2015,25535.0,10720.0
2807914035,2016,25757.0,11234.0
2807914035,2017,26300.0,11287.0
2807914035,2018,27570.0,11999.0
2807914035,2019,27507.0,11805.0
2807914035,2020,27067.0,11116.0
2807914035,2021,27929.0,11904.0
2807914035,2022,29271.0,12814.0
2807914036,2015,27237.0,11228.0
2807914036,2016,28050.0,11453.0
2807914036,2017,27645.0,11260.0
2807914036,2018,29779.0,11816.0
2807914036,2019,31592.0,12518.0
2807914036,2020,31558.0,12647.0
2807914036,2021,32958.0,13052.0
2807914036,2022,33566.0,13172.0
2807914037,2015,25063.0,12108.0
2807914037,2016,26237.0,12661.0
2807914037,2017,26016.0,12631.0
2807914037,2018,27235.0,13123.0
2807914037,2019,28360.0,13824.0
2807914037,2020,27841.0,13447.0
2807914037,2021,28237.0,13915.0
2807914037,2022,29817.0,14360.0
2807914038,2015,23652.0,11172.0
2807914038,2016,23193.0,11079.0
2807914038,2017,23504.0,10893.0
2807914038,2018,23806.0,10997.0
2807914038,2019,25940.0,11720.0
2807914038,2020,25857.0,11774.0
2807914038,2021,26659.0,12436.0
2807914038,2022,28249.0,12972.0
2807914039,2015,29043.0,12481.0
2807914039,2016,28971.0,12562.0
2807914039,2017,29623.0,13028.0
2807914039,2018,30504.0,13220.0
2807914039,2019,32050.0,13863.0
2807914039,2020,31501.0,13704.0
2807914039,2021,34120.0,14673.0
2807914039,2022,35422.0,15144.0
2807914040,2015,42050.0,15401.0
2807914040,2016,42378.0,15785.0
2807914040,2017,44984.0,17069.0
2807914040,2018,44607.0,16897.0
2807914040,2019,45125.0,17265.0
2807914040,2020,44883.0,17750.0
2807914040,2021,44853.0,18117.0
2807914040,2022,47755.0,19157.0
2807914041,2015,55491.0,22159.0
2807914041,2016,54595.0,22091.0
2807914041,2017,54585.0,22707.0
2807914041,2018,57315.0,23892.0
2807914041,2019,57776.0,24257.0
2807914041,2020,60143.0,25950.0
2807914041,2021,56648.0,25075.0
2807914041,2022,59099.0,26610.0
2807914042,2015,53157.0,20171.0
2807914042,2016,54005.0,20418.0
2807914042,2017,53601.0,20772.0
2807914042,2018,55958.0,22047.0
2807914042,2019,57071.0,22377.0
2807914042,2020,58058.0,23407.0
2807914042,2021,55294.0,22642.0
2807914042,2022,59777.0,24292.0
2807914043,2015,40055.0,17861.0
2807914043,2016,39812.0,17813.0
2807914043,2017,42047.0,18539.0
2807914043,2018,42045.0,18540.0
2807914043,2019,45735.0,19853.0
2807914043,2020,43977.0,19208.0
2807914043,2021,43311.0,18807.0
2807914043,2022,45213.0,19643.0
2807914044,2015,34853.0,13979.0
2807914044,2016,35640.0,14113.0
2807914044,2017,36070.0,14532.0
2807914044,2018,36831.0,14801.0
2807914044,2019,38713.0,15557.0
2807914044,2020,37872.0,15594.0
2807914044,2021,38723.0,15974.0
2807914044,2022,41992.0,17152.0
2807914045,2015,31113.0,13556.0
2807914045,2016,30566.0,12872.0
2807914045,2017,31049.0,13054.0
2807914045,2018,32548.0,13452.0
2807914045,2019,32960.0,13436.0
2807914045,2020,32654.0,13905.0
2807914045,2021,34802.0,14720.0
2807914045,2022,36286.0,15387.0
2807914046,2015,27018.0,10736.0
2807914046,2016,27908.0,10977.0
2807914046,2017,27276.0,10504.0
2807914046,2018,28857.0,11108.0
2807914046,2019,29012.0,11160.0
2807914046,2020,29880.0,11641.0
2807914046,2021,30917.0,12389.0
2807914046,2022,32679.0,13089.0
2807914047,2015,23667.0,9970.0
2807914047,2016,23847.0,9895.0
2807914047,2017,23726.0,10178.0
2807914047,2018,25809.0,10675.0
2807914047,2019,27906.0,11092.0
2807914047,2020,27251.0,11159.0
2807914047,2021,28877.0,11844.0
2807914047,2022,30057.0,12282.0
2807914048,2015,29041.0,11670.0
2807914048,2016,29083.0,11649.0
2807914048,2017,30004.0,11931.0
2807914048,2018,30726.0,12139.0
2807914048,2019,32380.0,12620.0
2807914048,2020,31561.0,12689.0
2807914048,2021,31943.0,13219.0
2807914048,2022,34034.0,13868.0
2807914049,2015,26211.0,10550.0
2807914049,2016,27874.0,11159.0
2807914049,2017,26877.0,10534.0
2807914049,2018,28052.0,10850.0
2807914049,2019,29291.0,11611.0
2807914049,2020,28322.0,11216.0
2807914049,2021,27911.0,11347.0
2807914049,2022,30728.0,12154.0
2807914050,2015,24642.0,10282.0
2807914050,2016,25624.0,10504.0
2807914050,2017,25203.0,10241.0
2807914050,2018,25994.0,10407.0
2807914050,2019,27906.0,10962.0
2807914050,2020,28967.0,11630.0
2807914050,2021,29074.0,11445.0
2807914050,2022,31012.0,12045.0
2807914051,2015,24127.0,9737.0
2807914051,2016,24857.0,10090.0
2807914051,2017,25230.0,10044.0
2807914051,2018,26726.0,10635.0
2807914051,2019,27354.0,10880.0
2807914051,2020,27063.0,10820.0
2807914051,2021,28183.0,11325.0
2807914051,2022,30567.0,12258.0
2807914052,2015,27089.0,10962.0
2807914052,2016,27246.0,11253.0
2807914052,2017,28083.0,11680.0
2807914052,2018,29217.0,12297.0
2807914052,2019,31315.0,12839.0
2807914052,2020,32354.0,13251.0
2807914052,2021,33049.0,13641.0
2807914052,2022,33256.0,13452.0
2807914053,2015,25652.0,9998.0
2807914053,2016,26748.0,10043.0
2807914053,2017,26389.0,10014.0
2807914053,2018,27930.0,10436.0
2807914053,2019,30335.0,11083.0
2807914053,2020,27752.0,10313.0
2807914053,2021,29010.0,11108.0
2807914053,2022,31833.0,11526.0
2807914054,2015,25617.0,10032.0
2807914054,2016,26070.0,10474.0
2807914054,2017,26263.0,10395.0
2807914054,2018,26897.0,10880.0
2807914054,2019,28051.0,10994.0
2807914054,2020,28718.0,11226.0
2807914054,2021,28657.0,11263.0
2807914054,2022,30957.0,12011.0
2807914055,2015,29054.0,11831.0
2807914055,2016,29164.0,12330.0
2807914055,2017,29583.0,12449.0
2807914055,2018,31173.0,13118.0
2807914055,2019,32415.0,13440.0
2807914055,2020,32141.0,13269.0
2807914055,2021,32212.0,13361.0
2807914055,2022,33530.0,13791.0
2807914056,2015,28117.0,10994.0
2807914056,2016,28910.0,11291.0
2807914056,2017,29093.0,11310.0
2807914056,2018,28555.0,11051.0
2807914056,2019,31076.0,11810.0
2807914056,2020,29945.0,11718.0
2807914056,2021,30879.0,11800.0
2807914056,2022,31771.0,12429.0
2807914057,2015,25493.0,10690.0
2807914057,2016,26677.0,10956.0
2807914057,2017,26995.0,11046.0
2807914057,2018,28228.0,11531.0
2807914057,2019,29071.0,11737.0
2807914057,2020,30050.0,12238.0
2807914057,2021,28859.0,11731.0
2807914057,2022,31249.0,12788.0
2807914058,2015,31492.0,12335.0
2807914058,2016,29992.0,11625.0
2807914058,2017,30212.0,11720.0
2807914058,2018,31679.0,11750.0
2807914058,2019,34179.0,12894.0
2807914058,2020,31599.0,12118.0
2807914058,2021,32363.0,12312.0
2807914058,2022,34544.0,13053.0
2807914059,2015,26763.0,10834.0
2807914059,2016,26955.0,10839.0
2807914059,2017,27620.0,11173.0
2807914059,2018,28696.0,11244.0
2807914059,2019,29963.0,11775.0
2807914059,2020,29474.0,11886.0
2807914059,2021,30018.0,12212.0
2807914059,2022,32066.0,12740.0
2807914060,2015,32482.0,13870.0
2807914060,2016,33195.0,13953.0
2807914060,2017,32862.0,13711.0
2807914060,2018,34459.0,14189.0
2807914060,2019,35683.0,15130.0
2807914060,2020,34623.0,14605.0
2807914060,2021,36741.0,15396.0
2807914060,2022,38814.0,16396.0
2807914061,2015,39145.0,14816.0
2807914061,2016,38569.0,14869.0
2807914061,2017,39548.0,15337.0
2807914061,2018,39474.0,15570.0
2807914061,2019,41714.0,16405.0
2807914061,2020,41870.0,16667.0
2807914061,2021,42386.0,17023.0
2807914061,2022,43770.0,17883.0
2807914062,2015,29653.0,11538.0
2807914062,2016,30046.0,11653.0
2807914062,2017,30387.0,11690.0
2807914062,2018,31441.0,12563.0
2807914062,2019,32251.0,12967.0
2807914062,2020,32589.0,13090.0
2807914062,2021,32693.0,12935.0
2807914062,2022,35600.0,13789.0
2807914063,2015,32598.0,13935.0
2807914063,2016,33105.0,14208.0
2807914063,2017,32095.0,13701.0
2807914063,2018,34587.0,14807.0
2807914063,2019,35128.0,14783.0
2807914063,2020,35972.0,15808.0
2807914063,2021,36163.0,15751.0
2807914063,2022,38346.0,16494.0
2807914064,2015,27949.0,12161.0
2807914064,2016,28042.0,12216.0
2807914064,2017,29098.0,12684.0
2807914064,2018,29474.0,12999.0
2807914064,2019,30884.0,13579.0
2807914064,2020,31190.0,14159.0
2807914064,2021,30825.0,13796.0
2807914064,2022,34837.0,15109.0
2807914065,2015,28272.0,12354.0
2807914065,2016,32338.0,14081.0
2807914065,2017,28309.0,12250.0
2807914065,2018,30178.0,13101.0
2807914065,2019,32197.0,13982.0
2807914065,2020,32265.0,14103.0
2807914065,2021,32008.0,14447.0
2807914065,2022,34507.0,15596.0
2807914066,2015,22665.0,9563.0
2807914066,2016,23048.0,9749.0
2807914066,2017,23946.0,10147.0
2807914066,2018,25042.0,10483.0
2807914066,2019,27111.0,11086.0
2807914066,2020,26703.0,10882.0
2807914066,2021,28203.0,11500.0
2807914066,2022,,
2807914067,2015,21228.0,8992.0
2807914067,2016,21863.0,9321.0
2807914067,2017,22684.0,9772.0
2807914067,2018,24080.0,9933.0
2807914067,2019,25110.0,10460.0
2807914067,2020,24871.0,10440.0
2807914067,2021,25948.0,10913.0
2807914067,2022,28611.0,11605.0
2807914068,2015,23305.0,9837.0
2807914068,2016,23968.0,10031.0
2807914068,2017,24771.0,10313.0
2807914068,2018,24861.0,10488.0
2807914068,2019,26763.0,11233.0
2807914068,2020,25857.0,11153.0
2807914068,2021,26540.0,11539.0
2807914068,2022,,
2807914069,2015,30529.0,13559.0
2807914069,2016,30446.0,13658.0
2807914069,2017,30166.0,13774.0
2807914069,2018,31536.0,14537.0
2807914069,2019,32191.0,14194.0
2807914069,2020,31444.0,14357.0
2807914069,2021,31808.0,14629.0
2807914069,2022,31303.0,13650.0
2807914070,2015,23538.0,10441.0
2807914070,2016,23699.0,10624.0
2807914070,2017,23952.0,10923.0
2807914070,2018,25065.0,11087.0
2807914070,2019,27057.0,12066.0
2807914070,2020,27443.0,12443.0
2807914070,2021,28300.0,13013.0
2807914070,2022,29426.0,13141.0
2807914071,2015,25635.0,12204.0
2807914071,2016,25699.0,12578.0
2807914071,2017,25415.0,12218.0
2807914071,2018,26381.0,12539.0
2807914071,2019,27777.0,13319.0
2807914071,2020,28160.0,13606.0
2807914071,2021,29147.0,14542.0
2807914071,2022,31355.0,15310.0
2807914072,2015,31292.0,13465.0
2807914072,2016,31922.0,13651.0
2807914072,2017,31572.0,13536.0
2807914072,2018,32023.0,13689.0
2807914072,2019,33442.0,14400.0
2807914072,2020,34145.0,14857.0
2807914072,2021,34787.0,15382.0
2807914072,2022,36263.0,16080.0
2807914073,2015,31645.0,12980.0
2807914073,2016,31089.0,12959.0
2807914073,2017,32102.0,13196.0
2807914073,2018,34089.0,14138.0
2807914073,2019,34360.0,14179.0
2807914073,2020,35320.0,14622.0
2807914073,2021,34188.0,14676.0
2807914073,2022,36938.0,15618.0
2807914074,2015,32501.0,13739.0
2807914074,2016,32133.0,13881.0
2807914074,2017,33475.0,14433.0
2807914074,2018,34928.0,14793.0
2807914074,2019,35800.0,15008.0
2807914074,2020,35560.0,15033.0
2807914074,2021,35900.0,15785.0
2807914074,2022,,
2807914075,2015,27742.0,12565.0
2807914075,2016,27689.0,12616.0
2807914075,2017,28795.0,12988.0
2807914075,2018,30539.0,14003.0
2807914075,2019,30761.0,13465.0
2807914075,2020,30953.0,13660.0
2807914075,2021,31658.0,14181.0
2807914075,2022,34013.0,14842.0
2807914076,2015,32989.0,13723.0
2807914076,2016,33151.0,13956.0
2807914076,2017,32218.0,13781.0
2807914076,2018,32827.0,14069.0
2807914076,2019,35182.0,14856.0
2807914076,2020,35885.0,15165.0
2807914076,2021,35824.0,15191.0
2807914076,2022,37658.0,15876.0
2807914077,2015,30986.0,13347.0
2807914077,2016,30673.0,13486.0
2807914077,2017,30213.0,13065.0
2807914077,2018,31090.0,13278.0
2807914077,2019,31766.0,13661.0
2807914077,2020,32750.0,14189.0
2807914077,2021,33769.0,14659.0
2807914077,2022,35548.0,15030.0
2807914078,2015,27871.0,11976.0
2807914078,2016,28393.0,11980.0
2807914078,2017,,
2807914078,2018,,
2807914078,2019,,
2807914078,2020,,
2807914078,2021,,
2807914078,2022,,
2807914079,2015,43957.0,15788.0
2807914079,2016,44622.0,16025.0
2807914079,2017,45177.0,16504.0
2807914079,2018,45369.0,16712.0
2807914079,2019,48188.0,18112.0
2807914079,2020,46043.0,17687.0
2807914079,2021,45931.0,18315.0
2807914079,2022,48974.0,19724.0
2807914080,2015,58028.0,18488.0
2807914080,2016,59549.0,19175.0
2807914080,2017,59445.0,19058.0
2807914080,2018,64922.0,21097.0
2807914080,2019,64563.0,21260.0
2807914080,2020,63026.0,21484.0
2807914080,2021,65127.0,22803.0
2807914080,2022,67122.0,23737.0
2807914081,2015,53405.0,18281.0
2807914081,2016,51836.0,18171.0
2807914081,2017,41724.0,13549.0
2807914081,2018,45761.0,14694.0
2807914081,2019,47441.0,15337.0
2807914081,2020,47925.0,15454.0
2807914081,2021,47470.0,15729.0
2807914081,2022,51364.0,17286.0
2807914082,2015,21812.0,6100.0
2807914082,2016,22496.0,6382.0
2807914082,2017,23085.0,6751.0
2807914082,2018,23723.0,6995.0
2807914082,2019,25148.0,7315.0
2807914082,2020,24715.0,7268.0
2807914082,2021,25641.0,7649.0
2807914082,2022,27521.0,8194.0
2807914083,2015,26711.0,9250.0
2807914083,2016,27950.0,9611.0
2807914083,2017,28463.0,9707.0
2807914083,2018,30244.0,10296.0
2807914083,2019,30215.0,10420.0
2807914083,2020,31547.0,10967.0
2807914083,2021,31541.0,11126.0
2807914083,2022,33448.0,12133.0
2807914084,2015,41492.0,16522.0
2807914084,2016,43538.0,17511.0
2807914084,2017,44697.0,17945.0
2807914084,2018,44212.0,18049.0
2807914084,2019,45104.0,18243.0
2807914084,2020,44560.0,18755.0
2807914084,2021,46005.0,19319.0
2807914084,2022,49409.0,21016.0
2807914085,2015,60716.0,20586.0
2807914085,2016,60689.0,20945.0
2807914085,2017,61829.0,21974.0
2807914085,2018,63207.0,22620.0
2807914085,2019,64826.0,23609.0
2807914085,2020,63513.0,23812.0
2807914085,2021,65711.0,24901.0
2807914085,2022,66442.0,25603.0
2807914086,2015,32145.0,9708.0
2807914086,2016,33204.0,10312.0
2807914086,2017,34797.0,10915.0
2807914086,2018,35233.0,11294.0
2807914086,2019,36974.0,11722.0
2807914086,2020,36969.0,11963.0
2807914086,2021,38702.0,12602.0
2807914086,2022,40741.0,13553.0
2807914087,2015,58417.0,18890.0
2807914087,2016,57754.0,18844.0
2807914087,2017,58040.0,19223.0
2807914087,2018,61450.0,20542.0
2807914087,2019,60041.0,20573.0
2807914087,2020,60808.0,21155.0
2807914087,2021,60879.0,21608.0
2807914087,2022,64964.0,23416.0
2807914088,2015,45754.0,16726.0
2807914088,2016,47412.0,17403.0
2807914088,2017,47785.0,17768.0
2807914088,2018,47930.0,18107.0
2807914088,2019,50405.0,19364.0
2807914088,2020,48919.0,19315.0
2807914088,2021,50241.0,20137.0
2807914088,2022,52991.0,21517.0
2807914089,2015,40479.0,13729.0
2807914089,2016,41812.0,14011.0
2807914089,2017,42799.0,14463.0
2807914089,2018,45004.0,15113.0
2807914089,2019,46566.0,15413.0
2807914089,2020,48151.0,16227.0
2807914089,2021,46273.0,15801.0
2807914089,2022,48199.0,16589.0
2807914090,2015,38653.0,12893.0
2807914090,2016,38509.0,13065.0
2807914090,2017,39503.0,13203.0
2807914090,2018,39312.0,13184.0
2807914090,2019,42052.0,14027.0
2807914090,2020,42191.0,14218.0
2807914090,2021,42823.0,14227.0
2807914090,2022,42831.0,14483.0
2807914091,2015,53037.0,17320.0
2807914091,2016,52181.0,17234.0
2807914091,2017,54089.0,18141.0
2807914091,2018,55767.0,18734.0
2807914091,2019,57175.0,19355.0
2807914091,2020,57593.0,19644.0
2807914091,2021,61329.0,21089.0
2807914091,2022,60203.0,21566.0
2807914092,2015,36205.0,10966.0
2807914092,2016,36885.0,11439.0
2807914092,2017,37697.0,11894.0
2807914092,2018,39202.0,12390.0
2807914092,2019,40891.0,12664.0
2807914092,2020,39769.0,12372.0
2807914092,2021,43231.0,13693.0
2807914092,2022,43833.0,13969.0
2807914093,2015,45662.0,15600.0
2807914093,2016,46607.0,16175.0
2807914093,2017,46351.0,16382.0
2807914093,2018,47927.0,17112.0
2807914093,2019,49330.0,17701.0
2807914093,2020,49950.0,17640.0
2807914093,2021,50595.0,18092.0
2807914093,2022,52954.0,19341.0
2807914094,2015,,
2807914094,2016,,
2807914094,2017,58857.0,21322.0
2807914094,2018,60203.0,21750.0
2807914094,2019,64244.0,23421.0
2807914094,2020,64775.0,23692.0
2807914094,2021,63321.0,23517.0
2807914094,2022,65293.0,24926.0
2807914095,2015,,
2807914095,2016,,
2807914095,2017,62925.0,21359.0
2807914095,2018,63331.0,21919.0
2807914095,2019,63974.0,21981.0
2807914095,2020,66940.0,23162.0
2807914095,2021,68207.0,23951.0
2807914095,2022,72301.0,25939.0
2807915001,2015,36724.0,14989.0
2807915001,2016,37559.0,15429.0
2807915001,2017,38542.0,15653.0
2807915001,2018,39913.0,15651.0
2807915001,2019,40569.0,15757.0
2807915001,2020,41799.0,16092.0
2807915001,2021,42138.0,16813.0
2807915001,2022,45131.0,18061.0
2807915002,2015,29057.0,11874.0
2807915002,2016,29800.0,12174.0
2807915002,2017,30730.0,12642.0
2807915002,2018,31666.0,13000.0
2807915002,2019,34450.0,13945.0
2807915002,2020,33545.0,13849.0
2807915002,2021,34902.0,14358.0
2807915002,2022,38219.0,15639.0
2807915003,2015,28845.0,13786.0
2807915003,2016,28750.0,14208.0
2807915003,2017,29026.0,14023.0
2807915003,2018,30064.0,14842.0
2807915003,2019,31523.0,15534.0
2807915003,2020,31303.0,15475.0
2807915003,2021,31119.0,16070.0
2807915003,2022,33829.0,16830.0
2807915005,2015,31172.0,12024.0
2807915005,2016,31963.0,12411.0
2807915005,2017,31828.0,12470.0
2807915005,2018,34335.0,13419.0
2807915005,2019,35344.0,13981.0
2807915005,2020,34869.0,14000.0
2807915005,2021,34982.0,14217.0
2807915005,2022,37079.0,15177.0
2807915006,2015,28137.0,11057.0
2807915006,2016,28800.0,11384.0
2807915006,2017,30146.0,11787.0
2807915006,2018,31139.0,11779.0
2807915006,2019,32564.0,12869.0
2807915006,2020,31355.0,12402.0
2807915006,2021,33207.0,13119.0
2807915006,2022,34782.0,13761.0
2807915008,2015,27234.0,12035.0
2807915008,2016,27815.0,12272.0
2807915008,2017,28489.0,12540.0
2807915008,2018,28899.0,12576.0
2807915008,2019,30240.0,13266.0
2807915008,2020,30054.0,13452.0
2807915008,2021,31007.0,13793.0
2807915008,2022,33966.0,15059.0
2807915009,2015,22551.0,8430.0
2807915009,2016,23716.0,8710.0
2807915009,2017,24048.0,8859.0
2807915009,2018,25443.0,9372.0
2807915009,2019,27085.0,9755.0
2807915009,2020,26180.0,9648.0
2807915009,2021,27326.0,10083.0
2807915009,2022,30184.0,11330.0
2807915010,2015,22585.0,10412.0
2807915010,2016,22984.0,10838.0
2807915010,2017,23816.0,10535.0
2807915010,2018,25005.0,11177.0
2807915010,2019,25739.0,11277.0
2807915010,2020,25500.0,11267.0
2807915010,2021,26869.0,11884.0
2807915010,2022,29070.0,12401.0
2807915011,2015,23091.0,9119.0
2807915011,2016,23484.0,9212.0
2807915011,2017,24095.0,9221.0
2807915011,2018,25358.0,9667.0
2807915011,2019,26481.0,9864.0
2807915011,2020,26037.0,9906.0
2807915011,2021,26828.0,10384.0
2807915011,2022,28965.0,10536.0
2807915012,2015,28375.0,10994.0
2807915012,2016,28880.0,11426.0
2807915012,2017,28098.0,11033.0
2807915012,2018,28710.0,11504.0
2807915012,2019,31891.0,12224.0
2807915012,2020,29524.0,11604.0
2807915012,2021,31523.0,12175.0
2807915012,2022,35047.0,13476.0
2807915013,2015,26264.0,10141.0
2807915013,2016,26415.0,10103.0
2807915013,2017,26377.0,10335.0
2807915013,2018,27872.0,10981.0
2807915013,2019,28986.0,11492.0
2807915013,2020,28289.0,11298.0
2807915013,2021,29708.0,12121.0
2807915013,2022,32787.0,12833.0
2807915014,2015,25106.0,9846.0
2807915014,2016,26245.0,10338.0
2807915014,2017,26106.0,9992.0
2807915014,2018,26974.0,10471.0
2807915014,2019,30274.0,11622.0
2807915014,2020,28049.0,10925.0
2807915014,2021,28524.0,11492.0
2807915014,2022,31686.0,12655.0
2807915015,2015,24111.0,9828.0
2807915015,2016,24531.0,10263.0
2807915015,2017,24956.0,10432.0
2807915015,2018,26201.0,11021.0
2807915015,2019,28015.0,11701.0
2807915015,2020,26472.0,11377.0
2807915015,2021,26967.0,11115.0
2807915015,2022,28761.0,12098.0
2807915016,2015,22590.0,9403.0
2807915016,2016,22758.0,9441.0
2807915016,2017,23492.0,9574.0
2807915016,2018,24378.0,10010.0
2807915016,2019,25467.0,10451.0
2807915016,2020,24869.0,10229.0
2807915016,2021,26007.0,10885.0
2807915016,2022,28595.0,11851.0
2807915017,2015,26011.0,10115.0
2807915017,2016,26649.0,10672.0
2807915017,2017,27774.0,11182.0
2807915017,2018,27999.0,11348.0
2807915017,2019,29584.0,11841.0
2807915017,2020,28248.0,11720.0
2807915017,2021,29358.0,12267.0
2807915017,2022,31314.0,12985.0
2807915018,2015,27842.0,10881.0
2807915018,2016,28577.0,11132.0
2807915018,2017,29223.0,11240.0
2807915018,2018,30327.0,11915.0
2807915018,2019,30614.0,11990.0
2807915018,2020,30400.0,11824.0
2807915018,2021,31347.0,12222.0
2807915018,2022,34876.0,13693.0
2807915019,2015,23731.0,9897.0
2807915019,2016,24606.0,10113.0
2807915019,2017,24361.0,9962.0
2807915019,2018,25002.0,10220.0
2807915019,2019,27241.0,10847.0
2807915019,2020,27629.0,11267.0
2807915019,2021,28064.0,11702.0
2807915019,2022,30010.0,12561.0
2807915020,2015,24501.0,9772.0
2807915020,2016,24540.0,9882.0
2807915020,2017,25497.0,10126.0
2807915020,2018,26426.0,10484.0
2807915020,2019,27802.0,10940.0
2807915020,2020,27646.0,11058.0
2807915020,2021,28390.0,11520.0
2807915020,2022,30816.0,12207.0
2807915021,2015,22764.0,9403.0
2807915021,2016,23149.0,9602.0
2807915021,2017,24391.0,9775.0
2807915021,2018,25451.0,10400.0
2807915021,2019,26176.0,10812.0
2807915021,2020,25730.0,11112.0
2807915021,2021,27029.0,11685.0
2807915021,2022,29400.0,12452.0
2807915022,2015,23741.0,9541.0
2807915022,2016,24226.0,9649.0
2807915022,2017,25278.0,9905.0
2807915022,2018,26766.0,10125.0
2807915022,2019,29151.0,10926.0
2807915022,2020,28975.0,10940.0
2807915022,2021,29905.0,11492.0
2807915022,2022,33323.0,12787.0
2807915023,2015,27024.0,11033.0
2807915023,2016,27887.0,11439.0
2807915023,2017,28745.0,11859.0
2807915023,2018,28910.0,12043.0
2807915023,2019,31161.0,12934.0
2807915023,2020,31306.0,12899.0
2807915023,2021,33151.0,13495.0
2807915023,2022,35259.0,14332.0
2807915024,2015,29311.0,12456.0
2807915024,2016,29123.0,12230.0
2807915024,2017,30035.0,12381.0
2807915024,2018,30893.0,12826.0
2807915024,2019,33153.0,13717.0
2807915024,2020,33822.0,14339.0
2807915024,2021,34297.0,14721.0
2807915024,2022,36408.0,15669.0
2807915025,2015,32774.0,12686.0
2807915025,2016,33253.0,13162.0
2807915025,2017,32897.0,13051.0
2807915025,2018,33800.0,13531.0
2807915025,2019,35421.0,14361.0
2807915025,2020,34946.0,14389.0
2807915025,2021,35565.0,14862.0
2807915025,2022,38007.0,16097.0
2807915026,2015,25989.0,10265.0
2807915026,2016,26204.0,10261.0
2807915026,2017,27248.0,10723.0
2807915026,2018,28393.0,11116.0
2807915026,2019,29127.0,11513.0
2807915026,2020,29306.0,11547.0
2807915026,2021,31098.0,12351.0
2807915026,2022,32811.0,13037.0
2807915027,2015,30553.0,11897.0
2807915027,2016,32063.0,12375.0
2807915027,2017,33125.0,12893.0
2807915027,2018,33252.0,13153.0
2807915027,2019,34818.0,13888.0
2807915027,2020,34654.0,13940.0
2807915027,2021,35165.0,14090.0
2807915027,2022,37724.0,14509.0
2807915028,2015,32800.0,14313.0
2807915028,2016,32720.0,14176.0
2807915028,2017,32843.0,14287.0
2807915028,2018,35039.0,15112.0
2807915028,2019,35750.0,15001.0
2807915028,2020,37030.0,16049.0
2807915028,2021,41772.0,18064.0
2807915028,2022,39956.0,17005.0
2807915029,2015,28261.0,13077.0
2807915029,2016,28073.0,12812.0
2807915029,2017,29185.0,13228.0
2807915029,2018,28966.0,13560.0
2807915029,2019,30676.0,14156.0
2807915029,2020,29910.0,14198.0
2807915029,2021,30677.0,14787.0
2807915029,2022,32798.0,15711.0
2807915030,2015,37420.0,15930.0
2807915030,2016,38432.0,16480.0
2807915030,2017,38473.0,16484.0
2807915030,2018,40500.0,17466.0
2807915030,2019,40833.0,17394.0
2807915030,2020,39280.0,17027.0
2807915030,2021,40286.0,17572.0
2807915030,2022,42212.0,18504.0
2807915031,2015,33774.0,14343.0
2807915031,2016,33821.0,14118.0
2807915031,2017,35413.0,14954.0
2807915031,2018,37551.0,15615.0
2807915031,2019,37279.0,15628.0
2807915031,2020,37880.0,16219.0
2807915031,2021,37125.0,16311.0
2807915031,2022,41127.0,17709.0
2807915032,2015,34365.0,14668.0
2807915032,2016,35112.0,14978.0
2807915032,2017,36422.0,15260.0
2807915032,2018,38334.0,16000.0
2807915032,2019,39160.0,16314.0
2807915032,2020,38746.0,16466.0
2807915032,2021,39387.0,16851.0
2807915032,2022,42913.0,18221.0
2807915033,2015,28845.0,12997.0
2807915033,2016,30606.0,13922.0
2807915033,2017,31271.0,14279.0
2807915033,2018,32211.0,14825.0
2807915033,2019,33614.0,15266.0
2807915033,2020,32810.0,15086.0
2807915033,2021,34652.0,15941.0
2807915033,2022,36166.0,16137.0
2807915034,2015,29158.0,12041.0
2807915034,2016,30139.0,12652.0
2807915034,2017,29416.0,12012.0
2807915034,2018,32456.0,13637.0
2807915034,2019,32113.0,13112.0
2807915034,2020,32210.0,13375.0
2807915034,2021,32409.0,13479.0
2807915034,2022,34117.0,13913.0
2807915035,2015,30678.0,13556.0
2807915035,2016,32554.0,14312.0
2807915035,2017,32975.0,14697.0
2807915035,2018,34360.0,15353.0
2807915035,2019,36350.0,16177.0
2807915035,2020,35455.0,15936.0
2807915035,2021,38018.0,16604.0
2807915035,2022,38825.0,17163.0
2807915036,2015,28705.0,12260.0
2807915036,2016,30344.0,12936.0
2807915036,2017,30071.0,12941.0
2807915036,2018,32047.0,13847.0
2807915036,2019,33044.0,13954.0
2807915036,2020,31864.0,13785.0
2807915036,2021,31862.0,14165.0
2807915036,2022,35261.0,15033.0
2807915037,2015,28135.0,11446.0
2807915037,2016,27653.0,11642.0
2807915037,2017,28773.0,12177.0
2807915037,2018,30170.0,12456.0
2807915037,2019,31451.0,13146.0
2807915037,2020,30707.0,12824.0
2807915037,2021,31263.0,12984.0
2807915037,2022,33988.0,14107.0
2807915038,2015,27628.0,11646.0
2807915038,2016,28293.0,11864.0
2807915038,2017,28064.0,11640.0
2807915038,2018,29785.0,12544.0
2807915038,2019,30662.0,12561.0
2807915038,2020,31561.0,13070.0
2807915038,2021,31208.0,13438.0
2807915038,2022,34683.0,14856.0
2807915039,2015,26810.0,11973.0
2807915039,2016,27361.0,12021.0
2807915039,2017,28403.0,12280.0
2807915039,2018,28840.0,12442.0
2807915039,2019,29546.0,12761.0
2807915039,2020,30393.0,13403.0
2807915039,2021,29943.0,13235.0
2807915039,2022,33226.0,14283.0
2807915040,2015,24849.0,10686.0
2807915040,2016,26401.0,11526.0
2807915040,2017,27741.0,11628.0
2807915040,2018,28459.0,12058.0
2807915040,2019,30426.0,12584.0
2807915040,2020,28834.0,12402.0
2807915040,2021,30636.0,13276.0
2807915040,2022,32504.0,14078.0
2807915041,2015,30460.0,12532.0
2807915041,2016,31003.0,12637.0
2807915041,2017,28686.0,11569.0
2807915041,2018,30436.0,11995.0
2807915041,2019,32383.0,12528.0
2807915041,2020,32013.0,12723.0
2807915041,2021,32533.0,12735.0
2807915041,2022,34509.0,13271.0
2807915042,2015,31579.0,12289.0
2807915042,2016,32691.0,12714.0
2807915042,2017,33757.0,12868.0
2807915042,2018,33331.0,12759.0
2807915042,2019,36164.0,14069.0
2807915042,2020,35103.0,13895.0
2807915042,2021,35560.0,14067.0
2807915042,2022,37513.0,14903.0
2807915043,2015,29906.0,11733.0
2807915043,2016,29435.0,11560.0
2807915043,2017,29577.0,11648.0
2807915043,2018,31654.0,12344.0
2807915043,2019,31794.0,12379.0
2807915043,2020,32576.0,12870.0
2807915043,2021,31904.0,12825.0
2807915043,2022,35997.0,14262.0
2807915044,2015,31650.0,13033.0
2807915044,2016,31731.0,12893.0
2807915044,2017,32494.0,13049.0
2807915044,2018,33588.0,13806.0
2807915044,2019,34904.0,14060.0
2807915044,2020,35102.0,14320.0
2807915044,2021,36005.0,14899.0
2807915044,2022,37058.0,15377.0
2807915045,2015,31385.0,12512.0
2807915045,2016,31139.0,12466.0
2807915045,2017,31457.0,12422.0
2807915045,2018,32000.0,12610.0
2807915045,2019,33428.0,13124.0
2807915045,2020,33462.0,13710.0
2807915045,2021,34618.0,13970.0
2807915045,2022,36731.0,14717.0
2807915046,2015,31768.0,11910.0
2807915046,2016,32301.0,12248.0
2807915046,2017,32599.0,12443.0
2807915046,2018,33677.0,12853.0
2807915046,2019,35627.0,13149.0
2807915046,2020,35438.0,13038.0
2807915046,2021,35994.0,13583.0
2807915046,2022,38305.0,14352.0
2807915047,2015,29640.0,11589.0
2807915047,2016,28861.0,11125.0
2807915047,2017,29776.0,11867.0
2807915047,2018,30988.0,12620.0
2807915047,2019,35098.0,14234.0
2807915047,2020,38604.0,15915.0
2807915047,2021,34921.0,14111.0
2807915047,2022,35763.0,14357.0
2807915048,2015,29538.0,11176.0
2807915048,2016,30778.0,11504.0
2807915048,2017,31107.0,11940.0
2807915048,2018,31674.0,11863.0
2807915048,2019,33155.0,12363.0
2807915048,2020,33566.0,12782.0
2807915048,2021,32631.0,12467.0
2807915048,2022,35400.0,13153.0
2807915049,2015,24920.0,9679.0
2807915049,2016,25400.0,9986.0
2807915049,2017,25919.0,10220.0
2807915049,2018,26839.0,10451.0
2807915049,2019,29257.0,11246.0
2807915049,2020,28293.0,11239.0
2807915049,2021,29398.0,11391.0
2807915049,2022,30212.0,11853.0
2807915050,2015,28579.0,11484.0
2807915050,2016,28159.0,11212.0
2807915050,2017,29638.0,11510.0
2807915050,2018,29758.0,11440.0
2807915050,2019,31434.0,11911.0
2807915050,2020,31455.0,12030.0
2807915050,2021,32716.0,12887.0
2807915050,2022,33509.0,13130.0
2807915051,2015,28651.0,11279.0
2807915051,2016,29168.0,11552.0
2807915051,2017,29460.0,11400.0
2807915051,2018,30632.0,11776.0
2807915051,2019,32639.0,12494.0
2807915051,2020,32042.0,12639.0
2807915051,2021,33208.0,13193.0
2807915051,2022,34375.0,13528.0
2807915052,2015,26091.0,9762.0
2807915052,2016,26787.0,10460.0
2807915052,2017,27584.0,10731.0
2807915052,2018,28953.0,10905.0
2807915052,2019,29992.0,11433.0
2807915052,2020,29628.0,11283.0
2807915052,2021,29969.0,11770.0
2807915052,2022,32369.0,12636.0
2807915053,2015,25008.0,9276.0
2807915053,2016,25537.0,9695.0
2807915053,2017,25726.0,9601.0
2807915053,2018,27126.0,9964.0
2807915053,2019,28536.0,10455.0
2807915053,2020,27271.0,10172.0
2807915053,2021,28711.0,10705.0
2807915053,2022,30343.0,11055.0
2807915054,2015,25479.0,10143.0
2807915054,2016,25046.0,10134.0
2807915054,2017,25318.0,10182.0
2807915054,2018,26861.0,10614.0
2807915054,2019,27922.0,10813.0
2807915054,2020,28082.0,11107.0
2807915054,2021,29049.0,11477.0
2807915054,2022,30301.0,12263.0
2807915056,2015,26937.0,10454.0
2807915056,2016,27175.0,10459.0
2807915056,2017,27063.0,10825.0
2807915056,2018,28292.0,11401.0
2807915056,2019,30298.0,11819.0
2807915056,2020,28951.0,11543.0
2807915056,2021,30507.0,12223.0
2807915056,2022,32991.0,12703.0
2807915057,2015,27509.0,10236.0
2807915057,2016,27625.0,10410.0
2807915057,2017,29142.0,10904.0
2807915057,2018,29784.0,11212.0
2807915057,2019,31135.0,11751.0
2807915057,2020,30531.0,11576.0
2807915057,2021,31213.0,11892.0
2807915057,2022,34072.0,12759.0
2807915058,2015,25469.0,9104.0
2807915058,2016,24751.0,9219.0
2807915058,2017,26624.0,9614.0
2807915058,2018,27925.0,10037.0
2807915058,2019,29872.0,10352.0
2807915058,2020,29015.0,10230.0
2807915058,2021,30089.0,10810.0
2807915058,2022,32850.0,11734.0
2807915059,2015,24775.0,9007.0
2807915059,2016,24794.0,8989.0
2807915059,2017,24743.0,9212.0
2807915059,2018,26797.0,10099.0
2807915059,2019,27953.0,10309.0
2807915059,2020,27494.0,10339.0
2807915059,2021,29022.0,11199.0
2807915059,2022,30864.0,11736.0
2807915060,2015,24052.0,9052.0
2807915060,2016,24581.0,9275.0
2807915060,2017,25247.0,9645.0
2807915060,2018,26216.0,10030.0
2807915060,2019,27589.0,10698.0
2807915060,2020,26921.0,10485.0
2807915060,2021,26900.0,10656.0
2807915060,2022,28771.0,11499.0
2807915061,2015,27677.0,10551.0
2807915061,2016,28799.0,10855.0
2807915061,2017,28630.0,10784.0
2807915061,2018,30430.0,11293.0
2807915061,2019,31619.0,11797.0
2807915061,2020,30783.0,11638.0
2807915061,2021,31001.0,11896.0
2807915061,2022,34294.0,13186.0
2807915062,2015,31929.0,12625.0
2807915062,2016,32795.0,12660.0
2807915062,2017,32797.0,12690.0
2807915062,2018,33029.0,13071.0
2807915062,2019,35867.0,14193.0
2807915062,2020,35790.0,14410.0
2807915062,2021,36811.0,14782.0
2807915062,2022,38094.0,15293.0
2807915065,2015,39632.0,14612.0
2807915065,2016,39923.0,14582.0
2807915065,2017,41245.0,15216.0
2807915065,2018,42758.0,15651.0
2807915065,2019,42973.0,15941.0
2807915065,2020,45465.0,17003.0
2807915065,2021,45859.0,16939.0
2807915065,2022,48287.0,18130.0
2807915066,2015,33383.0,14398.0
2807915066,2016,32901.0,14379.0
2807915066,2017,33592.0,14693.0
2807915066,2018,33756.0,14657.0
2807915066,2019,37386.0,15639.0
2807915066,2020,38385.0,16171.0
2807915066,2021,35901.0,15430.0
2807915066,2022,38338.0,16567.0
2807915067,2015,34560.0,14434.0
2807915067,2016,34363.0,14535.0
2807915067,2017,35154.0,14776.0
2807915067,2018,34910.0,14812.0
2807915067,2019,35876.0,15454.0
2807915067,2020,37267.0,16325.0
2807915067,2021,33652.0,14842.0
2807915067,2022,37321.0,16666.0
2807915068,2015,37355.0,15381.0
2807915068,2016,38171.0,15469.0
2807915068,2017,39446.0,16121.0
2807915068,2018,41162.0,16760.0
2807915068,2019,42751.0,17720.0
2807915068,2020,41661.0,17618.0
2807915068,2021,41674.0,17575.0
2807915068,2022,43940.0,19369.0
2807915069,2015,45086.0,15538.0
2807915069,2016,46546.0,16052.0
2807915069,2017,47511.0,16336.0
2807915069,2018,47970.0,16583.0
2807915069,2019,50784.0,17415.0
2807915069,2020,51183.0,17983.0
2807915069,2021,51815.0,18578.0
2807915069,2022,53805.0,19604.0
2807915070,2015,40344.0,14714.0
2807915070,2016,41622.0,15230.0
2807915070,2017,41667.0,15166.0
2807915070,2018,42746.0,15700.0
2807915070,2019,44246.0,16218.0
2807915070,2020,43696.0,15930.0
2807915070,2021,44650.0,16533.0
2807915070,2022,47553.0,17654.0
2807915071,2015,21420.0,9402.0
2807915071,2016,21693.0,9461.0
2807915071,2017,22109.0,9828.0
2807915071,2018,23457.0,10104.0
2807915071,2019,25246.0,10561.0
2807915071,2020,24296.0,10396.0
2807915071,2021,25558.0,10892.0
2807915071,2022,27422.0,11107.0
2807915073,2015,24691.0,9015.0
2807915073,2016,24572.0,9111.0
2807915073,2017,25291.0,9124.0
2807915073,2018,27196.0,9750.0
2807915073,2019,28159.0,9663.0
2807915073,2020,27597.0,9829.0
2807915073,2021,29393.0,10258.0
2807915073,2022,31790.0,10888.0
2807915074,2015,25550.0,10263.0
2807915074,2016,26788.0,10805.0
2807915074,2017,27930.0,11309.0
2807915074,2018,28126.0,11084.0
2807915074,2019,29669.0,11470.0
2807915074,2020,29481.0,11811.0
2807915074,2021,29862.0,12057.0
2807915074,2022,31760.0,12582.0
2807915075,2015,28008.0,10986.0
2807915075,2016,28195.0,11216.0
2807915075,2017,28857.0,11341.0
2807915075,2018,29914.0,11982.0
2807915075,2019,31243.0,12170.0
2807915075,2020,30552.0,12115.0
2807915075,2021,31276.0,12523.0
2807915075,2022,32976.0,12825.0
2807915076,2015,25109.0,10203.0
2807915076,2016,25793.0,10344.0
2807915076,2017,26313.0,10587.0
2807915076,2018,27396.0,11016.0
2807915076,2019,28500.0,11283.0
2807915076,2020,28231.0,11293.0
2807915076,2021,29511.0,11923.0
2807915076,2022,29824.0,12316.0
2807915077,2015,30741.0,12565.0
2807915077,2016,30597.0,12463.0
2807915077,2017,31101.0,12423.0
2807915077,2018,31418.0,12899.0
2807915077,2019,32993.0,13324.0
2807915077,2020,32993.0,13805.0
2807915077,2021,33834.0,13976.0
2807915077,2022,36095.0,14582.0
2807915078,2015,22548.0,9804.0
2807915078,2016,22640.0,10225.0
2807915078,2017,23562.0,9994.0
2807915078,2018,23761.0,10000.0
2807915078,2019,25140.0,10288.0
2807915078,2020,24959.0,10635.0
2807915078,2021,24293.0,10694.0
2807915078,2022,26653.0,11188.0
2807915079,2015,25253.0,10853.0
2807915079,2016,25325.0,11071.0
2807915079,2017,25877.0,11477.0
2807915079,2018,27358.0,11393.0
2807915079,2019,27396.0,11142.0
2807915079,2020,27369.0,11629.0
2807915079,2021,28481.0,11671.0
2807915079,2022,29133.0,12381.0
2807915080,2015,20762.0,9276.0
2807915080,2016,21143.0,9515.0
2807915080,2017,21418.0,9153.0
2807915080,2018,22475.0,9509.0
2807915080,2019,23347.0,9641.0
2807915080,2020,23212.0,9631.0
2807915080,2021,24310.0,10189.0
2807915080,2022,25823.0,10729.0
2807915081,2015,23476.0,8191.0
2807915081,2016,23612.0,8387.0
2807915081,2017,23939.0,8705.0
2807915081,2018,25090.0,8817.0
2807915081,2019,26692.0,8955.0
2807915081,2020,26364.0,9265.0
2807915081,2021,27014.0,9735.0
2807915081,2022,28958.0,10039.0
2807915082,2015,35774.0,14339.0
2807915082,2016,34882.0,13919.0
2807915082,2017,34564.0,13937.0
2807915082,2018,36119.0,14373.0
2807915082,2019,35623.0,14436.0
2807915082,2020,35672.0,14712.0
2807915082,2021,36513.0,15186.0
2807915082,2022,38008.0,15647.0
2807915083,2015,26240.0,9826.0
2807915083,2016,27432.0,9953.0
2807915083,2017,27188.0,9794.0
2807915083,2018,27494.0,9991.0
2807915083,2019,29351.0,10464.0
2807915083,2020,28823.0,10688.0
2807915083,2021,29704.0,10766.0
2807915083,2022,32031.0,11753.0
2807915084,2015,27495.0,10982.0
2807915084,2016,28453.0,10772.0
2807915084,2017,30050.0,11252.0
2807915084,2018,30707.0,11124.0
2807915084,2019,32191.0,11461.0
2807915084,2020,31209.0,11754.0
2807915084,2021,32788.0,12315.0
2807915084,2022,33112.0,12354.0
2807915085,2015,29850.0,10568.0
2807915085,2016,30160.0,10669.0
2807915085,2017,29853.0,10586.0
2807915085,2018,31082.0,11039.0
2807915085,2019,33244.0,11491.0
2807915085,2020,31714.0,11417.0
2807915085,2021,32478.0,11912.0
2807915085,2022,33861.0,12307.0
2807915086,2015,33267.0,13300.0
2807915086,2016,33708.0,13647.0
2807915086,2017,34769.0,14238.0
2807915086,2018,36304.0,14213.0
2807915086,2019,39061.0,15048.0
2807915086,2020,38680.0,15391.0
2807915086,2021,40253.0,16139.0
2807915086,2022,39752.0,15618.0
2807915087,2015,21591.0,9267.0
2807915087,2016,22366.0,9467.0
2807915087,2017,22696.0,9478.0
2807915087,2018,23747.0,9481.0
2807915087,2019,25135.0,9751.0
2807915087,2020,25025.0,10030.0
2807915087,2021,25813.0,10785.0
2807915087,2022,27263.0,11010.0
2807915088,2015,21938.0,8250.0
2807915088,2016,23285.0,8900.0
2807915088,2017,23463.0,9101.0
2807915088,2018,25196.0,9538.0
2807915088,2019,25944.0,9762.0
2807915088,2020,25129.0,9747.0
2807915088,2021,26778.0,10199.0
2807915088,2022,27166.0,10216.0
2807915089,2015,27952.0,10552.0
2807915089,2016,28216.0,10374.0
2807915089,2017,28324.0,10393.0
2807915089,2018,28898.0,10489.0
2807915089,2019,29635.0,10631.0
2807915089,2020,29211.0,10660.0
2807915089,2021,30084.0,11105.0
2807915089,2022,32538.0,11779.0
2807915090,2015,36570.0,14790.0
2807915090,2016,37317.0,15073.0
2807915090,2017,37097.0,14874.0
2807915090,2018,38715.0,15699.0
2807915090,2019,41000.0,16675.0
2807915090,2020,39833.0,16523.0
2807915090,2021,40834.0,17168.0
2807915090,2022,42790.0,18376.0
2807915092,2015,47966.0,20085.0
2807915092,2016,44697.0,18864.0
2807915092,2017,44707.0,19105.0
2807915092,2018,45265.0,19651.0
2807915092,2019,48337.0,20590.0
2807915092,2020,48029.0,20720.0
2807915092,2021,48657.0,21284.0
2807915092,2022,53503.0,23104.0
2807915093,2015,32087.0,13098.0
2807915093,2016,32446.0,13232.0
2807915093,2017,32713.0,13546.0
2807915093,2018,33501.0,13629.0
2807915093,2019,36574.0,14497.0
2807915093,2020,36553.0,14665.0
2807915093,2021,36709.0,14717.0
2807915093,2022,38575.0,15841.0
2807915094,2015,32605.0,13803.0
2807915094,2016,32453.0,13905.0
2807915094,2017,32108.0,13849.0
2807915094,2018,34299.0,15141.0
2807915094,2019,34220.0,15368.0
2807915094,2020,33792.0,15088.0
2807915094,2021,35670.0,15743.0
2807915094,2022,37337.0,16751.0
2807915095,2015,24697.0,10798.0
2807915095,2016,25127.0,10580.0
2807915095,2017,27786.0,11927.0
2807915095,2018,27829.0,11567.0
2807915095,2019,29053.0,12053.0
2807915095,2020,28348.0,12173.0
2807915095,2021,29409.0,12762.0
2807915095,2022,31401.0,13417.0
2807915096,2015,28824.0,11840.0
2807915096,2016,30208.0,12488.0
2807915096,2017,30544.0,12515.0
2807915096,2018,30468.0,12588.0
2807915096,2019,32061.0,13399.0
2807915096,2020,32634.0,13819.0
2807915096,2021,33029.0,13762.0
2807915096,2022,34311.0,13775.0
2807915097,2015,29403.0,10411.0
2807915097,2016,29441.0,10309.0
2807915097,2017,29477.0,10438.0
2807915097,2018,30429.0,10896.0
2807915097,2019,32706.0,11890.0
2807915097,2020,31031.0,11423.0
2807915097,2021,32280.0,12220.0
2807915097,2022,33414.0,12521.0
2807915098,2015,25919.0,10745.0
2807915098,2016,26723.0,11320.0
2807915098,2017,25556.0,10755.0
2807915098,2018,27523.0,11095.0
2807915098,2019,29997.0,11939.0
2807915098,2020,28863.0,11630.0
2807915098,2021,28342.0,11700.0
2807915098,2022,30919.0,12018.0
2807915099,2015,28750.0,10812.0
2807915099,2016,29511.0,10955.0
2807915099,2017,29387.0,10931.0
2807915099,2018,32242.0,12009.0
2807915099,2019,31643.0,11984.0
2807915099,2020,31548.0,12496.0
2807915099,2021,32278.0,12665.0
2807915099,2022,35420.0,13430.0
2807915100,2015,26624.0,11149.0
2807915100,2016,27533.0,11463.0
2807915100,2017,28153.0,11927.0
2807915100,2018,29863.0,12338.0
2807915100,2019,30636.0,12269.0
2807915100,2020,30667.0,12700.0
2807915100,2021,32368.0,13997.0
2807915100,2022,32999.0,13897.0
2807915101,2015,27995.0,11332.0
2807915101,2016,28742.0,11447.0
2807915101,2017,28008.0,11177.0
2807915101,2018,29942.0,12017.0
2807915101,2019,31541.0,12256.0
2807915101,2020,31734.0,12700.0
2807915101,2021,30832.0,12676.0
2807915101,2022,34185.0,13799.0
2807915102,2015,29136.0,11829.0
2807915102,2016,28362.0,11758.0
2807915102,2017,29467.0,11990.0
2807915102,2018,30020.0,12305.0
2807915102,2019,32468.0,13355.0
2807915102,2020,32115.0,13181.0
2807915102,2021,34144.0,14352.0
2807915102,2022,36069.0,15108.0
2807915103,2015,27486.0,11638.0
2807915103,2016,28512.0,12293.0
2807915103,2017,28483.0,12336.0
2807915103,2018,29940.0,13011.0
2807915103,2019,30835.0,13190.0
2807915103,2020,31164.0,13699.0
2807915103,2021,32193.0,14446.0
2807915103,2022,34469.0,14884.0
2807915104,2015,24240.0,11179.0
2807915104,2016,25892.0,12098.0
2807915104,2017,23775.0,11253.0
2807915104,2018,24873.0,11561.0
2807915104,2019,26438.0,12107.0
2807915104,2020,26221.0,12141.0
2807915104,2021,26999.0,13017.0
2807915104,2022,,
2807915105,2015,27215.0,12699.0
2807915105,2016,27510.0,12639.0
2807915105,2017,30116.0,13738.0
2807915105,2018,28663.0,13163.0
2807915105,2019,29854.0,13709.0
2807915105,2020,30320.0,14143.0
2807915105,2021,31926.0,14737.0
2807915105,2022,33975.0,15327.0
2807915106,2015,29686.0,12111.0
2807915106,2016,30160.0,12059.0
2807915106,2017,30707.0,12502.0
2807915106,2018,32885.0,12881.0
2807915106,2019,35071.0,13499.0
2807915106,2020,32805.0,13213.0
2807915106,2021,35119.0,14402.0
2807915106,2022,36389.0,13150.0
2807915108,2015,31232.0,13877.0
2807915108,2016,31106.0,13790.0
2807915108,2017,30398.0,13145.0
2807915108,2018,31215.0,13119.0
2807915108,2019,33133.0,13797.0
2807915108,2020,33167.0,14199.0
2807915108,2021,33372.0,14192.0
2807915108,2022,36728.0,15531.0
2807915109,2015,33904.0,14442.0
2807915109,2016,33718.0,14216.0
2807915109,2017,34013.0,14349.0
2807915109,2018,35327.0,15022.0
2807915109,2019,36354.0,15403.0
2807915109,2020,35562.0,15124.0
2807915109,2021,36911.0,16197.0
2807915109,2022,39958.0,17286.0
2807915110,2015,26353.0,11567.0
2807915110,2016,26650.0,11932.0
2807915110,2017,26841.0,11762.0
2807915110,2018,27929.0,12371.0
2807915110,2019,29506.0,12958.0
2807915110,2020,31150.0,14292.0
2807915110,2021,30402.0,13752.0
2807915110,2022,31885.0,14650.0
2807915111,2015,31756.0,14651.0
2807915111,2016,32888.0,14990.0
2807915111,2017,34494.0,15820.0
2807915111,2018,34165.0,15729.0
2807915111,2019,35575.0,16619.0
2807915111,2020,37863.0,17923.0
2807915111,2021,39653.0,18081.0
2807915111,2022,40320.0,18277.0
2807915112,2015,30689.0,12821.0
2807915112,2016,32291.0,13460.0
2807915112,2017,32217.0,13150.0
2807915112,2018,34012.0,13998.0
2807915112,2019,36414.0,14913.0
2807915112,2020,35942.0,14865.0
2807915112,2021,35774.0,15202.0
2807915112,2022,38128.0,15791.0
2807915113,2015,30566.0,13475.0
2807915113,2016,30474.0,13696.0
2807915113,2017,31072.0,13997.0
2807915113,2018,32449.0,14497.0
2807915113,2019,33938.0,14882.0
2807915113,2020,35631.0,15883.0
2807915113,2021,36546.0,16653.0
2807915113,2022,37834.0,16760.0
2807915114,2015,31137.0,14174.0
2807915114,2016,30542.0,14405.0
2807915114,2017,32298.0,15240.0
2807915114,2018,33601.0,15517.0
2807915114,2019,35155.0,15720.0
2807915114,2020,34733.0,16043.0
2807915114,2021,35346.0,16370.0
2807915114,2022,37556.0,16978.0
2807915115,2015,33221.0,14670.0
2807915115,2016,34147.0,15143.0
2807915115,2017,34185.0,15158.0
2807915115,2018,34933.0,15900.0
2807915115,2019,37197.0,16782.0
2807915115,2020,37724.0,17236.0
2807915115,2021,38079.0,17465.0
2807915115,2022,41085.0,18573.0
2807915116,2015,30827.0,12287.0
2807915116,2016,31516.0,12892.0
2807915116,2017,32468.0,13131.0
2807915116,2018,33705.0,13788.0
2807915116,2019,35501.0,14563.0
2807915116,2020,34413.0,14486.0
2807915116,2021,37096.0,15640.0
2807915116,2022,38746.0,16374.0
2807915117,2015,26483.0,11460.0
2807915117,2016,26706.0,11501.0
2807915117,2017,27347.0,11408.0
2807915117,2018,29092.0,12272.0
2807915117,2019,29608.0,12723.0
2807915117,2020,30104.0,13011.0
2807915117,2021,31015.0,13446.0
2807915117,2022,32657.0,14411.0
2807915118,2015,26251.0,12993.0
2807915118,2016,27252.0,13130.0
2807915118,2017,27459.0,13593.0
2807915118,2018,28107.0,14022.0
2807915118,2019,29146.0,14526.0
2807915118,2020,30216.0,14783.0
2807915118,2021,31359.0,15108.0
2807915118,2022,32207.0,15706.0
2807915119,2015,25772.0,12038.0
2807915119,2016,26215.0,12270.0
2807915119,2017,26752.0,12794.0
2807915119,2018,27845.0,13495.0
2807915119,2019,28799.0,14041.0
2807915119,2020,28115.0,13730.0
2807915119,2021,28980.0,14741.0
2807915119,2022,31156.0,15733.0
2807915120,2015,24767.0,11350.0
2807915120,2016,26124.0,11874.0
2807915120,2017,27324.0,12229.0
2807915120,2018,28324.0,12426.0
2807915120,2019,30426.0,13409.0
2807915120,2020,28843.0,12419.0
2807915120,2021,30250.0,13956.0
2807915120,2022,31415.0,14204.0
2807915121,2015,25878.0,13167.0
2807915121,2016,27338.0,13787.0
2807915121,2017,27250.0,13625.0
2807915121,2018,27932.0,13710.0
2807915121,2019,28882.0,14482.0
2807915121,2020,29519.0,14999.0
2807915121,2021,32740.0,16634.0
2807915121,2022,34552.0,17276.0
2807915122,2015,34145.0,14875.0
2807915122,2016,33576.0,14724.0
2807915122,2017,34424.0,15033.0
2807915122,2018,35465.0,15475.0
2807915122,2019,35416.0,15520.0
2807915122,2020,36466.0,16333.0
2807915122,2021,37649.0,16214.0
2807915122,2022,40271.0,17101.0
2807915123,2015,37201.0,15617.0
2807915123,2016,38823.0,16113.0
2807915123,2017,39116.0,16403.0
2807915123,2018,41023.0,17269.0
2807915123,2019,42060.0,17480.0
2807915123,2020,42685.0,17865.0
2807915123,2021,44070.0,18245.0
2807915123,2022,46823.0,19387.0
2807915124,2015,33214.0,13950.0
2807915124,2016,31766.0,13364.0
2807915124,2017,33362.0,14278.0
2807915124,2018,34143.0,14096.0
2807915124,2019,36095.0,14502.0
2807915124,2020,34996.0,14420.0
2807915124,2021,37170.0,15853.0
2807915124,2022,39980.0,16564.0
2807915125,2015,50067.0,19088.0
2807915125,2016,54662.0,20624.0
2807915125,2017,53767.0,20139.0
2807915125,2018,65724.0,24938.0
2807915125,2019,58072.0,21649.0
2807915125,2020,57257.0,21739.0
2807915125,2021,57409.0,21916.0
2807915125,2022,61150.0,23695.0
2807915126,2015,29314.0,11795.0
2807915126,2016,29849.0,12041.0
2807915126,2017,30809.0,12250.0
2807915126,2018,32199.0,13012.0
2807915126,2019,33990.0,13811.0
2807915126,2020,33683.0,13947.0
2807915126,2021,33866.0,13985.0
2807915126,2022,35894.0,14376.0
2807915127,2015,41227.0,17091.0
2807915127,2016,42221.0,17960.0
2807915127,2017,42346.0,18074.0
2807915127,2018,44453.0,18759.0
2807915127,2019,46257.0,19534.0
2807915127,2020,47057.0,20414.0
2807915127,2021,46636.0,20075.0
2807915127,2022,46612.0,20957.0
2807915128,2015,53685.0,21851.0
2807915128,2016,51919.0,21100.0
2807915128,2017,50049.0,20436.0
2807915128,2018,56964.0,23196.0
2807915128,2019,54886.0,23104.0
2807915128,2020,55938.0,23763.0
2807915128,2021,54365.0,23268.0
2807915128,2022,55919.0,24316.0
2807915129,2015,36449.0,15829.0
2807915129,2016,36688.0,16358.0
2807915129,2017,37246.0,16447.0
2807915129,2018,39791.0,16986.0
2807915129,2019,41286.0,18063.0
2807915129,2020,41956.0,18642.0
2807915129,2021,38759.0,17199.0
2807915129,2022,42407.0,18720.0
2807915130,2015,31830.0,14305.0
2807915130,2016,31154.0,14304.0
2807915130,2017,31581.0,14239.0
2807915130,2018,33347.0,15235.0
2807915130,2019,35578.0,16314.0
2807915130,2020,34684.0,15778.0
2807915130,2021,35411.0,16468.0
2807915130,2022,37532.0,17226.0
2807915131,2015,30754.0,13330.0
2807915131,2016,30884.0,13274.0
2807915131,2017,32307.0,13920.0
2807915131,2018,33675.0,14448.0
2807915131,2019,36280.0,15565.0
2807915131,2020,37171.0,15511.0
2807915131,2021,36576.0,15581.0
2807915131,2022,36469.0,15731.0
2807915132,2015,36022.0,13469.0
2807915132,2016,36644.0,13517.0
2807915132,2017,37311.0,14092.0
2807915132,2018,38048.0,14343.0
2807915132,2019,41795.0,16139.0
2807915132,2020,42212.0,16678.0
2807915132,2021,41575.0,16658.0
2807915132,2022,44834.0,18057.0
2807915133,2015,31956.0,12963.0
2807915133,2016,31852.0,13167.0
2807915133,2017,33826.0,13852.0
2807915133,2018,34436.0,13983.0
2807915133,2019,35892.0,14868.0
2807915133,2020,36087.0,14795.0
2807915133,2021,37074.0,15731.0
2807915133,2022,39911.0,16992.0
2807915134,2015,36004.0,15140.0
2807915134,2016,36049.0,15219.0
2807915134,2017,35011.0,15392.0
2807915134,2018,36324.0,16056.0
2807915134,2019,37402.0,16265.0
2807915134,2020,36918.0,16341.0
2807915134,2021,38272.0,16997.0
2807915134,2022,40599.0,18120.0
2807915135,2015,31134.0,12718.0
2807915135,2016,31476.0,13163.0
2807915135,2017,32412.0,13478.0
2807915135,2018,33575.0,14105.0
2807915135,2019,34898.0,14869.0
2807915135,2020,33913.0,14779.0
2807915135,2021,35614.0,15581.0
2807915135,2022,38811.0,17134.0
2807915136,2015,30621.0,13649.0
2807915136,2016,31221.0,13989.0
2807915136,2017,31561.0,14249.0
2807915136,2018,32055.0,14470.0
2807915136,2019,33625.0,14628.0
2807915136,2020,32920.0,14551.0
2807915136,2021,32785.0,14858.0
2807915136,2022,35777.0,16156.0
2807915138,2015,24821.0,11888.0
2807915138,2016,25286.0,11910.0
2807915138,2017,25286.0,12222.0
2807915138,2018,27127.0,12815.0
2807915138,2019,27333.0,12789.0
2807915138,2020,27240.0,12990.0
2807915138,2021,27891.0,13538.0
2807915138,2022,31287.0,14956.0
2807915139,2015,24560.0,11738.0
2807915139,2016,24975.0,12066.0
2807915139,2017,,
2807915139,2018,,
2807915139,2019,,
2807915139,2020,,
2807915139,2021,,
2807915139,2022,,
2807915140,2015,24820.0,12356.0
2807915140,2016,24305.0,12259.0
2807915140,2017,25066.0,12449.0
2807915140,2018,26028.0,12831.0
2807915140,2019,27463.0,13368.0
2807915140,2020,27376.0,13668.0
2807915140,2021,28976.0,14337.0
2807915140,2022,31768.0,15534.0
2807915141,2015,33035.0,14447.0
2807915141,2016,35608.0,15525.0
2807915141,2017,33918.0,14648.0
2807915141,2018,36892.0,15890.0
2807915141,2019,37388.0,16099.0
2807915141,2020,36702.0,15793.0
2807915141,2021,37543.0,16580.0
2807915141,2022,40413.0,17413.0
2807915142,2015,55363.0,22975.0
2807915142,2016,56257.0,23767.0
2807915142,2017,56017.0,23993.0
2807915142,2018,54956.0,24056.0
2807915142,2019,54990.0,24346.0
2807915142,2020,55113.0,24753.0
2807915142,2021,56905.0,25769.0
2807915142,2022,58696.0,27177.0
2807915143,2015,63663.0,24552.0
2807915143,2016,67157.0,25933.0
2807915143,2017,62419.0,23922.0
2807915143,2018,65477.0,25105.0
2807915143,2019,69176.0,26730.0
2807915143,2020,69514.0,27087.0
2807915143,2021,74876.0,30080.0
2807915143,2022,73697.0,29919.0
2807915144,2015,70657.0,25255.0
2807915144,2016,66434.0,23766.0
2807915144,2017,65208.0,23410.0
2807915144,2018,69068.0,24882.0
2807915144,2019,69622.0,25083.0
2807915144,2020,69774.0,25678.0
2807915144,2021,73066.0,26642.0
2807915144,2022,74080.0,27073.0
2807915145,2015,53472.0,19848.0
2807915145,2016,53290.0,20142.0
2807915145,2017,56938.0,21362.0
2807915145,2018,55550.0,21104.0
2807915145,2019,57173.0,21792.0
2807915145,2020,61082.0,23283.0
2807915145,2021,60406.0,23021.0
2807915145,2022,,
2807915146,2015,54723.0,22204.0
2807915146,2016,55477.0,22873.0
2807915146,2017,56000.0,23338.0
2807915146,2018,55994.0,23202.0
2807915146,2019,61191.0,25632.0
2807915146,2020,55743.0,23771.0
2807915146,2021,56137.0,23892.0
2807915146,2022,58198.0,24442.0
2807915147,2015,71770.0,25188.0
2807915147,2016,77415.0,27281.0
2807915147,2017,73745.0,26330.0
2807915147,2018,77246.0,27762.0
2807915147,2019,85766.0,31037.0
2807915147,2020,76529.0,28344.0
2807915147,2021,80083.0,30090.0
2807915147,2022,71678.0,27362.0
2807915148,2015,37150.0,15540.0
2807915148,2016,37717.0,15712.0
2807915148,2017,37426.0,15866.0
2807915148,2018,39328.0,16855.0
2807915148,2019,40588.0,17202.0
2807915148,2020,42008.0,17915.0
2807915148,2021,44175.0,18682.0
2807915148,2022,46838.0,19977.0
2807915149,2015,46144.0,17743.0
2807915149,2016,48660.0,18645.0
2807915149,2017,45138.0,17242.0
2807915149,2018,50390.0,19269.0
2807915149,2019,50940.0,19529.0
2807915149,2020,52482.0,20477.0
2807915149,2021,50788.0,19987.0
2807915149,2022,56581.0,22137.0
2807915150,2015,74527.0,27869.0
2807915150,2016,77122.0,28883.0
2807915150,2017,80360.0,30077.0
2807915150,2018,85706.0,32242.0
2807915150,2019,91479.0,32183.0
2807915150,2020,88418.0,31670.0
2807915150,2021,80702.0,30916.0
2807915150,2022,90953.0,34765.0
2807915151,2015,59122.0,22975.0
2807915151,2016,59914.0,23279.0
2807915151,2017,61954.0,23500.0
2807915151,2018,66285.0,25228.0
2807915151,2019,65004.0,24405.0
2807915151,2020,67462.0,25867.0
2807915151,2021,74694.0,29063.0
2807915151,2022,72619.0,28213.0
2807915153,2015,56282.0,21996.0
2807915153,2016,57498.0,23165.0
2807915153,2017,58728.0,23508.0
2807915153,2018,61851.0,24741.0
2807915153,2019,63107.0,25190.0
2807915153,2020,62556.0,25040.0
2807915153,2021,62651.0,26026.0
2807915153,2022,67352.0,27828.0
2807915154,2015,43443.0,17983.0
2807915154,2016,43910.0,18862.0
2807915154,2017,43151.0,18255.0
2807915154,2018,46226.0,19128.0
2807915154,2019,49137.0,20485.0
2807915154,2020,47501.0,20251.0
2807915154,2021,49623.0,21280.0
2807915154,2022,51598.0,22191.0
2807915155,2015,70284.0,27542.0
2807915155,2016,62967.0,24833.0
2807915155,2017,70099.0,27217.0
2807915155,2018,71440.0,27785.0
2807915155,2019,72703.0,29252.0
2807915155,2020,62969.0,25781.0
2807915155,2021,72625.0,29671.0
2807915155,2022,77135.0,32072.0
2807915156,2015,40128.0,17464.0
2807915156,2016,41488.0,17981.0
2807915156,2017,41379.0,18010.0
2807915156,2018,43274.0,18918.0
2807915156,2019,42620.0,18645.0
2807915156,2020,43807.0,19119.0
2807915156,2021,44456.0,19791.0
2807915156,2022,47271.0,21141.0
2807915157,2015,52473.0,20989.0
2807915157,2016,51151.0,20981.0
2807915157,2017,53215.0,21632.0
2807915157,2018,54952.0,22369.0
2807915157,2019,55637.0,22474.0
2807915157,2020,57670.0,23498.0
2807915157,2021,50817.0,21334.0
2807915157,2022,64129.0,27183.0
2807915158,2015,63914.0,23207.0
2807915158,2016,69642.0,25263.0
2807915158,2017,63709.0,23172.0
2807915158,2018,64503.0,23668.0
2807915158,2019,66746.0,24248.0
2807915158,2020,66799.0,24621.0
2807915158,2021,69312.0,25767.0
2807915158,2022,78514.0,29428.0
2807915159,2015,67826.0,25630.0
2807915159,2016,71758.0,27310.0
2807915159,2017,68336.0,25974.0
2807915159,2018,69982.0,26927.0
2807915159,2019,78128.0,30889.0
2807915159,2020,73959.0,28605.0
2807915159,2021,72122.0,27857.0
2807915159,2022,77955.0,30030.0
2807915160,2015,72198.0,27946.0
2807915160,2016,69237.0,26755.0
2807915160,2017,68966.0,27269.0
2807915160,2018,74523.0,29184.0
2807915160,2019,78809.0,31473.0
2807915160,2020,74668.0,30473.0
2807915160,2021,79413.0,32039.0
2807915160,2022,81072.0,32788.0
2807915161,2015,79852.0,24844.0
2807915161,2016,80004.0,25444.0
2807915161,2017,82423.0,26174.0
2807915161,2018,91933.0,29416.0
2807915161,2019,91479.0,29268.0
2807915161,2020,87468.0,27773.0
2807915161,2021,88769.0,29553.0
2807915161,2022,95142.0,30985.0
2807915162,2015,73624.0,25101.0
2807915162,2016,75345.0,26283.0
2807915162,2017,72697.0,25432.0
2807915162,2018,82334.0,29137.0
2807915162,2019,81174.0,28868.0
2807915162,2020,80676.0,28926.0
2807915162,2021,80791.0,29149.0
2807915162,2022,84684.0,30746.0
2807915163,2015,59811.0,21407.0
2807915163,2016,62989.0,22686.0
2807915163,2017,63393.0,22640.0
2807915163,2018,61822.0,22476.0
2807915163,2019,64190.0,23191.0
2807915163,2020,62130.0,22694.0
2807915163,2021,67112.0,24783.0
2807915163,2022,73319.0,27063.0
2807915164,2015,63211.0,21992.0
2807915164,2016,62533.0,22149.0
2807915164,2017,64797.0,23253.0
2807915164,2018,68173.0,24446.0
2807915164,2019,71464.0,25234.0
2807915164,2020,71853.0,25139.0
2807915164,2021,71829.0,25780.0
2807915164,2022,74397.0,27277.0
2807915165,2015,69610.0,25087.0
2807915165,2016,73904.0,26275.0
2807915165,2017,66294.0,23992.0
2807915165,2018,67511.0,24941.0
2807915165,2019,75408.0,27075.0
2807915165,2020,76868.0,27917.0
2807915165,2021,76931.0,27738.0
2807915165,2022,77675.0,28502.0
2807915166,2015,63858.0,23122.0
2807915166,2016,61939.0,22595.0
2807915166,2017,63737.0,23351.0
2807915166,2018,67722.0,25568.0
2807915166,2019,67718.0,25242.0
2807915166,2020,65157.0,23917.0
2807915166,2021,68209.0,25230.0
2807915166,2022,73660.0,27147.0
2807915167,2015,80135.0,28350.0
2807915167,2016,78676.0,26835.0
2807915167,2017,81096.0,27906.0
2807915167,2018,91933.0,31962.0
2807915167,2019,91479.0,31397.0
2807915167,2020,89731.0,31656.0
2807915167,2021,88769.0,32039.0
2807915167,2022,98221.0,34765.0
2807915168,2015,64904.0,24014.0
2807915168,2016,69693.0,25413.0
2807915168,2017,64776.0,23763.0
2807915168,2018,70593.0,25942.0
2807915168,2019,72781.0,26278.0
2807915168,2020,75860.0,27139.0
2807915168,2021,71629.0,25539.0
2807915168,2022,75567.0,27623.0
2807915170,2015,73833.0,25421.0
2807915170,2016,77709.0,27310.0
2807915170,2017,73688.0,26199.0
2807915170,2018,79725.0,28648.0
2807915170,2019,79272.0,28751.0
2807915170,2020,78656.0,28828.0
2807915170,2021,79427.0,29432.0
2807915170,2022,79952.0,29881.0
2807915171,2015,30839.0,11625.0
2807915171,2016,34307.0,13292.0
2807915171,2017,32329.0,12606.0
2807915171,2018,42104.0,15952.0
2807915171,2019,36312.0,13717.0
2807915171,2020,35496.0,13619.0
2807915171,2021,35328.0,13673.0
2807915171,2022,36092.0,14112.0
2807915172,2015,64903.0,22492.0
2807915172,2016,67473.0,23836.0
2807915172,2017,62325.0,22061.0
2807915172,2018,65667.0,23374.0
2807915172,2019,70171.0,24847.0
2807915172,2020,70722.0,25729.0
2807915172,2021,63281.0,23372.0
2807915172,2022,68307.0,25656.0
2807915173,2015,63013.0,21490.0
2807915173,2016,66599.0,22525.0
2807915173,2017,63638.0,21766.0
2807915173,2018,64900.0,22741.0
2807915173,2019,68556.0,24132.0
2807915173,2020,68620.0,24265.0
2807915173,2021,67602.0,24202.0
2807915173,2022,72178.0,25906.0
2807915174,2015,68404.0,24788.0
2807915174,2016,70196.0,25001.0
2807915174,2017,69838.0,25812.0
2807915174,2018,74639.0,27940.0
2807915174,2019,75979.0,28136.0
2807915174,2020,78121.0,29550.0
2807915174,2021,77913.0,29648.0
2807915174,2022,81345.0,30952.0
2807915175,2015,43146.0,18298.0
2807915175,2016,44389.0,19036.0
2807915175,2017,44022.0,18949.0
2807915175,2018,46984.0,20272.0
2807915175,2019,48536.0,20720.0
2807915175,2020,49074.0,21307.0
2807915175,2021,47301.0,20867.0
2807915175,2022,51230.0,22987.0
2807915176,2015,53196.0,22046.0
2807915176,2016,51689.0,21427.0
2807915176,2017,51040.0,21636.0
2807915176,2018,54449.0,22722.0
2807915176,2019,55107.0,22931.0
2807915176,2020,53730.0,22505.0
2807915176,2021,53150.0,23044.0
2807915176,2022,56125.0,24465.0
2807915177,2015,36574.0,14870.0
2807915177,2016,37030.0,15146.0
2807915177,2017,37846.0,15138.0
2807915177,2018,39419.0,15651.0
2807915177,2019,40267.0,15768.0
2807915177,2020,40630.0,15841.0
2807915177,2021,41731.0,16584.0
2807915177,2022,43345.0,17497.0
2807915178,2015,56435.0,21857.0
2807915178,2016,56620.0,22217.0
2807915178,2017,55263.0,21692.0
2807915178,2018,55160.0,21497.0
2807915178,2019,56569.0,22404.0
2807915178,2020,57704.0,23263.0
2807915178,2021,58381.0,23830.0
2807915178,2022,62292.0,26283.0
2807915179,2015,40029.0,15216.0
2807915179,2016,40465.0,15857.0
2807915179,2017,41476.0,16115.0
2807915179,2018,43586.0,16728.0
2807915179,2019,45446.0,17595.0
2807915179,2020,42723.0,17064.0
2807915179,2021,42750.0,17119.0
2807915179,2022,43796.0,17985.0
2807915180,2015,57143.0,22242.0
2807915180,2016,57347.0,22271.0
2807915180,2017,57606.0,22537.0
2807915180,2018,61197.0,23875.0
2807915180,2019,62470.0,24706.0
2807915180,2020,58716.0,23288.0
2807915180,2021,59491.0,23746.0
2807915180,2022,62645.0,25618.0
2807915181,2015,47069.0,17568.0
2807915181,2016,47251.0,17640.0
2807915181,2017,48015.0,18072.0
2807915181,2018,49278.0,18639.0
2807915181,2019,49983.0,18969.0
2807915181,2020,51372.0,19798.0
2807915181,2021,51582.0,20006.0
2807915181,2022,56791.0,22676.0
2807915182,2015,56149.0,19165.0
2807915182,2016,58041.0,19862.0
2807915182,2017,58681.0,20186.0
2807915182,2018,60838.0,21114.0
2807915182,2019,62776.0,22125.0
2807915182,2020,62496.0,22513.0
2807915182,2021,64990.0,23979.0
2807915182,2022,68415.0,25821.0
2807916001,2015,80135.0,28339.0
2807916001,2016,83624.0,28475.0
2807916001,2017,86006.0,27522.0
2807916001,2018,91933.0,31942.0
2807916001,2019,91479.0,32183.0
2807916001,2020,89731.0,31500.0
2807916001,2021,88769.0,31881.0
2807916001,2022,98221.0,34765.0
2807916002,2015,80135.0,27562.0
2807916002,2016,83624.0,28459.0
2807916002,2017,86006.0,30210.0
2807916002,2018,91933.0,32242.0
2807916002,2019,91479.0,32161.0
2807916002,2020,89731.0,31670.0
2807916002,2021,88769.0,32039.0
2807916002,2022,98221.0,34765.0
2807916003,2015,80135.0,28350.0
2807916003,2016,83624.0,29364.0
2807916003,2017,86006.0,30210.0
2807916003,2018,91933.0,32242.0
2807916003,2019,91479.0,32183.0
2807916003,2020,89731.0,31670.0
2807916003,2021,88769.0,32039.0
2807916003,2022,98221.0,34765.0
2807916004,2015,80135.0,28350.0
2807916004,2016,83624.0,29364.0
2807916004,2017,86006.0,30210.0
2807916004,2018,91933.0,32242.0
2807916004,2019,91479.0,32183.0
2807916004,2020,89731.0,31670.0
2807916004,2021,88769.0,32039.0
2807916004,2022,98221.0,34765.0
2807916005,2015,75915.0,25319.0
2807916005,2016,79301.0,26243.0
2807916005,2017,80824.0,26470.0
2807916005,2018,91933.0,32242.0
2807916005,2019,91479.0,32183.0
2807916005,2020,89731.0,31229.0
2807916005,2021,67485.0,22730.0
2807916005,2022,98221.0,33887.0
2807916006,2015,58643.0,20667.0
2807916006,2016,61987.0,21825.0
2807916006,2017,62675.0,22563.0
2807916006,2018,66071.0,23789.0
2807916006,2019,67540.0,24356.0
2807916006,2020,63293.0,23576.0
2807916006,2021,69086.0,25608.0
2807916006,2022,66162.0,24096.0
2807916007,2015,59565.0,21892.0
2807916007,2016,63531.0,23097.0
2807916007,2017,61983.0,22426.0
2807916007,2018,63469.0,22512.0
2807916007,2019,69510.0,24670.0
2807916007,2020,68266.0,24306.0
2807916007,2021,72668.0,26497.0
2807916007,2022,70054.0,25535.0
2807916008,2015,26571.0,10951.0
2807916008,2016,26584.0,10846.0
2807916008,2017,27368.0,10887.0
2807916008,2018,28314.0,11166.0
2807916008,2019,28803.0,10884.0
2807916008,2020,28812.0,10943.0
2807916008,2021,31281.0,11883.0
2807916008,2022,33096.0,12558.0
2807916009,2015,23251.0,10030.0
2807916009,2016,23801.0,10047.0
2807916009,2017,24626.0,10445.0
2807916009,2018,25950.0,10802.0
2807916009,2019,27992.0,11599.0
2807916009,2020,27186.0,11609.0
2807916009,2021,28903.0,12465.0
2807916009,2022,31511.0,13183.0
2807916011,2015,28297.0,11608.0
2807916011,2016,27968.0,11320.0
2807916011,2017,28307.0,11349.0
2807916011,2018,29652.0,11678.0
2807916011,2019,31016.0,12207.0
2807916011,2020,30484.0,12123.0
2807916011,2021,31858.0,12699.0
2807916011,2022,34495.0,13542.0
2807916012,2015,27384.0,12532.0
2807916012,2016,28147.0,12816.0
2807916012,2017,27602.0,12476.0
2807916012,2018,29512.0,13571.0
2807916012,2019,30384.0,14027.0
2807916012,2020,30439.0,14013.0
2807916012,2021,32409.0,14815.0
2807916012,2022,34050.0,15712.0
2807916013,2015,38410.0,14213.0
2807916013,2016,39833.0,14993.0
2807916013,2017,39675.0,15248.0
2807916013,2018,41022.0,15881.0
2807916013,2019,40786.0,16020.0
2807916013,2020,42129.0,16355.0
2807916013,2021,44117.0,17402.0
2807916013,2022,45561.0,18111.0
2807916014,2015,34854.0,14640.0
2807916014,2016,33398.0,14279.0
2807916014,2017,33387.0,14165.0
2807916014,2018,33816.0,14284.0
2807916014,2019,36251.0,15623.0
2807916014,2020,35904.0,15642.0
2807916014,2021,37340.0,16193.0
2807916014,2022,39825.0,17284.0
2807916015,2015,36106.0,14359.0
2807916015,2016,36715.0,14827.0
2807916015,2017,37516.0,15086.0
2807916015,2018,39080.0,15444.0
2807916015,2019,42239.0,16944.0
2807916015,2020,41128.0,16705.0
2807916015,2021,39526.0,16532.0
2807916015,2022,42425.0,17289.0
2807916016,2015,35073.0,14002.0
2807916016,2016,36188.0,14201.0
2807916016,2017,36402.0,14336.0
2807916016,2018,39349.0,15668.0
2807916016,2019,40215.0,15734.0
2807916016,2020,39369.0,16194.0
2807916016,2021,41611.0,16744.0
2807916016,2022,42924.0,17576.0
2807916017,2015,35467.0,13794.0
2807916017,2016,35550.0,13914.0
2807916017,2017,36142.0,14442.0
2807916017,2018,36404.0,14583.0
2807916017,2019,36990.0,14774.0
2807916017,2020,35999.0,14591.0
2807916017,2021,37111.0,15254.0
2807916017,2022,40476.0,17000.0
2807916018,2015,36656.0,14689.0
2807916018,2016,36850.0,14877.0
2807916018,2017,36937.0,14892.0
2807916018,2018,40371.0,16207.0
2807916018,2019,40129.0,16128.0
2807916018,2020,39266.0,16373.0
2807916018,2021,40249.0,16910.0
2807916018,2022,42886.0,18333.0
2807916019,2015,35793.0,14571.0
2807916019,2016,36423.0,14889.0
2807916019,2017,37727.0,15181.0
2807916019,2018,38011.0,15489.0
2807916019,2019,40508.0,16460.0
2807916019,2020,42358.0,17567.0
2807916019,2021,40184.0,16725.0
2807916019,2022,43803.0,18207.0
2807916020,2015,39201.0,14569.0
2807916020,2016,39617.0,15283.0
2807916020,2017,40241.0,15298.0
2807916020,2018,41201.0,15809.0
2807916020,2019,42057.0,16403.0
2807916020,2020,42551.0,16685.0
2807916020,2021,44394.0,17124.0
2807916020,2022,47391.0,18586.0
2807916021,2015,44313.0,17847.0
2807916021,2016,45191.0,18248.0
2807916021,2017,44720.0,18282.0
2807916021,2018,46152.0,18903.0
2807916021,2019,49912.0,20232.0
2807916021,2020,46236.0,19163.0
2807916021,2021,47266.0,20007.0
2807916021,2022,48965.0,20946.0
2807916022,2015,37701.0,14731.0
2807916022,2016,38047.0,14945.0
2807916022,2017,36701.0,14520.0
2807916022,2018,37812.0,15554.0
2807916022,2019,40290.0,16515.0
2807916022,2020,39528.0,16239.0
2807916022,2021,40172.0,16467.0
2807916022,2022,41660.0,17569.0
2807916024,2015,36669.0,13857.0
2807916024,2016,38573.0,14562.0
2807916024,2017,37870.0,14201.0
2807916024,2018,39098.0,14774.0
2807916024,2019,40127.0,15471.0
2807916024,2020,41501.0,16165.0
2807916024,2021,42780.0,16796.0
2807916024,2022,44931.0,17552.0
2807916025,2015,40532.0,16009.0
2807916025,2016,40364.0,15953.0
2807916025,2017,41537.0,16850.0
2807916025,2018,42186.0,17348.0
2807916025,2019,43080.0,17675.0
2807916025,2020,42667.0,17761.0
2807916025,2021,43447.0,18460.0
2807916025,2022,45539.0,19756.0
2807916026,2015,27704.0,12090.0
2807916026,2016,28545.0,12444.0
2807916026,2017,28736.0,12523.0
2807916026,2018,30027.0,13175.0
2807916026,2019,31418.0,13434.0
2807916026,2020,30723.0,13173.0
2807916026,2021,31645.0,13761.0
2807916026,2022,33996.0,14678.0
2807916027,2015,32340.0,12761.0
2807916027,2016,31918.0,12698.0
2807916027,2017,32631.0,12636.0
2807916027,2018,34353.0,13302.0
2807916027,2019,36601.0,14070.0
2807916027,2020,35846.0,14348.0
2807916027,2021,37256.0,14952.0
2807916027,2022,39291.0,16208.0
2807916028,2015,37871.0,15268.0
2807916028,2016,37198.0,14980.0
2807916028,2017,37410.0,15247.0
2807916028,2018,37914.0,16067.0
2807916028,2019,37971.0,16285.0
2807916028,2020,39014.0,16873.0
2807916028,2021,39974.0,17505.0
2807916028,2022,39860.0,18032.0
2807916029,2015,29257.0,11759.0
2807916029,2016,30670.0,12224.0
2807916029,2017,30792.0,12213.0
2807916029,2018,32132.0,13027.0
2807916029,2019,32766.0,13239.0
2807916029,2020,32477.0,13430.0
2807916029,2021,32641.0,13608.0
2807916029,2022,35112.0,14605.0
2807916030,2015,35445.0,14950.0
2807916030,2016,37434.0,15813.0
2807916030,2017,37699.0,15920.0
2807916030,2018,38668.0,16383.0
2807916030,2019,39927.0,17028.0
2807916030,2020,38610.0,16853.0
2807916030,2021,39606.0,17625.0
2807916030,2022,41709.0,18788.0
2807916031,2015,44745.0,16721.0
2807916031,2016,44705.0,17072.0
2807916031,2017,45882.0,17306.0
2807916031,2018,47421.0,18152.0
2807916031,2019,48414.0,19220.0
2807916031,2020,46431.0,18806.0
2807916031,2021,48409.0,19769.0
2807916031,2022,50255.0,20498.0
2807916032,2015,47880.0,18493.0
2807916032,2016,47579.0,18746.0
2807916032,2017,48471.0,19266.0
2807916032,2018,49942.0,19913.0
2807916032,2019,51988.0,21140.0
2807916032,2020,50882.0,20809.0
2807916032,2021,52175.0,21550.0
2807916032,2022,56643.0,24265.0
2807916033,2015,35640.0,15074.0
2807916033,2016,36496.0,15051.0
2807916033,2017,37243.0,15369.0
2807916033,2018,39349.0,16217.0
2807916033,2019,39819.0,16337.0
2807916033,2020,39766.0,16644.0
2807916033,2021,40058.0,16898.0
2807916033,2022,41688.0,17637.0
2807916034,2015,37464.0,15363.0
2807916034,2016,38024.0,15438.0
2807916034,2017,38011.0,15482.0
2807916034,2018,39954.0,16174.0
2807916034,2019,41965.0,16905.0
2807916034,2020,42107.0,17590.0
2807916034,2021,41279.0,17439.0
2807916034,2022,45182.0,18701.0
2807916035,2015,49830.0,18235.0
2807916035,2016,46716.0,17593.0
2807916035,2017,49712.0,19026.0
2807916035,2018,52551.0,19857.0
2807916035,2019,53749.0,19972.0
2807916035,2020,50133.0,18800.0
2807916035,2021,55621.0,20696.0
2807916035,2022,56655.0,21540.0
2807916036,2015,80135.0,27694.0
2807916036,2016,81210.0,26219.0
2807916036,2017,83965.0,27167.0
2807916036,2018,88843.0,28285.0
2807916036,2019,90820.0,29068.0
2807916036,2020,89731.0,30012.0
2807916036,2021,88769.0,29728.0
2807916036,2022,90688.0,30169.0
2807916037,2015,26609.0,11423.0
2807916037,2016,26456.0,11497.0
2807916037,2017,27395.0,12182.0
2807916037,2018,28135.0,12593.0
2807916037,2019,31077.0,13501.0
2807916037,2020,30211.0,13481.0
2807916037,2021,30889.0,13825.0
2807916037,2022,31593.0,14111.0
2807916038,2015,32954.0,13961.0
2807916038,2016,33932.0,14439.0
2807916038,2017,34698.0,14656.0
2807916038,2018,35941.0,15042.0
2807916038,2019,36941.0,16101.0
2807916038,2020,40508.0,17720.0
2807916038,2021,37807.0,16255.0
2807916038,2022,38371.0,16832.0
2807916039,2015,23062.0,10114.0
2807916039,2016,23538.0,10269.0
2807916039,2017,24330.0,10525.0
2807916039,2018,24941.0,10696.0
2807916039,2019,26360.0,10683.0
2807916039,2020,25322.0,10509.0
2807916039,2021,25417.0,10799.0
2807916039,2022,28393.0,11842.0
2807916040,2015,23018.0,10204.0
2807916040,2016,23892.0,10516.0
2807916040,2017,23429.0,10185.0
2807916040,2018,24210.0,10531.0
2807916040,2019,25900.0,11191.0
2807916040,2020,25916.0,11023.0
2807916040,2021,26641.0,11645.0
2807916040,2022,28685.0,12377.0
2807916041,2015,23727.0,10572.0
2807916041,2016,24291.0,10823.0
2807916041,2017,24429.0,10873.0
2807916041,2018,25269.0,11021.0
2807916041,2019,25864.0,10998.0
2807916041,2020,26438.0,11733.0
2807916041,2021,27269.0,11642.0
2807916041,2022,,
2807916042,2015,28411.0,11934.0
2807916042,2016,28662.0,11891.0
2807916042,2017,29245.0,11974.0
2807916042,2018,30466.0,12547.0
2807916042,2019,30549.0,12776.0
2807916042,2020,30420.0,12913.0
2807916042,2021,31813.0,13351.0
2807916042,2022,34377.0,15172.0
2807916043,2015,27326.0,11044.0
2807916043,2016,27361.0,11196.0
2807916043,2017,27773.0,11158.0
2807916043,2018,28562.0,11286.0
2807916043,2019,29566.0,11713.0
2807916043,2020,31166.0,12381.0
2807916043,2021,30529.0,12607.0
2807916043,2022,31889.0,12986.0
2807916044,2015,38574.0,14773.0
2807916044,2016,38239.0,14539.0
2807916044,2017,38996.0,14869.0
2807916044,2018,40610.0,15826.0
2807916044,2019,43224.0,16757.0
2807916044,2020,42250.0,16437.0
2807916044,2021,43765.0,16972.0
2807916044,2022,46231.0,18217.0
2807916045,2015,52547.0,19157.0
2807916045,2016,53702.0,19797.0
2807916045,2017,55232.0,20198.0
2807916045,2018,58343.0,21820.0
2807916045,2019,56747.0,21413.0
2807916045,2020,56728.0,21414.0
2807916045,2021,57069.0,21498.0
2807916045,2022,57003.0,21727.0
2807916046,2015,42095.0,16890.0
2807916046,2016,41074.0,16508.0
2807916046,2017,41233.0,16800.0
2807916046,2018,42011.0,17454.0
2807916046,2019,42752.0,17741.0
2807916046,2020,41974.0,17698.0
2807916046,2021,43864.0,18852.0
2807916046,2022,45947.0,19699.0
2807916047,2015,30015.0,13453.0
2807916047,2016,29721.0,13345.0
2807916047,2017,31259.0,13899.0
2807916047,2018,32091.0,14494.0
2807916047,2019,33047.0,15083.0
2807916047,2020,33770.0,15683.0
2807916047,2021,33870.0,15584.0
2807916047,2022,,
2807916048,2015,39727.0,15703.0
2807916048,2016,40295.0,16129.0
2807916048,2017,41615.0,16592.0
2807916048,2018,41769.0,16884.0
2807916048,2019,44212.0,17641.0
2807916048,2020,43808.0,17615.0
2807916048,2021,44482.0,17914.0
2807916048,2022,46491.0,19060.0
2807916049,2015,44752.0,16584.0
2807916049,2016,45427.0,17105.0
2807916049,2017,46789.0,18044.0
2807916049,2018,45762.0,17560.0
2807916049,2019,46450.0,17851.0
2807916049,2020,47647.0,18920.0
2807916049,2021,49131.0,19593.0
2807916049,2022,48824.0,19756.0
2807916050,2015,36205.0,13877.0
2807916050,2016,35706.0,13944.0
2807916050,2017,36153.0,14344.0
2807916050,2018,37954.0,14931.0
2807916050,2019,39854.0,15664.0
2807916050,2020,39971.0,15819.0
2807916050,2021,40098.0,15917.0
2807916050,2022,40775.0,16507.0
2807916051,2015,31262.0,11747.0
2807916051,2016,31470.0,12034.0
2807916051,2017,31578.0,12337.0
2807916051,2018,32679.0,12645.0
2807916051,2019,33049.0,12953.0
2807916051,2020,32643.0,12673.0
2807916051,2021,32998.0,12860.0
2807916051,2022,35988.0,13914.0
2807916052,2015,27810.0,10881.0
2807916052,2016,28148.0,11380.0
2807916052,2017,28078.0,11409.0
2807916052,2018,29385.0,11852.0
2807916052,2019,31679.0,12447.0
2807916052,2020,31175.0,12540.0
2807916052,2021,31716.0,12940.0
2807916052,2022,33343.0,13764.0
2807916053,2015,27048.0,10927.0
2807916053,2016,27459.0,11020.0
2807916053,2017,28371.0,11225.0
2807916053,2018,28498.0,11511.0
2807916053,2019,29011.0,11447.0
2807916053,2020,29198.0,11667.0
2807916053,2021,30387.0,12570.0
2807916053,2022,31862.0,12676.0
2807916054,2015,26387.0,11536.0
2807916054,2016,24955.0,11137.0
2807916054,2017,26267.0,11573.0
2807916054,2018,27230.0,12133.0
2807916054,2019,28231.0,12290.0
2807916054,2020,28407.0,12750.0
2807916054,2021,28555.0,13055.0
2807916054,2022,29105.0,13577.0
2807916055,2015,23168.0,10317.0
2807916055,2016,23048.0,10213.0
2807916055,2017,23540.0,10459.0
2807916055,2018,24464.0,10665.0
2807916055,2019,25937.0,11385.0
2807916055,2020,27212.0,12012.0
2807916055,2021,27208.0,12177.0
2807916055,2022,28335.0,12596.0
2807916056,2015,23402.0,10511.0
2807916056,2016,24210.0,10721.0
2807916056,2017,24577.0,11041.0
2807916056,2018,25222.0,11210.0
2807916056,2019,26235.0,12014.0
2807916056,2020,26019.0,11572.0
2807916056,2021,26426.0,12066.0
2807916056,2022,,
2807916057,2015,27410.0,11875.0
2807916057,2016,29062.0,12472.0
2807916057,2017,27970.0,12161.0
2807916057,2018,28526.0,12275.0
2807916057,2019,29933.0,12743.0
2807916057,2020,30549.0,13093.0
2807916057,2021,31103.0,13611.0
2807916057,2022,32479.0,14368.0
2807916058,2015,29391.0,11650.0
2807916058,2016,30372.0,12092.0
2807916058,2017,30245.0,12326.0
2807916058,2018,31925.0,12807.0
2807916058,2019,35825.0,14179.0
2807916058,2020,33284.0,13455.0
2807916058,2021,34602.0,14268.0
2807916058,2022,35233.0,14443.0
2807916059,2015,33602.0,13022.0
2807916059,2016,34141.0,13267.0
2807916059,2017,34681.0,13379.0
2807916059,2018,36878.0,14044.0
2807916059,2019,37776.0,14350.0
2807916059,2020,36426.0,14463.0
2807916059,2021,38363.0,15371.0
2807916059,2022,40430.0,16218.0
2807916060,2015,35933.0,13802.0
2807916060,2016,37587.0,14380.0
2807916060,2017,37708.0,14419.0
2807916060,2018,41514.0,15948.0
2807916060,2019,41298.0,15999.0
2807916060,2020,38191.0,15026.0
2807916060,2021,42733.0,17006.0
2807916060,2022,22935.0,9121.0
2807916061,2015,39738.0,15498.0
2807916061,2016,41430.0,16203.0
2807916061,2017,42954.0,16892.0
2807916061,2018,44518.0,17625.0
2807916061,2019,46382.0,18586.0
2807916061,2020,41849.0,17304.0
2807916061,2021,40792.0,16989.0
2807916061,2022,44230.0,18440.0
2807916062,2015,34849.0,14710.0
2807916062,2016,35122.0,15027.0
2807916062,2017,,
2807916062,2018,,
2807916062,2019,,
2807916062,2020,,
2807916062,2021,,
2807916062,2022,,
2807916063,2015,42564.0,17051.0
2807916063,2016,43555.0,17576.0
2807916063,2017,40232.0,16555.0
2807916063,2018,40760.0,17052.0
2807916063,2019,44029.0,18283.0
2807916063,2020,42125.0,17857.0
2807916063,2021,41958.0,17844.0
2807916063,2022,43378.0,18639.0
2807916064,2015,40489.0,15806.0
2807916064,2016,40615.0,15789.0
2807916064,2017,40713.0,15741.0
2807916064,2018,41507.0,16348.0
2807916064,2019,41579.0,16904.0
2807916064,2020,42390.0,17505.0
2807916064,2021,43173.0,17808.0
2807916064,2022,45539.0,18348.0
2807916065,2015,25247.0,12899.0
2807916065,2016,25525.0,13024.0
2807916065,2017,25709.0,13281.0
2807916065,2018,27079.0,13945.0
2807916065,2019,28681.0,14255.0
2807916065,2020,28697.0,14740.0
2807916065,2021,29637.0,15192.0
2807916065,2022,31336.0,15917.0
2807916066,2015,26649.0,12663.0
2807916066,2016,26865.0,12478.0
2807916066,2017,27335.0,12909.0
2807916066,2018,28775.0,13831.0
2807916066,2019,30071.0,14823.0
2807916066,2020,30170.0,15336.0
2807916066,2021,30078.0,15236.0
2807916066,2022,31352.0,15631.0
2807916067,2015,23038.0,10031.0
2807916067,2016,24372.0,10306.0
2807916067,2017,25818.0,11058.0
2807916067,2018,27150.0,11622.0
2807916067,2019,27425.0,12171.0
2807916067,2020,27472.0,12440.0
2807916067,2021,28320.0,12828.0
2807916067,2022,30137.0,13570.0
2807916069,2015,31236.0,12614.0
2807916069,2016,31199.0,12353.0
2807916069,2017,31706.0,12703.0
2807916069,2018,33727.0,13425.0
2807916069,2019,34804.0,13645.0
2807916069,2020,35111.0,14329.0
2807916069,2021,34507.0,14564.0
2807916069,2022,37213.0,15511.0
2807916070,2015,40325.0,14437.0
2807916070,2016,39513.0,14290.0
2807916070,2017,40959.0,14880.0
2807916070,2018,41798.0,15500.0
2807916070,2019,43028.0,16085.0
2807916070,2020,42344.0,16019.0
2807916070,2021,44861.0,17171.0
2807916070,2022,47482.0,18666.0
2807916071,2015,23826.0,8643.0
2807916071,2016,24234.0,8908.0
2807916071,2017,25057.0,9230.0
2807916071,2018,26628.0,9681.0
2807916071,2019,29172.0,10528.0
2807916071,2020,28084.0,10374.0
2807916071,2021,28695.0,10966.0
2807916071,2022,29323.0,11017.0
2807916072,2015,22171.0,7574.0
2807916072,2016,22398.0,7551.0
2807916072,2017,23023.0,7734.0
2807916072,2018,24414.0,8265.0
2807916072,2019,25904.0,8726.0
2807916072,2020,24426.0,8551.0
2807916072,2021,21023.0,7876.0
2807916072,2022,,
2807916073,2015,25291.0,10028.0
2807916073,2016,25229.0,9825.0
2807916073,2017,25602.0,9994.0
2807916073,2018,26417.0,9978.0
2807916073,2019,28612.0,10883.0
2807916073,2020,28172.0,10680.0
2807916073,2021,29539.0,11194.0
2807916073,2022,31103.0,11896.0
2807916074,2015,24161.0,10045.0
2807916074,2016,23813.0,9940.0
2807916074,2017,24631.0,10209.0
2807916074,2018,24904.0,10327.0
2807916074,2019,26333.0,10652.0
2807916074,2020,26397.0,11097.0
2807916074,2021,27401.0,11729.0
2807916074,2022,28302.0,11682.0
2807916075,2015,26871.0,11730.0
2807916075,2016,27340.0,12090.0
2807916075,2017,27517.0,12582.0
2807916075,2018,28768.0,12897.0
2807916075,2019,30326.0,13269.0
2807916075,2020,29840.0,13240.0
2807916075,2021,30371.0,13725.0
2807916075,2022,32733.0,14542.0
2807916076,2015,22574.0,10091.0
2807916076,2016,23004.0,10300.0
2807916076,2017,23268.0,10699.0
2807916076,2018,23477.0,10900.0
2807916076,2019,25094.0,11558.0
2807916076,2020,24557.0,11611.0
2807916076,2021,26231.0,11961.0
2807916076,2022,27596.0,12360.0
2807916077,2015,25159.0,9927.0
2807916077,2016,25264.0,9959.0
2807916077,2017,25836.0,10143.0
2807916077,2018,26576.0,10296.0
2807916077,2019,27671.0,10498.0
2807916077,2020,26511.0,10482.0
2807916077,2021,27661.0,10901.0
2807916077,2022,30362.0,11643.0
2807916078,2015,24483.0,9239.0
2807916078,2016,25670.0,9932.0
2807916078,2017,26335.0,10111.0
2807916078,2018,26476.0,10188.0
2807916078,2019,28396.0,11103.0
2807916078,2020,28058.0,11263.0
2807916078,2021,28810.0,11331.0
2807916078,2022,31104.0,12363.0
2807916079,2015,40707.0,13961.0
2807916079,2016,41341.0,14360.0
2807916079,2017,41595.0,14607.0
2807916079,2018,42843.0,14965.0
2807916079,2019,43618.0,15355.0
2807916079,2020,43599.0,15538.0
2807916079,2021,44641.0,16227.0
2807916079,2022,47264.0,17136.0
2807916080,2015,80135.0,27276.0
2807916080,2016,83624.0,28234.0
2807916080,2017,78094.0,26848.0
2807916080,2018,79507.0,27238.0
2807916080,2019,90658.0,30800.0
2807916080,2020,88403.0,30514.0
2807916080,2021,88769.0,31733.0
2807916080,2022,98221.0,34387.0
2807916081,2015,52471.0,20636.0
2807916081,2016,51995.0,20691.0
2807916081,2017,53642.0,20755.0
2807916081,2018,54581.0,20866.0
2807916081,2019,58843.0,22643.0
2807916081,2020,57885.0,22533.0
2807916081,2021,59580.0,23632.0
2807916081,2022,64066.0,24829.0
2807916082,2015,23842.0,9001.0
2807916082,2016,25261.0,9397.0
2807916082,2017,25386.0,9697.0
2807916082,2018,25659.0,9893.0
2807916082,2019,28132.0,10807.0
2807916082,2020,26825.0,10556.0
2807916082,2021,28135.0,11071.0
2807916082,2022,29859.0,11655.0
2807916083,2015,30217.0,11784.0
2807916083,2016,31000.0,12112.0
2807916083,2017,32387.0,12583.0
2807916083,2018,33454.0,13074.0
2807916083,2019,34882.0,13591.0
2807916083,2020,34413.0,13320.0
2807916083,2021,36079.0,14232.0
2807916083,2022,37544.0,14779.0
2807916085,2015,32710.0,12898.0
2807916085,2016,33153.0,12949.0
2807916085,2017,34574.0,13313.0
2807916085,2018,36555.0,14080.0
2807916085,2019,38793.0,15070.0
2807916085,2020,38215.0,15129.0
2807916085,2021,41125.0,15817.0
2807916085,2022,42237.0,16775.0
2807916086,2015,33624.0,12503.0
2807916086,2016,33698.0,12722.0
2807916086,2017,34231.0,13003.0
2807916086,2018,35731.0,13401.0
2807916086,2019,37376.0,13912.0
2807916086,2020,36692.0,14079.0
2807916086,2021,38227.0,14639.0
2807916086,2022,38913.0,14914.0
2807916087,2015,30467.0,12583.0
2807916087,2016,31519.0,13155.0
2807916087,2017,30181.0,12781.0
2807916087,2018,31553.0,13279.0
2807916087,2019,33624.0,13990.0
2807916087,2020,32800.0,13856.0
2807916087,2021,33935.0,14297.0
2807916087,2022,36360.0,15244.0
2807916088,2015,34128.0,13559.0
2807916088,2016,34802.0,13709.0
2807916088,2017,36154.0,14165.0
2807916088,2018,36581.0,14254.0
2807916088,2019,37826.0,14881.0
2807916088,2020,37408.0,14906.0
2807916088,2021,37359.0,15161.0
2807916088,2022,39610.0,16223.0
2807916089,2015,31665.0,13400.0
2807916089,2016,32391.0,13747.0
2807916089,2017,31597.0,13588.0
2807916089,2018,33033.0,14331.0
2807916089,2019,34678.0,14507.0
2807916089,2020,33884.0,14918.0
2807916089,2021,35720.0,15485.0
2807916089,2022,36474.0,15789.0
2807916090,2015,30894.0,11838.0
2807916090,2016,31595.0,12277.0
2807916090,2017,32247.0,12278.0
2807916090,2018,34230.0,12946.0
2807916090,2019,35343.0,13366.0
2807916090,2020,36382.0,13695.0
2807916090,2021,36852.0,13712.0
2807916090,2022,38336.0,14331.0
2807916091,2015,80135.0,28350.0
2807916091,2016,83624.0,29364.0
2807916091,2017,86006.0,30210.0
2807916091,2018,91933.0,32242.0
2807916091,2019,91479.0,32183.0
2807916091,2020,89731.0,31670.0
2807916091,2021,88769.0,32039.0
2807916091,2022,98221.0,34765.0
2807916092,2015,42680.0,15943.0
2807916092,2016,44212.0,16602.0
2807916092,2017,44972.0,17047.0
2807916092,2018,47155.0,17746.0
2807916092,2019,48357.0,17978.0
2807916092,2020,47541.0,17847.0
2807916092,2021,47765.0,18347.0
2807916092,2022,48913.0,19061.0
2807916093,2015,44329.0,16017.0
2807916093,2016,46207.0,16814.0
2807916093,2017,48663.0,17492.0
2807916093,2018,48048.0,17154.0
2807916093,2019,50304.0,17985.0
2807916093,2020,48740.0,17981.0
2807916093,2021,47268.0,17893.0
2807916093,2022,49127.0,18380.0
2807916096,2015,51530.0,16793.0
2807916096,2016,49934.0,16407.0
2807916096,2017,50885.0,16665.0
2807916096,2018,50715.0,16917.0
2807916096,2019,56337.0,18368.0
2807916096,2020,54761.0,18112.0
2807916096,2021,58840.0,20024.0
2807916096,2022,63874.0,21642.0
2807916097,2015,32988.0,13076.0
2807916097,2016,33281.0,13435.0
2807916097,2017,34396.0,13839.0
2807916097,2018,36047.0,14452.0
2807916097,2019,36890.0,15106.0
2807916097,2020,37234.0,15485.0
2807916097,2021,36707.0,15436.0
2807916097,2022,38718.0,16448.0
2807916098,2015,55328.0,21128.0
2807916098,2016,61501.0,23269.0
2807916098,2017,60645.0,23347.0
2807916098,2018,62214.0,24136.0
2807916098,2019,60566.0,24012.0
2807916098,2020,58793.0,23844.0
2807916098,2021,58567.0,24065.0
2807916098,2022,62568.0,25734.0
2807916099,2015,47988.0,17630.0
2807916099,2016,48011.0,17809.0
2807916099,2017,49222.0,17961.0
2807916099,2018,50840.0,18613.0
2807916099,2019,50948.0,18974.0
2807916099,2020,49790.0,19066.0
2807916099,2021,49882.0,19390.0
2807916099,2022,52287.0,20376.0
2807916100,2015,45440.0,15318.0
2807916100,2016,47198.0,16050.0
2807916100,2017,48137.0,16293.0
2807916100,2018,52000.0,18038.0
2807916100,2019,52203.0,18458.0
2807916100,2020,51197.0,18566.0
2807916100,2021,52333.0,18934.0
2807916100,2022,53888.0,19666.0
2807916101,2015,45806.0,16177.0
2807916101,2016,47227.0,16759.0
2807916101,2017,48438.0,17335.0
2807916101,2018,50025.0,18070.0
2807916101,2019,51436.0,18946.0
2807916101,2020,53761.0,20367.0
2807916101,2021,52219.0,20053.0
2807916101,2022,54299.0,21493.0
2807916102,2015,80135.0,28350.0
2807916102,2016,83624.0,29364.0
2807916102,2017,86006.0,30210.0
2807916102,2018,91933.0,32242.0
2807916102,2019,91479.0,32183.0
2807916102,2020,89731.0,31670.0
2807916102,2021,88769.0,32039.0
2807916102,2022,98221.0,34765.0
2807916103,2015,80135.0,28350.0
2807916103,2016,83624.0,29364.0
2807916103,2017,86006.0,30210.0
2807916103,2018,91933.0,32242.0
2807916103,2019,91479.0,32183.0
2807916103,2020,89731.0,31670.0
2807916103,2021,88769.0,32039.0
2807916103,2022,98221.0,34765.0
2807916104,2015,45767.0,15632.0
2807916104,2016,47068.0,16192.0
2807916104,2017,48584.0,16767.0
2807916104,2018,49489.0,17027.0
2807916104,2019,52048.0,17945.0
2807916104,2020,52966.0,18599.0
2807916104,2021,54487.0,19365.0
2807916104,2022,56037.0,20395.0
2807916105,2015,79552.0,25478.0
2807916105,2016,79981.0,25691.0
2807916105,2017,75029.0,23798.0
2807916105,2018,80869.0,25747.0
2807916105,2019,79907.0,26154.0
2807916105,2020,77382.0,25614.0
2807916105,2021,80556.0,26894.0
2807916105,2022,90991.0,30784.0
2807916106,2015,47682.0,20788.0
2807916106,2016,51736.0,22754.0
2807916106,2017,48386.0,21665.0
2807916106,2018,48558.0,21705.0
2807916106,2019,51944.0,23125.0
2807916106,2020,44263.0,19714.0
2807916106,2021,52044.0,23758.0
2807916106,2022,54555.0,25773.0
2807916107,2015,52054.0,17385.0
2807916107,2016,54482.0,18161.0
2807916107,2017,57399.0,18108.0
2807916107,2018,63744.0,19680.0
2807916107,2019,69398.0,21177.0
2807916107,2020,71826.0,21441.0
2807916107,2021,75786.0,22598.0
2807916107,2022,73156.0,21883.0
2807916108,2015,57779.0,19159.0
2807916108,2016,58975.0,19569.0
2807916108,2017,67476.0,21407.0
2807916108,2018,72169.0,22978.0
2807916108,2019,75686.0,24052.0
2807916108,2020,75231.0,24051.0
2807916108,2021,78195.0,24785.0
2807916108,2022,82008.0,26921.0
2807916109,2015,29624.0,9867.0
2807916109,2016,30758.0,10415.0
2807916109,2017,31818.0,10764.0
2807916109,2018,33057.0,11115.0
2807916109,2019,36317.0,12106.0
2807916109,2020,36078.0,12204.0
2807916109,2021,36972.0,12611.0
2807916109,2022,37832.0,13099.0
2807916110,2015,41283.0,14686.0
2807916110,2016,41693.0,14752.0
2807916110,2017,43894.0,15159.0
2807916110,2018,45897.0,15709.0
2807916110,2019,47041.0,16164.0
2807916110,2020,47052.0,16168.0
2807916110,2021,47957.0,16499.0
2807916110,2022,51322.0,17936.0
2807916111,2015,55071.0,18703.0
2807916111,2016,56341.0,19235.0
2807916111,2017,60112.0,20212.0
2807916111,2018,61473.0,20772.0
2807916111,2019,64556.0,21627.0
2807916111,2020,63191.0,21230.0
2807916111,2021,64967.0,21870.0
2807916111,2022,64816.0,20994.0
2807916112,2015,48187.0,14246.0
2807916112,2016,47329.0,14131.0
2807916112,2017,48277.0,14837.0
2807916112,2018,51294.0,15459.0
2807916112,2019,52303.0,16069.0
2807916112,2020,53480.0,16408.0
2807916112,2021,54432.0,16565.0
2807916112,2022,54715.0,17488.0
2807916113,2015,80135.0,28350.0
2807916113,2016,83624.0,29364.0
2807916113,2017,86006.0,30210.0
2807916113,2018,91933.0,32242.0
2807916113,2019,91479.0,32183.0
2807916113,2020,89731.0,31670.0
2807916113,2021,88769.0,32039.0
2807916113,2022,98221.0,34765.0
2807916114,2015,58507.0,21046.0
2807916114,2016,60521.0,21611.0
2807916114,2017,60516.0,21516.0
2807916114,2018,58840.0,21077.0
2807916114,2019,61278.0,21721.0
2807916114,2020,61964.0,22511.0
2807916114,2021,62228.0,23247.0
2807916114,2022,64137.0,24154.0
2807916115,2015,63407.0,23220.0
2807916115,2016,64885.0,23817.0
2807916115,2017,64282.0,23532.0
2807916115,2018,69308.0,25254.0
2807916115,2019,70841.0,25823.0
2807916115,2020,62611.0,23244.0
2807916115,2021,65551.0,24562.0
2807916115,2022,67544.0,25715.0
2807916116,2015,37770.0,15842.0
2807916116,2016,39365.0,16455.0
2807916116,2017,41105.0,16806.0
2807916116,2018,44267.0,17878.0
2807916116,2019,46616.0,18893.0
2807916116,2020,46200.0,18474.0
2807916116,2021,48366.0,19205.0
2807916116,2022,51197.0,20154.0
2807916117,2015,46199.0,16367.0
2807916117,2016,47470.0,16748.0
2807916117,2017,48659.0,16752.0
2807916117,2018,49912.0,17058.0
2807916117,2019,52207.0,17524.0
2807916117,2020,52344.0,17698.0
2807916117,2021,53666.0,18336.0
2807916117,2022,57804.0,19386.0
2807916118,2015,50843.0,16367.0
2807916118,2016,51394.0,16416.0
2807916118,2017,50625.0,16211.0
2807916118,2018,51556.0,16668.0
2807916118,2019,54231.0,17495.0
2807916118,2020,51655.0,16963.0
2807916118,2021,55153.0,17917.0
2807916118,2022,57757.0,18928.0
2807916119,2015,45723.0,20101.0
2807916119,2016,47805.0,20511.0
2807916119,2017,49644.0,20876.0
2807916119,2018,52606.0,21015.0
2807916119,2019,56812.0,22272.0
2807916119,2020,55890.0,21789.0
2807916119,2021,56598.0,21851.0
2807916119,2022,63300.0,24196.0
2807916120,2015,42037.0,15986.0
2807916120,2016,41799.0,15877.0
2807916120,2017,43047.0,16342.0
2807916120,2018,43487.0,16339.0
2807916120,2019,45229.0,16964.0
2807916120,2020,44401.0,16977.0
2807916120,2021,46282.0,17503.0
2807916120,2022,47948.0,18186.0
2807916121,2015,67219.0,24335.0
2807916121,2016,68901.0,24949.0
2807916121,2017,72974.0,26365.0
2807916121,2018,76736.0,27072.0
2807916121,2019,80469.0,28065.0
2807916121,2020,75615.0,27152.0
2807916121,2021,74827.0,27369.0
2807916121,2022,76885.0,28958.0
2807916122,2015,58650.0,19724.0
2807916122,2016,62391.0,20699.0
2807916122,2017,62872.0,20589.0
2807916122,2018,64910.0,21649.0
2807916122,2019,68210.0,22618.0
2807916122,2020,66622.0,22116.0
2807916122,2021,70337.0,23269.0
2807916122,2022,74318.0,25073.0
2807916123,2015,80135.0,28350.0
2807916123,2016,83624.0,29364.0
2807916123,2017,86006.0,29898.0
2807916123,2018,91933.0,32242.0
2807916123,2019,91479.0,32183.0
2807916123,2020,89731.0,31670.0
2807916123,2021,88769.0,32039.0
2807916123,2022,98221.0,34765.0
2807916124,2015,59090.0,26272.0
2807916124,2016,56132.0,23890.0
2807916124,2017,48678.0,19664.0
2807916124,2018,53321.0,20562.0
2807916124,2019,59473.0,21737.0
2807916124,2020,60702.0,21780.0
2807916124,2021,63728.0,22327.0
2807916124,2022,74875.0,26121.0
2807916125,2015,61557.0,20037.0
2807916125,2016,64096.0,20507.0
2807916125,2017,66495.0,21094.0
2807916125,2018,67369.0,21385.0
2807916125,2019,67824.0,21786.0
2807916125,2020,68033.0,22213.0
2807916125,2021,67115.0,22137.0
2807916125,2022,71338.0,23747.0
2807916126,2015,,
2807916126,2016,,
2807916126,2017,56424.0,19081.0
2807916126,2018,62446.0,20652.0
2807916126,2019,66208.0,21441.0
2807916126,2020,63320.0,20566.0
2807916126,2021,69403.0,22168.0
2807916126,2022,71542.0,22667.0
2807916127,2015,,
2807916127,2016,,
2807916127,2017,48837.0,17114.0
2807916127,2018,49577.0,17284.0
2807916127,2019,51338.0,17835.0
2807916127,2020,51042.0,17834.0
2807916127,2021,52072.0,18295.0
2807916127,2022,54173.0,19139.0
2807916128,2015,,
2807916128,2016,,
2807916128,2017,86006.0,30210.0
2807916128,2018,91933.0,32242.0
2807916128,2019,89510.0,30288.0
2807916128,2020,87439.0,28958.0
2807916128,2021,86992.0,28678.0
2807916128,2022,70149.0,23768.0
2807916129,2015,,
2807916129,2016,,
2807916129,2017,50465.0,21011.0
2807916129,2018,55910.0,21277.0
2807916129,2019,58586.0,21922.0
2807916129,2020,58840.0,21475.0
2807916129,2021,63967.0,22553.0
2807916129,2022,65157.0,22928.0
2807916130,2015,,
2807916130,2016,,
2807916130,2017,,
2807916130,2018,,
2807916130,2019,,
2807916130,2020,,
2807916130,2021,,
2807916130,2022,57187.0,21065.0
2807916131,2015,,
2807916131,2016,,
2807916131,2017,,
2807916131,2018,,
2807916131,2019,,
2807916131,2020,,
2807916131,2021,,
2807916131,2022,82457.0,26410.0
2807916132,2015,,
2807916132,2016,,
2807916132,2017,,
2807916132,2018,,
2807916132,2019,,
2807916132,2020,,
2807916132,2021,,
2807916132,2022,69719.0,23829.0
2807916133,2015,,
2807916133,2016,,
2807916133,2017,,
2807916133,2018,,
2807916133,2019,,
2807916133,2020,,
2807916133,2021,,
2807916133,2022,69237.0,25434.0
2807916134,2015,,
2807916134,2016,,
2807916134,2017,,
2807916134,2018,,
2807916134,2019,,
2807916134,2020,,
2807916134,2021,,
2807916134,2022,98221.0,34765.0
2807917002,2015,24154.0,8761.0
2807917002,2016,24786.0,8768.0
2807917002,2017,25232.0,9118.0
2807917002,2018,26523.0,9286.0
2807917002,2019,27954.0,9831.0
2807917002,2020,27638.0,9770.0
2807917002,2021,27730.0,9817.0
2807917002,2022,30389.0,10493.0
2807917003,2015,23588.0,8820.0
2807917003,2016,23816.0,8922.0
2807917003,2017,24342.0,9215.0
2807917003,2018,26192.0,9588.0
2807917003,2019,28432.0,10392.0
2807917003,2020,28185.0,10486.0
2807917003,2021,28605.0,10861.0
2807917003,2022,30241.0,10805.0
2807917004,2015,19419.0,7663.0
2807917004,2016,18755.0,7361.0
2807917004,2017,19489.0,7467.0
2807917004,2018,20403.0,7796.0
2807917004,2019,21750.0,8118.0
2807917004,2020,21344.0,7928.0
2807917004,2021,22395.0,8419.0
2807917004,2022,24169.0,8615.0
2807917006,2015,22805.0,8482.0
2807917006,2016,23481.0,8856.0
2807917006,2017,24293.0,8875.0
2807917006,2018,24551.0,8854.0
2807917006,2019,26161.0,9251.0
2807917006,2020,25490.0,9302.0
2807917006,2021,26399.0,9499.0
2807917006,2022,27854.0,9741.0
2807917007,2015,21731.0,7965.0
2807917007,2016,21877.0,8129.0
2807917007,2017,22389.0,8255.0
2807917007,2018,23766.0,8590.0
2807917007,2019,24646.0,8918.0
2807917007,2020,24198.0,8785.0
2807917007,2021,25162.0,9075.0
2807917007,2022,27251.0,9385.0
2807917008,2015,22744.0,8046.0
2807917008,2016,22617.0,8075.0
2807917008,2017,22600.0,8047.0
2807917008,2018,23603.0,8215.0
2807917008,2019,25121.0,8592.0
2807917008,2020,25065.0,8664.0
2807917008,2021,25653.0,9016.0
2807917008,2022,27963.0,9488.0
2807917009,2015,23838.0,8261.0
2807917009,2016,24103.0,8394.0
2807917009,2017,24731.0,8398.0
2807917009,2018,26127.0,8552.0
2807917009,2019,27182.0,9079.0
2807917009,2020,28113.0,9221.0
2807917009,2021,28107.0,9246.0
2807917009,2022,30341.0,9734.0
2807917010,2015,23417.0,8825.0
2807917010,2016,23528.0,8775.0
2807917010,2017,24004.0,8979.0
2807917010,2018,25435.0,9139.0
2807917010,2019,27889.0,9662.0
2807917010,2020,26264.0,9396.0
2807917010,2021,26957.0,9916.0
2807917010,2022,29651.0,10539.0
2807917011,2015,24446.0,8932.0
2807917011,2016,25014.0,8948.0
2807917011,2017,24873.0,9039.0
2807917011,2018,25856.0,9160.0
2807917011,2019,27418.0,9587.0
2807917011,2020,26381.0,9378.0
2807917011,2021,27033.0,9428.0
2807917011,2022,28863.0,9553.0
2807917012,2015,23865.0,8901.0
2807917012,2016,24041.0,8983.0
2807917012,2017,24621.0,8962.0
2807917012,2018,25678.0,9242.0
2807917012,2019,27376.0,9269.0
2807917012,2020,26609.0,9299.0
2807917012,2021,27100.0,9428.0
2807917012,2022,29592.0,9951.0
2807917013,2015,23103.0,9307.0
2807917013,2016,23130.0,9263.0
2807917013,2017,24084.0,9460.0
2807917013,2018,24516.0,9471.0
2807917013,2019,26286.0,9871.0
2807917013,2020,27328.0,10011.0
2807917013,2021,27078.0,10079.0
2807917013,2022,28506.0,10777.0
2807917014,2015,22138.0,8130.0
2807917014,2016,22292.0,8223.0
2807917014,2017,22917.0,8251.0
2807917014,2018,23885.0,8536.0
2807917014,2019,26282.0,8959.0
2807917014,2020,26237.0,8848.0
2807917014,2021,27360.0,9385.0
2807917014,2022,28106.0,9369.0
2807917015,2015,23062.0,8311.0
2807917015,2016,22750.0,8057.0
2807917015,2017,22924.0,8292.0
2807917015,2018,24003.0,8814.0
2807917015,2019,25132.0,8828.0
2807917015,2020,25614.0,9007.0
2807917015,2021,26518.0,9231.0
2807917015,2022,27782.0,9682.0
2807917016,2015,21260.0,8464.0
2807917016,2016,21915.0,8517.0
2807917016,2017,21886.0,8322.0
2807917016,2018,22808.0,8456.0
2807917016,2019,23988.0,8607.0
2807917016,2020,23567.0,9050.0
2807917016,2021,24360.0,9102.0
2807917016,2022,25575.0,9615.0
2807917017,2015,26520.0,9836.0
2807917017,2016,28116.0,10208.0
2807917017,2017,27943.0,10358.0
2807917017,2018,28985.0,10563.0
2807917017,2019,31959.0,10995.0
2807917017,2020,31321.0,11001.0
2807917017,2021,31684.0,11325.0
2807917017,2022,32656.0,11593.0
2807917018,2015,19990.0,7927.0
2807917018,2016,20404.0,8011.0
2807917018,2017,21373.0,8205.0
2807917018,2018,21850.0,8201.0
2807917018,2019,23106.0,8491.0
2807917018,2020,23586.0,8700.0
2807917018,2021,24870.0,9232.0
2807917018,2022,26571.0,9496.0
2807917019,2015,22228.0,8649.0
2807917019,2016,21397.0,8405.0
2807917019,2017,21796.0,8352.0
2807917019,2018,23377.0,8952.0
2807917019,2019,24254.0,8937.0
2807917019,2020,24123.0,8857.0
2807917019,2021,25597.0,9687.0
2807917019,2022,27421.0,10391.0
2807917020,2015,26628.0,9266.0
2807917020,2016,27938.0,9614.0
2807917020,2017,27208.0,9515.0
2807917020,2018,27901.0,9746.0
2807917020,2019,29657.0,10079.0
2807917020,2020,29336.0,9979.0
2807917020,2021,30921.0,10544.0
2807917020,2022,32421.0,10831.0
2807917021,2015,22316.0,6691.0
2807917021,2016,21737.0,6729.0
2807917021,2017,22725.0,7065.0
2807917021,2018,23614.0,7269.0
2807917021,2019,24884.0,7529.0
2807917021,2020,24082.0,7423.0
2807917021,2021,24636.0,7782.0
2807917021,2022,25630.0,8008.0
2807917022,2015,18953.0,7506.0
2807917022,2016,18821.0,7386.0
2807917022,2017,20469.0,8004.0
2807917022,2018,20940.0,8095.0
2807917022,2019,22228.0,8250.0
2807917022,2020,22536.0,8161.0
2807917022,2021,23430.0,8786.0
2807917022,2022,24872.0,8852.0
2807917023,2015,28671.0,10597.0
2807917023,2016,28988.0,10884.0
2807917023,2017,29772.0,10943.0
2807917023,2018,30455.0,11286.0
2807917023,2019,32014.0,11566.0
2807917023,2020,31225.0,11734.0
2807917023,2021,32647.0,12186.0
2807917023,2022,33858.0,12561.0
2807917024,2015,22416.0,8254.0
2807917024,2016,22735.0,8219.0
2807917024,2017,23501.0,8690.0
2807917024,2018,24521.0,8677.0
2807917024,2019,26319.0,9325.0
2807917024,2020,25416.0,9053.0
2807917024,2021,26180.0,9418.0
2807917024,2022,28345.0,10126.0
2807917025,2015,25143.0,9072.0
2807917025,2016,24651.0,8953.0
2807917025,2017,25194.0,9022.0
2807917025,2018,26246.0,8941.0
2807917025,2019,26483.0,9212.0
2807917025,2020,26480.0,8986.0
2807917025,2021,26628.0,9297.0
2807917025,2022,28787.0,9483.0
2807917026,2015,22840.0,8392.0
2807917026,2016,23367.0,8566.0
2807917026,2017,24396.0,8634.0
2807917026,2018,25188.0,8951.0
2807917026,2019,26611.0,9410.0
2807917026,2020,26129.0,9350.0
2807917026,2021,25699.0,9343.0
2807917026,2022,27994.0,10048.0
2807917027,2015,29749.0,10532.0
2807917027,2016,29897.0,10664.0
2807917027,2017,30771.0,11064.0
2807917027,2018,32138.0,11558.0
2807917027,2019,33971.0,12114.0
2807917027,2020,34418.0,12424.0
2807917027,2021,34260.0,12530.0
2807917027,2022,36186.0,13186.0
2807917028,2015,25480.0,9566.0
2807917028,2016,26144.0,9781.0
2807917028,2017,25316.0,9367.0
2807917028,2018,27174.0,9913.0
2807917028,2019,29158.0,10398.0
2807917028,2020,29327.0,10651.0
2807917028,2021,29645.0,10857.0
2807917028,2022,31662.0,11128.0
2807917029,2015,31183.0,13555.0
2807917029,2016,29028.0,12501.0
2807917029,2017,29292.0,12573.0
2807917029,2018,30374.0,13080.0
2807917029,2019,31269.0,13462.0
2807917029,2020,31454.0,13723.0
2807917029,2021,32423.0,14309.0
2807917029,2022,33152.0,14620.0
2807917031,2015,20760.0,6437.0
2807917031,2016,20436.0,6345.0
2807917031,2017,20642.0,6650.0
2807917031,2018,21864.0,7026.0
2807917031,2019,23091.0,7308.0
2807917031,2020,23014.0,7279.0
2807917031,2021,24197.0,7903.0
2807917031,2022,26582.0,8301.0
2807917032,2015,18800.0,6180.0
2807917032,2016,19272.0,6174.0
2807917032,2017,19602.0,6404.0
2807917032,2018,20126.0,6702.0
2807917032,2019,21603.0,7020.0
2807917032,2020,21834.0,6926.0
2807917032,2021,22727.0,7296.0
2807917032,2022,25453.0,7851.0
2807917033,2015,18430.0,5911.0
2807917033,2016,18553.0,5909.0
2807917033,2017,18917.0,6001.0
2807917033,2018,19636.0,6182.0
2807917033,2019,21307.0,6384.0
2807917033,2020,21142.0,6358.0
2807917033,2021,21452.0,6648.0
2807917033,2022,24600.0,7313.0
2807917035,2015,18043.0,5930.0
2807917035,2016,18923.0,6099.0
2807917035,2017,19324.0,6168.0
2807917035,2018,19780.0,6262.0
2807917035,2019,21663.0,6664.0
2807917035,2020,20909.0,6677.0
2807917035,2021,21199.0,6840.0
2807917035,2022,23746.0,7318.0
2807917036,2015,19635.0,7152.0
2807917036,2016,19899.0,7220.0
2807917036,2017,20389.0,7260.0
2807917036,2018,21235.0,7150.0
2807917036,2019,22979.0,7576.0
2807917036,2020,22207.0,7528.0
2807917036,2021,22548.0,7493.0
2807917036,2022,24980.0,8154.0
2807917037,2015,17786.0,6100.0
2807917037,2016,17956.0,6238.0
2807917037,2017,19142.0,6445.0
2807917037,2018,20465.0,6694.0
2807917037,2019,21418.0,6508.0
2807917037,2020,21404.0,6737.0
2807917037,2021,22168.0,7016.0
2807917037,2022,24036.0,7059.0
2807917038,2015,21789.0,7298.0
2807917038,2016,21908.0,7115.0
2807917038,2017,22802.0,7248.0
2807917038,2018,23155.0,7074.0
2807917038,2019,25662.0,7458.0
2807917038,2020,25504.0,7631.0
2807917038,2021,26992.0,7888.0
2807917038,2022,28104.0,8182.0
2807917039,2015,20222.0,7098.0
2807917039,2016,20377.0,7075.0
2807917039,2017,20970.0,7324.0
2807917039,2018,21908.0,7278.0
2807917039,2019,23117.0,7514.0
2807917039,2020,22938.0,7429.0
2807917039,2021,24110.0,7761.0
2807917039,2022,26477.0,8310.0
2807917041,2015,20033.0,6245.0
2807917041,2016,20209.0,6470.0
2807917041,2017,19983.0,6304.0
2807917041,2018,20750.0,6405.0
2807917041,2019,21623.0,6161.0
2807917041,2020,21316.0,6160.0
2807917041,2021,22904.0,6879.0
2807917041,2022,24717.0,7276.0
2807917042,2015,18840.0,5851.0
2807917042,2016,19805.0,6226.0
2807917042,2017,20019.0,6212.0
2807917042,2018,20378.0,6123.0
2807917042,2019,22760.0,6539.0
2807917042,2020,22268.0,6401.0
2807917042,2021,22906.0,6689.0
2807917042,2022,24467.0,6901.0
2807917043,2015,20748.0,6551.0
2807917043,2016,20714.0,6516.0
2807917043,2017,21602.0,6794.0
2807917043,2018,22190.0,6896.0
2807917043,2019,23850.0,7217.0
2807917043,2020,23506.0,6991.0
2807917043,2021,24377.0,7486.0
2807917043,2022,27029.0,7875.0
2807917045,2015,33973.0,12249.0
2807917045,2016,35186.0,12763.0
2807917045,2017,34213.0,11491.0
2807917045,2018,35812.0,11985.0
2807917045,2019,37899.0,12740.0
2807917045,2020,38155.0,12776.0
2807917045,2021,38837.0,13204.0
2807917045,2022,40539.0,13850.0
2807917046,2015,23639.0,7831.0
2807917046,2016,23322.0,7778.0
2807917046,2017,23485.0,7908.0
2807917046,2018,24773.0,8427.0
2807917046,2019,25701.0,8450.0
2807917046,2020,24658.0,8499.0
2807917046,2021,26899.0,9176.0
2807917046,2022,28675.0,9627.0
2807917047,2015,22108.0,7945.0
2807917047,2016,21237.0,7866.0
2807917047,2017,22547.0,7980.0
2807917047,2018,23649.0,8314.0
2807917047,2019,24805.0,8619.0
2807917047,2020,24577.0,8611.0
2807917047,2021,25070.0,8870.0
2807917047,2022,26937.0,9328.0
2807917048,2015,29777.0,10115.0
2807917048,2016,29660.0,10289.0
2807917048,2017,29987.0,10529.0
2807917048,2018,30827.0,10716.0
2807917048,2019,32247.0,11099.0
2807917048,2020,28998.0,10184.0
2807917048,2021,34201.0,12191.0
2807917048,2022,36226.0,13117.0
2807917049,2015,21372.0,7237.0
2807917049,2016,21533.0,7308.0
2807917049,2017,21652.0,7374.0
2807917049,2018,22972.0,7817.0
2807917049,2019,23832.0,7775.0
2807917049,2020,22854.0,7788.0
2807917049,2021,24087.0,8116.0
2807917049,2022,25799.0,8435.0
2807917050,2015,22648.0,8826.0
2807917050,2016,22655.0,9083.0
2807917050,2017,23159.0,9250.0
2807917050,2018,25050.0,9761.0
2807917050,2019,25671.0,9945.0
2807917050,2020,25774.0,10229.0
2807917050,2021,26265.0,10622.0
2807917050,2022,27112.0,10717.0
2807917051,2015,21020.0,7310.0
2807917051,2016,21618.0,7381.0
2807917051,2017,21955.0,7338.0
2807917051,2018,23722.0,7576.0
2807917051,2019,24182.0,7888.0
2807917051,2020,24220.0,8087.0
2807917051,2021,25411.0,8404.0
2807917051,2022,26685.0,8910.0
2807917052,2015,25441.0,9444.0
2807917052,2016,26043.0,9423.0
2807917052,2017,25759.0,9443.0
2807917052,2018,26165.0,9542.0
2807917052,2019,26202.0,9561.0
2807917052,2020,26277.0,9620.0
2807917052,2021,26615.0,10111.0
2807917052,2022,28125.0,10550.0
2807917053,2015,25251.0,9128.0
2807917053,2016,25099.0,9093.0
2807917053,2017,26179.0,9440.0
2807917053,2018,26762.0,9547.0
2807917053,2019,28469.0,10103.0
2807917053,2020,28439.0,10289.0
2807917053,2021,28270.0,10572.0
2807917053,2022,29989.0,11048.0
2807917054,2015,23237.0,8212.0
2807917054,2016,22928.0,8242.0
2807917054,2017,23741.0,8432.0
2807917054,2018,24199.0,8569.0
2807917054,2019,25963.0,8861.0
2807917054,2020,25128.0,8908.0
2807917054,2021,26989.0,9704.0
2807917054,2022,27900.0,9664.0
2807917055,2015,28545.0,10595.0
2807917055,2016,29214.0,10676.0
2807917055,2017,27943.0,10349.0
2807917055,2018,28884.0,10505.0
2807917055,2019,29662.0,10930.0
2807917055,2020,29999.0,11266.0
2807917055,2021,30725.0,11702.0
2807917055,2022,33082.0,12188.0
2807917057,2015,22264.0,8309.0
2807917057,2016,22342.0,8415.0
2807917057,2017,23693.0,8889.0
2807917057,2018,24754.0,8967.0
2807917057,2019,25702.0,9265.0
2807917057,2020,25593.0,9363.0
2807917057,2021,25906.0,9417.0
2807917057,2022,27900.0,9863.0
2807917058,2015,24921.0,8742.0
2807917058,2016,24896.0,8762.0
2807917058,2017,25462.0,8916.0
2807917058,2018,26392.0,9127.0
2807917058,2019,27826.0,9533.0
2807917058,2020,28076.0,9726.0
2807917058,2021,29315.0,10171.0
2807917058,2022,30149.0,10355.0
2807917059,2015,26107.0,9219.0
2807917059,2016,27119.0,9673.0
2807917059,2017,27615.0,9791.0
2807917059,2018,28541.0,10391.0
2807917059,2019,28943.0,10515.0
2807917059,2020,28750.0,10363.0
2807917059,2021,29371.0,10416.0
2807917059,2022,30804.0,10758.0
2807917060,2015,24753.0,9418.0
2807917060,2016,25074.0,9437.0
2807917060,2017,25872.0,9418.0
2807917060,2018,26405.0,9324.0
2807917060,2019,28711.0,10165.0
2807917060,2020,28431.0,10252.0
2807917060,2021,29334.0,10603.0
2807917060,2022,30757.0,11375.0
2807917061,2015,19696.0,6465.0
2807917061,2016,19950.0,6549.0
2807917061,2017,20856.0,6588.0
2807917061,2018,22500.0,7059.0
2807917061,2019,24773.0,7522.0
2807917061,2020,23326.0,7473.0
2807917061,2021,24379.0,7699.0
2807917061,2022,26047.0,8081.0
2807917062,2015,20571.0,7293.0
2807917062,2016,21907.0,7651.0
2807917062,2017,22372.0,7639.0
2807917062,2018,23572.0,7903.0
2807917062,2019,24280.0,8209.0
2807917062,2020,25229.0,8512.0
2807917062,2021,25799.0,8876.0
2807917062,2022,27490.0,9314.0
2807917063,2015,23318.0,8509.0
2807917063,2016,23545.0,8702.0
2807917063,2017,23520.0,8481.0
2807917063,2018,24077.0,8377.0
2807917063,2019,25847.0,8934.0
2807917063,2020,25362.0,8941.0
2807917063,2021,25525.0,9231.0
2807917063,2022,26254.0,9191.0
2807917064,2015,23194.0,9008.0
2807917064,2016,23100.0,8867.0
2807917064,2017,23323.0,8750.0
2807917064,2018,24298.0,8768.0
2807917064,2019,25659.0,8887.0
2807917064,2020,26148.0,9124.0
2807917064,2021,27468.0,9537.0
2807917064,2022,28976.0,10144.0
2807917065,2015,22802.0,8551.0
2807917065,2016,22712.0,8462.0
2807917065,2017,23329.0,8480.0
2807917065,2018,24753.0,8773.0
2807917065,2019,26489.0,9059.0
2807917065,2020,25947.0,8900.0
2807917065,2021,27490.0,9574.0
2807917065,2022,29238.0,9840.0
2807917066,2015,22080.0,7609.0
2807917066,2016,22451.0,7602.0
2807917066,2017,22868.0,7584.0
2807917066,2018,23760.0,7699.0
2807917066,2019,24934.0,7741.0
2807917066,2020,25136.0,8035.0
2807917066,2021,25360.0,8235.0
2807917066,2022,26368.0,8288.0
2807917068,2015,19438.0,7080.0
2807917068,2016,20300.0,7565.0
2807917068,2017,20121.0,7572.0
2807917068,2018,22323.0,8393.0
2807917068,2019,25126.0,9309.0
2807917068,2020,25192.0,9466.0
2807917068,2021,27043.0,10430.0
2807917068,2022,29614.0,11316.0
2807917069,2015,23674.0,8880.0
2807917069,2016,24174.0,8778.0
2807917069,2017,26099.0,9208.0
2807917069,2018,26845.0,9366.0
2807917069,2019,27794.0,9492.0
2807917069,2020,26909.0,9468.0
2807917069,2021,28367.0,9966.0
2807917069,2022,29811.0,10030.0
2807917070,2015,35671.0,13138.0
2807917070,2016,35829.0,13247.0
2807917070,2017,37005.0,13716.0
2807917070,2018,38060.0,14553.0
2807917070,2019,39414.0,15057.0
2807917070,2020,38538.0,14950.0
2807917070,2021,39123.0,15593.0
2807917070,2022,41020.0,16297.0
2807917071,2015,31625.0,11770.0
2807917071,2016,32510.0,12046.0
2807917071,2017,32661.0,12093.0
2807917071,2018,33055.0,12189.0
2807917071,2019,34023.0,12316.0
2807917071,2020,33467.0,12483.0
2807917071,2021,33121.0,12195.0
2807917071,2022,34078.0,12542.0
2807917072,2015,19465.0,7277.0
2807917072,2016,20161.0,7709.0
2807917072,2017,20246.0,7653.0
2807917072,2018,21534.0,7950.0
2807917072,2019,22923.0,8050.0
2807917072,2020,23324.0,8116.0
2807917072,2021,22940.0,8185.0
2807917072,2022,25038.0,8413.0
2807917073,2015,22133.0,9366.0
2807917073,2016,22435.0,9580.0
2807917073,2017,23840.0,10116.0
2807917073,2018,23080.0,9627.0
2807917073,2019,24792.0,10027.0
2807917073,2020,24730.0,10373.0
2807917073,2021,25378.0,10860.0
2807917073,2022,26807.0,11239.0
2807917074,2015,28209.0,11045.0
2807917074,2016,27266.0,10707.0
2807917074,2017,28654.0,11189.0
2807917074,2018,29249.0,11377.0
2807917074,2019,31676.0,11830.0
2807917074,2020,31573.0,11844.0
2807917074,2021,32983.0,12262.0
2807917074,2022,34980.0,12699.0
2807917075,2015,29663.0,11091.0
2807917075,2016,30627.0,11646.0
2807917075,2017,31924.0,12150.0
2807917075,2018,33127.0,12475.0
2807917075,2019,34029.0,12496.0
2807917075,2020,33659.0,12513.0
2807917075,2021,34836.0,13119.0
2807917075,2022,36507.0,13578.0
2807917076,2015,31221.0,12526.0
2807917076,2016,31073.0,12191.0
2807917076,2017,31609.0,12444.0
2807917076,2018,32080.0,12736.0
2807917076,2019,32577.0,12897.0
2807917076,2020,32524.0,13333.0
2807917076,2021,32724.0,13206.0
2807917076,2022,34388.0,13869.0
2807917078,2015,29602.0,12289.0
2807917078,2016,30613.0,12676.0
2807917078,2017,30569.0,12520.0
2807917078,2018,31755.0,13151.0
2807917078,2019,32339.0,13506.0
2807917078,2020,30693.0,13320.0
2807917078,2021,30606.0,13454.0
2807917078,2022,32290.0,13868.0
2807917079,2015,21127.0,10396.0
2807917079,2016,21406.0,10171.0
2807917079,2017,21970.0,10309.0
2807917079,2018,23901.0,10836.0
2807917079,2019,23939.0,11010.0
2807917079,2020,24026.0,10817.0
2807917079,2021,24981.0,11392.0
2807917079,2022,26517.0,12333.0
2807917080,2015,39278.0,13679.0
2807917080,2016,40357.0,14039.0
2807917080,2017,40707.0,14382.0
2807917080,2018,40556.0,14968.0
2807917080,2019,40040.0,15554.0
2807917080,2020,39339.0,15382.0
2807917080,2021,39145.0,15184.0
2807917080,2022,39994.0,15489.0
2807917082,2015,24351.0,9783.0
2807917082,2016,25029.0,9962.0
2807917082,2017,25581.0,10374.0
2807917082,2018,26876.0,10658.0
2807917082,2019,27536.0,10635.0
2807917082,2020,27213.0,10755.0
2807917082,2021,28258.0,11424.0
2807917082,2022,30177.0,11912.0
2807917083,2015,23119.0,8870.0
2807917083,2016,23439.0,8945.0
2807917083,2017,24222.0,9017.0
2807917083,2018,24547.0,8946.0
2807917083,2019,26292.0,9223.0
2807917083,2020,25709.0,9303.0
2807917083,2021,26665.0,9756.0
2807917083,2022,27182.0,10184.0
2807917084,2015,21159.0,8955.0
2807917084,2016,21988.0,9229.0
2807917084,2017,22488.0,9389.0
2807917084,2018,22923.0,9659.0
2807917084,2019,24675.0,9720.0
2807917084,2020,24170.0,9659.0
2807917084,2021,25034.0,10323.0
2807917084,2022,26822.0,10488.0
2807917085,2015,31826.0,12637.0
2807917085,2016,32141.0,12951.0
2807917085,2017,32267.0,13289.0
2807917085,2018,32965.0,12968.0
2807917085,2019,34075.0,13603.0
2807917085,2020,33022.0,13067.0
2807917085,2021,34429.0,13800.0
2807917085,2022,36531.0,14374.0
2807917086,2015,30714.0,12755.0
2807917086,2016,30582.0,12783.0
2807917086,2017,31444.0,12742.0
2807917086,2018,31763.0,12640.0
2807917086,2019,33428.0,13526.0
2807917086,2020,32770.0,13483.0
2807917086,2021,33540.0,13889.0
2807917086,2022,36543.0,14977.0
2807917087,2015,27159.0,11016.0
2807917087,2016,27173.0,10983.0
2807917087,2017,28607.0,11473.0
2807917087,2018,29354.0,11488.0
2807917087,2019,30572.0,12077.0
2807917087,2020,29483.0,11770.0
2807917087,2021,30213.0,12154.0
2807917087,2022,32717.0,12746.0
2807917089,2015,24092.0,9764.0
2807917089,2016,24404.0,9895.0
2807917089,2017,24676.0,9969.0
2807917089,2018,26820.0,10460.0
2807917089,2019,28577.0,10771.0
2807917089,2020,27713.0,10681.0
2807917089,2021,28408.0,11244.0
2807917089,2022,28873.0,11390.0
2807917090,2015,27525.0,10453.0
2807917090,2016,27487.0,10496.0
2807917090,2017,27815.0,10569.0
2807917090,2018,28850.0,10701.0
2807917090,2019,30112.0,11141.0
2807917090,2020,29542.0,11081.0
2807917090,2021,30918.0,11482.0
2807917090,2022,30857.0,11459.0
2807917091,2015,26876.0,9916.0
2807917091,2016,27299.0,9982.0
2807917091,2017,27390.0,10046.0
2807917091,2018,27198.0,9747.0
2807917091,2019,28893.0,10026.0
2807917091,2020,29136.0,10444.0
2807917091,2021,29618.0,10777.0
2807917091,2022,30688.0,11505.0
2807917092,2015,38061.0,15015.0
2807917092,2016,36343.0,14033.0
2807917092,2017,36421.0,13893.0
2807917092,2018,36087.0,13873.0
2807917092,2019,38396.0,14618.0
2807917092,2020,38005.0,14526.0
2807917092,2021,39656.0,15073.0
2807917092,2022,42771.0,16193.0
2807917093,2015,31853.0,12498.0
2807917093,2016,31916.0,12629.0
2807917093,2017,34745.0,13295.0
2807917093,2018,35173.0,13673.0
2807917093,2019,37737.0,14323.0
2807917093,2020,35830.0,13886.0
2807917093,2021,36839.0,14942.0
2807917093,2022,38671.0,15094.0
2807917094,2015,28440.0,10848.0
2807917094,2016,27281.0,10508.0
2807917094,2017,27694.0,10524.0
2807917094,2018,28500.0,11074.0
2807917094,2019,30392.0,11686.0
2807917094,2020,29411.0,11397.0
2807917094,2021,30275.0,11872.0
2807917094,2022,32470.0,12112.0
2807917095,2015,25358.0,10338.0
2807917095,2016,26088.0,10761.0
2807917095,2017,26686.0,10756.0
2807917095,2018,26478.0,11192.0
2807917095,2019,27497.0,11358.0
2807917095,2020,28436.0,11883.0
2807917095,2021,29180.0,12313.0
2807917095,2022,31218.0,12852.0
2807917096,2015,35403.0,12407.0
2807917096,2016,36381.0,12733.0
2807917096,2017,39619.0,14046.0
2807917096,2018,40404.0,14551.0
2807917096,2019,42018.0,15229.0
2807917096,2020,40705.0,14925.0
2807917096,2021,42973.0,15472.0
2807917096,2022,43567.0,16212.0
2807917097,2015,37858.0,13495.0
2807917097,2016,37779.0,13499.0
2807917097,2017,38281.0,13770.0
2807917097,2018,40204.0,14496.0
2807917097,2019,41968.0,15428.0
2807917097,2020,42078.0,15669.0
2807917097,2021,42745.0,16476.0
2807917097,2022,44395.0,16987.0
2807917098,2015,19508.0,5662.0
2807917098,2016,19607.0,5862.0
2807917098,2017,19826.0,6020.0
2807917098,2018,20749.0,6447.0
2807917098,2019,21605.0,6551.0
2807917098,2020,21493.0,6540.0
2807917098,2021,22035.0,6723.0
2807917098,2022,23635.0,7143.0
2807917099,2015,37641.0,11812.0
2807917099,2016,39593.0,12382.0
2807917099,2017,39498.0,12543.0
2807917099,2018,42539.0,13772.0
2807917099,2019,44457.0,14467.0
2807917099,2020,44893.0,14602.0
2807917099,2021,45332.0,14747.0
2807917099,2022,47156.0,15739.0
2807917100,2015,20914.0,7230.0
2807917100,2016,21633.0,7449.0
2807917100,2017,21887.0,7657.0
2807917100,2018,22881.0,7861.0
2807917100,2019,24426.0,8616.0
2807917100,2020,24512.0,8562.0
2807917100,2021,25368.0,8823.0
2807917100,2022,27506.0,9356.0
2807917101,2015,25285.0,9493.0
2807917101,2016,25334.0,9477.0
2807917101,2017,26218.0,9650.0
2807917101,2018,26601.0,9977.0
2807917101,2019,28051.0,10374.0
2807917101,2020,28045.0,10660.0
2807917101,2021,28710.0,11037.0
2807917101,2022,29758.0,11500.0
2807917102,2015,40101.0,14424.0
2807917102,2016,40855.0,14890.0
2807917102,2017,40953.0,14964.0
2807917102,2018,43664.0,15977.0
2807917102,2019,44952.0,16757.0
2807917102,2020,42779.0,16260.0
2807917102,2021,44267.0,17290.0
2807917102,2022,46968.0,18796.0
2807917103,2015,34613.0,12193.0
2807917103,2016,34148.0,12179.0
2807917103,2017,35099.0,12384.0
2807917103,2018,36570.0,13074.0
2807917103,2019,37682.0,13537.0
2807917103,2020,37710.0,13674.0
2807917103,2021,38220.0,14147.0
2807917103,2022,39936.0,14974.0
2807917104,2015,32149.0,10557.0
2807917104,2016,31996.0,10719.0
2807917104,2017,32700.0,10927.0
2807917104,2018,34768.0,11728.0
2807917104,2019,35782.0,12071.0
2807917104,2020,35322.0,12054.0
2807917104,2021,36150.0,12677.0
2807917104,2022,38516.0,13887.0
2807917105,2015,33054.0,10845.0
2807917105,2016,33952.0,11281.0
2807917105,2017,35430.0,11969.0
2807917105,2018,37088.0,12723.0
2807917105,2019,38905.0,13150.0
2807917105,2020,38934.0,13385.0
2807917105,2021,40689.0,14023.0
2807917105,2022,42680.0,14872.0
2807917106,2015,25793.0,9161.0
2807917106,2016,26007.0,9264.0
2807917106,2017,26493.0,9356.0
2807917106,2018,27854.0,9776.0
2807917106,2019,28615.0,9937.0
2807917106,2020,28521.0,9954.0
2807917106,2021,29934.0,10654.0
2807917106,2022,31439.0,10889.0
2807917107,2015,31592.0,11056.0
2807917107,2016,33210.0,11400.0
2807917107,2017,34401.0,11724.0
2807917107,2018,35806.0,12297.0
2807917107,2019,37464.0,12810.0
2807917107,2020,36557.0,12645.0
2807917107,2021,38498.0,13474.0
2807917107,2022,39946.0,13882.0
2807917108,2015,37974.0,13980.0
2807917108,2016,38444.0,14239.0
2807917108,2017,38519.0,14561.0
2807917108,2018,39506.0,14614.0
2807917108,2019,40787.0,15056.0
2807917108,2020,40877.0,15093.0
2807917108,2021,41685.0,15762.0
2807917108,2022,44107.0,16622.0
2807917109,2015,25509.0,8921.0
2807917109,2016,28413.0,10229.0
2807917109,2017,29762.0,10838.0
2807917109,2018,27446.0,10339.0
2807917109,2019,28485.0,10449.0
2807917109,2020,28332.0,10579.0
2807917109,2021,29581.0,10981.0
2807917109,2022,31569.0,11918.0
2807917110,2015,36869.0,12574.0
2807917110,2016,37723.0,12849.0
2807917110,2017,37801.0,12931.0
2807917110,2018,39038.0,13312.0
2807917110,2019,39542.0,13453.0
2807917110,2020,40199.0,13862.0
2807917110,2021,41843.0,14419.0
2807917110,2022,43859.0,15426.0
2807917111,2015,28124.0,9945.0
2807917111,2016,27707.0,9938.0
2807917111,2017,26335.0,9100.0
2807917111,2018,26468.0,9186.0
2807917111,2019,28394.0,9922.0
2807917111,2020,28765.0,10024.0
2807917111,2021,30621.0,10682.0
2807917111,2022,31218.0,10023.0
2807917112,2015,42251.0,14084.0
2807917112,2016,43286.0,14222.0
2807917112,2017,43424.0,14342.0
2807917112,2018,44617.0,14894.0
2807917112,2019,46391.0,15671.0
2807917112,2020,45479.0,15622.0
2807917112,2021,48250.0,16516.0
2807917112,2022,49544.0,17130.0
2807917113,2015,39103.0,14533.0
2807917113,2016,39749.0,14814.0
2807917113,2017,39602.0,14746.0
2807917113,2018,41306.0,15664.0
2807917113,2019,42845.0,16498.0
2807917113,2020,42977.0,16647.0
2807917113,2021,44491.0,17471.0
2807917113,2022,47069.0,18412.0
2807917114,2015,34886.0,12348.0
2807917114,2016,34553.0,12181.0
2807917114,2017,34797.0,12143.0
2807917114,2018,36281.0,12704.0
2807917114,2019,37533.0,12781.0
2807917114,2020,37240.0,12923.0
2807917114,2021,39183.0,13936.0
2807917114,2022,41824.0,14868.0
2807917115,2015,,
2807917115,2016,,
2807917115,2017,36759.0,15264.0
2807917115,2018,37892.0,15497.0
2807917115,2019,40762.0,16062.0
2807917115,2020,41454.0,16050.0
2807917115,2021,43142.0,16238.0
2807917115,2022,46362.0,17006.0
2807917116,2015,,
2807917116,2016,,
2807917116,2017,33520.0,11748.0
2807917116,2018,34867.0,12341.0
2807917116,2019,37303.0,13129.0
2807917116,2020,36864.0,13117.0
2807917116,2021,38151.0,13434.0
2807917116,2022,39180.0,14409.0
2807917117,2015,,
2807917117,2016,,
2807917117,2017,,
2807917117,2018,,
2807917117,2019,,
2807917117,2020,,
2807917117,2021,,
2807917117,2022,33859.0,12742.0
2807917118,2015,,
2807917118,2016,,
2807917118,2017,,
2807917118,2018,,
2807917118,2019,,
2807917118,2020,,
2807917118,2021,,
2807917118,2022,39527.0,14956.0
2807918002,2015,26066.0,8786.0
2807918002,2016,26712.0,9352.0
2807918002,2017,27498.0,9729.0
2807918002,2018,28997.0,10162.0
2807918002,2019,31097.0,10705.0
2807918002,2020,31549.0,11106.0
2807918002,2021,31183.0,11246.0
2807918002,2022,33652.0,12174.0
2807918003,2015,24212.0,9094.0
2807918003,2016,24221.0,9161.0
2807918003,2017,24628.0,9315.0
2807918003,2018,25838.0,9610.0
2807918003,2019,26897.0,9786.0
2807918003,2020,26798.0,10098.0
2807918003,2021,27910.0,10966.0
2807918003,2022,29731.0,11649.0
2807918004,2015,24699.0,9134.0
2807918004,2016,25969.0,9566.0
2807918004,2017,26211.0,9683.0
2807918004,2018,28275.0,10197.0
2807918004,2019,30105.0,10769.0
2807918004,2020,29161.0,10487.0
2807918004,2021,29550.0,11114.0
2807918004,2022,31313.0,11640.0
2807918005,2015,21776.0,8473.0
2807918005,2016,22260.0,8627.0
2807918005,2017,22557.0,8764.0
2807918005,2018,23612.0,9164.0
2807918005,2019,24524.0,9381.0
2807918005,2020,24382.0,9441.0
2807918005,2021,25806.0,9953.0
2807918005,2022,28539.0,10402.0
2807918006,2015,26308.0,9154.0
2807918006,2016,25769.0,8851.0
2807918006,2017,25966.0,9027.0
2807918006,2018,27219.0,9144.0
2807918006,2019,28074.0,9358.0
2807918006,2020,28275.0,9898.0
2807918006,2021,29818.0,10413.0
2807918006,2022,32261.0,11071.0
2807918007,2015,25606.0,9680.0
2807918007,2016,25436.0,9443.0
2807918007,2017,26920.0,9580.0
2807918007,2018,25872.0,9819.0
2807918007,2019,27695.0,10416.0
2807918007,2020,27567.0,10683.0
2807918007,2021,28165.0,11151.0
2807918007,2022,30755.0,12117.0
2807918008,2015,26073.0,10143.0
2807918008,2016,27535.0,10568.0
2807918008,2017,26337.0,10359.0
2807918008,2018,27359.0,10545.0
2807918008,2019,28776.0,10953.0
2807918008,2020,28210.0,10922.0
2807918008,2021,28953.0,11095.0
2807918008,2022,30297.0,11657.0
2807918009,2015,25183.0,9116.0
2807918009,2016,25165.0,9313.0
2807918009,2017,26327.0,9785.0
2807918009,2018,26593.0,9693.0
2807918009,2019,28244.0,10154.0
2807918009,2020,27916.0,10250.0
2807918009,2021,28912.0,10757.0
2807918009,2022,30184.0,11477.0
2807918010,2015,21647.0,7543.0
2807918010,2016,21520.0,7779.0
2807918010,2017,22460.0,7959.0
2807918010,2018,23406.0,8498.0
2807918010,2019,24013.0,8494.0
2807918010,2020,23559.0,8615.0
2807918010,2021,24308.0,8893.0
2807918010,2022,26528.0,9277.0
2807918011,2015,25772.0,9880.0
2807918011,2016,26686.0,9952.0
2807918011,2017,26455.0,10100.0
2807918011,2018,27558.0,10426.0
2807918011,2019,28386.0,10337.0
2807918011,2020,27835.0,10496.0
2807918011,2021,29586.0,11244.0
2807918011,2022,30439.0,11477.0
2807918012,2015,23909.0,9245.0
2807918012,2016,23791.0,9176.0
2807918012,2017,24336.0,9603.0
2807918012,2018,25838.0,10100.0
2807918012,2019,26684.0,10259.0
2807918012,2020,26749.0,10473.0
2807918012,2021,27784.0,11054.0
2807918012,2022,28838.0,11636.0
2807918013,2015,24403.0,9604.0
2807918013,2016,24748.0,9672.0
2807918013,2017,24383.0,9339.0
2807918013,2018,24698.0,9307.0
2807918013,2019,27633.0,10097.0
2807918013,2020,27203.0,10299.0
2807918013,2021,27127.0,10653.0
2807918013,2022,29184.0,10929.0
2807918014,2015,25129.0,9379.0
2807918014,2016,25622.0,9566.0
2807918014,2017,25633.0,9589.0
2807918014,2018,26686.0,9878.0
2807918014,2019,28622.0,10276.0
2807918014,2020,28411.0,10186.0
2807918014,2021,29459.0,10849.0
2807918014,2022,31313.0,11753.0
2807918015,2015,22148.0,8579.0
2807918015,2016,22268.0,8737.0
2807918015,2017,23019.0,9107.0
2807918015,2018,24718.0,9692.0
2807918015,2019,26570.0,10030.0
2807918015,2020,25902.0,9983.0
2807918015,2021,27100.0,10548.0
2807918015,2022,29254.0,10970.0
2807918016,2015,21899.0,9022.0
2807918016,2016,22174.0,8984.0
2807918016,2017,22425.0,9068.0
2807918016,2018,23213.0,9206.0
2807918016,2019,24362.0,9629.0
2807918016,2020,23904.0,9373.0
2807918016,2021,24760.0,9492.0
2807918016,2022,26372.0,9912.0
2807918017,2015,22297.0,9107.0
2807918017,2016,22741.0,9349.0
2807918017,2017,23025.0,9149.0
2807918017,2018,25547.0,10005.0
2807918017,2019,25505.0,9830.0
2807918017,2020,25196.0,9883.0
2807918017,2021,26072.0,10783.0
2807918017,2022,27503.0,11160.0
2807918018,2015,25682.0,10030.0
2807918018,2016,26388.0,10196.0
2807918018,2017,26682.0,10438.0
2807918018,2018,28341.0,10850.0
2807918018,2019,29609.0,11414.0
2807918018,2020,28933.0,11294.0
2807918018,2021,29608.0,11648.0
2807918018,2022,31000.0,12164.0
2807918019,2015,25145.0,9486.0
2807918019,2016,25392.0,9791.0
2807918019,2017,26291.0,9933.0
2807918019,2018,28422.0,10762.0
2807918019,2019,28945.0,10996.0
2807918019,2020,29362.0,11236.0
2807918019,2021,29467.0,11495.0
2807918019,2022,31417.0,12242.0
2807918020,2015,31761.0,11411.0
2807918020,2016,31732.0,11550.0
2807918020,2017,32186.0,11925.0
2807918020,2018,33746.0,12612.0
2807918020,2019,34675.0,13162.0
2807918020,2020,34344.0,13291.0
2807918020,2021,35713.0,13956.0
2807918020,2022,37775.0,14759.0
2807918021,2015,29407.0,11154.0
2807918021,2016,30477.0,11711.0
2807918021,2017,30140.0,11822.0
2807918021,2018,31240.0,12165.0
2807918021,2019,33431.0,12959.0
2807918021,2020,32402.0,12661.0
2807918021,2021,33171.0,13172.0
2807918021,2022,34627.0,14022.0
2807918022,2015,20272.0,8088.0
2807918022,2016,20313.0,8217.0
2807918022,2017,21152.0,8477.0
2807918022,2018,21694.0,8662.0
2807918022,2019,23466.0,9213.0
2807918022,2020,23107.0,9239.0
2807918022,2021,23665.0,9361.0
2807918022,2022,25082.0,9685.0
2807918023,2015,18817.0,8249.0
2807918023,2016,19536.0,8764.0
2807918023,2017,25168.0,10461.0
2807918023,2018,26418.0,10872.0
2807918023,2019,27893.0,11503.0
2807918023,2020,27033.0,11537.0
2807918023,2021,28298.0,12083.0
2807918023,2022,30322.0,12704.0
2807918024,2015,28037.0,10934.0
2807918024,2016,28413.0,11102.0
2807918024,2017,29002.0,11329.0
2807918024,2018,30184.0,11842.0
2807918024,2019,29996.0,11773.0
2807918024,2020,29866.0,12021.0
2807918024,2021,31242.0,12661.0
2807918024,2022,31936.0,12781.0
2807918025,2015,35304.0,12330.0
2807918025,2016,35861.0,12585.0
2807918025,2017,37806.0,13266.0
2807918025,2018,38259.0,13484.0
2807918025,2019,40255.0,14477.0
2807918025,2020,39155.0,14308.0
2807918025,2021,41652.0,15510.0
2807918025,2022,43518.0,16325.0
2807918026,2015,22327.0,7597.0
2807918026,2016,22970.0,7881.0
2807918026,2017,24290.0,8190.0
2807918026,2018,25692.0,8653.0
2807918026,2019,27225.0,9064.0
2807918026,2020,27278.0,9193.0
2807918026,2021,28516.0,9610.0
2807918026,2022,30879.0,10533.0
2807918027,2015,29527.0,9837.0
2807918027,2016,30292.0,10206.0
2807918027,2017,31173.0,10380.0
2807918027,2018,31005.0,10485.0
2807918027,2019,33149.0,11080.0
2807918027,2020,32646.0,11124.0
2807918027,2021,34158.0,11671.0
2807918027,2022,36851.0,12363.0
2807918028,2015,39469.0,14163.0
2807918028,2016,40637.0,14595.0
2807918028,2017,39737.0,14510.0
2807918028,2018,41448.0,15261.0
2807918028,2019,42352.0,15828.0
2807918028,2020,42483.0,16550.0
2807918028,2021,42065.0,16696.0
2807918028,2022,42513.0,17094.0
2807918029,2015,40927.0,14676.0
2807918029,2016,40968.0,14958.0
2807918029,2017,41776.0,15325.0
2807918029,2018,41714.0,15370.0
2807918029,2019,42671.0,16306.0
2807918029,2020,42660.0,16618.0
2807918029,2021,42639.0,16733.0
2807918029,2022,43976.0,17492.0
2807918030,2015,35343.0,13947.0
2807918030,2016,34625.0,14035.0
2807918030,2017,35047.0,13967.0
2807918030,2018,35372.0,14578.0
2807918030,2019,35798.0,14555.0
2807918030,2020,36353.0,15170.0
2807918030,2021,35951.0,15079.0
2807918030,2022,38787.0,16062.0
2807918031,2015,37603.0,13609.0
2807918031,2016,36277.0,13400.0
2807918031,2017,37153.0,13743.0
2807918031,2018,37733.0,13984.0
2807918031,2019,39665.0,14575.0
2807918031,2020,39386.0,15006.0
2807918031,2021,39041.0,15049.0
2807918031,2022,39927.0,15851.0
2807918032,2015,35453.0,13934.0
2807918032,2016,35183.0,13881.0
2807918032,2017,36354.0,14317.0
2807918032,2018,37415.0,14806.0
2807918032,2019,38911.0,15290.0
2807918032,2020,39238.0,15349.0
2807918032,2021,39792.0,15947.0
2807918032,2022,40591.0,16615.0
2807918033,2015,34824.0,13766.0
2807918033,2016,35326.0,14113.0
2807918033,2017,35471.0,14110.0
2807918033,2018,36456.0,14687.0
2807918033,2019,34005.0,13698.0
2807918033,2020,37623.0,15199.0
2807918033,2021,37502.0,15304.0
2807918033,2022,38737.0,15701.0
2807918034,2015,34395.0,13429.0
2807918034,2016,35047.0,13976.0
2807918034,2017,35226.0,14437.0
2807918034,2018,36468.0,15018.0
2807918034,2019,37641.0,15527.0
2807918034,2020,37281.0,15617.0
2807918034,2021,37052.0,15664.0
2807918034,2022,38969.0,16638.0
2807918035,2015,36058.0,13777.0
2807918035,2016,38057.0,14609.0
2807918035,2017,35620.0,13744.0
2807918035,2018,37386.0,14502.0
2807918035,2019,37964.0,14379.0
2807918035,2020,38078.0,14824.0
2807918035,2021,40136.0,15681.0
2807918035,2022,41041.0,16434.0
2807918036,2015,37457.0,13191.0
2807918036,2016,37422.0,13357.0
2807918036,2017,38325.0,13487.0
2807918036,2018,39514.0,14243.0
2807918036,2019,41716.0,14879.0
2807918036,2020,40481.0,14776.0
2807918036,2021,41973.0,15625.0
2807918036,2022,44136.0,16620.0
2807918037,2015,25683.0,10414.0
2807918037,2016,25961.0,10575.0
2807918037,2017,26079.0,10507.0
2807918037,2018,27617.0,10849.0
2807918037,2019,28269.0,11127.0
2807918037,2020,28447.0,11160.0
2807918037,2021,28850.0,11131.0
2807918037,2022,31091.0,11921.0
2807918038,2015,22368.0,7735.0
2807918038,2016,22695.0,8011.0
2807918038,2017,22883.0,8049.0
2807918038,2018,24347.0,8518.0
2807918038,2019,26123.0,9072.0
2807918038,2020,26045.0,9121.0
2807918038,2021,26679.0,9151.0
2807918038,2022,27828.0,9747.0
2807918039,2015,43523.0,14876.0
2807918039,2016,44136.0,15161.0
2807918039,2017,46743.0,16153.0
2807918039,2018,48681.0,17177.0
2807918039,2019,48099.0,17052.0
2807918039,2020,47985.0,17319.0
2807918039,2021,50089.0,18570.0
2807918039,2022,50097.0,18806.0
2807918040,2015,48931.0,17250.0
2807918040,2016,47900.0,17158.0
2807918040,2017,49988.0,17754.0
2807918040,2018,51033.0,18313.0
2807918040,2019,52713.0,18769.0
2807918040,2020,53063.0,19074.0
2807918040,2021,54995.0,19780.0
2807918040,2022,56255.0,20308.0
2807918041,2015,38347.0,13666.0
2807918041,2016,38430.0,13642.0
2807918041,2017,38726.0,13690.0
2807918041,2018,40163.0,14246.0
2807918041,2019,40610.0,14748.0
2807918041,2020,40794.0,14885.0
2807918041,2021,41338.0,15271.0
2807918041,2022,42626.0,16287.0
2807918042,2015,23474.0,8368.0
2807918042,2016,25278.0,8896.0
2807918042,2017,24943.0,8874.0
2807918042,2018,25896.0,9482.0
2807918042,2019,27802.0,10080.0
2807918042,2020,27624.0,10108.0
2807918042,2021,28835.0,10762.0
2807918042,2022,30561.0,11602.0
2807918043,2015,26349.0,9516.0
2807918043,2016,27441.0,9938.0
2807918043,2017,28519.0,10328.0
2807918043,2018,29402.0,10759.0
2807918043,2019,30681.0,11282.0
2807918043,2020,30206.0,11241.0
2807918043,2021,31325.0,11691.0
2807918043,2022,33682.0,12372.0
2807918044,2015,41165.0,13940.0
2807918044,2016,43032.0,14670.0
2807918044,2017,43312.0,14977.0
2807918044,2018,45791.0,15529.0
2807918044,2019,47250.0,16296.0
2807918044,2020,46559.0,16522.0
2807918044,2021,49460.0,17810.0
2807918044,2022,50717.0,18662.0
2807918045,2015,11388.0,3281.0
2807918045,2016,11550.0,3268.0
2807918045,2017,12087.0,3431.0
2807918045,2018,12537.0,3719.0
2807918045,2019,13605.0,4053.0
2807918045,2020,13646.0,4189.0
2807918045,2021,14650.0,4687.0
2807918045,2022,15640.0,4996.0
2807918046,2015,23938.0,10503.0
2807918046,2016,23731.0,10350.0
2807918046,2017,22772.0,10255.0
2807918046,2018,24023.0,10342.0
2807918046,2019,24640.0,10145.0
2807918046,2020,24213.0,10098.0
2807918046,2021,26005.0,10844.0
2807918046,2022,26723.0,9949.0
2807918047,2015,26200.0,11228.0
2807918047,2016,27488.0,11706.0
2807918047,2017,27101.0,11446.0
2807918047,2018,28897.0,11920.0
2807918047,2019,30358.0,12301.0
2807918047,2020,30171.0,12262.0
2807918047,2021,31212.0,12509.0
2807918047,2022,32845.0,13318.0
2807918048,2015,43970.0,15071.0
2807918048,2016,46467.0,15956.0
2807918048,2017,45911.0,15727.0
2807918048,2018,47695.0,16642.0
2807918048,2019,48818.0,17196.0
2807918048,2020,48700.0,17369.0
2807918048,2021,48792.0,17402.0
2807918048,2022,53031.0,19490.0
2807918049,2015,39701.0,14495.0
2807918049,2016,41090.0,14711.0
2807918049,2017,41950.0,14913.0
2807918049,2018,44230.0,15592.0
2807918049,2019,44794.0,15594.0
2807918049,2020,44889.0,15659.0
2807918049,2021,45707.0,16110.0
2807918049,2022,53682.0,18034.0
2807918050,2015,31636.0,13394.0
2807918050,2016,31858.0,13299.0
2807918050,2017,32335.0,13016.0
2807918050,2018,34735.0,13726.0
2807918050,2019,37157.0,14557.0
2807918050,2020,37256.0,14391.0
2807918050,2021,38097.0,14738.0
2807918050,2022,39250.0,14854.0
2807918051,2015,34303.0,15314.0
2807918051,2016,35355.0,15632.0
2807918051,2017,35835.0,16838.0
2807918051,2018,38003.0,18032.0
2807918051,2019,39063.0,18315.0
2807918051,2020,39796.0,18595.0
2807918051,2021,41877.0,19518.0
2807918051,2022,43018.0,20244.0
2807918052,2015,29320.0,12089.0
2807918052,2016,30051.0,12267.0
2807918052,2017,30191.0,12485.0
2807918052,2018,31104.0,12730.0
2807918052,2019,32688.0,13276.0
2807918052,2020,32148.0,13213.0
2807918052,2021,33174.0,13813.0
2807918052,2022,31006.0,11460.0
2807918053,2015,31509.0,13131.0
2807918053,2016,33212.0,13587.0
2807918053,2017,33992.0,13694.0
2807918053,2018,35380.0,14068.0
2807918053,2019,36483.0,14353.0
2807918053,2020,35882.0,14036.0
2807918053,2021,35984.0,14149.0
2807918053,2022,38523.0,15070.0
2807918054,2015,35225.0,15238.0
2807918054,2016,36036.0,15325.0
2807918054,2017,37676.0,15596.0
2807918054,2018,39230.0,15853.0
2807918054,2019,40871.0,16342.0
2807918054,2020,40483.0,16173.0
2807918054,2021,40974.0,16261.0
2807918054,2022,42691.0,16959.0
2807918055,2015,32521.0,13288.0
2807918055,2016,34047.0,13889.0
2807918055,2017,34238.0,13925.0
2807918055,2018,36234.0,14135.0
2807918055,2019,37989.0,14681.0
2807918055,2020,38090.0,14489.0
2807918055,2021,38627.0,14621.0
2807918055,2022,39972.0,15413.0
2807918056,2015,28905.0,13269.0
2807918056,2016,29192.0,13317.0
2807918056,2017,30897.0,13600.0
2807918056,2018,32235.0,14015.0
2807918056,2019,33093.0,14006.0
2807918056,2020,32838.0,13719.0
2807918056,2021,33909.0,13991.0
2807918056,2022,34579.0,13905.0
2807918057,2015,32268.0,16698.0
2807918057,2016,32901.0,16676.0
2807918057,2017,31769.0,16045.0
2807918057,2018,32934.0,16052.0
2807918057,2019,34352.0,16440.0
2807918057,2020,33753.0,15902.0
2807918057,2021,35045.0,16752.0
2807918057,2022,36062.0,17015.0
2807918058,2015,32941.0,11408.0
2807918058,2016,34815.0,12001.0
2807918058,2017,37304.0,12929.0
2807918058,2018,37998.0,13198.0
2807918058,2019,40209.0,13594.0
2807918058,2020,41001.0,13756.0
2807918058,2021,44685.0,14810.0
2807918058,2022,47512.0,15870.0
2807918059,2015,28800.0,11237.0
2807918059,2016,29950.0,11505.0
2807918059,2017,29307.0,11484.0
2807918059,2018,30537.0,11776.0
2807918059,2019,31137.0,11775.0
2807918059,2020,31214.0,11488.0
2807918059,2021,32113.0,11895.0
2807918059,2022,33236.0,12285.0
2807918060,2015,33069.0,15514.0
2807918060,2016,34358.0,15742.0
2807918060,2017,35030.0,15714.0
2807918060,2018,35915.0,15836.0
2807918060,2019,37730.0,16334.0
2807918060,2020,38081.0,16473.0
2807918060,2021,39680.0,17137.0
2807918060,2022,44271.0,17204.0
2807918061,2015,37008.0,16402.0
2807918061,2016,39224.0,16510.0
2807918061,2017,40598.0,16611.0
2807918061,2018,41543.0,16757.0
2807918061,2019,43354.0,17393.0
2807918061,2020,43678.0,17352.0
2807918061,2021,45575.0,18060.0
2807918061,2022,44436.0,18863.0
2807918062,2015,32110.0,15098.0
2807918062,2016,32767.0,14834.0
2807918062,2017,29664.0,14239.0
2807918062,2018,30388.0,14290.0
2807918062,2019,31282.0,14677.0
2807918062,2020,30958.0,14585.0
2807918062,2021,31592.0,14794.0
2807918062,2022,32826.0,15673.0
2807918063,2015,31023.0,12818.0
2807918063,2016,31988.0,12909.0
2807918063,2017,33269.0,13383.0
2807918063,2018,35070.0,13737.0
2807918063,2019,37709.0,14504.0
2807918063,2020,35959.0,13845.0
2807918063,2021,37282.0,14243.0
2807918063,2022,41768.0,16052.0
2807918064,2015,30391.0,13176.0
2807918064,2016,31078.0,13213.0
2807918064,2017,28354.0,11076.0
2807918064,2018,29594.0,11625.0
2807918064,2019,30667.0,11890.0
2807918064,2020,32293.0,12408.0
2807918064,2021,33779.0,12958.0
2807918064,2022,36159.0,13813.0
2807918065,2015,25042.0,9870.0
2807918065,2016,25343.0,9615.0
2807918065,2017,25070.0,9397.0
2807918065,2018,25841.0,9525.0
2807918065,2019,26634.0,9677.0
2807918065,2020,26726.0,9717.0
2807918065,2021,27467.0,9994.0
2807918065,2022,29533.0,10829.0
2807918066,2015,,
2807918066,2016,,
2807918066,2017,37140.0,14553.0
2807918066,2018,39983.0,15206.0
2807918066,2019,43171.0,16303.0
2807918066,2020,44495.0,16632.0
2807918066,2021,45394.0,16979.0
2807918066,2022,47768.0,18160.0
2807918067,2015,,
2807918067,2016,,
2807918067,2017,36756.0,14235.0
2807918067,2018,38912.0,14665.0
2807918067,2019,40430.0,14920.0
2807918067,2020,42035.0,15453.0
2807918067,2021,42891.0,16091.0
2807918067,2022,43585.0,16192.0
2807918068,2015,,
2807918068,2016,,
2807918068,2017,35609.0,16251.0
2807918068,2018,36378.0,16497.0
2807918068,2019,36672.0,16622.0
2807918068,2020,36758.0,16734.0
2807918068,2021,37783.0,17269.0
2807918068,2022,39314.0,18023.0
2807918069,2015,,
2807918069,2016,,
2807918069,2017,,
2807918069,2018,,
2807918069,2019,,
2807918069,2020,,
2807918069,2021,,
2807918069,2022,49339.0,18524.0
2807918070,2015,,
2807918070,2016,,
2807918070,2017,,
2807918070,2018,,
2807918070,2019,,
2807918070,2020,,
2807918070,2021,,
2807918070,2022,44553.0,17052.0
2807918071,2015,,
2807918071,2016,,
2807918071,2017,,
2807918071,2018,,
2807918071,2019,,
2807918071,2020,,
2807918071,2021,,
2807918071,2022,39388.0,18531.0
2807918072,2015,,
2807918072,2016,,
2807918072,2017,,
2807918072,2018,,
2807918072,2019,,
2807918072,2020,,
2807918072,2021,,
2807918072,2022,38915.0,18488.0
2807918073,2015,,
2807918073,2016,,
2807918073,2017,,
2807918073,2018,,
2807918073,2019,,
2807918073,2020,,
2807918073,2021,,
2807918073,2022,37184.0,14080.0
2807919001,2015,16482.0,4610.0
2807919001,2016,19674.0,6018.0
2807919001,2017,18190.0,5205.0
2807919001,2018,18949.0,5392.0
2807919001,2019,20531.0,5801.0
2807919001,2020,20667.0,5883.0
2807919001,2021,21749.0,6238.0
2807919001,2022,23014.0,6948.0
2807919002,2015,30076.0,10920.0
2807919002,2016,30907.0,11490.0
2807919002,2017,31336.0,11829.0
2807919002,2018,35371.0,12940.0
2807919002,2019,39635.0,14040.0
2807919002,2020,40977.0,14661.0
2807919002,2021,42085.0,15143.0
2807919002,2022,44661.0,16121.0
2807919003,2015,25760.0,9377.0
2807919003,2016,25898.0,9455.0
2807919003,2017,26290.0,9781.0
2807919003,2018,26535.0,9844.0
2807919003,2019,29090.0,10641.0
2807919003,2020,28579.0,10725.0
2807919003,2021,29460.0,11326.0
2807919003,2022,32449.0,12155.0
2807919004,2015,23824.0,9157.0
2807919004,2016,24534.0,9538.0
2807919004,2017,24246.0,9523.0
2807919004,2018,26348.0,10056.0
2807919004,2019,27195.0,10452.0
2807919004,2020,27356.0,10723.0
2807919004,2021,27995.0,11019.0
2807919004,2022,29015.0,11021.0
2807919005,2015,27244.0,10110.0
2807919005,2016,25802.0,9668.0
2807919005,2017,25872.0,9912.0
2807919005,2018,26813.0,10367.0
2807919005,2019,28471.0,10888.0
2807919005,2020,28236.0,10951.0
2807919005,2021,29224.0,11421.0
2807919005,2022,31116.0,12150.0
2807919006,2015,25614.0,10250.0
2807919006,2016,27042.0,10721.0
2807919006,2017,27960.0,10975.0
2807919006,2018,29439.0,11595.0
2807919006,2019,31199.0,12051.0
2807919006,2020,31388.0,12492.0
2807919006,2021,32335.0,12912.0
2807919006,2022,34034.0,13557.0
2807919007,2015,25058.0,9822.0
2807919007,2016,25842.0,10184.0
2807919007,2017,26614.0,10488.0
2807919007,2018,27016.0,10500.0
2807919007,2019,28674.0,10901.0
2807919007,2020,29078.0,11180.0
2807919007,2021,30674.0,11906.0
2807919007,2022,33050.0,12802.0
2807919008,2015,23165.0,8965.0
2807919008,2016,24268.0,9296.0
2807919008,2017,23829.0,9144.0
2807919008,2018,24675.0,9429.0
2807919008,2019,26049.0,9819.0
2807919008,2020,25413.0,9585.0
2807919008,2021,26223.0,10095.0
2807919008,2022,28012.0,10507.0
2807919009,2015,24852.0,9694.0
2807919009,2016,25938.0,10115.0
2807919009,2017,25291.0,9970.0
2807919009,2018,26942.0,10342.0
2807919009,2019,27285.0,10635.0
2807919009,2020,27657.0,10774.0
2807919009,2021,28317.0,10981.0
2807919009,2022,29476.0,11530.0
2807919011,2015,24305.0,9789.0
2807919011,2016,23844.0,9576.0
2807919011,2017,24764.0,9961.0
2807919011,2018,25272.0,10182.0
2807919011,2019,26935.0,10727.0
2807919011,2020,26846.0,10925.0
2807919011,2021,27054.0,10869.0
2807919011,2022,28969.0,11688.0
2807919012,2015,25844.0,10527.0
2807919012,2016,26653.0,10604.0
2807919012,2017,26562.0,10584.0
2807919012,2018,27191.0,10966.0
2807919012,2019,29171.0,11498.0
2807919012,2020,28211.0,10959.0
2807919012,2021,29365.0,11984.0
2807919012,2022,31691.0,12886.0
2807919014,2015,22396.0,7995.0
2807919014,2016,22744.0,8063.0
2807919014,2017,23278.0,8458.0
2807919014,2018,24638.0,8866.0
2807919014,2019,26522.0,9532.0
2807919014,2020,25960.0,9474.0
2807919014,2021,26766.0,9877.0
2807919014,2022,28585.0,10698.0
2807919015,2015,22232.0,8922.0
2807919015,2016,22917.0,9277.0
2807919015,2017,23440.0,9564.0
2807919015,2018,24926.0,10258.0
2807919015,2019,25937.0,10498.0
2807919015,2020,25064.0,10405.0
2807919015,2021,26284.0,11162.0
2807919015,2022,27880.0,11908.0
2807919016,2015,21587.0,8427.0
2807919016,2016,22478.0,8743.0
2807919016,2017,22014.0,8522.0
2807919016,2018,23099.0,9011.0
2807919016,2019,24688.0,9559.0
2807919016,2020,24420.0,9704.0
2807919016,2021,26001.0,10039.0
2807919016,2022,27804.0,10579.0
2807919018,2015,23607.0,9576.0
2807919018,2016,23801.0,9811.0
2807919018,2017,23396.0,9887.0
2807919018,2018,19612.0,8160.0
2807919018,2019,25943.0,10668.0
2807919018,2020,25996.0,10892.0
2807919018,2021,26446.0,11030.0
2807919018,2022,27682.0,11511.0
2807919019,2015,23977.0,9556.0
2807919019,2016,24494.0,9680.0
2807919019,2017,26266.0,10575.0
2807919019,2018,25769.0,10735.0
2807919019,2019,27130.0,11030.0
2807919019,2020,27408.0,11059.0
2807919019,2021,26403.0,11029.0
2807919019,2022,27880.0,11750.0
2807919020,2015,24106.0,9774.0
2807919020,2016,25458.0,10227.0
2807919020,2017,25940.0,10483.0
2807919020,2018,26703.0,11041.0
2807919020,2019,28787.0,11868.0
2807919020,2020,28661.0,11886.0
2807919020,2021,27790.0,11914.0
2807919020,2022,28639.0,11889.0
2807919021,2015,24745.0,10044.0
2807919021,2016,25789.0,10630.0
2807919021,2017,25460.0,10242.0
2807919021,2018,26156.0,10644.0
2807919021,2019,27377.0,11303.0
2807919021,2020,26921.0,11390.0
2807919021,2021,26894.0,11468.0
2807919021,2022,28964.0,12357.0
2807919022,2015,21648.0,8418.0
2807919022,2016,22030.0,8757.0
2807919022,2017,22265.0,9025.0
2807919022,2018,22475.0,9174.0
2807919022,2019,23013.0,9424.0
2807919022,2020,22928.0,9579.0
2807919022,2021,24765.0,10495.0
2807919022,2022,25795.0,10614.0
2807919023,2015,23553.0,8681.0
2807919023,2016,23078.0,8807.0
2807919023,2017,23233.0,8949.0
2807919023,2018,24965.0,9418.0
2807919023,2019,26516.0,10123.0
2807919023,2020,25989.0,10102.0
2807919023,2021,26578.0,10382.0
2807919023,2022,27973.0,10951.0
2807919024,2015,20637.0,8597.0
2807919024,2016,20962.0,8852.0
2807919024,2017,21571.0,9024.0
2807919024,2018,22390.0,9329.0
2807919024,2019,23820.0,9768.0
2807919024,2020,23222.0,9457.0
2807919024,2021,24759.0,10370.0
2807919024,2022,25827.0,10477.0
2807919025,2015,23122.0,9868.0
2807919025,2016,23419.0,10064.0
2807919025,2017,23349.0,10010.0
2807919025,2018,24409.0,10349.0
2807919025,2019,25379.0,10522.0
2807919025,2020,26175.0,10841.0
2807919025,2021,26515.0,11305.0
2807919025,2022,27582.0,11275.0
2807919026,2015,24029.0,9876.0
2807919026,2016,23437.0,9464.0
2807919026,2017,23214.0,9609.0
2807919026,2018,24749.0,10069.0
2807919026,2019,25389.0,10122.0
2807919026,2020,24902.0,10113.0
2807919026,2021,25255.0,10452.0
2807919026,2022,27193.0,11097.0
2807919027,2015,23699.0,9251.0
2807919027,2016,21659.0,8386.0
2807919027,2017,23648.0,9183.0
2807919027,2018,24362.0,9382.0
2807919027,2019,25552.0,9697.0
2807919027,2020,25117.0,9646.0
2807919027,2021,25227.0,9599.0
2807919027,2022,27390.0,10159.0
2807919028,2015,21170.0,8074.0
2807919028,2016,21102.0,8186.0
2807919028,2017,21939.0,8365.0
2807919028,2018,22856.0,8774.0
2807919028,2019,24401.0,9022.0
2807919028,2020,24505.0,9233.0
2807919028,2021,26084.0,9940.0
2807919028,2022,27382.0,10002.0
2807919029,2015,22630.0,8483.0
2807919029,2016,22212.0,8423.0
2807919029,2017,22548.0,8610.0
2807919029,2018,22837.0,8573.0
2807919029,2019,24160.0,8974.0
2807919029,2020,23988.0,9121.0
2807919029,2021,25301.0,9626.0
2807919029,2022,26237.0,9933.0
2807919031,2015,,
2807919031,2016,,
2807919031,2017,,
2807919031,2018,,
2807919031,2019,,
2807919031,2020,,
2807919031,2021,,
2807919031,2022,,
2807919032,2015,31584.0,10647.0
2807919032,2016,31021.0,10697.0
2807919032,2017,32186.0,11099.0
2807919032,2018,33420.0,11364.0
2807919032,2019,33758.0,11716.0
2807919032,2020,33599.0,11678.0
2807919032,2021,35087.0,12406.0
2807919032,2022,36285.0,13109.0
2807919033,2015,42160.0,14274.0
2807919033,2016,44536.0,15247.0
2807919033,2017,44830.0,15492.0
2807919033,2018,45639.0,15951.0
2807919033,2019,47596.0,16766.0
2807919033,2020,47072.0,16766.0
2807919033,2021,48843.0,17331.0
2807919033,2022,50943.0,18581.0
2807919034,2015,38719.0,13394.0
2807919034,2016,40609.0,14058.0
2807919034,2017,40980.0,14171.0
2807919034,2018,41984.0,14869.0
2807919034,2019,43111.0,15167.0
2807919034,2020,45333.0,15970.0
2807919034,2021,45140.0,15960.0
2807919034,2022,46585.0,17080.0
2807919035,2015,39675.0,14150.0
2807919035,2016,41302.0,14542.0
2807919035,2017,41183.0,14794.0
2807919035,2018,42836.0,15361.0
2807919035,2019,44187.0,15968.0
2807919035,2020,43910.0,15847.0
2807919035,2021,46554.0,17068.0
2807919035,2022,46316.0,17756.0
2807919036,2015,39884.0,14510.0
2807919036,2016,39974.0,14636.0
2807919036,2017,40535.0,14994.0
2807919036,2018,41715.0,15543.0
2807919036,2019,43629.0,16291.0
2807919036,2020,43691.0,16706.0
2807919036,2021,45822.0,17405.0
2807919036,2022,46864.0,18037.0
2807919037,2015,42899.0,14907.0
2807919037,2016,44206.0,15733.0
2807919037,2017,45646.0,16110.0
2807919037,2018,46301.0,16435.0
2807919037,2019,47950.0,16888.0
2807919037,2020,47194.0,16934.0
2807919037,2021,49284.0,17915.0
2807919037,2022,49945.0,18791.0
2807919038,2015,29056.0,9124.0
2807919038,2016,29559.0,9489.0
2807919038,2017,29812.0,9525.0
2807919038,2018,32095.0,10256.0
2807919038,2019,33143.0,10525.0
2807919038,2020,32964.0,10690.0
2807919038,2021,33939.0,11006.0
2807919038,2022,33800.0,11328.0
2807919039,2015,31659.0,10533.0
2807919039,2016,31760.0,10560.0
2807919039,2017,32689.0,10876.0
2807919039,2018,33465.0,10994.0
2807919039,2019,35044.0,11520.0
2807919039,2020,33831.0,11204.0
2807919039,2021,35554.0,11836.0
2807919039,2022,36303.0,12349.0
2807919040,2015,42953.0,15175.0
2807919040,2016,44199.0,15645.0
2807919040,2017,45262.0,15969.0
2807919040,2018,46219.0,16260.0
2807919040,2019,47827.0,16936.0
2807919040,2020,48166.0,17252.0
2807919040,2021,48895.0,17547.0
2807919040,2022,52445.0,19088.0
2807919041,2015,36319.0,13547.0
2807919041,2016,36649.0,13636.0
2807919041,2017,37468.0,13941.0
2807919041,2018,39342.0,14805.0
2807919041,2019,40328.0,15362.0
2807919041,2020,40126.0,15333.0
2807919041,2021,40940.0,15612.0
2807919041,2022,44089.0,16761.0
2807919042,2015,38780.0,13735.0
2807919042,2016,39061.0,13879.0
2807919042,2017,40081.0,14177.0
2807919042,2018,41281.0,14635.0
2807919042,2019,42564.0,15234.0
2807919042,2020,42977.0,15472.0
2807919042,2021,43833.0,15838.0
2807919042,2022,46135.0,16754.0
2807919043,2015,40646.0,14402.0
2807919043,2016,43185.0,15526.0
2807919043,2017,41509.0,14941.0
2807919043,2018,41979.0,15316.0
2807919043,2019,45002.0,16389.0
2807919043,2020,44370.0,16423.0
2807919043,2021,46387.0,17224.0
2807919043,2022,47277.0,17864.0
2807919044,2015,31311.0,10089.0
2807919044,2016,31759.0,10346.0
2807919044,2017,32992.0,10622.0
2807919044,2018,34664.0,11279.0
2807919044,2019,36902.0,11630.0
2807919044,2020,37272.0,11796.0
2807919044,2021,38522.0,12373.0
2807919044,2022,39883.0,12894.0
2807919045,2015,38357.0,12938.0
2807919045,2016,42889.0,14280.0
2807919045,2017,42109.0,14083.0
2807919045,2018,46271.0,15578.0
2807919045,2019,46738.0,15730.0
2807919045,2020,44862.0,15325.0
2807919045,2021,46822.0,16221.0
2807919045,2022,49209.0,17333.0
2807919046,2015,39129.0,12803.0
2807919046,2016,40627.0,13135.0
2807919046,2017,40937.0,13089.0
2807919046,2018,43365.0,13888.0
2807919046,2019,43745.0,14084.0
2807919046,2020,43913.0,14225.0
2807919046,2021,46609.0,14916.0
2807919046,2022,47607.0,15557.0
2807919047,2015,38587.0,13505.0
2807919047,2016,38612.0,13651.0
2807919047,2017,40566.0,14322.0
2807919047,2018,40727.0,14295.0
2807919047,2019,42089.0,14764.0
2807919047,2020,42761.0,15124.0
2807919047,2021,43562.0,15382.0
2807919047,2022,44779.0,16058.0
2807919048,2015,39346.0,13403.0
2807919048,2016,39286.0,13326.0
2807919048,2017,44033.0,14399.0
2807919048,2018,45746.0,14975.0
2807919048,2019,46870.0,15517.0
2807919048,2020,45911.0,15275.0
2807919048,2021,47483.0,15957.0
2807919048,2022,50939.0,17324.0
2807919049,2015,37231.0,13759.0
2807919049,2016,37936.0,14086.0
2807919049,2017,40570.0,14670.0
2807919049,2018,40404.0,14707.0
2807919049,2019,41586.0,15277.0
2807919049,2020,41702.0,15398.0
2807919049,2021,43751.0,16393.0
2807919049,2022,45173.0,17107.0
2807919050,2015,46432.0,16306.0
2807919050,2016,47032.0,16716.0
2807919050,2017,50557.0,18044.0
2807919050,2018,55038.0,19546.0
2807919050,2019,52164.0,18345.0
2807919050,2020,53429.0,19062.0
2807919050,2021,54297.0,19876.0
2807919050,2022,54483.0,20544.0
2807919051,2015,40647.0,13872.0
2807919051,2016,41677.0,14192.0
2807919051,2017,42184.0,14333.0
2807919051,2018,42811.0,14525.0
2807919051,2019,47370.0,15982.0
2807919051,2020,46706.0,15931.0
2807919051,2021,47404.0,16292.0
2807919051,2022,48199.0,16649.0
2807919052,2015,,
2807919052,2016,,
2807919052,2017,31445.0,13434.0
2807919052,2018,34452.0,13839.0
2807919052,2019,37328.0,15208.0
2807919052,2020,38310.0,15673.0
2807919052,2021,41638.0,16818.0
2807919052,2022,41816.0,17913.0
2807919053,2015,,
2807919053,2016,,
2807919053,2017,,
2807919053,2018,,
2807919053,2019,,
2807919053,2020,,
2807919053,2021,,
2807919053,2022,47829.0,16340.0
2807919054,2015,,
2807919054,2016,,
2807919054,2017,,
2807919054,2018,,
2807919054,2019,,
2807919054,2020,,
2807919054,2021,,
2807919054,2022,53976.0,20713.0
2807919055,2015,,
2807919055,2016,,
2807919055,2017,,
2807919055,2018,,
2807919055,2019,,
2807919055,2020,,
2807919055,2021,,
2807919055,2022,45928.0,19987.0
2807919056,2015,,
2807919056,2016,,
2807919056,2017,,
2807919056,2018,,
2807919056,2019,,
2807919056,2020,,
2807919056,2021,,
2807919056,2022,44776.0,18117.0
2807920001,2015,28858.0,11369.0
2807920001,2016,29135.0,11348.0
2807920001,2017,30018.0,11643.0
2807920001,2018,30883.0,12093.0
2807920001,2019,31536.0,12409.0
2807920001,2020,31433.0,12760.0
2807920001,2021,32119.0,13121.0
2807920001,2022,35134.0,14586.0
2807920002,2015,55807.0,19705.0
2807920002,2016,55025.0,19374.0
2807920002,2017,53298.0,18755.0
2807920002,2018,55892.0,19719.0
2807920002,2019,57577.0,20315.0
2807920002,2020,58363.0,20990.0
2807920002,2021,59735.0,21787.0
2807920002,2022,61686.0,22815.0
2807920003,2015,25776.0,10359.0
2807920003,2016,26530.0,10627.0
2807920003,2017,26250.0,10485.0
2807920003,2018,27461.0,11025.0
2807920003,2019,27845.0,11236.0
2807920003,2020,27238.0,11013.0
2807920003,2021,29009.0,11850.0
2807920003,2022,30545.0,12504.0
2807920006,2015,25004.0,9989.0
2807920006,2016,25516.0,10285.0
2807920006,2017,26802.0,10223.0
2807920006,2018,28589.0,10794.0
2807920006,2019,30726.0,11122.0
2807920006,2020,30493.0,11065.0
2807920006,2021,31701.0,11723.0
2807920006,2022,33152.0,12062.0
2807920007,2015,24057.0,9782.0
2807920007,2016,24056.0,9591.0
2807920007,2017,25253.0,9772.0
2807920007,2018,26637.0,9924.0
2807920007,2019,26860.0,10018.0
2807920007,2020,26168.0,10166.0
2807920007,2021,27923.0,10791.0
2807920007,2022,29350.0,10958.0
2807920008,2015,22798.0,8538.0
2807920008,2016,23688.0,8881.0
2807920008,2017,24849.0,9050.0
2807920008,2018,26514.0,9673.0
2807920008,2019,27575.0,10155.0
2807920008,2020,27445.0,10096.0
2807920008,2021,29276.0,10961.0
2807920008,2022,31415.0,11536.0
2807920009,2015,27536.0,10945.0
2807920009,2016,29562.0,11900.0
2807920009,2017,28213.0,11242.0
2807920009,2018,28523.0,11409.0
2807920009,2019,31458.0,12529.0
2807920009,2020,31319.0,12426.0
2807920009,2021,32169.0,13229.0
2807920009,2022,34327.0,14033.0
2807920010,2015,26728.0,10180.0
2807920010,2016,25907.0,10231.0
2807920010,2017,27614.0,10739.0
2807920010,2018,28911.0,11402.0
2807920010,2019,29677.0,11594.0
2807920010,2020,30202.0,11683.0
2807920010,2021,30132.0,12263.0
2807920010,2022,33220.0,13358.0
2807920011,2015,26108.0,10510.0
2807920011,2016,27055.0,10771.0
2807920011,2017,28212.0,11224.0
2807920011,2018,29118.0,11621.0
2807920011,2019,30645.0,12435.0
2807920011,2020,30368.0,12665.0
2807920011,2021,31922.0,12806.0
2807920011,2022,33856.0,13642.0
2807920012,2015,20854.0,8687.0
2807920012,2016,20965.0,8844.0
2807920012,2017,21320.0,8924.0
2807920012,2018,22006.0,9090.0
2807920012,2019,23869.0,9310.0
2807920012,2020,23451.0,9319.0
2807920012,2021,23903.0,9372.0
2807920012,2022,24780.0,9509.0
2807920013,2015,20122.0,9269.0
2807920013,2016,20993.0,9637.0
2807920013,2017,21440.0,9264.0
2807920013,2018,21596.0,9274.0
2807920013,2019,22388.0,8876.0
2807920013,2020,21574.0,8810.0
2807920013,2021,22739.0,9683.0
2807920013,2022,24296.0,9907.0
2807920014,2015,18104.0,8644.0
2807920014,2016,18641.0,8706.0
2807920014,2017,19346.0,8766.0
2807920014,2018,19731.0,9043.0
2807920014,2019,20640.0,9506.0
2807920014,2020,20051.0,9441.0
2807920014,2021,20690.0,9293.0
2807920014,2022,,
2807920015,2015,20025.0,9340.0
2807920015,2016,19915.0,9232.0
2807920015,2017,20921.0,9573.0
2807920015,2018,22157.0,9684.0
2807920015,2019,23572.0,10002.0
2807920015,2020,22521.0,9466.0
2807920015,2021,22710.0,9702.0
2807920015,2022,23507.0,9897.0
2807920016,2015,19067.0,9025.0
2807920016,2016,19828.0,9363.0
2807920016,2017,19921.0,9463.0
2807920016,2018,20916.0,9558.0
2807920016,2019,21611.0,9584.0
2807920016,2020,22260.0,9877.0
2807920016,2021,22683.0,10294.0
2807920016,2022,22991.0,10094.0
2807920017,2015,22727.0,9361.0
2807920017,2016,22883.0,9377.0
2807920017,2017,23146.0,9108.0
2807920017,2018,24639.0,9746.0
2807920017,2019,25064.0,10040.0
2807920017,2020,24907.0,9847.0
2807920017,2021,26024.0,10209.0
2807920017,2022,27532.0,10729.0
2807920018,2015,18235.0,8317.0
2807920018,2016,19148.0,8519.0
2807920018,2017,19594.0,8398.0
2807920018,2018,20460.0,8567.0
2807920018,2019,21987.0,9010.0
2807920018,2020,21530.0,9058.0
2807920018,2021,23465.0,9552.0
2807920018,2022,24738.0,10098.0
2807920019,2015,21331.0,8688.0
2807920019,2016,20901.0,8953.0
2807920019,2017,22045.0,9325.0
2807920019,2018,22439.0,9441.0
2807920019,2019,23145.0,9576.0
2807920019,2020,23026.0,9750.0
2807920019,2021,23173.0,10000.0
2807920019,2022,,
2807920020,2015,17991.0,8267.0
2807920020,2016,18561.0,8425.0
2807920020,2017,18496.0,8235.0
2807920020,2018,19127.0,8335.0
2807920020,2019,21172.0,8720.0
2807920020,2020,21272.0,8844.0
2807920020,2021,22924.0,9734.0
2807920020,2022,23701.0,9571.0
2807920021,2015,19747.0,8201.0
2807920021,2016,20436.0,7992.0
2807920021,2017,21218.0,8109.0
2807920021,2018,22505.0,8716.0
2807920021,2019,23665.0,8814.0
2807920021,2020,23216.0,8734.0
2807920021,2021,24182.0,9342.0
2807920021,2022,26161.0,9839.0
2807920022,2015,21610.0,8907.0
2807920022,2016,22230.0,9158.0
2807920022,2017,25531.0,10337.0
2807920022,2018,23447.0,9063.0
2807920022,2019,24674.0,9408.0
2807920022,2020,24312.0,9426.0
2807920022,2021,24070.0,9496.0
2807920022,2022,27060.0,9994.0
2807920023,2015,21434.0,8491.0
2807920023,2016,21657.0,8618.0
2807920023,2017,22834.0,9172.0
2807920023,2018,22777.0,9126.0
2807920023,2019,23773.0,9410.0
2807920023,2020,24320.0,9404.0
2807920023,2021,24899.0,9781.0
2807920023,2022,25816.0,9748.0
2807920024,2015,20198.0,8227.0
2807920024,2016,20343.0,8328.0
2807920024,2017,22043.0,8817.0
2807920024,2018,22935.0,8901.0
2807920024,2019,23235.0,8693.0
2807920024,2020,24900.0,9588.0
2807920024,2021,24359.0,9572.0
2807920024,2022,,
2807920025,2015,20358.0,9081.0
2807920025,2016,22329.0,9829.0
2807920025,2017,21445.0,9281.0
2807920025,2018,22752.0,9412.0
2807920025,2019,23996.0,9714.0
2807920025,2020,23241.0,9435.0
2807920025,2021,24845.0,9839.0
2807920025,2022,26624.0,9926.0
2807920026,2015,27232.0,11198.0
2807920026,2016,27591.0,11494.0
2807920026,2017,27859.0,11691.0
2807920026,2018,29181.0,12207.0
2807920026,2019,30641.0,12552.0
2807920026,2020,29966.0,12183.0
2807920026,2021,31066.0,12616.0
2807920026,2022,34211.0,13522.0
2807920027,2015,28828.0,12014.0
2807920027,2016,28055.0,11591.0
2807920027,2017,28628.0,11796.0
2807920027,2018,29860.0,12036.0
2807920027,2019,31297.0,12756.0
2807920027,2020,31113.0,12933.0
2807920027,2021,32259.0,13105.0
2807920027,2022,35157.0,14274.0
2807920028,2015,27076.0,11545.0
2807920028,2016,28026.0,11896.0
2807920028,2017,27957.0,11822.0
2807920028,2018,29507.0,12322.0
2807920028,2019,30581.0,12880.0
2807920028,2020,29761.0,12333.0
2807920028,2021,29963.0,12793.0
2807920028,2022,31537.0,13548.0
2807920029,2015,23459.0,9995.0
2807920029,2016,23991.0,10061.0
2807920029,2017,25131.0,10391.0
2807920029,2018,26654.0,10846.0
2807920029,2019,28044.0,11273.0
2807920029,2020,28033.0,11146.0
2807920029,2021,29011.0,11621.0
2807920029,2022,31150.0,12062.0
2807920031,2015,21251.0,8508.0
2807920031,2016,21545.0,8738.0
2807920031,2017,22573.0,8767.0
2807920031,2018,23284.0,9003.0
2807920031,2019,24639.0,9202.0
2807920031,2020,23912.0,8876.0
2807920031,2021,25008.0,9508.0
2807920031,2022,27518.0,9819.0
2807920032,2015,19458.0,8441.0
2807920032,2016,19600.0,8484.0
2807920032,2017,20622.0,8691.0
2807920032,2018,20875.0,8621.0
2807920032,2019,22940.0,9051.0
2807920032,2020,21671.0,8469.0
2807920032,2021,21943.0,8611.0
2807920032,2022,24409.0,9192.0
2807920033,2015,20069.0,8201.0
2807920033,2016,19381.0,7901.0
2807920033,2017,20030.0,8173.0
2807920033,2018,21065.0,8204.0
2807920033,2019,22093.0,8497.0
2807920033,2020,21873.0,8480.0
2807920033,2021,22685.0,8671.0
2807920033,2022,23516.0,9211.0
2807920034,2015,20470.0,7556.0
2807920034,2016,19889.0,7404.0
2807920034,2017,20552.0,7830.0
2807920034,2018,21795.0,8267.0
2807920034,2019,23284.0,8631.0
2807920034,2020,22478.0,8383.0
2807920034,2021,23466.0,8726.0
2807920034,2022,24919.0,9367.0
2807920035,2015,19165.0,7821.0
2807920035,2016,18952.0,7604.0
2807920035,2017,19354.0,7827.0
2807920035,2018,20492.0,8104.0
2807920035,2019,22335.0,8399.0
2807920035,2020,21775.0,8067.0
2807920035,2021,22051.0,8621.0
2807920035,2022,24568.0,9103.0
2807920036,2015,18503.0,7219.0
2807920036,2016,19346.0,7524.0
2807920036,2017,19456.0,7415.0
2807920036,2018,20549.0,7850.0
2807920036,2019,21841.0,8261.0
2807920036,2020,21383.0,8118.0
2807920036,2021,21998.0,8701.0
2807920036,2022,23993.0,8987.0
2807920037,2015,26851.0,10761.0
2807920037,2016,27349.0,11120.0
2807920037,2017,27063.0,11026.0
2807920037,2018,29170.0,11565.0
2807920037,2019,30540.0,12503.0
2807920037,2020,29396.0,12180.0
2807920037,2021,31030.0,12802.0
2807920037,2022,34305.0,14083.0
2807920038,2015,27109.0,10639.0
2807920038,2016,28584.0,11234.0
2807920038,2017,29442.0,11149.0
2807920038,2018,30212.0,11689.0
2807920038,2019,31155.0,11736.0
2807920038,2020,30787.0,11863.0
2807920038,2021,32261.0,12285.0
2807920038,2022,35479.0,13624.0
2807920039,2015,28077.0,11920.0
2807920039,2016,28121.0,11941.0
2807920039,2017,29554.0,12364.0
2807920039,2018,30210.0,12248.0
2807920039,2019,31043.0,12647.0
2807920039,2020,31358.0,12915.0
2807920039,2021,32937.0,13763.0
2807920039,2022,33374.0,13832.0
2807920040,2015,29898.0,12110.0
2807920040,2016,29333.0,11863.0
2807920040,2017,29824.0,12114.0
2807920040,2018,30344.0,12412.0
2807920040,2019,31771.0,12903.0
2807920040,2020,31496.0,13029.0
2807920040,2021,32577.0,13580.0
2807920040,2022,35615.0,14765.0
2807920041,2015,28137.0,10779.0
2807920041,2016,28691.0,10839.0
2807920041,2017,29537.0,11368.0
2807920041,2018,30879.0,11900.0
2807920041,2019,31951.0,12233.0
2807920041,2020,31416.0,12189.0
2807920041,2021,31616.0,12470.0
2807920041,2022,34342.0,13847.0
2807920042,2015,25682.0,9736.0
2807920042,2016,25497.0,9530.0
2807920042,2017,25524.0,9737.0
2807920042,2018,26458.0,10007.0
2807920042,2019,27532.0,10238.0
2807920042,2020,27720.0,10481.0
2807920042,2021,27490.0,10513.0
2807920042,2022,29125.0,10858.0
2807920043,2015,26415.0,9921.0
2807920043,2016,26928.0,10231.0
2807920043,2017,27907.0,10971.0
2807920043,2018,29602.0,11458.0
2807920043,2019,30349.0,11802.0
2807920043,2020,30084.0,12034.0
2807920043,2021,31395.0,12550.0
2807920043,2022,32502.0,12969.0
2807920044,2015,24077.0,8608.0
2807920044,2016,23949.0,8653.0
2807920044,2017,24585.0,8836.0
2807920044,2018,25908.0,9044.0
2807920044,2019,28818.0,9863.0
2807920044,2020,26581.0,9509.0
2807920044,2021,28897.0,10370.0
2807920044,2022,30369.0,10768.0
2807920046,2015,18601.0,7991.0
2807920046,2016,19482.0,8442.0
2807920046,2017,19984.0,8524.0
2807920046,2018,21259.0,9015.0
2807920046,2019,22573.0,9502.0
2807920046,2020,22721.0,9311.0
2807920046,2021,24047.0,9819.0
2807920046,2022,25247.0,9975.0
2807920047,2015,21133.0,9083.0
2807920047,2016,21246.0,8896.0
2807920047,2017,21955.0,9084.0
2807920047,2018,23633.0,9587.0
2807920047,2019,25233.0,9990.0
2807920047,2020,24346.0,9585.0
2807920047,2021,25276.0,10064.0
2807920047,2022,26298.0,10265.0
2807920048,2015,19345.0,8398.0
2807920048,2016,19005.0,8307.0
2807920048,2017,19743.0,8603.0
2807920048,2018,21580.0,9020.0
2807920048,2019,22888.0,9494.0
2807920048,2020,22101.0,9085.0
2807920048,2021,23585.0,9499.0
2807920048,2022,24684.0,9546.0
2807920049,2015,22843.0,8854.0
2807920049,2016,23358.0,9304.0
2807920049,2017,23941.0,9592.0
2807920049,2018,24459.0,9584.0
2807920049,2019,26238.0,9866.0
2807920049,2020,25554.0,9634.0
2807920049,2021,26567.0,10275.0
2807920049,2022,29153.0,11080.0
2807920050,2015,20376.0,8360.0
2807920050,2016,21407.0,8784.0
2807920050,2017,21938.0,8726.0
2807920050,2018,22978.0,9196.0
2807920050,2019,24544.0,9478.0
2807920050,2020,24128.0,9413.0
2807920050,2021,25109.0,10065.0
2807920050,2022,26769.0,10488.0
2807920051,2015,21667.0,8964.0
2807920051,2016,22183.0,9029.0
2807920051,2017,22369.0,8915.0
2807920051,2018,22970.0,9021.0
2807920051,2019,24062.0,9346.0
2807920051,2020,23958.0,9456.0
2807920051,2021,24502.0,9861.0
2807920051,2022,26279.0,10417.0
2807920053,2015,20856.0,8204.0
2807920053,2016,21266.0,8322.0
2807920053,2017,21842.0,8581.0
2807920053,2018,23632.0,9016.0
2807920053,2019,24781.0,9149.0
2807920053,2020,24948.0,9143.0
2807920053,2021,25722.0,9702.0
2807920053,2022,26934.0,9841.0
2807920055,2015,43904.0,14213.0
2807920055,2016,46466.0,14721.0
2807920055,2017,47099.0,15073.0
2807920055,2018,50504.0,16345.0
2807920055,2019,52992.0,16953.0
2807920055,2020,53206.0,17340.0
2807920055,2021,54857.0,17793.0
2807920055,2022,59199.0,19391.0
2807920056,2015,26469.0,10410.0
2807920056,2016,27123.0,10986.0
2807920056,2017,26256.0,10609.0
2807920056,2018,28067.0,11114.0
2807920056,2019,29811.0,11586.0
2807920056,2020,30193.0,11720.0
2807920056,2021,31035.0,11850.0
2807920056,2022,33300.0,12818.0
2807920058,2015,25723.0,9302.0
2807920058,2016,26451.0,9605.0
2807920058,2017,26754.0,9893.0
2807920058,2018,27616.0,10273.0
2807920058,2019,28816.0,10631.0
2807920058,2020,29515.0,11100.0
2807920058,2021,29065.0,11074.0
2807920058,2022,29961.0,11452.0
2807920059,2015,25224.0,9493.0
2807920059,2016,25594.0,9649.0
2807920059,2017,25838.0,9838.0
2807920059,2018,26491.0,9774.0
2807920059,2019,28358.0,10533.0
2807920059,2020,29183.0,10880.0
2807920059,2021,29619.0,11289.0
2807920059,2022,30955.0,11759.0
2807920062,2015,36779.0,13724.0
2807920062,2016,37588.0,14106.0
2807920062,2017,38209.0,14613.0
2807920062,2018,40103.0,15715.0
2807920062,2019,39593.0,15614.0
2807920062,2020,39763.0,15756.0
2807920062,2021,40687.0,16601.0
2807920062,2022,41799.0,16965.0
2807920063,2015,37000.0,13611.0
2807920063,2016,39112.0,14353.0
2807920063,2017,39721.0,15060.0
2807920063,2018,41737.0,16028.0
2807920063,2019,41540.0,15746.0
2807920063,2020,41375.0,16122.0
2807920063,2021,41833.0,16495.0
2807920063,2022,43146.0,17139.0
2807920064,2015,36756.0,14106.0
2807920064,2016,36358.0,14174.0
2807920064,2017,36644.0,14430.0
2807920064,2018,37098.0,14639.0
2807920064,2019,39652.0,15657.0
2807920064,2020,38883.0,15871.0
2807920064,2021,40967.0,16498.0
2807920064,2022,42238.0,17179.0
2807920065,2015,33732.0,12311.0
2807920065,2016,34517.0,12668.0
2807920065,2017,34792.0,12714.0
2807920065,2018,37330.0,13652.0
2807920065,2019,36920.0,13532.0
2807920065,2020,37404.0,13705.0
2807920065,2021,38412.0,14402.0
2807920065,2022,39695.0,14708.0
2807920066,2015,39866.0,14575.0
2807920066,2016,39403.0,14579.0
2807920066,2017,40838.0,15388.0
2807920066,2018,42006.0,15755.0
2807920066,2019,42780.0,16393.0
2807920066,2020,43049.0,16775.0
2807920066,2021,43122.0,16885.0
2807920066,2022,44170.0,17101.0
2807920067,2015,47592.0,15864.0
2807920067,2016,49343.0,16441.0
2807920067,2017,48318.0,16316.0
2807920067,2018,50543.0,17128.0
2807920067,2019,52823.0,17753.0
2807920067,2020,51436.0,17302.0
2807920067,2021,52181.0,17921.0
2807920067,2022,54667.0,19263.0
2807920068,2015,42154.0,16655.0
2807920068,2016,42440.0,16733.0
2807920068,2017,43352.0,16981.0
2807920068,2018,44174.0,17179.0
2807920068,2019,45061.0,17768.0
2807920068,2020,44713.0,17637.0
2807920068,2021,45789.0,18629.0
2807920068,2022,48549.0,19703.0
2807920069,2015,27546.0,11657.0
2807920069,2016,28028.0,11711.0
2807920069,2017,29281.0,11954.0
2807920069,2018,30837.0,12430.0
2807920069,2019,32297.0,12791.0
2807920069,2020,32018.0,12832.0
2807920069,2021,35056.0,13720.0
2807920069,2022,36064.0,13897.0
2807920070,2015,27205.0,12664.0
2807920070,2016,27653.0,12715.0
2807920070,2017,28780.0,13040.0
2807920070,2018,30061.0,13646.0
2807920070,2019,31270.0,13693.0
2807920070,2020,32124.0,14169.0
2807920070,2021,33763.0,14518.0
2807920070,2022,35086.0,14937.0
2807920071,2015,38350.0,15060.0
2807920071,2016,39004.0,15196.0
2807920071,2017,36625.0,14467.0
2807920071,2018,37705.0,14667.0
2807920071,2019,38997.0,14699.0
2807920071,2020,38872.0,15257.0
2807920071,2021,38773.0,15414.0
2807920071,2022,41443.0,16325.0
2807920072,2015,37550.0,14013.0
2807920072,2016,39650.0,14823.0
2807920072,2017,39976.0,14851.0
2807920072,2018,40429.0,15270.0
2807920072,2019,40459.0,15149.0
2807920072,2020,40866.0,15580.0
2807920072,2021,41426.0,16333.0
2807920072,2022,45295.0,17914.0
2807920073,2015,23273.0,8473.0
2807920073,2016,23074.0,8631.0
2807920073,2017,22977.0,8646.0
2807920073,2018,25017.0,9244.0
2807920073,2019,25746.0,9504.0
2807920073,2020,24325.0,9223.0
2807920073,2021,25578.0,9930.0
2807920073,2022,27200.0,10230.0
2807920074,2015,26431.0,9872.0
2807920074,2016,26385.0,9825.0
2807920074,2017,27059.0,10110.0
2807920074,2018,28952.0,11046.0
2807920074,2019,29618.0,10927.0
2807920074,2020,30012.0,11087.0
2807920074,2021,30598.0,11191.0
2807920074,2022,32522.0,11739.0
2807920075,2015,27075.0,10110.0
2807920075,2016,26741.0,9938.0
2807920075,2017,27207.0,9861.0
2807920075,2018,27959.0,10139.0
2807920075,2019,29037.0,10684.0
2807920075,2020,28106.0,10491.0
2807920075,2021,29144.0,10856.0
2807920075,2022,29880.0,10980.0
2807920076,2015,28917.0,10838.0
2807920076,2016,27785.0,10470.0
2807920076,2017,27683.0,10418.0
2807920076,2018,29036.0,11034.0
2807920076,2019,29320.0,11003.0
2807920076,2020,29102.0,10859.0
2807920076,2021,29548.0,11306.0
2807920076,2022,31094.0,11881.0
2807920077,2015,38714.0,13136.0
2807920077,2016,39723.0,13608.0
2807920077,2017,40585.0,13923.0
2807920077,2018,42040.0,14473.0
2807920077,2019,44251.0,15063.0
2807920077,2020,41686.0,14672.0
2807920077,2021,42645.0,15016.0
2807920077,2022,43953.0,15463.0
2807920078,2015,29917.0,11248.0
2807920078,2016,30272.0,11371.0
2807920078,2017,31196.0,11858.0
2807920078,2018,32164.0,12628.0
2807920078,2019,32071.0,12364.0
2807920078,2020,31674.0,12238.0
2807920078,2021,32489.0,12679.0
2807920078,2022,34103.0,13125.0
2807920079,2015,23021.0,8198.0
2807920079,2016,23992.0,8621.0
2807920079,2017,24698.0,8855.0
2807920079,2018,25931.0,9185.0
2807920079,2019,27116.0,9804.0
2807920079,2020,27257.0,10016.0
2807920079,2021,27456.0,10152.0
2807920079,2022,29610.0,10987.0
2807920080,2015,24702.0,9168.0
2807920080,2016,25489.0,9673.0
2807920080,2017,25655.0,9958.0
2807920080,2018,27747.0,10606.0
2807920080,2019,29619.0,11363.0
2807920080,2020,29142.0,11183.0
2807920080,2021,29072.0,11373.0
2807920080,2022,31945.0,12382.0
2807920082,2015,29125.0,10790.0
2807920082,2016,29926.0,11166.0
2807920082,2017,29701.0,11092.0
2807920082,2018,30984.0,11570.0
2807920082,2019,32172.0,11800.0
2807920082,2020,31918.0,11710.0
2807920082,2021,33613.0,12527.0
2807920082,2022,35974.0,13136.0
2807920083,2015,30311.0,11592.0
2807920083,2016,29311.0,11004.0
2807920083,2017,30923.0,11693.0
2807920083,2018,31515.0,11862.0
2807920083,2019,32741.0,12210.0
2807920083,2020,32552.0,12534.0
2807920083,2021,34155.0,13285.0
2807920083,2022,36248.0,14141.0
2807920084,2015,45373.0,16252.0
2807920084,2016,47594.0,17227.0
2807920084,2017,,
2807920084,2018,,
2807920084,2019,,
2807920084,2020,,
2807920084,2021,,
2807920084,2022,,
2807920085,2015,24109.0,9477.0
2807920085,2016,24403.0,9858.0
2807920085,2017,32316.0,12692.0
2807920085,2018,33858.0,13280.0
2807920085,2019,35690.0,13659.0
2807920085,2020,37865.0,14725.0
2807920085,2021,38153.0,15073.0
2807920085,2022,39848.0,15768.0
2807920086,2015,29750.0,11690.0
2807920086,2016,30802.0,12129.0
2807920086,2017,30497.0,12167.0
2807920086,2018,31157.0,12536.0
2807920086,2019,33140.0,13426.0
2807920086,2020,31998.0,13110.0
2807920086,2021,32585.0,13607.0
2807920086,2022,34787.0,14137.0
2807920087,2015,26128.0,10031.0
2807920087,2016,27113.0,10369.0
2807920087,2017,27273.0,10719.0
2807920087,2018,27823.0,10980.0
2807920087,2019,29342.0,11234.0
2807920087,2020,28448.0,11066.0
2807920087,2021,30066.0,11570.0
2807920087,2022,31902.0,12314.0
2807920088,2015,29173.0,12150.0
2807920088,2016,29469.0,12050.0
2807920088,2017,29562.0,12277.0
2807920088,2018,30912.0,13003.0
2807920088,2019,32513.0,13525.0
2807920088,2020,31864.0,13224.0
2807920088,2021,32084.0,13394.0
2807920088,2022,34162.0,13987.0
2807920090,2015,40960.0,15559.0
2807920090,2016,42320.0,16095.0
2807920090,2017,42433.0,16310.0
2807920090,2018,43813.0,17132.0
2807920090,2019,45423.0,18044.0
2807920090,2020,42191.0,17184.0
2807920090,2021,42358.0,17371.0
2807920090,2022,44726.0,18300.0
2807920091,2015,23009.0,9774.0
2807920091,2016,23387.0,10071.0
2807920091,2017,23772.0,10484.0
2807920091,2018,26004.0,11272.0
2807920091,2019,26534.0,11111.0
2807920091,2020,26343.0,11092.0
2807920091,2021,27470.0,11700.0
2807920091,2022,29455.0,12383.0
2807920092,2015,29348.0,11638.0
2807920092,2016,30520.0,12100.0
2807920092,2017,30779.0,12428.0
2807920092,2018,32238.0,12751.0
2807920092,2019,33873.0,13364.0
2807920092,2020,32556.0,12975.0
2807920092,2021,33397.0,13486.0
2807920092,2022,34953.0,14244.0
2807920093,2015,44913.0,15950.0
2807920093,2016,44333.0,16040.0
2807920093,2017,44615.0,16001.0
2807920093,2018,47551.0,17046.0
2807920093,2019,48396.0,17394.0
2807920093,2020,46674.0,17169.0
2807920093,2021,52021.0,18888.0
2807920093,2022,56360.0,20702.0
2807920095,2015,41141.0,17080.0
2807920095,2016,43426.0,18109.0
2807920095,2017,44280.0,18427.0
2807920095,2018,45171.0,18735.0
2807920095,2019,47037.0,19239.0
2807920095,2020,48043.0,19671.0
2807920095,2021,51165.0,21193.0
2807920095,2022,50694.0,21129.0
2807920096,2015,58702.0,21553.0
2807920096,2016,59022.0,21873.0
2807920096,2017,56670.0,21711.0
2807920096,2018,58529.0,22524.0
2807920096,2019,58238.0,22249.0
2807920096,2020,55989.0,21637.0
2807920096,2021,47591.0,18779.0
2807920096,2022,64081.0,25548.0
2807920097,2015,45974.0,17886.0
2807920097,2016,47074.0,18098.0
2807920097,2017,47318.0,18220.0
2807920097,2018,53393.0,20672.0
2807920097,2019,52144.0,20726.0
2807920097,2020,50586.0,20457.0
2807920097,2021,48222.0,19618.0
2807920097,2022,52480.0,21042.0
2807920098,2015,39761.0,17426.0
2807920098,2016,38666.0,17159.0
2807920098,2017,37750.0,16635.0
2807920098,2018,39727.0,17350.0
2807920098,2019,41336.0,18193.0
2807920098,2020,40387.0,18000.0
2807920098,2021,42772.0,18991.0
2807920098,2022,44980.0,19946.0
2807920099,2015,75565.0,24632.0
2807920099,2016,76125.0,25011.0
2807920099,2017,76821.0,25392.0
2807920099,2018,82174.0,27626.0
2807920099,2019,80209.0,27054.0
2807920099,2020,78686.0,27025.0
2807920099,2021,81344.0,28022.0
2807920099,2022,86982.0,30604.0
2807920100,2015,31266.0,12236.0
2807920100,2016,31548.0,12231.0
2807920100,2017,31787.0,12245.0
2807920100,2018,33151.0,12294.0
2807920100,2019,35463.0,13069.0
2807920100,2020,34691.0,13459.0
2807920100,2021,35814.0,14166.0
2807920100,2022,36219.0,13927.0
2807920101,2015,46677.0,16895.0
2807920101,2016,45982.0,16963.0
2807920101,2017,49044.0,17856.0
2807920101,2018,47721.0,17455.0
2807920101,2019,60415.0,22023.0
2807920101,2020,48655.0,17853.0
2807920101,2021,50436.0,18840.0
2807920101,2022,50484.0,19083.0
2807920102,2015,37312.0,13834.0
2807920102,2016,37977.0,14072.0
2807920102,2017,39238.0,14803.0
2807920102,2018,39634.0,14940.0
2807920102,2019,40969.0,15438.0
2807920102,2020,45368.0,17226.0
2807920102,2021,42912.0,16690.0
2807920102,2022,44460.0,17831.0
2807920103,2015,42923.0,14577.0
2807920103,2016,43045.0,14700.0
2807920103,2017,43035.0,14678.0
2807920103,2018,44857.0,15303.0
2807920103,2019,47974.0,16344.0
2807920103,2020,48388.0,16563.0
2807920103,2021,49998.0,17343.0
2807920103,2022,50498.0,18215.0
2807920104,2015,49558.0,16325.0
2807920104,2016,51811.0,17040.0
2807920104,2017,52349.0,17196.0
2807920104,2018,53817.0,17684.0
2807920104,2019,56614.0,18810.0
2807920104,2020,56285.0,18975.0
2807920104,2021,58631.0,20089.0
2807920104,2022,60726.0,20901.0
2807920105,2015,51272.0,18374.0
2807920105,2016,52856.0,18993.0
2807920105,2017,53693.0,19227.0
2807920105,2018,55547.0,20045.0
2807920105,2019,56721.0,20584.0
2807920105,2020,57520.0,21120.0
2807920105,2021,58097.0,21629.0
2807920105,2022,59866.0,22709.0
2807920106,2015,39180.0,14064.0
2807920106,2016,41157.0,14756.0
2807920106,2017,42578.0,15298.0
2807920106,2018,44981.0,16123.0
2807920106,2019,47135.0,16871.0
2807920106,2020,47069.0,16812.0
2807920106,2021,48725.0,17561.0
2807920106,2022,47740.0,18312.0
2807920107,2015,45632.0,15232.0
2807920107,2016,45634.0,15382.0
2807920107,2017,46525.0,15776.0
2807920107,2018,50089.0,16882.0
2807920107,2019,49919.0,16854.0
2807920107,2020,47656.0,16324.0
2807920107,2021,52338.0,18322.0
2807920107,2022,53785.0,19025.0
2807920108,2015,57735.0,21769.0
2807920108,2016,57255.0,21335.0
2807920108,2017,56003.0,20951.0
2807920108,2018,61095.0,22786.0
2807920108,2019,65526.0,24291.0
2807920108,2020,61974.0,23497.0
2807920108,2021,64905.0,24946.0
2807920108,2022,70085.0,27280.0
2807920109,2015,30972.0,10501.0
2807920109,2016,32343.0,11077.0
2807920109,2017,33668.0,11475.0
2807920109,2018,34883.0,12096.0
2807920109,2019,36164.0,12702.0
2807920109,2020,37012.0,13100.0
2807920109,2021,37808.0,13396.0
2807920109,2022,40366.0,14670.0
2807920110,2015,48284.0,16386.0
2807920110,2016,49355.0,16890.0
2807920110,2017,50167.0,17223.0
2807920110,2018,52143.0,17804.0
2807920110,2019,53708.0,18585.0
2807920110,2020,54655.0,19083.0
2807920110,2021,54156.0,19332.0
2807920110,2022,56645.0,20497.0
2807920111,2015,37927.0,12785.0
2807920111,2016,38641.0,12978.0
2807920111,2017,40156.0,13474.0
2807920111,2018,40279.0,13687.0
2807920111,2019,43026.0,14328.0
2807920111,2020,42746.0,14411.0
2807920111,2021,43710.0,14843.0
2807920111,2022,45792.0,15668.0
2807920112,2015,41748.0,15069.0
2807920112,2016,42695.0,15519.0
2807920112,2017,45032.0,16251.0
2807920112,2018,47756.0,17061.0
2807920112,2019,50234.0,17777.0
2807920112,2020,50448.0,17826.0
2807920112,2021,55747.0,19543.0
2807920112,2022,48022.0,17836.0
2807920113,2015,54322.0,17609.0
2807920113,2016,52459.0,17030.0
2807920113,2017,54028.0,17462.0
2807920113,2018,55628.0,18403.0
2807920113,2019,55955.0,18701.0
2807920113,2020,55732.0,18685.0
2807920113,2021,58004.0,19577.0
2807920113,2022,59614.0,20628.0
2807920114,2015,47163.0,15519.0
2807920114,2016,48376.0,15946.0
2807920114,2017,49601.0,16360.0
2807920114,2018,50080.0,16264.0
2807920114,2019,54332.0,17802.0
2807920114,2020,55084.0,18081.0
2807920114,2021,56260.0,18554.0
2807920114,2022,58308.0,19508.0
2807920115,2015,41515.0,14133.0
2807920115,2016,41023.0,14073.0
2807920115,2017,41951.0,14269.0
2807920115,2018,45010.0,15445.0
2807920115,2019,46326.0,16023.0
2807920115,2020,46784.0,16218.0
2807920115,2021,46897.0,16497.0
2807920115,2022,50072.0,18053.0
2807920116,2015,40868.0,15150.0
2807920116,2016,41360.0,14988.0
2807920116,2017,41097.0,14734.0
2807920116,2018,45906.0,16766.0
2807920116,2019,44222.0,15852.0
2807920116,2020,43255.0,15477.0
2807920116,2021,45640.0,16522.0
2807920116,2022,49212.0,17907.0
2807920117,2015,50212.0,17033.0
2807920117,2016,52290.0,17678.0
2807920117,2017,54269.0,18703.0
2807920117,2018,55827.0,19184.0
2807920117,2019,57429.0,19638.0
2807920117,2020,55714.0,19303.0
2807920117,2021,58471.0,20405.0
2807920117,2022,58246.0,21266.0
2807920118,2015,55595.0,19000.0
2807920118,2016,56928.0,19395.0
2807920118,2017,55724.0,18899.0
2807920118,2018,58583.0,19670.0
2807920118,2019,60792.0,20413.0
2807920118,2020,58919.0,20298.0
2807920118,2021,59697.0,20527.0
2807920118,2022,65497.0,22531.0
2807920119,2015,41770.0,18617.0
2807920119,2016,40797.0,18147.0
2807920119,2017,45601.0,18306.0
2807920119,2018,46394.0,18796.0
2807920119,2019,47290.0,18933.0
2807920119,2020,47562.0,19014.0
2807920119,2021,49480.0,20243.0
2807920119,2022,49852.0,20807.0
2807920120,2015,42901.0,16616.0
2807920120,2016,44730.0,17401.0
2807920120,2017,42613.0,17340.0
2807920120,2018,41715.0,16676.0
2807920120,2019,43022.0,16868.0
2807920120,2020,44155.0,17875.0
2807920120,2021,45830.0,18215.0
2807920120,2022,47584.0,18863.0
2807920121,2015,36245.0,15963.0
2807920121,2016,35985.0,15793.0
2807920121,2017,35764.0,15451.0
2807920121,2018,37904.0,16119.0
2807920121,2019,39074.0,16470.0
2807920121,2020,38899.0,16525.0
2807920121,2021,39404.0,17020.0
2807920121,2022,39676.0,17445.0
2807920122,2015,61827.0,21669.0
2807920122,2016,65377.0,22785.0
2807920122,2017,64580.0,22148.0
2807920122,2018,67348.0,23000.0
2807920122,2019,67372.0,23588.0
2807920122,2020,67620.0,23772.0
2807920122,2021,68365.0,24111.0
2807920122,2022,70901.0,25488.0
2807920123,2015,,
2807920123,2016,,
2807920123,2017,45064.0,16797.0
2807920123,2018,47444.0,17437.0
2807920123,2019,50088.0,18416.0
2807920123,2020,48281.0,17663.0
2807920123,2021,49098.0,18096.0
2807920123,2022,51760.0,19388.0
2807920124,2015,,
2807920124,2016,,
2807920124,2017,54580.0,20531.0
2807920124,2018,55583.0,21256.0
2807920124,2019,59751.0,23070.0
2807920124,2020,56990.0,22318.0
2807920124,2021,60452.0,23847.0
2807920124,2022,61769.0,24781.0
2807920125,2015,,
2807920125,2016,,
2807920125,2017,35516.0,17929.0
2807920125,2018,38355.0,19432.0
2807920125,2019,39715.0,20166.0
2807920125,2020,39614.0,20597.0
2807920125,2021,39384.0,20292.0
2807920125,2022,40638.0,21651.0
2807920126,2015,,
2807920126,2016,,
2807920126,2017,46112.0,16479.0
2807920126,2018,48699.0,17237.0
2807920126,2019,50288.0,17829.0
2807920126,2020,49351.0,17505.0
2807920126,2021,51581.0,18080.0
2807920126,2022,53059.0,18748.0
2807920127,2015,,
2807920127,2016,,
2807920127,2017,,
2807920127,2018,,
2807920127,2019,,
2807920127,2020,,
2807920127,2021,,
2807920127,2022,74142.0,24302.0
2807920128,2015,,
2807920128,2016,,
2807920128,2017,,
2807920128,2018,,
2807920128,2019,,
2807920128,2020,,
2807920128,2021,,
2807920128,2022,55666.0,19323.0
2807921001,2015,67014.0,22824.0
2807921001,2016,73270.0,25231.0
2807921001,2017,71837.0,24509.0
2807921001,2018,71294.0,24337.0
2807921001,2019,73916.0,25400.0
2807921001,2020,70941.0,24462.0
2807921001,2021,73613.0,25248.0
2807921001,2022,79794.0,27731.0
2807921002,2015,58425.0,20713.0
2807921002,2016,60252.0,21249.0
2807921002,2017,61765.0,21718.0
2807921002,2018,64063.0,22687.0
2807921002,2019,62734.0,22094.0
2807921002,2020,63311.0,22778.0
2807921002,2021,65536.0,24030.0
2807921002,2022,68384.0,25366.0
2807921003,2015,48257.0,18169.0
2807921003,2016,48440.0,18325.0
2807921003,2017,49596.0,18776.0
2807921003,2018,50472.0,19315.0
2807921003,2019,51315.0,19856.0
2807921003,2020,49305.0,19644.0
2807921003,2021,49484.0,20009.0
2807921003,2022,53881.0,21571.0
2807921004,2015,52965.0,19294.0
2807921004,2016,53197.0,19466.0
2807921004,2017,56897.0,20952.0
2807921004,2018,56568.0,21404.0
2807921004,2019,55995.0,21331.0
2807921004,2020,57100.0,21811.0
2807921004,2021,57852.0,22335.0
2807921004,2022,61171.0,23798.0
2807921005,2015,70769.0,22759.0
2807921005,2016,73023.0,23448.0
2807921005,2017,74382.0,24236.0
2807921005,2018,79340.0,26015.0
2807921005,2019,80769.0,26508.0
2807921005,2020,81347.0,26462.0
2807921005,2021,85114.0,28284.0
2807921005,2022,81817.0,27576.0
2807921006,2015,58610.0,19821.0
2807921006,2016,58857.0,20286.0
2807921006,2017,58859.0,20117.0
2807921006,2018,61696.0,21192.0
2807921006,2019,62169.0,21754.0
2807921006,2020,65086.0,22726.0
2807921006,2021,61144.0,21255.0
2807921006,2022,63282.0,22411.0
2807921007,2015,49078.0,18113.0
2807921007,2016,48670.0,17784.0
2807921007,2017,48540.0,18012.0
2807921007,2018,51793.0,19275.0
2807921007,2019,52437.0,19581.0
2807921007,2020,52693.0,19713.0
2807921007,2021,51415.0,19320.0
2807921007,2022,54665.0,20715.0
2807921008,2015,38965.0,16166.0
2807921008,2016,40417.0,16493.0
2807921008,2017,40496.0,16128.0
2807921008,2018,44238.0,17581.0
2807921008,2019,41746.0,16830.0
2807921008,2020,43746.0,18013.0
2807921008,2021,40664.0,16974.0
2807921008,2022,44305.0,18676.0
2807921009,2015,38118.0,15771.0
2807921009,2016,39192.0,16058.0
2807921009,2017,39314.0,16626.0
2807921009,2018,40579.0,16706.0
2807921009,2019,41913.0,17396.0
2807921009,2020,40382.0,17279.0
2807921009,2021,40504.0,17664.0
2807921009,2022,43022.0,19052.0
2807921010,2015,48608.0,19032.0
2807921010,2016,46819.0,17793.0
2807921010,2017,47958.0,18569.0
2807921010,2018,47501.0,18149.0
2807921010,2019,49233.0,18964.0
2807921010,2020,49682.0,19374.0
2807921010,2021,50491.0,20024.0
2807921010,2022,53327.0,21043.0
2807921011,2015,49104.0,18107.0
2807921011,2016,48843.0,18242.0
2807921011,2017,50633.0,18449.0
2807921011,2018,52018.0,19589.0
2807921011,2019,52700.0,19666.0
2807921011,2020,51410.0,19344.0
2807921011,2021,51180.0,19510.0
2807921011,2022,55166.0,21261.0
2807921012,2015,46813.0,16829.0
2807921012,2016,49552.0,18167.0
2807921012,2017,48307.0,17726.0
2807921012,2018,48304.0,17904.0
2807921012,2019,52188.0,19097.0
2807921012,2020,51241.0,18786.0
2807921012,2021,46029.0,17431.0
2807921012,2022,53048.0,20170.0
2807921013,2015,45494.0,16971.0
2807921013,2016,47214.0,17947.0
2807921013,2017,47347.0,18152.0
2807921013,2018,49152.0,19096.0
2807921013,2019,48326.0,19353.0
2807921013,2020,48034.0,19469.0
2807921013,2021,49356.0,20047.0
2807921013,2022,51337.0,20736.0
2807921014,2015,46525.0,17857.0
2807921014,2016,48819.0,18673.0
2807921014,2017,48072.0,19087.0
2807921014,2018,48127.0,19260.0
2807921014,2019,51467.0,20296.0
2807921014,2020,53412.0,21147.0
2807921014,2021,52720.0,20940.0
2807921014,2022,55984.0,22220.0
2807921015,2015,24254.0,9460.0
2807921015,2016,25366.0,9669.0
2807921015,2017,25585.0,9814.0
2807921015,2018,27316.0,10330.0
2807921015,2019,28553.0,10768.0
2807921015,2020,28191.0,10556.0
2807921015,2021,29734.0,10980.0
2807921015,2022,30541.0,11509.0
2807921017,2015,27194.0,11438.0
2807921017,2016,27692.0,11537.0
2807921017,2017,28679.0,11966.0
2807921017,2018,28829.0,11983.0
2807921017,2019,30061.0,12710.0
2807921017,2020,28511.0,12230.0
2807921017,2021,30024.0,13224.0
2807921017,2022,32902.0,14454.0
2807921018,2015,28425.0,11381.0
2807921018,2016,27863.0,11444.0
2807921018,2017,28069.0,11692.0
2807921018,2018,29358.0,12180.0
2807921018,2019,30406.0,12547.0
2807921018,2020,29820.0,12532.0
2807921018,2021,30443.0,12889.0
2807921018,2022,34522.0,14904.0
2807921019,2015,28045.0,12026.0
2807921019,2016,27432.0,11817.0
2807921019,2017,28773.0,12544.0
2807921019,2018,31849.0,13501.0
2807921019,2019,33343.0,14014.0
2807921019,2020,30911.0,13649.0
2807921019,2021,30920.0,14048.0
2807921019,2022,33937.0,15104.0
2807921020,2015,31098.0,12975.0
2807921020,2016,31230.0,12902.0
2807921020,2017,32505.0,13593.0
2807921020,2018,33829.0,14099.0
2807921020,2019,34381.0,14387.0
2807921020,2020,33453.0,14275.0
2807921020,2021,34243.0,14873.0
2807921020,2022,37547.0,16437.0
2807921021,2015,32943.0,12630.0
2807921021,2016,31728.0,12213.0
2807921021,2017,33992.0,12844.0
2807921021,2018,34386.0,12741.0
2807921021,2019,35817.0,13350.0
2807921021,2020,35623.0,13338.0
2807921021,2021,35837.0,13652.0
2807921021,2022,38350.0,14858.0
2807921022,2015,33154.0,12209.0
2807921022,2016,33960.0,12565.0
2807921022,2017,34709.0,12930.0
2807921022,2018,36347.0,13731.0
2807921022,2019,37794.0,14021.0
2807921022,2020,36630.0,13629.0
2807921022,2021,37620.0,14294.0
2807921022,2022,39976.0,15477.0
2807921023,2015,27094.0,10948.0
2807921023,2016,28607.0,11490.0
2807921023,2017,28504.0,11564.0
2807921023,2018,28855.0,11616.0
2807921023,2019,30825.0,12061.0
2807921023,2020,29763.0,12000.0
2807921023,2021,31881.0,12883.0
2807921023,2022,34405.0,14146.0
2807921025,2015,56727.0,18882.0
2807921025,2016,56702.0,19452.0
2807921025,2017,59490.0,20073.0
2807921025,2018,65098.0,22321.0
2807921025,2019,66650.0,22417.0
2807921025,2020,73474.0,24271.0
2807921025,2021,74976.0,24441.0
2807921025,2022,72427.0,23883.0
2807921026,2015,38914.0,15100.0
2807921026,2016,39613.0,15653.0
2807921026,2017,40928.0,16033.0
2807921026,2018,42106.0,16656.0
2807921026,2019,43904.0,17628.0
2807921026,2020,43127.0,17551.0
2807921026,2021,43899.0,18140.0
2807921026,2022,46781.0,19436.0
2807921027,2015,65534.0,22587.0
2807921027,2016,69463.0,24273.0
2807921027,2017,69265.0,24121.0
2807921027,2018,69527.0,24057.0
2807921027,2019,71557.0,24684.0
2807921027,2020,70601.0,24821.0
2807921027,2021,69299.0,24712.0
2807921027,2022,72023.0,26208.0
2807921028,2015,54147.0,17726.0
2807921028,2016,56282.0,18244.0
2807921028,2017,57181.0,18551.0
2807921028,2018,57849.0,19196.0
2807921028,2019,58269.0,18880.0
2807921028,2020,62051.0,19935.0
2807921028,2021,67106.0,21446.0
2807921028,2022,70678.0,22313.0
2807921029,2015,80135.0,25681.0
2807921029,2016,83624.0,26593.0
2807921029,2017,86006.0,27451.0
2807921029,2018,91933.0,30454.0
2807921029,2019,91479.0,30793.0
2807921029,2020,89731.0,30307.0
2807921029,2021,88769.0,29586.0
2807921029,2022,98221.0,32685.0
2807921030,2015,42238.0,14802.0
2807921030,2016,43935.0,15600.0
2807921030,2017,44027.0,15807.0
2807921030,2018,46363.0,16543.0
2807921030,2019,48051.0,17286.0
2807921030,2020,46855.0,16919.0
2807921030,2021,48179.0,17728.0
2807921030,2022,48352.0,18029.0
2807921031,2015,43467.0,17762.0
2807921031,2016,44593.0,17488.0
2807921031,2017,43722.0,16165.0
2807921031,2018,46406.0,16988.0
2807921031,2019,48225.0,17561.0
2807921031,2020,48378.0,17745.0
2807921031,2021,48978.0,17966.0
2807921031,2022,54984.0,21786.0
2807921032,2015,55962.0,20886.0
2807921032,2016,55101.0,20249.0
2807921032,2017,57049.0,20782.0
2807921032,2018,60073.0,21848.0
2807921032,2019,64564.0,23402.0
2807921032,2020,61526.0,22584.0
2807921032,2021,63640.0,23581.0
2807921032,2022,69852.0,26453.0
2807921033,2015,,
2807921033,2016,,
2807921033,2017,38786.0,15271.0
2807921033,2018,40105.0,15801.0
2807921033,2019,43504.0,16796.0
2807921033,2020,44444.0,17134.0
2807921033,2021,32180.0,12877.0
2807921033,2022,34040.0,14174.0
2807921034,2015,,
2807921034,2016,,
2807921034,2017,,
2807921034,2018,,
2807921034,2019,,
2807921034,2020,,
2807921034,2021,,
2807921034,2022,49019.0,16796.0
