+------------+---------+----------------------------+--------------+
| cod_sec    | cod_dis | esfuerzo_alquiler_2022_pct | n_alquileres |
+------------+---------+----------------------------+--------------+
| 2807901001 | 2807901 |                       23.3 |          149 |
| 2807901002 | 2807901 |                       26.6 |          130 |
| 2807901003 | 2807901 |                       28.3 |          237 |
| 2807901004 | 2807901 |                       18.7 |          168 |
| 2807901006 | 2807901 |                       23.3 |          222 |
| 2807901007 | 2807901 |                       25.8 |          102 |
| 2807901008 | 2807901 |                       19.7 |          124 |
| 2807901009 | 2807901 |                       25.7 |          208 |
| 2807901011 | 2807901 |                         26 |          179 |
| 2807901012 | 2807901 |                       30.8 |           70 |
| 2807901013 | 2807901 |                         30 |          202 |
| 2807901014 | 2807901 |                       23.8 |          234 |
| 2807901015 | 2807901 |                       23.2 |          206 |
| 2807901016 | 2807901 |                       24.3 |          156 |
| 2807901018 | 2807901 |                       25.3 |          215 |
| 2807901019 | 2807901 |                         24 |          230 |
| 2807901020 | 2807901 |                       26.7 |          153 |
| 2807901021 | 2807901 |                       22.9 |          250 |
| 2807901022 | 2807901 |                       26.9 |          155 |
| 2807901023 | 2807901 |                       29.3 |          175 |
| 2807901024 | 2807901 |                       26.7 |          170 |
| 2807901025 | 2807901 |                       21.6 |          124 |
| 2807901026 | 2807901 |                         28 |          162 |
| 2807901027 | 2807901 |                       23.4 |          177 |
| 2807901028 | 2807901 |                       24.7 |          158 |
| 2807901029 | 2807901 |                       23.3 |          140 |
| 2807901030 | 2807901 |                       30.2 |          176 |
| 2807901031 | 2807901 |                         35 |          119 |
| 2807901032 | 2807901 |                       23.4 |          294 |
| 2807901033 | 2807901 |                       28.3 |          181 |
| 2807901034 | 2807901 |                         32 |          160 |
| 2807901035 | 2807901 |                       28.1 |          166 |
| 2807901036 | 2807901 |                       28.1 |          177 |
| 2807901037 | 2807901 |                       27.4 |          154 |
| 2807901038 | 2807901 |                       30.8 |          127 |
| 2807901039 | 2807901 |                       29.9 |          140 |
| 2807901040 | 2807901 |                       26.4 |           88 |
| 2807901041 | 2807901 |                       25.8 |          157 |
| 2807901042 | 2807901 |                       27.3 |          142 |
| 2807901043 | 2807901 |                         31 |          161 |
| 2807901045 | 2807901 |                       29.1 |          181 |
| 2807901046 | 2807901 |                       26.7 |          188 |
| 2807901047 | 2807901 |                       28.2 |          294 |
| 2807901048 | 2807901 |                       29.4 |          135 |
| 2807901049 | 2807901 |                       31.9 |          188 |
| 2807901050 | 2807901 |                       28.8 |          187 |
| 2807901051 | 2807901 |                       31.5 |          227 |
| 2807901053 | 2807901 |                       25.2 |          215 |
| 2807901054 | 2807901 |                       29.3 |          133 |
| 2807901055 | 2807901 |                       25.7 |          135 |
| 2807901056 | 2807901 |                       25.4 |          134 |
| 2807901057 | 2807901 |                       23.7 |          210 |
| 2807901058 | 2807901 |                       23.7 |          100 |
| 2807901059 | 2807901 |                       26.5 |          204 |
| 2807901061 | 2807901 |                       25.8 |          129 |
| 2807901062 | 2807901 |                       28.9 |          147 |
| 2807901063 | 2807901 |                       23.1 |           95 |
| 2807901064 | 2807901 |                       25.8 |          137 |
| 2807901065 | 2807901 |                       24.5 |          114 |
| 2807901066 | 2807901 |                       29.4 |          225 |
| 2807901067 | 2807901 |                       27.4 |          194 |
| 2807901068 | 2807901 |                       23.4 |           98 |
| 2807901069 | 2807901 |                       29.6 |          141 |
| 2807901071 | 2807901 |                       23.3 |          131 |
| 2807901072 | 2807901 |                       24.2 |          240 |
| 2807901073 | 2807901 |                       21.3 |          245 |
| 2807901074 | 2807901 |                       25.3 |          235 |
| 2807901075 | 2807901 |                       26.3 |          223 |
| 2807901076 | 2807901 |                       31.6 |          190 |
| 2807901077 | 2807901 |                       22.6 |          137 |
| 2807901079 | 2807901 |                       23.8 |          212 |
| 2807901081 | 2807901 |                       25.6 |          240 |
| 2807901082 | 2807901 |                       23.9 |          224 |
| 2807901084 | 2807901 |                       23.1 |          249 |
| 2807901087 | 2807901 |                       20.2 |          192 |
| 2807901088 | 2807901 |                       22.2 |          191 |
| 2807901089 | 2807901 |                       25.7 |          232 |
| 2807901090 | 2807901 |                       21.7 |          153 |
| 2807901091 | 2807901 |                       26.3 |          222 |
| 2807901092 | 2807901 |                       25.7 |          145 |
| 2807901093 | 2807901 |                       28.9 |          253 |
| 2807901094 | 2807901 |                       25.3 |          278 |
| 2807901095 | 2807901 |                       23.7 |          292 |
| 2807901096 | 2807901 |                       28.5 |          149 |
| 2807901097 | 2807901 |                       28.8 |          217 |
| 2807901098 | 2807901 |                         30 |          187 |
| 2807901099 | 2807901 |                         29 |          207 |
| 2807901100 | 2807901 |                       26.7 |          192 |
| 2807901101 | 2807901 |                       29.3 |          191 |
| 2807901102 | 2807901 |                       27.8 |          201 |
| 2807901103 | 2807901 |                         18 |          219 |
| 2807901104 | 2807901 |                       27.5 |          218 |
| 2807901105 | 2807901 |                       24.7 |          266 |
| 2807901106 | 2807901 |                       21.2 |          188 |
| 2807901107 | 2807901 |                       25.3 |          171 |
| 2807901108 | 2807901 |                       21.6 |          213 |
| 2807901109 | 2807901 |                       24.6 |          148 |
| 2807901110 | 2807901 |                         28 |          142 |
| 2807901111 | 2807901 |                       26.6 |          190 |
| 2807901112 | 2807901 |                       24.7 |          207 |
| 2807901113 | 2807901 |                       24.4 |          159 |
| 2807901114 | 2807901 |                       24.9 |          217 |
| 2807901115 | 2807901 |                       25.5 |          169 |
| 2807901116 | 2807901 |                         27 |          202 |
| 2807901117 | 2807901 |                       26.4 |          232 |
| 2807901118 | 2807901 |                       26.7 |          139 |
| 2807901119 | 2807901 |                       30.9 |          160 |
| 2807901120 | 2807901 |                       30.2 |          124 |
| 2807901121 | 2807901 |                       30.2 |          237 |
| 2807901123 | 2807901 |                         27 |           82 |
| 2807901124 | 2807901 |                         24 |           78 |
| 2807902001 | 2807902 |                       22.9 |          182 |
| 2807902002 | 2807902 |                       24.6 |          187 |
| 2807902003 | 2807902 |                       22.4 |           69 |
| 2807902004 | 2807902 |                       23.1 |           66 |
| 2807902005 | 2807902 |                       23.1 |           60 |
| 2807902006 | 2807902 |                         20 |          199 |
| 2807902007 | 2807902 |                       25.4 |           29 |
| 2807902008 | 2807902 |                       22.9 |          177 |
| 2807902009 | 2807902 |                       18.5 |          184 |
| 2807902010 | 2807902 |                       23.7 |           78 |
| 2807902011 | 2807902 |                       25.6 |           91 |
| 2807902013 | 2807902 |                       23.8 |          103 |
| 2807902014 | 2807902 |                       22.3 |          155 |
| 2807902015 | 2807902 |                       20.8 |          138 |
| 2807902016 | 2807902 |                       23.2 |          102 |
| 2807902017 | 2807902 |                       17.7 |          128 |
| 2807902018 | 2807902 |                       19.3 |          153 |
| 2807902019 | 2807902 |                       19.9 |          135 |
| 2807902020 | 2807902 |                         23 |           98 |
| 2807902021 | 2807902 |                       23.7 |          149 |
| 2807902022 | 2807902 |                       24.2 |          136 |
| 2807902023 | 2807902 |                       26.7 |           95 |
| 2807902024 | 2807902 |                       22.1 |          191 |
| 2807902025 | 2807902 |                       22.9 |           51 |
| 2807902026 | 2807902 |                       24.6 |          140 |
| 2807902027 | 2807902 |                       23.7 |           85 |
| 2807902028 | 2807902 |                       29.2 |          171 |
| 2807902029 | 2807902 |                       27.9 |          148 |
| 2807902030 | 2807902 |                       23.6 |          120 |
| 2807902031 | 2807902 |                       23.8 |           47 |
| 2807902032 | 2807902 |                       25.7 |           37 |
| 2807902033 | 2807902 |                       22.4 |          113 |
| 2807902034 | 2807902 |                       22.9 |           67 |
| 2807902035 | 2807902 |                       25.7 |           84 |
| 2807902036 | 2807902 |                       23.8 |           57 |
| 2807902037 | 2807902 |                       22.6 |           72 |
| 2807902038 | 2807902 |                         27 |           57 |
| 2807902039 | 2807902 |                       25.1 |           64 |
| 2807902040 | 2807902 |                         25 |          159 |
| 2807902041 | 2807902 |                         23 |          322 |
| 2807902042 | 2807902 |                       23.1 |          194 |
| 2807902043 | 2807902 |                       24.9 |           84 |
| 2807902044 | 2807902 |                       24.8 |          142 |
| 2807902045 | 2807902 |                       25.7 |           98 |
| 2807902046 | 2807902 |                         29 |          198 |
| 2807902047 | 2807902 |                       28.1 |          254 |
| 2807902048 | 2807902 |                       23.9 |          140 |
| 2807902049 | 2807902 |                       21.2 |           85 |
| 2807902050 | 2807902 |                       24.6 |          167 |
| 2807902051 | 2807902 |                       22.2 |          129 |
| 2807902052 | 2807902 |                       18.7 |          114 |
| 2807902053 | 2807902 |                       24.1 |          134 |
| 2807902054 | 2807902 |                       21.9 |          122 |
| 2807902055 | 2807902 |                       23.9 |          102 |
| 2807902056 | 2807902 |                       24.6 |          109 |
| 2807902057 | 2807902 |                       25.1 |          160 |
| 2807902058 | 2807902 |                       23.3 |          228 |
| 2807902059 | 2807902 |                       23.9 |           76 |
| 2807902060 | 2807902 |                       20.5 |          127 |
| 2807902061 | 2807902 |                       21.8 |          156 |
| 2807902062 | 2807902 |                       22.8 |          143 |
| 2807902063 | 2807902 |                       22.4 |          199 |
| 2807902064 | 2807902 |                       25.8 |          196 |
| 2807902065 | 2807902 |                       21.8 |          208 |
| 2807902066 | 2807902 |                       20.4 |          345 |
| 2807902067 | 2807902 |                         25 |          172 |
| 2807902068 | 2807902 |                       24.6 |          186 |
| 2807902069 | 2807902 |                       24.9 |           67 |
| 2807902070 | 2807902 |                         24 |          140 |
| 2807902071 | 2807902 |                       22.5 |          142 |
| 2807902072 | 2807902 |                       23.3 |          223 |
| 2807902073 | 2807902 |                       21.3 |          227 |
| 2807902074 | 2807902 |                       25.1 |          268 |
| 2807902075 | 2807902 |                       22.9 |          214 |
| 2807902077 | 2807902 |                       22.7 |          162 |
| 2807902078 | 2807902 |                       23.7 |          119 |
| 2807902079 | 2807902 |                       25.5 |          134 |
| 2807902080 | 2807902 |                       27.3 |           77 |
| 2807902081 | 2807902 |                       24.4 |          157 |
| 2807902082 | 2807902 |                         25 |          199 |
| 2807902083 | 2807902 |                       26.4 |           92 |
| 2807902085 | 2807902 |                       17.8 |           68 |
| 2807902086 | 2807902 |                       17.9 |          166 |
| 2807902087 | 2807902 |                       19.8 |          160 |
| 2807902088 | 2807902 |                         24 |           70 |
| 2807902089 | 2807902 |                       22.2 |           71 |
| 2807902090 | 2807902 |                       21.3 |          108 |
| 2807902091 | 2807902 |                       20.4 |           99 |
| 2807902092 | 2807902 |                       20.8 |          152 |
| 2807902093 | 2807902 |                         22 |           54 |
| 2807902094 | 2807902 |                       21.5 |           77 |
| 2807902095 | 2807902 |                       19.6 |          159 |
| 2807902096 | 2807902 |                       15.4 |           97 |
| 2807902097 | 2807902 |                       22.2 |           79 |
| 2807902098 | 2807902 |                       22.8 |          109 |
| 2807902099 | 2807902 |                       19.5 |          160 |
| 2807902100 | 2807902 |                       21.3 |          128 |
| 2807902101 | 2807902 |                       19.1 |          131 |
| 2807902102 | 2807902 |                       18.6 |           93 |
| 2807902103 | 2807902 |                       19.5 |          346 |
| 2807902104 | 2807902 |                       18.3 |          432 |
| 2807902105 | 2807902 |                       24.2 |          266 |
| 2807902106 | 2807902 |                       19.3 |          260 |
| 2807902107 | 2807902 |                       14.1 |          115 |
| 2807902108 | 2807902 |                       20.6 |           89 |
| 2807902109 | 2807902 |                       21.4 |          155 |
| 2807902110 | 2807902 |                       18.8 |          177 |
| 2807902111 | 2807902 |                       20.6 |          164 |
| 2807902112 | 2807902 |                       17.7 |          113 |
| 2807903001 | 2807903 |                       19.4 |          124 |
| 2807903002 | 2807903 |                         21 |          106 |
| 2807903003 | 2807903 |                       21.2 |           68 |
| 2807903004 | 2807903 |                       22.1 |          180 |
| 2807903005 | 2807903 |                         24 |          100 |
| 2807903006 | 2807903 |                       23.3 |          172 |
| 2807903007 | 2807903 |                       24.5 |          184 |
| 2807903008 | 2807903 |                       22.6 |          122 |
| 2807903009 | 2807903 |                       22.6 |          108 |
| 2807903010 | 2807903 |                       23.4 |          109 |
| 2807903011 | 2807903 |                       25.8 |           98 |
| 2807903012 | 2807903 |                       22.9 |           83 |
| 2807903013 | 2807903 |                       28.5 |           71 |
| 2807903014 | 2807903 |                       21.4 |           95 |
| 2807903015 | 2807903 |                       23.8 |           94 |
| 2807903016 | 2807903 |                       26.6 |           90 |
| 2807903017 | 2807903 |                       22.6 |          107 |
| 2807903018 | 2807903 |                       22.7 |          214 |
| 2807903019 | 2807903 |                       22.3 |          141 |
| 2807903020 | 2807903 |                       23.2 |          185 |
| 2807903021 | 2807903 |                         23 |          190 |
| 2807903022 | 2807903 |                       23.2 |          199 |
| 2807903023 | 2807903 |                       21.9 |          100 |
| 2807903024 | 2807903 |                       23.1 |          102 |
| 2807903025 | 2807903 |                       26.1 |          280 |
| 2807903026 | 2807903 |                       20.6 |          171 |
| 2807903027 | 2807903 |                       23.3 |          130 |
| 2807903028 | 2807903 |                       19.9 |          124 |
| 2807903029 | 2807903 |                       17.7 |          102 |
| 2807903030 | 2807903 |                       24.7 |           18 |
| 2807903031 | 2807903 |                       24.2 |           74 |
| 2807903032 | 2807903 |                       24.5 |           92 |
| 2807903033 | 2807903 |                       20.6 |          107 |
| 2807903034 | 2807903 |                       18.2 |           57 |
| 2807903035 | 2807903 |                       20.4 |           63 |
| 2807903036 | 2807903 |                         16 |           21 |
| 2807903037 | 2807903 |                       19.5 |           31 |
| 2807903038 | 2807903 |                       20.8 |           22 |
| 2807903039 | 2807903 |                       19.8 |           10 |
| 2807903040 | 2807903 |                         16 |           12 |
| 2807903041 | 2807903 |                       22.2 |           79 |
| 2807903042 | 2807903 |                       21.8 |           70 |
| 2807903044 | 2807903 |                       25.3 |           55 |
| 2807903045 | 2807903 |                       17.7 |           54 |
| 2807903046 | 2807903 |                       17.5 |           66 |
| 2807903047 | 2807903 |                       20.6 |          122 |
| 2807903048 | 2807903 |                       21.4 |          154 |
| 2807903049 | 2807903 |                       28.3 |           88 |
| 2807903050 | 2807903 |                       22.5 |          231 |
| 2807903051 | 2807903 |                       22.4 |           69 |
| 2807903052 | 2807903 |                         23 |           86 |
| 2807903053 | 2807903 |                       29.9 |           91 |
| 2807903054 | 2807903 |                       19.7 |          102 |
| 2807903055 | 2807903 |                       25.3 |          229 |
| 2807903056 | 2807903 |                       26.4 |           62 |
| 2807903057 | 2807903 |                       19.3 |           86 |
| 2807903058 | 2807903 |                       24.6 |          207 |
| 2807903059 | 2807903 |                       23.4 |          100 |
| 2807903060 | 2807903 |                       21.1 |           86 |
| 2807903061 | 2807903 |                       27.3 |          155 |
| 2807903063 | 2807903 |                       24.9 |           60 |
| 2807903064 | 2807903 |                       28.5 |           60 |
| 2807903065 | 2807903 |                       20.4 |          139 |
| 2807903066 | 2807903 |                         21 |           91 |
| 2807903067 | 2807903 |                         17 |          110 |
| 2807903069 | 2807903 |                       27.8 |           50 |
| 2807903070 | 2807903 |                       21.7 |           58 |
| 2807903071 | 2807903 |                       20.9 |          164 |
| 2807903073 | 2807903 |                         23 |          101 |
| 2807903074 | 2807903 |                       21.8 |           56 |
| 2807903076 | 2807903 |                       28.6 |           70 |
| 2807903077 | 2807903 |                       16.6 |          145 |
| 2807903078 | 2807903 |                         18 |           98 |
| 2807903079 | 2807903 |                       24.9 |          108 |
| 2807903080 | 2807903 |                       13.8 |           88 |
| 2807903081 | 2807903 |                       20.3 |           53 |
| 2807903082 | 2807903 |                       22.4 |           57 |
| 2807903084 | 2807903 |                       24.2 |          100 |
| 2807903085 | 2807903 |                       17.9 |           54 |
| 2807903086 | 2807903 |                         20 |          116 |
| 2807903087 | 2807903 |                       19.2 |          114 |
| 2807903088 | 2807903 |                       26.5 |           62 |
| 2807903089 | 2807903 |                         23 |           78 |
| 2807903090 | 2807903 |                         25 |           22 |
| 2807903091 | 2807903 |                       23.2 |           54 |
| 2807903092 | 2807903 |                       18.1 |          128 |
| 2807903093 | 2807903 |                       22.7 |           34 |
| 2807903094 | 2807903 |                       20.5 |           28 |
| 2807903095 | 2807903 |                       21.2 |          105 |
| 2807903096 | 2807903 |                       18.3 |          172 |
| 2807903097 | 2807903 |                       23.1 |           66 |
| 2807903098 | 2807903 |                       21.4 |          237 |
| 2807903099 | 2807903 |                       23.2 |          154 |
| 2807903100 | 2807903 |                       20.8 |           84 |
| 2807904001 | 2807904 |                       20.6 |          135 |
| 2807904002 | 2807904 |                       21.5 |          105 |
| 2807904003 | 2807904 |                       17.9 |          106 |
| 2807904004 | 2807904 |                         18 |          108 |
| 2807904005 | 2807904 |                       23.3 |           60 |
| 2807904006 | 2807904 |                       24.4 |           90 |
| 2807904007 | 2807904 |                       18.6 |          156 |
| 2807904008 | 2807904 |                       20.3 |          133 |
| 2807904009 | 2807904 |                         24 |          126 |
| 2807904010 | 2807904 |                         18 |           54 |
| 2807904011 | 2807904 |                       19.1 |          169 |
| 2807904012 | 2807904 |                       19.9 |          103 |
| 2807904013 | 2807904 |                       17.1 |           87 |
| 2807904014 | 2807904 |                       20.1 |          162 |
| 2807904015 | 2807904 |                       22.7 |          108 |
| 2807904016 | 2807904 |                       17.2 |          213 |
| 2807904017 | 2807904 |                       21.5 |          182 |
| 2807904018 | 2807904 |                       22.5 |          131 |
| 2807904019 | 2807904 |                       28.7 |           70 |
| 2807904020 | 2807904 |                       31.6 |           82 |
| 2807904021 | 2807904 |                       22.8 |          124 |
| 2807904023 | 2807904 |                       19.5 |          145 |
| 2807904024 | 2807904 |                         23 |          200 |
| 2807904025 | 2807904 |                       23.3 |          207 |
| 2807904026 | 2807904 |                       23.1 |          108 |
| 2807904027 | 2807904 |                       23.2 |          238 |
| 2807904028 | 2807904 |                       22.8 |          204 |
| 2807904029 | 2807904 |                       20.5 |          144 |
| 2807904030 | 2807904 |                       18.7 |          150 |
| 2807904031 | 2807904 |                       22.4 |          113 |
| 2807904032 | 2807904 |                       28.6 |           96 |
| 2807904033 | 2807904 |                       25.6 |          101 |
| 2807904034 | 2807904 |                       22.4 |          152 |
| 2807904035 | 2807904 |                       21.7 |          211 |
| 2807904036 | 2807904 |                         22 |           60 |
| 2807904037 | 2807904 |                         24 |          121 |
| 2807904038 | 2807904 |                       22.6 |          157 |
| 2807904039 | 2807904 |                       22.7 |          101 |
| 2807904040 | 2807904 |                       24.6 |           59 |
| 2807904041 | 2807904 |                       22.9 |          131 |
| 2807904042 | 2807904 |                       17.6 |           75 |
| 2807904043 | 2807904 |                       17.3 |          100 |
| 2807904044 | 2807904 |                       15.1 |          132 |
| 2807904045 | 2807904 |                       22.7 |          170 |
| 2807904046 | 2807904 |                       26.8 |           73 |
| 2807904047 | 2807904 |                       22.6 |           70 |
| 2807904048 | 2807904 |                       22.9 |          135 |
| 2807904049 | 2807904 |                       22.4 |          198 |
| 2807904050 | 2807904 |                         22 |          102 |
| 2807904051 | 2807904 |                       24.7 |          137 |
| 2807904052 | 2807904 |                       21.4 |          145 |
| 2807904053 | 2807904 |                       23.8 |          155 |
| 2807904054 | 2807904 |                       21.4 |           77 |
| 2807904055 | 2807904 |                       20.4 |          220 |
| 2807904056 | 2807904 |                         18 |          143 |
| 2807904057 | 2807904 |                       22.8 |          137 |
| 2807904058 | 2807904 |                       20.6 |          172 |
| 2807904060 | 2807904 |                       24.7 |          135 |
| 2807904061 | 2807904 |                       19.4 |          124 |
| 2807904062 | 2807904 |                       19.6 |          122 |
| 2807904063 | 2807904 |                         21 |          129 |
| 2807904064 | 2807904 |                       22.7 |          139 |
| 2807904065 | 2807904 |                       18.5 |          201 |
| 2807904067 | 2807904 |                       22.7 |          158 |
| 2807904068 | 2807904 |                       18.3 |          107 |
| 2807904069 | 2807904 |                       19.9 |          140 |
| 2807904070 | 2807904 |                       23.7 |          115 |
| 2807904071 | 2807904 |                       21.5 |           86 |
| 2807904072 | 2807904 |                       21.1 |           44 |
| 2807904073 | 2807904 |                       16.7 |          111 |
| 2807904074 | 2807904 |                       20.8 |           79 |
| 2807904075 | 2807904 |                       20.9 |           36 |
| 2807904076 | 2807904 |                       19.9 |           26 |
| 2807904077 | 2807904 |                       19.1 |           19 |
| 2807904078 | 2807904 |                       22.3 |           14 |
| 2807904079 | 2807904 |                       21.2 |           29 |
| 2807904080 | 2807904 |                       23.4 |           14 |
| 2807904081 | 2807904 |                       22.5 |           16 |
| 2807904082 | 2807904 |                       20.2 |           34 |
| 2807904083 | 2807904 |                       20.3 |           53 |
| 2807904084 | 2807904 |                       24.1 |           43 |
| 2807904085 | 2807904 |                         21 |          290 |
| 2807904086 | 2807904 |                       21.5 |          218 |
| 2807904087 | 2807904 |                       20.3 |          345 |
| 2807904088 | 2807904 |                       20.9 |          278 |
| 2807904089 | 2807904 |                       24.7 |           97 |
| 2807904090 | 2807904 |                       21.1 |          172 |
| 2807904091 | 2807904 |                       25.3 |          338 |
| 2807904092 | 2807904 |                       21.8 |          156 |
| 2807904093 | 2807904 |                       19.7 |          222 |
| 2807904094 | 2807904 |                       21.5 |          156 |
| 2807904096 | 2807904 |                       28.5 |           84 |
| 2807904097 | 2807904 |                       13.1 |          151 |
| 2807904098 | 2807904 |                         23 |           99 |
| 2807904099 | 2807904 |                       20.1 |          142 |
| 2807904100 | 2807904 |                       29.9 |           56 |
| 2807904101 | 2807904 |                       24.7 |          196 |
| 2807904102 | 2807904 |                       26.3 |          160 |
| 2807904103 | 2807904 |                       24.1 |          256 |
| 2807904104 | 2807904 |                       22.2 |          157 |
| 2807904105 | 2807904 |                       21.9 |          117 |
| 2807904106 | 2807904 |                       23.7 |          159 |
| 2807904107 | 2807904 |                       23.3 |           51 |
| 2807904108 | 2807904 |                       22.3 |          117 |
| 2807904109 | 2807904 |                         23 |          163 |
| 2807904110 | 2807904 |                       23.2 |           78 |
| 2807904111 | 2807904 |                       20.5 |          171 |
| 2807904112 | 2807904 |                       17.5 |          175 |
| 2807904113 | 2807904 |                       20.3 |          123 |
| 2807904114 | 2807904 |                       20.3 |           90 |
| 2807904115 | 2807904 |                       30.1 |           96 |
| 2807904116 | 2807904 |                       15.3 |           85 |
| 2807904117 | 2807904 |                       28.2 |           71 |
| 2807904118 | 2807904 |                       17.1 |           68 |
| 2807904119 | 2807904 |                         16 |          187 |
| 2807904120 | 2807904 |                       28.1 |           65 |
| 2807904121 | 2807904 |                       18.3 |           96 |
| 2807904123 | 2807904 |                       18.9 |          207 |
| 2807904124 | 2807904 |                       21.2 |          205 |
| 2807904126 | 2807904 |                         27 |          126 |
| 2807904127 | 2807904 |                       18.6 |          170 |
| 2807904128 | 2807904 |                       23.3 |          176 |
| 2807904130 | 2807904 |                       13.4 |          104 |
| 2807904131 | 2807904 |                       21.7 |           98 |
| 2807905001 | 2807905 |                       15.5 |           66 |
| 2807905002 | 2807905 |                       26.7 |           72 |
| 2807905003 | 2807905 |                       17.9 |          164 |
| 2807905004 | 2807905 |                       14.7 |          131 |
| 2807905005 | 2807905 |                       25.6 |           50 |
| 2807905006 | 2807905 |                       27.2 |           56 |
| 2807905007 | 2807905 |                       18.4 |          100 |
| 2807905008 | 2807905 |                       18.3 |           67 |
| 2807905009 | 2807905 |                       16.5 |           46 |
| 2807905010 | 2807905 |                       18.7 |          117 |
| 2807905011 | 2807905 |                       16.6 |          141 |
| 2807905012 | 2807905 |                       18.5 |          171 |
| 2807905013 | 2807905 |                       19.7 |          101 |
| 2807905014 | 2807905 |                         24 |          120 |
| 2807905015 | 2807905 |                       18.3 |          229 |
| 2807905016 | 2807905 |                       23.1 |          129 |
| 2807905017 | 2807905 |                       22.8 |          224 |
| 2807905018 | 2807905 |                       23.4 |          198 |
| 2807905019 | 2807905 |                       22.3 |          125 |
| 2807905020 | 2807905 |                       21.9 |          143 |
| 2807905021 | 2807905 |                       27.1 |           42 |
| 2807905022 | 2807905 |                       23.3 |          198 |
| 2807905023 | 2807905 |                       21.4 |          129 |
| 2807905024 | 2807905 |                       24.9 |           53 |
| 2807905025 | 2807905 |                       20.8 |           94 |
| 2807905026 | 2807905 |                       22.7 |          183 |
| 2807905027 | 2807905 |                       20.9 |          212 |
| 2807905028 | 2807905 |                       22.2 |          220 |
| 2807905029 | 2807905 |                       23.2 |          277 |
| 2807905030 | 2807905 |                       26.9 |          180 |
| 2807905031 | 2807905 |                       26.9 |           87 |
| 2807905032 | 2807905 |                       23.3 |          270 |
| 2807905033 | 2807905 |                       18.6 |          257 |
| 2807905034 | 2807905 |                       18.5 |          262 |
| 2807905035 | 2807905 |                       20.3 |          190 |
| 2807905036 | 2807905 |                         19 |          168 |
| 2807905037 | 2807905 |                       17.4 |           70 |
| 2807905038 | 2807905 |                       13.9 |           24 |
| 2807905039 | 2807905 |                       19.1 |          232 |
| 2807905040 | 2807905 |                         23 |           66 |
| 2807905041 | 2807905 |                       23.6 |          144 |
| 2807905042 | 2807905 |                       24.7 |          143 |
| 2807905043 | 2807905 |                       22.3 |          156 |
| 2807905044 | 2807905 |                       22.7 |          230 |
| 2807905045 | 2807905 |                       22.8 |          187 |
| 2807905046 | 2807905 |                       20.5 |          254 |
| 2807905047 | 2807905 |                       21.6 |          237 |
| 2807905048 | 2807905 |                       22.5 |          100 |
| 2807905049 | 2807905 |                       22.3 |          103 |
| 2807905051 | 2807905 |                       20.9 |          102 |
| 2807905052 | 2807905 |                       18.3 |           89 |
| 2807905053 | 2807905 |                       15.1 |           53 |
| 2807905054 | 2807905 |                       17.3 |          129 |
| 2807905055 | 2807905 |                       18.7 |          141 |
| 2807905056 | 2807905 |                       25.5 |          130 |
| 2807905057 | 2807905 |                       24.9 |          104 |
| 2807905058 | 2807905 |                       19.5 |          160 |
| 2807905059 | 2807905 |                       26.5 |           90 |
| 2807905060 | 2807905 |                       23.8 |          177 |
| 2807905061 | 2807905 |                       19.2 |          215 |
| 2807905062 | 2807905 |                       19.5 |          152 |
| 2807905063 | 2807905 |                       24.5 |           42 |
| 2807905064 | 2807905 |                       14.2 |          264 |
| 2807905065 | 2807905 |                       21.4 |          189 |
| 2807905066 | 2807905 |                       14.7 |          126 |
| 2807905067 | 2807905 |                       18.1 |          230 |
| 2807905068 | 2807905 |                       22.9 |          109 |
| 2807905069 | 2807905 |                       15.5 |           96 |
| 2807905070 | 2807905 |                       14.2 |          290 |
| 2807905072 | 2807905 |                       16.4 |          270 |
| 2807905073 | 2807905 |                       15.1 |          178 |
| 2807905074 | 2807905 |                       13.4 |          150 |
| 2807905075 | 2807905 |                         14 |          176 |
| 2807905076 | 2807905 |                       14.1 |          218 |
| 2807905077 | 2807905 |                       29.3 |           48 |
| 2807905078 | 2807905 |                       18.3 |           39 |
| 2807905079 | 2807905 |                       20.2 |          204 |
| 2807905080 | 2807905 |                       26.1 |           90 |
| 2807905081 | 2807905 |                       15.5 |          227 |
| 2807905082 | 2807905 |                       18.2 |          122 |
| 2807905083 | 2807905 |                       19.4 |          120 |
| 2807905084 | 2807905 |                       15.1 |          123 |
| 2807905085 | 2807905 |                       14.6 |          215 |
| 2807905086 | 2807905 |                       19.7 |          259 |
| 2807905087 | 2807905 |                       19.7 |          226 |
| 2807905088 | 2807905 |                       20.3 |           45 |
| 2807905089 | 2807905 |                       25.2 |           36 |
| 2807905090 | 2807905 |                       25.2 |           78 |
| 2807905091 | 2807905 |                       25.2 |          108 |
| 2807905092 | 2807905 |                       28.8 |          261 |
| 2807905094 | 2807905 |                       19.3 |          280 |
| 2807905095 | 2807905 |                       19.5 |          125 |
| 2807905096 | 2807905 |                       20.6 |          167 |
| 2807905097 | 2807905 |                       16.2 |          246 |
| 2807905098 | 2807905 |                       31.5 |           62 |
| 2807905099 | 2807905 |                       17.8 |          126 |
| 2807905100 | 2807905 |                       17.3 |          149 |
| 2807905101 | 2807905 |                       16.5 |           84 |
| 2807905102 | 2807905 |                       17.5 |           86 |
| 2807905103 | 2807905 |                       18.4 |           71 |
| 2807905104 | 2807905 |                       16.5 |           95 |
| 2807906001 | 2807906 |                       23.6 |          193 |
| 2807906002 | 2807906 |                       23.9 |          130 |
| 2807906003 | 2807906 |                       28.3 |          236 |
| 2807906004 | 2807906 |                       24.6 |          172 |
| 2807906005 | 2807906 |                       25.9 |          123 |
| 2807906006 | 2807906 |                       24.4 |          112 |
| 2807906007 | 2807906 |                       23.4 |          114 |
| 2807906008 | 2807906 |                       25.4 |          156 |
| 2807906009 | 2807906 |                       23.4 |          125 |
| 2807906010 | 2807906 |                       21.6 |          131 |
| 2807906011 | 2807906 |                       23.7 |          154 |
| 2807906012 | 2807906 |                       25.1 |           90 |
| 2807906013 | 2807906 |                       27.5 |           90 |
| 2807906014 | 2807906 |                       24.6 |          117 |
| 2807906015 | 2807906 |                         25 |          145 |
| 2807906016 | 2807906 |                       25.4 |          199 |
| 2807906017 | 2807906 |                       27.6 |          138 |
| 2807906018 | 2807906 |                       24.2 |          172 |
| 2807906019 | 2807906 |                       26.1 |          255 |
| 2807906021 | 2807906 |                         25 |          266 |
| 2807906023 | 2807906 |                       21.8 |          126 |
| 2807906024 | 2807906 |                       24.8 |          139 |
| 2807906025 | 2807906 |                       25.6 |          170 |
| 2807906026 | 2807906 |                       23.3 |          162 |
| 2807906027 | 2807906 |                       19.3 |          280 |
| 2807906028 | 2807906 |                       22.1 |           66 |
| 2807906029 | 2807906 |                       20.8 |          508 |
| 2807906031 | 2807906 |                       21.5 |           89 |
| 2807906032 | 2807906 |                       25.2 |          122 |
| 2807906033 | 2807906 |                         25 |          152 |
| 2807906034 | 2807906 |                       24.5 |          114 |
| 2807906035 | 2807906 |                       24.9 |          182 |
| 2807906036 | 2807906 |                       25.4 |          167 |
| 2807906037 | 2807906 |                       24.4 |          177 |
| 2807906038 | 2807906 |                       18.3 |          122 |
| 2807906039 | 2807906 |                       30.1 |           48 |
| 2807906040 | 2807906 |                       20.9 |           49 |
| 2807906041 | 2807906 |                       21.7 |          231 |
| 2807906042 | 2807906 |                       23.1 |          292 |
| 2807906043 | 2807906 |                       23.3 |          267 |
| 2807906044 | 2807906 |                       21.7 |           48 |
| 2807906045 | 2807906 |                       22.5 |           99 |
| 2807906046 | 2807906 |                       16.3 |          295 |
| 2807906048 | 2807906 |                       21.3 |           88 |
| 2807906049 | 2807906 |                         24 |           59 |
| 2807906050 | 2807906 |                       24.1 |           56 |
| 2807906051 | 2807906 |                       20.7 |           67 |
| 2807906052 | 2807906 |                       27.4 |           87 |
| 2807906053 | 2807906 |                       22.6 |          130 |
| 2807906054 | 2807906 |                       19.3 |          167 |
| 2807906056 | 2807906 |                       22.6 |          290 |
| 2807906057 | 2807906 |                       23.7 |          190 |
| 2807906058 | 2807906 |                       20.7 |          276 |
| 2807906059 | 2807906 |                       18.4 |          222 |
| 2807906060 | 2807906 |                       25.5 |           85 |
| 2807906061 | 2807906 |                         24 |           85 |
| 2807906062 | 2807906 |                       16.1 |          252 |
| 2807906063 | 2807906 |                         23 |           64 |
| 2807906064 | 2807906 |                       25.5 |           20 |
| 2807906065 | 2807906 |                       17.3 |           78 |
| 2807906066 | 2807906 |                       23.5 |          263 |
| 2807906067 | 2807906 |                       23.8 |          146 |
| 2807906068 | 2807906 |                       26.3 |          175 |
| 2807906069 | 2807906 |                       24.6 |          286 |
| 2807906070 | 2807906 |                       23.2 |          457 |
| 2807906071 | 2807906 |                       20.4 |          123 |
| 2807906072 | 2807906 |                       23.3 |          197 |
| 2807906073 | 2807906 |                       28.5 |          114 |
| 2807906074 | 2807906 |                       33.1 |           24 |
| 2807906075 | 2807906 |                       24.7 |          136 |
| 2807906076 | 2807906 |                       29.9 |           53 |
| 2807906077 | 2807906 |                       27.3 |          102 |
| 2807906078 | 2807906 |                       26.4 |           80 |
| 2807906079 | 2807906 |                       25.7 |           84 |
| 2807906080 | 2807906 |                       24.5 |          171 |
| 2807906081 | 2807906 |                       26.1 |          160 |
| 2807906084 | 2807906 |                       40.9 |           29 |
| 2807906085 | 2807906 |                       24.4 |          150 |
| 2807906089 | 2807906 |                       27.1 |           81 |
| 2807906090 | 2807906 |                         25 |          261 |
| 2807906091 | 2807906 |                       23.9 |          184 |
| 2807906092 | 2807906 |                       23.3 |          123 |
| 2807906093 | 2807906 |                       25.4 |          145 |
| 2807906094 | 2807906 |                         25 |          237 |
| 2807906095 | 2807906 |                       22.6 |          100 |
| 2807906096 | 2807906 |                       24.7 |          153 |
| 2807906097 | 2807906 |                       24.8 |          155 |
| 2807906099 | 2807906 |                       27.5 |          124 |
| 2807906101 | 2807906 |                       25.8 |          143 |
| 2807906102 | 2807906 |                       24.3 |          181 |
| 2807906103 | 2807906 |                         24 |          230 |
| 2807906104 | 2807906 |                       25.1 |          172 |
| 2807906105 | 2807906 |                       25.6 |          250 |
| 2807906106 | 2807906 |                       25.3 |          161 |
| 2807906107 | 2807906 |                       25.3 |          142 |
| 2807906108 | 2807906 |                       25.3 |          179 |
| 2807906109 | 2807906 |                       24.6 |          235 |
| 2807906110 | 2807906 |                       23.9 |          218 |
| 2807906111 | 2807906 |                       23.1 |          285 |
| 2807906112 | 2807906 |                       25.7 |          121 |
| 2807906113 | 2807906 |                       24.6 |          116 |
| 2807906114 | 2807906 |                       24.4 |          234 |
| 2807906115 | 2807906 |                       27.3 |          136 |
| 2807906116 | 2807906 |                       24.2 |          264 |
| 2807906117 | 2807906 |                       22.8 |          285 |
| 2807906118 | 2807906 |                       28.1 |           92 |
| 2807906119 | 2807906 |                       25.8 |          125 |
| 2807906120 | 2807906 |                       26.5 |           99 |
| 2807906121 | 2807906 |                       24.8 |          176 |
| 2807906122 | 2807906 |                       24.4 |          186 |
| 2807906123 | 2807906 |                       24.7 |          206 |
| 2807906124 | 2807906 |                       25.4 |          155 |
| 2807906125 | 2807906 |                         19 |          196 |
| 2807906126 | 2807906 |                       25.6 |          241 |
| 2807906127 | 2807906 |                       30.6 |           48 |
| 2807906128 | 2807906 |                       28.1 |           74 |
| 2807906129 | 2807906 |                       25.8 |          159 |
| 2807907001 | 2807907 |                         25 |          187 |
| 2807907002 | 2807907 |                       26.4 |           90 |
| 2807907003 | 2807907 |                       26.1 |          251 |
| 2807907004 | 2807907 |                       25.5 |          208 |
| 2807907006 | 2807907 |                         24 |          203 |
| 2807907007 | 2807907 |                         26 |          110 |
| 2807907008 | 2807907 |                       28.6 |          103 |
| 2807907009 | 2807907 |                       22.7 |          145 |
| 2807907010 | 2807907 |                       26.9 |          153 |
| 2807907011 | 2807907 |                       26.1 |          214 |
| 2807907012 | 2807907 |                       21.6 |          318 |
| 2807907013 | 2807907 |                       25.9 |           95 |
| 2807907014 | 2807907 |                       25.3 |          160 |
| 2807907016 | 2807907 |                       30.9 |          265 |
| 2807907017 | 2807907 |                         21 |          109 |
| 2807907018 | 2807907 |                       24.2 |          183 |
| 2807907019 | 2807907 |                       17.3 |          290 |
| 2807907021 | 2807907 |                       18.3 |          236 |
| 2807907023 | 2807907 |                         23 |           60 |
| 2807907024 | 2807907 |                       30.3 |          125 |
| 2807907025 | 2807907 |                       27.6 |          127 |
| 2807907026 | 2807907 |                       25.6 |          280 |
| 2807907028 | 2807907 |                       27.3 |          105 |
| 2807907030 | 2807907 |                       26.5 |          120 |
| 2807907031 | 2807907 |                       24.3 |          110 |
| 2807907032 | 2807907 |                       25.1 |          256 |
| 2807907034 | 2807907 |                       27.6 |          255 |
| 2807907035 | 2807907 |                       26.7 |          118 |
| 2807907036 | 2807907 |                       24.6 |          238 |
| 2807907038 | 2807907 |                       27.8 |          177 |
| 2807907039 | 2807907 |                       23.7 |           75 |
| 2807907040 | 2807907 |                       25.4 |          251 |
| 2807907041 | 2807907 |                       25.1 |          219 |
| 2807907042 | 2807907 |                       23.5 |           41 |
| 2807907043 | 2807907 |                       24.8 |          152 |
| 2807907044 | 2807907 |                       24.4 |           41 |
| 2807907045 | 2807907 |                       24.5 |          155 |
| 2807907046 | 2807907 |                       24.3 |          160 |
| 2807907047 | 2807907 |                       19.3 |          199 |
| 2807907048 | 2807907 |                       20.2 |          304 |
| 2807907049 | 2807907 |                       22.7 |           84 |
| 2807907050 | 2807907 |                       18.4 |          114 |
| 2807907051 | 2807907 |                       25.3 |          148 |
| 2807907052 | 2807907 |                       18.6 |           90 |
| 2807907053 | 2807907 |                       26.8 |          185 |
| 2807907055 | 2807907 |                       25.3 |          108 |
| 2807907056 | 2807907 |                       21.3 |           85 |
| 2807907057 | 2807907 |                       21.8 |          225 |
| 2807907058 | 2807907 |                       25.8 |          216 |
| 2807907059 | 2807907 |                         23 |           80 |
| 2807907060 | 2807907 |                       21.3 |          159 |
| 2807907061 | 2807907 |                       20.8 |          304 |
| 2807907062 | 2807907 |                       21.9 |          180 |
| 2807907063 | 2807907 |                       22.6 |          186 |
| 2807907064 | 2807907 |                       22.1 |          132 |
| 2807907065 | 2807907 |                         24 |          183 |
| 2807907066 | 2807907 |                       20.8 |          183 |
| 2807907067 | 2807907 |                       22.8 |          121 |
| 2807907068 | 2807907 |                       19.9 |          123 |
| 2807907069 | 2807907 |                       24.4 |          169 |
| 2807907070 | 2807907 |                       22.4 |          183 |
| 2807907071 | 2807907 |                       21.1 |          128 |
| 2807907072 | 2807907 |                       25.3 |          145 |
| 2807907073 | 2807907 |                       20.2 |          147 |
| 2807907075 | 2807907 |                       15.9 |          129 |
| 2807907076 | 2807907 |                       16.3 |           89 |
| 2807907078 | 2807907 |                       21.1 |          117 |
| 2807907079 | 2807907 |                       22.4 |          124 |
| 2807907080 | 2807907 |                         22 |           82 |
| 2807907081 | 2807907 |                         28 |          102 |
| 2807907082 | 2807907 |                         22 |          127 |
| 2807907083 | 2807907 |                       18.6 |           48 |
| 2807907084 | 2807907 |                       15.4 |          132 |
| 2807907085 | 2807907 |                       16.3 |          151 |
| 2807907086 | 2807907 |                       22.4 |           57 |
| 2807907087 | 2807907 |                         18 |           96 |
| 2807907088 | 2807907 |                       24.8 |          104 |
| 2807907089 | 2807907 |                       21.4 |          179 |
| 2807907090 | 2807907 |                         27 |          145 |
| 2807907091 | 2807907 |                       21.3 |          129 |
| 2807907092 | 2807907 |                       17.2 |          163 |
| 2807907093 | 2807907 |                         18 |          101 |
| 2807907094 | 2807907 |                       18.3 |          137 |
| 2807907095 | 2807907 |                       21.3 |          105 |
| 2807907096 | 2807907 |                       13.8 |          152 |
| 2807907097 | 2807907 |                       22.4 |          150 |
| 2807907098 | 2807907 |                       21.9 |           71 |
| 2807907099 | 2807907 |                       22.3 |          156 |
| 2807907100 | 2807907 |                       24.4 |          193 |
| 2807907101 | 2807907 |                       22.7 |          221 |
| 2807907102 | 2807907 |                       23.4 |          249 |
| 2807907103 | 2807907 |                       24.3 |          259 |
| 2807907105 | 2807907 |                         24 |          154 |
| 2807907106 | 2807907 |                       22.7 |          149 |
| 2807907107 | 2807907 |                       16.3 |          153 |
| 2807907108 | 2807907 |                       19.9 |           88 |
| 2807907109 | 2807907 |                       20.3 |          157 |
| 2807907110 | 2807907 |                       25.9 |          221 |
| 2807907111 | 2807907 |                       23.5 |          156 |
| 2807907113 | 2807907 |                       23.1 |          272 |
| 2807907114 | 2807907 |                       26.3 |          147 |
| 2807907115 | 2807907 |                       18.3 |          228 |
| 2807907116 | 2807907 |                       31.4 |           71 |
| 2807907117 | 2807907 |                       22.3 |          261 |
| 2807907118 | 2807907 |                         23 |          270 |
| 2807907119 | 2807907 |                       23.1 |          216 |
| 2807907120 | 2807907 |                       25.8 |          120 |
| 2807907121 | 2807907 |                       20.5 |          131 |
| 2807907122 | 2807907 |                       21.7 |          166 |
| 2807907123 | 2807907 |                       22.1 |          152 |
| 2807907124 | 2807907 |                         28 |           26 |
| 2807907125 | 2807907 |                       23.7 |           45 |
| 2807907126 | 2807907 |                       28.3 |           48 |
| 2807907127 | 2807907 |                       29.3 |          136 |
| 2807907128 | 2807907 |                       19.7 |           71 |
| 2807907129 | 2807907 |                       25.7 |          109 |
| 2807907130 | 2807907 |                       17.8 |          156 |
| 2807907131 | 2807907 |                       25.4 |           70 |
| 2807907132 | 2807907 |                       16.1 |          100 |
| 2807907133 | 2807907 |                       21.6 |           73 |
| 2807907135 | 2807907 |                       22.6 |           98 |
| 2807908002 | 2807908 |                       20.2 |           23 |
| 2807908003 | 2807908 |                       24.3 |           86 |
| 2807908004 | 2807908 |                       21.4 |           25 |
| 2807908005 | 2807908 |                       12.9 |           26 |
| 2807908006 | 2807908 |                       20.8 |           35 |
| 2807908007 | 2807908 |                       19.5 |           98 |
| 2807908008 | 2807908 |                       11.8 |           26 |
| 2807908009 | 2807908 |                       17.9 |           86 |
| 2807908010 | 2807908 |                         14 |           19 |
| 2807908011 | 2807908 |                       21.6 |           37 |
| 2807908012 | 2807908 |                       14.3 |           22 |
| 2807908013 | 2807908 |                         18 |           14 |
| 2807908014 | 2807908 |                       22.8 |           26 |
| 2807908015 | 2807908 |                       21.2 |           45 |
| 2807908016 | 2807908 |                       27.7 |           91 |
| 2807908017 | 2807908 |                       20.5 |          152 |
| 2807908018 | 2807908 |                       27.5 |          102 |
| 2807908019 | 2807908 |                       27.3 |           81 |
| 2807908020 | 2807908 |                       22.8 |          111 |
| 2807908021 | 2807908 |                       27.2 |           80 |
| 2807908022 | 2807908 |                       24.2 |           76 |
| 2807908023 | 2807908 |                       24.7 |           95 |
| 2807908024 | 2807908 |                       22.2 |          172 |
| 2807908025 | 2807908 |                         27 |           78 |
| 2807908026 | 2807908 |                       24.3 |          121 |
| 2807908027 | 2807908 |                       22.4 |          128 |
| 2807908028 | 2807908 |                       25.9 |           94 |
| 2807908029 | 2807908 |                       23.2 |           66 |
| 2807908030 | 2807908 |                       21.5 |           48 |
| 2807908031 | 2807908 |                       23.3 |           56 |
| 2807908032 | 2807908 |                       24.4 |           17 |
| 2807908033 | 2807908 |                       18.2 |           29 |
| 2807908034 | 2807908 |                       18.7 |           49 |
| 2807908035 | 2807908 |                       21.8 |           57 |
| 2807908036 | 2807908 |                       19.5 |           88 |
| 2807908037 | 2807908 |                       19.1 |           29 |
| 2807908038 | 2807908 |                       24.3 |           32 |
| 2807908039 | 2807908 |                       21.1 |           48 |
| 2807908040 | 2807908 |                       23.8 |           34 |
| 2807908041 | 2807908 |                       24.7 |           23 |
| 2807908042 | 2807908 |                       24.3 |           81 |
| 2807908043 | 2807908 |                       17.5 |           37 |
| 2807908044 | 2807908 |                       21.7 |           47 |
| 2807908045 | 2807908 |                       24.2 |           87 |
| 2807908046 | 2807908 |                       24.4 |          149 |
| 2807908047 | 2807908 |                         25 |          171 |
| 2807908048 | 2807908 |                         27 |          143 |
| 2807908049 | 2807908 |                         19 |          168 |
| 2807908050 | 2807908 |                         23 |           54 |
| 2807908051 | 2807908 |                       24.4 |           55 |
| 2807908052 | 2807908 |                         20 |          173 |
| 2807908053 | 2807908 |                       27.8 |          115 |
| 2807908054 | 2807908 |                       24.2 |           35 |
| 2807908055 | 2807908 |                       23.7 |           58 |
| 2807908056 | 2807908 |                       18.9 |           95 |
| 2807908057 | 2807908 |                       22.1 |           93 |
| 2807908058 | 2807908 |                       19.5 |           80 |
| 2807908059 | 2807908 |                       19.7 |           67 |
| 2807908060 | 2807908 |                       18.9 |           80 |
| 2807908061 | 2807908 |                       23.7 |           78 |
| 2807908062 | 2807908 |                       28.3 |           67 |
| 2807908063 | 2807908 |                       28.8 |           86 |
| 2807908064 | 2807908 |                       29.4 |          102 |
| 2807908065 | 2807908 |                       28.4 |           90 |
| 2807908066 | 2807908 |                       28.1 |          103 |
| 2807908067 | 2807908 |                       27.6 |          163 |
| 2807908068 | 2807908 |                       26.9 |          137 |
| 2807908069 | 2807908 |                       26.4 |          102 |
| 2807908071 | 2807908 |                       26.8 |          102 |
| 2807908072 | 2807908 |                       25.7 |          156 |
| 2807908073 | 2807908 |                       27.6 |          136 |
| 2807908074 | 2807908 |                       26.4 |           87 |
| 2807908075 | 2807908 |                       27.7 |          122 |
| 2807908076 | 2807908 |                       25.5 |          117 |
| 2807908077 | 2807908 |                       25.2 |          133 |
| 2807908078 | 2807908 |                       26.7 |           90 |
| 2807908079 | 2807908 |                       23.6 |           99 |
| 2807908080 | 2807908 |                       23.9 |          196 |
| 2807908081 | 2807908 |                       26.7 |           86 |
| 2807908082 | 2807908 |                       25.8 |          123 |
| 2807908083 | 2807908 |                         27 |          129 |
| 2807908084 | 2807908 |                       25.9 |          117 |
| 2807908085 | 2807908 |                       25.7 |           88 |
| 2807908086 | 2807908 |                       24.2 |           95 |
| 2807908087 | 2807908 |                       25.3 |           92 |
| 2807908088 | 2807908 |                       26.7 |          115 |
| 2807908089 | 2807908 |                       24.9 |           75 |
| 2807908090 | 2807908 |                         22 |           57 |
| 2807908091 | 2807908 |                       25.3 |           92 |
| 2807908092 | 2807908 |                       26.2 |           85 |
| 2807908093 | 2807908 |                         22 |           51 |
| 2807908094 | 2807908 |                       23.5 |           70 |
| 2807908095 | 2807908 |                       18.4 |          125 |
| 2807908096 | 2807908 |                       19.4 |           51 |
| 2807908097 | 2807908 |                         17 |           34 |
| 2807908098 | 2807908 |                       19.8 |          114 |
| 2807908099 | 2807908 |                       18.6 |           67 |
| 2807908100 | 2807908 |                       19.8 |           47 |
| 2807908102 | 2807908 |                       17.9 |           83 |
| 2807908103 | 2807908 |                       19.6 |           80 |
| 2807908104 | 2807908 |                       28.6 |          202 |
| 2807908105 | 2807908 |                       26.6 |          123 |
| 2807908106 | 2807908 |                       28.9 |          161 |
| 2807908107 | 2807908 |                       29.4 |           97 |
| 2807908108 | 2807908 |                         30 |           77 |
| 2807908109 | 2807908 |                       24.9 |          146 |
| 2807908110 | 2807908 |                       26.7 |           89 |
| 2807908111 | 2807908 |                       22.5 |          123 |
| 2807908112 | 2807908 |                       32.8 |           17 |
| 2807908113 | 2807908 |                       24.1 |           85 |
| 2807908114 | 2807908 |                       27.7 |           56 |
| 2807908115 | 2807908 |                         26 |           61 |
| 2807908116 | 2807908 |                       26.7 |           60 |
| 2807908117 | 2807908 |                       26.4 |           48 |
| 2807908119 | 2807908 |                       25.5 |           99 |
| 2807908120 | 2807908 |                       24.4 |           63 |
| 2807908121 | 2807908 |                         32 |           41 |
| 2807908122 | 2807908 |                       31.7 |           25 |
| 2807908123 | 2807908 |                       23.7 |          113 |
| 2807908124 | 2807908 |                       24.4 |          134 |
| 2807908125 | 2807908 |                       21.8 |          118 |
| 2807908126 | 2807908 |                       23.5 |          151 |
| 2807908128 | 2807908 |                       16.6 |          377 |
| 2807908131 | 2807908 |                       15.6 |           73 |
| 2807908132 | 2807908 |                       20.3 |           21 |
| 2807908133 | 2807908 |                       20.6 |           57 |
| 2807908135 | 2807908 |                       17.7 |          179 |
| 2807908136 | 2807908 |                       22.7 |           49 |
| 2807908137 | 2807908 |                       24.4 |           17 |
| 2807908138 | 2807908 |                       12.8 |           52 |
| 2807908139 | 2807908 |                       22.6 |          180 |
| 2807908140 | 2807908 |                       20.5 |           37 |
| 2807908141 | 2807908 |                       22.1 |           36 |
| 2807908142 | 2807908 |                       20.8 |           35 |
| 2807908143 | 2807908 |                       18.6 |           86 |
| 2807908144 | 2807908 |                       20.5 |           68 |
| 2807908145 | 2807908 |                         19 |           94 |
| 2807908146 | 2807908 |                       19.6 |           46 |
| 2807908147 | 2807908 |                       25.2 |           52 |
| 2807908148 | 2807908 |                       20.6 |          158 |
| 2807908149 | 2807908 |                       19.2 |           27 |
| 2807908150 | 2807908 |                       20.1 |           63 |
| 2807908151 | 2807908 |                       20.1 |           36 |
| 2807908152 | 2807908 |                       20.9 |           67 |
| 2807908153 | 2807908 |                       18.7 |           95 |
| 2807908154 | 2807908 |                       18.4 |          197 |
| 2807908155 | 2807908 |                       21.5 |           88 |
| 2807908156 | 2807908 |                       16.3 |           40 |
| 2807908157 | 2807908 |                       14.5 |          221 |
| 2807908158 | 2807908 |                       20.9 |           65 |
| 2807908159 | 2807908 |                         13 |          124 |
| 2807908160 | 2807908 |                       18.3 |          324 |
| 2807908161 | 2807908 |                       17.4 |          339 |
| 2807908162 | 2807908 |                       17.6 |          142 |
| 2807908163 | 2807908 |                       17.9 |          108 |
| 2807908164 | 2807908 |                       20.7 |          347 |
| 2807908165 | 2807908 |                       18.6 |          200 |
| 2807908166 | 2807908 |                       16.1 |           93 |
| 2807908167 | 2807908 |                       18.5 |          380 |
| 2807908168 | 2807908 |                       26.1 |          128 |
| 2807908169 | 2807908 |                       20.2 |          349 |
| 2807908170 | 2807908 |                       22.7 |          348 |
| 2807908171 | 2807908 |                       22.4 |          214 |
| 2807908172 | 2807908 |                       23.2 |          340 |
| 2807908173 | 2807908 |                       17.5 |          176 |
| 2807908174 | 2807908 |                       20.7 |          177 |
| 2807908175 | 2807908 |                       25.7 |           28 |
| 2807908176 | 2807908 |                         16 |          249 |
| 2807908177 | 2807908 |                       23.3 |          106 |
| 2807908178 | 2807908 |                       19.7 |          266 |
| 2807908179 | 2807908 |                       21.7 |          213 |
| 2807908180 | 2807908 |                       19.6 |           50 |
| 2807908181 | 2807908 |                       20.3 |           82 |
| 2807908182 | 2807908 |                       16.6 |           73 |
| 2807908183 | 2807908 |                       17.9 |          312 |
| 2807908184 | 2807908 |                       20.8 |          221 |
| 2807908185 | 2807908 |                       22.5 |          177 |
| 2807908186 | 2807908 |                       24.1 |          202 |
| 2807908187 | 2807908 |                       19.7 |          339 |
| 2807908188 | 2807908 |                       24.2 |          173 |
| 2807909001 | 2807909 |                       24.7 |          131 |
| 2807909002 | 2807909 |                       24.8 |          116 |
| 2807909004 | 2807909 |                       24.2 |           83 |
| 2807909005 | 2807909 |                       21.5 |           54 |
| 2807909006 | 2807909 |                       21.4 |           40 |
| 2807909007 | 2807909 |                       23.6 |           46 |
| 2807909008 | 2807909 |                       23.4 |           62 |
| 2807909009 | 2807909 |                       24.2 |          116 |
| 2807909010 | 2807909 |                       21.1 |          259 |
| 2807909011 | 2807909 |                       23.5 |          220 |
| 2807909012 | 2807909 |                       28.8 |           93 |
| 2807909013 | 2807909 |                       26.9 |          198 |
| 2807909014 | 2807909 |                       22.9 |          367 |
| 2807909015 | 2807909 |                       20.1 |          209 |
| 2807909016 | 2807909 |                       25.7 |          132 |
| 2807909017 | 2807909 |                       19.3 |          125 |
| 2807909018 | 2807909 |                       17.4 |          117 |
| 2807909019 | 2807909 |                         18 |          156 |
| 2807909020 | 2807909 |                       16.4 |          106 |
| 2807909021 | 2807909 |                         17 |           90 |
| 2807909022 | 2807909 |                         22 |          155 |
| 2807909023 | 2807909 |                       22.9 |          244 |
| 2807909024 | 2807909 |                       18.5 |           50 |
| 2807909025 | 2807909 |                       15.6 |          116 |
| 2807909026 | 2807909 |                       26.4 |          171 |
| 2807909028 | 2807909 |                       20.4 |          187 |
| 2807909029 | 2807909 |                       21.7 |           57 |
| 2807909030 | 2807909 |                       19.2 |           96 |
| 2807909031 | 2807909 |                       28.9 |           63 |
| 2807909033 | 2807909 |                         17 |           88 |
| 2807909034 | 2807909 |                       15.1 |          190 |
| 2807909035 | 2807909 |                       21.7 |           66 |
| 2807909036 | 2807909 |                       28.1 |          151 |
| 2807909037 | 2807909 |                       17.1 |          388 |
| 2807909038 | 2807909 |                       19.2 |           66 |
| 2807909039 | 2807909 |                       20.8 |          108 |
| 2807909040 | 2807909 |                       21.5 |           97 |
| 2807909041 | 2807909 |                       10.1 |           65 |
| 2807909043 | 2807909 |                       12.1 |           90 |
| 2807909044 | 2807909 |                       18.6 |           59 |
| 2807909045 | 2807909 |                       20.9 |           68 |
| 2807909046 | 2807909 |                         20 |          176 |
| 2807909047 | 2807909 |                       18.6 |           77 |
| 2807909049 | 2807909 |                         24 |           88 |
| 2807909050 | 2807909 |                       26.5 |           81 |
| 2807909051 | 2807909 |                       21.8 |           96 |
| 2807909052 | 2807909 |                       23.4 |          152 |
| 2807909053 | 2807909 |                       18.8 |           94 |
| 2807909054 | 2807909 |                       26.8 |          144 |
| 2807909055 | 2807909 |                       22.1 |           98 |
| 2807909056 | 2807909 |                       19.3 |          139 |
| 2807909057 | 2807909 |                       26.1 |           82 |
| 2807909058 | 2807909 |                       27.5 |          109 |
| 2807909060 | 2807909 |                       25.6 |          169 |
| 2807909061 | 2807909 |                       30.6 |           95 |
| 2807909063 | 2807909 |                       18.9 |          100 |
| 2807909064 | 2807909 |                       28.3 |          128 |
| 2807909065 | 2807909 |                       29.3 |          116 |
| 2807909066 | 2807909 |                       27.2 |           74 |
| 2807909067 | 2807909 |                       29.8 |           97 |
| 2807909068 | 2807909 |                       26.3 |          111 |
| 2807909069 | 2807909 |                       24.7 |           75 |
| 2807909070 | 2807909 |                       21.6 |          102 |
| 2807909071 | 2807909 |                       27.2 |          113 |
| 2807909072 | 2807909 |                       22.4 |           87 |
| 2807909073 | 2807909 |                       30.5 |          107 |
| 2807909074 | 2807909 |                       23.5 |          167 |
| 2807909075 | 2807909 |                         11 |          163 |
| 2807909076 | 2807909 |                       26.9 |          122 |
| 2807909077 | 2807909 |                       22.2 |          103 |
| 2807909078 | 2807909 |                       34.1 |           13 |
| 2807909079 | 2807909 |                       17.1 |           14 |
| 2807909080 | 2807909 |                       18.3 |          114 |
| 2807909081 | 2807909 |                       17.1 |           53 |
| 2807909082 | 2807909 |                       24.1 |           65 |
| 2807909083 | 2807909 |                       17.2 |          307 |
| 2807909084 | 2807909 |                         23 |          118 |
| 2807909085 | 2807909 |                       14.6 |           41 |
| 2807909086 | 2807909 |                       27.5 |          108 |
| 2807909087 | 2807909 |                       18.2 |           10 |
| 2807909088 | 2807909 |                       22.9 |          284 |
| 2807909090 | 2807909 |                         20 |          208 |
| 2807909091 | 2807909 |                       16.1 |          214 |
| 2807909092 | 2807909 |                         18 |           32 |
| 2807910001 | 2807910 |                       25.6 |           45 |
| 2807910002 | 2807910 |                         31 |           11 |
| 2807910003 | 2807910 |                       31.3 |           12 |
| 2807910004 | 2807910 |                       29.9 |           48 |
| 2807910005 | 2807910 |                       25.3 |           49 |
| 2807910006 | 2807910 |                       22.7 |          181 |
| 2807910007 | 2807910 |                       25.2 |          141 |
| 2807910008 | 2807910 |                       22.4 |          102 |
| 2807910009 | 2807910 |                       24.8 |          105 |
| 2807910010 | 2807910 |                       23.1 |           70 |
| 2807910011 | 2807910 |                       26.4 |           60 |
| 2807910012 | 2807910 |                       24.2 |           82 |
| 2807910013 | 2807910 |                       24.7 |           51 |
| 2807910014 | 2807910 |                         21 |           28 |
| 2807910015 | 2807910 |                       29.7 |          125 |
| 2807910016 | 2807910 |                       22.4 |          121 |
| 2807910017 | 2807910 |                       13.7 |           45 |
| 2807910018 | 2807910 |                       25.7 |           97 |
| 2807910020 | 2807910 |                       30.1 |           73 |
| 2807910021 | 2807910 |                       24.8 |          148 |
| 2807910022 | 2807910 |                         27 |          106 |
| 2807910023 | 2807910 |                       27.4 |          121 |
| 2807910024 | 2807910 |                       25.4 |          151 |
| 2807910025 | 2807910 |                         25 |          144 |
| 2807910026 | 2807910 |                       24.1 |          108 |
| 2807910027 | 2807910 |                       26.5 |          153 |
| 2807910028 | 2807910 |                         26 |          158 |
| 2807910029 | 2807910 |                       26.4 |          152 |
| 2807910030 | 2807910 |                       25.6 |          170 |
| 2807910031 | 2807910 |                       25.2 |           79 |
| 2807910032 | 2807910 |                       25.9 |          147 |
| 2807910033 | 2807910 |                       26.3 |          131 |
| 2807910035 | 2807910 |                       26.1 |           56 |
| 2807910036 | 2807910 |                       23.3 |          152 |
| 2807910037 | 2807910 |                         26 |          175 |
| 2807910038 | 2807910 |                         26 |           81 |
| 2807910039 | 2807910 |                       24.5 |          107 |
| 2807910040 | 2807910 |                       27.5 |           53 |
| 2807910041 | 2807910 |                       28.3 |          130 |
| 2807910042 | 2807910 |                         24 |          103 |
| 2807910043 | 2807910 |                       25.9 |          129 |
| 2807910044 | 2807910 |                       24.5 |           88 |
| 2807910046 | 2807910 |                       27.8 |          114 |
| 2807910047 | 2807910 |                       27.9 |           81 |
| 2807910048 | 2807910 |                         27 |          125 |
| 2807910049 | 2807910 |                       28.2 |          100 |
| 2807910050 | 2807910 |                       28.4 |          133 |
| 2807910051 | 2807910 |                       25.2 |           77 |
| 2807910052 | 2807910 |                       26.2 |          102 |
| 2807910053 | 2807910 |                       27.4 |          104 |
| 2807910054 | 2807910 |                       22.1 |          104 |
| 2807910055 | 2807910 |                       20.4 |           94 |
| 2807910056 | 2807910 |                       25.2 |          120 |
| 2807910057 | 2807910 |                       26.8 |          144 |
| 2807910058 | 2807910 |                       25.7 |          124 |
| 2807910059 | 2807910 |                       27.7 |          115 |
| 2807910060 | 2807910 |                       21.6 |           82 |
| 2807910061 | 2807910 |                       24.9 |          129 |
| 2807910062 | 2807910 |                       31.3 |           30 |
| 2807910063 | 2807910 |                       27.3 |           89 |
| 2807910065 | 2807910 |                       24.7 |           51 |
| 2807910067 | 2807910 |                       25.5 |           64 |
| 2807910068 | 2807910 |                       26.1 |           64 |
| 2807910069 | 2807910 |                       25.1 |          121 |
| 2807910070 | 2807910 |                       24.5 |           93 |
| 2807910072 | 2807910 |                       24.1 |          129 |
| 2807910073 | 2807910 |                       25.1 |          101 |
| 2807910074 | 2807910 |                       22.8 |           81 |
| 2807910075 | 2807910 |                       25.6 |           98 |
| 2807910076 | 2807910 |                       25.5 |           49 |
| 2807910077 | 2807910 |                       25.9 |           68 |
| 2807910078 | 2807910 |                       22.9 |           80 |
| 2807910081 | 2807910 |                       20.1 |           44 |
| 2807910082 | 2807910 |                         30 |           40 |
| 2807910083 | 2807910 |                       28.5 |           35 |
| 2807910084 | 2807910 |                       27.3 |          210 |
| 2807910086 | 2807910 |                       28.1 |          143 |
| 2807910087 | 2807910 |                       19.7 |           19 |
| 2807910088 | 2807910 |                       24.6 |           89 |
| 2807910089 | 2807910 |                       26.8 |           76 |
| 2807910090 | 2807910 |                       21.7 |           24 |
| 2807910091 | 2807910 |                         19 |           30 |
| 2807910092 | 2807910 |                       22.7 |           48 |
| 2807910093 | 2807910 |                       26.7 |           74 |
| 2807910094 | 2807910 |                       29.4 |          144 |
| 2807910095 | 2807910 |                       26.1 |          141 |
| 2807910096 | 2807910 |                       28.3 |          179 |
| 2807910098 | 2807910 |                       24.5 |          104 |
| 2807910099 | 2807910 |                       22.2 |           80 |
| 2807910100 | 2807910 |                       25.5 |           84 |
| 2807910101 | 2807910 |                       23.5 |           83 |
| 2807910102 | 2807910 |                       23.4 |           28 |
| 2807910103 | 2807910 |                       25.6 |           86 |
| 2807910106 | 2807910 |                       21.5 |           46 |
| 2807910107 | 2807910 |                       21.8 |           45 |
| 2807910108 | 2807910 |                       23.6 |           28 |
| 2807910109 | 2807910 |                       22.9 |           64 |
| 2807910110 | 2807910 |                       25.7 |           79 |
| 2807910112 | 2807910 |                       26.5 |          136 |
| 2807910113 | 2807910 |                       26.3 |           97 |
| 2807910114 | 2807910 |                       27.5 |          124 |
| 2807910115 | 2807910 |                       26.5 |          126 |
| 2807910116 | 2807910 |                       23.1 |           83 |
| 2807910117 | 2807910 |                       21.5 |           44 |
| 2807910118 | 2807910 |                       22.1 |           75 |
| 2807910119 | 2807910 |                       19.4 |           42 |
| 2807910120 | 2807910 |                       22.9 |           86 |
| 2807910121 | 2807910 |                         27 |          101 |
| 2807910122 | 2807910 |                       24.1 |           48 |
| 2807910123 | 2807910 |                       25.2 |           59 |
| 2807910124 | 2807910 |                       26.9 |          148 |
| 2807910125 | 2807910 |                       25.5 |           67 |
| 2807910126 | 2807910 |                       24.7 |          131 |
| 2807910127 | 2807910 |                       26.7 |          107 |
| 2807910128 | 2807910 |                       24.6 |          107 |
| 2807910129 | 2807910 |                       23.4 |           23 |
| 2807910130 | 2807910 |                       23.1 |          104 |
| 2807910131 | 2807910 |                       20.2 |           95 |
| 2807910132 | 2807910 |                       21.9 |           77 |
| 2807910133 | 2807910 |                         20 |          164 |
| 2807910135 | 2807910 |                       25.3 |           55 |
| 2807910136 | 2807910 |                       23.5 |          104 |
| 2807910137 | 2807910 |                       28.4 |          130 |
| 2807910138 | 2807910 |                       22.5 |           37 |
| 2807910139 | 2807910 |                       25.1 |           87 |
| 2807910140 | 2807910 |                       25.1 |           57 |
| 2807910142 | 2807910 |                       24.6 |          151 |
| 2807910143 | 2807910 |                       23.1 |          102 |
| 2807910144 | 2807910 |                       27.9 |          167 |
| 2807910145 | 2807910 |                       25.9 |          151 |
| 2807910146 | 2807910 |                       26.1 |          136 |
| 2807910147 | 2807910 |                       27.2 |          163 |
| 2807910148 | 2807910 |                       28.9 |          163 |
| 2807910149 | 2807910 |                       26.5 |          127 |
| 2807910151 | 2807910 |                       23.2 |          163 |
| 2807910152 | 2807910 |                       20.2 |           52 |
| 2807910153 | 2807910 |                       21.8 |          306 |
| 2807910154 | 2807910 |                       26.6 |           80 |
| 2807910156 | 2807910 |                       21.9 |           87 |
| 2807910161 | 2807910 |                       24.3 |          154 |
| 2807910162 | 2807910 |                       26.3 |          128 |
| 2807910163 | 2807910 |                       24.6 |           64 |
| 2807910164 | 2807910 |                       26.7 |          184 |
| 2807910165 | 2807910 |                       19.9 |           56 |
| 2807910167 | 2807910 |                       20.7 |          153 |
| 2807910168 | 2807910 |                       25.4 |          114 |
| 2807910169 | 2807910 |                       25.8 |           70 |
| 2807910170 | 2807910 |                       21.2 |           73 |
| 2807910171 | 2807910 |                         23 |           60 |
| 2807910172 | 2807910 |                       20.2 |           45 |
| 2807910173 | 2807910 |                       21.9 |           89 |
| 2807910174 | 2807910 |                       22.6 |           38 |
| 2807910175 | 2807910 |                       21.9 |           40 |
| 2807910176 | 2807910 |                         23 |           91 |
| 2807910178 | 2807910 |                       22.8 |           62 |
| 2807910179 | 2807910 |                       25.7 |           80 |
| 2807910180 | 2807910 |                       22.7 |           66 |
| 2807910181 | 2807910 |                       26.3 |           73 |
| 2807910182 | 2807910 |                       27.3 |          123 |
| 2807910183 | 2807910 |                       22.7 |           56 |
| 2807910184 | 2807910 |                       23.7 |           43 |
| 2807910185 | 2807910 |                       22.9 |           45 |
| 2807910187 | 2807910 |                       22.9 |           72 |
| 2807910188 | 2807910 |                       25.2 |           64 |
| 2807910189 | 2807910 |                       24.6 |           95 |
| 2807910190 | 2807910 |                       25.2 |           78 |
| 2807910191 | 2807910 |                       24.7 |           86 |
| 2807910192 | 2807910 |                       23.1 |           72 |
| 2807910193 | 2807910 |                       27.1 |           32 |
| 2807910194 | 2807910 |                         22 |           42 |
| 2807910197 | 2807910 |                         18 |           80 |
| 2807910198 | 2807910 |                       22.8 |          143 |
| 2807910199 | 2807910 |                       23.9 |           79 |
| 2807910201 | 2807910 |                       23.3 |           59 |
| 2807910202 | 2807910 |                       21.7 |           29 |
| 2807910203 | 2807910 |                       25.7 |           88 |
| 2807910204 | 2807910 |                       25.9 |           68 |
| 2807910205 | 2807910 |                       18.6 |           36 |
| 2807910206 | 2807910 |                         24 |          104 |
| 2807910207 | 2807910 |                         21 |           47 |
| 2807910209 | 2807910 |                       21.1 |           90 |
| 2807910210 | 2807910 |                       24.4 |           29 |
| 2807910211 | 2807910 |                       22.4 |           89 |
| 2807910212 | 2807910 |                       17.5 |           49 |
| 2807910213 | 2807910 |                       19.3 |          113 |
| 2807910214 | 2807910 |                       20.3 |          100 |
| 2807910215 | 2807910 |                       19.3 |           73 |
| 2807910216 | 2807910 |                       19.4 |          150 |
| 2807910217 | 2807910 |                         25 |           73 |
| 2807910218 | 2807910 |                       19.9 |           76 |
| 2807910219 | 2807910 |                       20.8 |           92 |
| 2807910220 | 2807910 |                       32.6 |           62 |
| 2807910221 | 2807910 |                       18.6 |          115 |
| 2807911001 | 2807911 |                       23.9 |          142 |
| 2807911002 | 2807911 |                       25.5 |          125 |
| 2807911003 | 2807911 |                       25.6 |          133 |
| 2807911004 | 2807911 |                       25.8 |          122 |
| 2807911005 | 2807911 |                       24.9 |           70 |
| 2807911006 | 2807911 |                       25.6 |          124 |
| 2807911007 | 2807911 |                       25.5 |          221 |
| 2807911010 | 2807911 |                       23.8 |           81 |
| 2807911011 | 2807911 |                       22.1 |           58 |
| 2807911012 | 2807911 |                       24.3 |          286 |
| 2807911013 | 2807911 |                       27.2 |          162 |
| 2807911015 | 2807911 |                       24.9 |          133 |
| 2807911016 | 2807911 |                       26.9 |          114 |
| 2807911017 | 2807911 |                       28.3 |           97 |
| 2807911018 | 2807911 |                       25.9 |           34 |
| 2807911019 | 2807911 |                       22.3 |           52 |
| 2807911021 | 2807911 |                       27.5 |           82 |
| 2807911022 | 2807911 |                       24.3 |          115 |
| 2807911023 | 2807911 |                       26.6 |          136 |
| 2807911024 | 2807911 |                       24.9 |          122 |
| 2807911025 | 2807911 |                       24.5 |           90 |
| 2807911026 | 2807911 |                         25 |          227 |
| 2807911028 | 2807911 |                       22.6 |           41 |
| 2807911029 | 2807911 |                       27.6 |           42 |
| 2807911030 | 2807911 |                       27.8 |           47 |
| 2807911031 | 2807911 |                       23.9 |           29 |
| 2807911032 | 2807911 |                       25.2 |          141 |
| 2807911033 | 2807911 |                       25.9 |          145 |
| 2807911034 | 2807911 |                       24.4 |          116 |
| 2807911035 | 2807911 |                         23 |           80 |
| 2807911036 | 2807911 |                       24.6 |          144 |
| 2807911037 | 2807911 |                       26.1 |          157 |
| 2807911038 | 2807911 |                       26.5 |          122 |
| 2807911039 | 2807911 |                         23 |          213 |
| 2807911040 | 2807911 |                       28.9 |           87 |
| 2807911041 | 2807911 |                       28.7 |          193 |
| 2807911042 | 2807911 |                       25.9 |          142 |
| 2807911043 | 2807911 |                       23.4 |           72 |
| 2807911044 | 2807911 |                       19.9 |          120 |
| 2807911045 | 2807911 |                       24.3 |           47 |
| 2807911046 | 2807911 |                       28.1 |           98 |
| 2807911047 | 2807911 |                       26.1 |          143 |
| 2807911048 | 2807911 |                       27.8 |           65 |
| 2807911049 | 2807911 |                       23.9 |          191 |
| 2807911050 | 2807911 |                       24.2 |           84 |
| 2807911051 | 2807911 |                       25.3 |           95 |
| 2807911054 | 2807911 |                       29.9 |           15 |
| 2807911055 | 2807911 |                       27.1 |          134 |
| 2807911056 | 2807911 |                       26.3 |          125 |
| 2807911057 | 2807911 |                       25.5 |          115 |
| 2807911058 | 2807911 |                       24.7 |           62 |
| 2807911059 | 2807911 |                       26.3 |          136 |
| 2807911060 | 2807911 |                       22.4 |           11 |
| 2807911061 | 2807911 |                       26.9 |          127 |
| 2807911062 | 2807911 |                       26.7 |          201 |
| 2807911063 | 2807911 |                         26 |          185 |
| 2807911065 | 2807911 |                       21.6 |          115 |
| 2807911067 | 2807911 |                       22.1 |          197 |
| 2807911068 | 2807911 |                       25.7 |          109 |
| 2807911069 | 2807911 |                       25.1 |          187 |
| 2807911070 | 2807911 |                       23.6 |          177 |
| 2807911071 | 2807911 |                       26.8 |          130 |
| 2807911072 | 2807911 |                       27.1 |          147 |
| 2807911073 | 2807911 |                       27.1 |          124 |
| 2807911074 | 2807911 |                       27.4 |           96 |
| 2807911075 | 2807911 |                       24.7 |           53 |
| 2807911078 | 2807911 |                       25.4 |          144 |
| 2807911079 | 2807911 |                       26.6 |           97 |
| 2807911080 | 2807911 |                       26.4 |          176 |
| 2807911081 | 2807911 |                         26 |          186 |
| 2807911082 | 2807911 |                         26 |           97 |
| 2807911083 | 2807911 |                       28.4 |          114 |
| 2807911085 | 2807911 |                       25.5 |          240 |
| 2807911086 | 2807911 |                       27.8 |          100 |
| 2807911087 | 2807911 |                       26.7 |          166 |
| 2807911088 | 2807911 |                       25.3 |          156 |
| 2807911089 | 2807911 |                       26.8 |          225 |
| 2807911091 | 2807911 |                       27.8 |          136 |
| 2807911092 | 2807911 |                         24 |          131 |
| 2807911093 | 2807911 |                       20.6 |           72 |
| 2807911094 | 2807911 |                       22.3 |           31 |
| 2807911095 | 2807911 |                         20 |           40 |
| 2807911096 | 2807911 |                       22.5 |           38 |
| 2807911097 | 2807911 |                       22.6 |           85 |
| 2807911098 | 2807911 |                       22.8 |           78 |
| 2807911099 | 2807911 |                       22.6 |           46 |
| 2807911100 | 2807911 |                       22.5 |          111 |
| 2807911101 | 2807911 |                       23.1 |          100 |
| 2807911102 | 2807911 |                       26.4 |          107 |
| 2807911103 | 2807911 |                       25.6 |          153 |
| 2807911104 | 2807911 |                       24.5 |          100 |
| 2807911105 | 2807911 |                       25.8 |           79 |
| 2807911106 | 2807911 |                       24.1 |           79 |
| 2807911107 | 2807911 |                       23.5 |           93 |
| 2807911108 | 2807911 |                       25.3 |           93 |
| 2807911109 | 2807911 |                       27.7 |          123 |
| 2807911110 | 2807911 |                         25 |           67 |
| 2807911111 | 2807911 |                       27.5 |           68 |
| 2807911112 | 2807911 |                       24.2 |          127 |
| 2807911113 | 2807911 |                         26 |          168 |
| 2807911114 | 2807911 |                       24.8 |          139 |
| 2807911115 | 2807911 |                       24.7 |          190 |
| 2807911116 | 2807911 |                       26.3 |          102 |
| 2807911117 | 2807911 |                       27.3 |          158 |
| 2807911118 | 2807911 |                         26 |          100 |
| 2807911119 | 2807911 |                         26 |          131 |
| 2807911120 | 2807911 |                       25.9 |          112 |
| 2807911121 | 2807911 |                       27.3 |          137 |
| 2807911122 | 2807911 |                       27.4 |           89 |
| 2807911123 | 2807911 |                       24.7 |           34 |
| 2807911124 | 2807911 |                       23.5 |          108 |
| 2807911125 | 2807911 |                       22.1 |          134 |
| 2807911126 | 2807911 |                       17.1 |          199 |
| 2807911128 | 2807911 |                       27.7 |           24 |
| 2807911129 | 2807911 |                       36.2 |           16 |
| 2807911130 | 2807911 |                       27.4 |          121 |
| 2807911131 | 2807911 |                         27 |           84 |
| 2807911132 | 2807911 |                       29.1 |           94 |
| 2807911133 | 2807911 |                       23.9 |           60 |
| 2807911134 | 2807911 |                         26 |           65 |
| 2807911135 | 2807911 |                       23.5 |           62 |
| 2807911136 | 2807911 |                       24.8 |          110 |
| 2807911137 | 2807911 |                       18.5 |          130 |
| 2807911138 | 2807911 |                       23.4 |           98 |
| 2807911139 | 2807911 |                       25.3 |          107 |
| 2807911140 | 2807911 |                       24.4 |          139 |
| 2807911141 | 2807911 |                       23.9 |          110 |
| 2807911142 | 2807911 |                         22 |           48 |
| 2807911143 | 2807911 |                       27.4 |          103 |
| 2807911145 | 2807911 |                       25.7 |           70 |
| 2807911146 | 2807911 |                       25.9 |           86 |
| 2807911147 | 2807911 |                       21.6 |           77 |
| 2807911148 | 2807911 |                       23.2 |          133 |
| 2807911149 | 2807911 |                       26.7 |           56 |
| 2807911150 | 2807911 |                       21.3 |           94 |
| 2807911151 | 2807911 |                       24.1 |          121 |
| 2807911152 | 2807911 |                       22.5 |          163 |
| 2807911153 | 2807911 |                       24.7 |          133 |
| 2807911154 | 2807911 |                       25.8 |          129 |
| 2807911155 | 2807911 |                       21.4 |          150 |
| 2807911156 | 2807911 |                       21.7 |          209 |
| 2807911157 | 2807911 |                       27.7 |           29 |
| 2807911158 | 2807911 |                       28.7 |           46 |
| 2807911160 | 2807911 |                       26.8 |           56 |
| 2807911161 | 2807911 |                         27 |          104 |
| 2807911162 | 2807911 |                       27.5 |           61 |
| 2807911163 | 2807911 |                       24.7 |           87 |
| 2807911165 | 2807911 |                       24.3 |          108 |
| 2807911167 | 2807911 |                       23.9 |           97 |
| 2807911168 | 2807911 |                       25.8 |           66 |
| 2807911169 | 2807911 |                       24.1 |          201 |
| 2807911170 | 2807911 |                       26.3 |           85 |
| 2807911171 | 2807911 |                       26.6 |           70 |
| 2807911173 | 2807911 |                       27.3 |          121 |
| 2807911174 | 2807911 |                       22.5 |           62 |
| 2807911175 | 2807911 |                         26 |          148 |
| 2807911176 | 2807911 |                       25.6 |           78 |
| 2807911177 | 2807911 |                       25.7 |          189 |
| 2807911178 | 2807911 |                       26.7 |           88 |
| 2807911179 | 2807911 |                       22.6 |           59 |
| 2807911180 | 2807911 |                       29.7 |           18 |
| 2807911181 | 2807911 |                       25.9 |           94 |
| 2807911182 | 2807911 |                         20 |          172 |
| 2807911183 | 2807911 |                       20.4 |          177 |
| 2807911184 | 2807911 |                       17.9 |           85 |
| 2807911185 | 2807911 |                       17.7 |           73 |
| 2807911186 | 2807911 |                         28 |           44 |
| 2807911187 | 2807911 |                       22.3 |          163 |
| 2807911188 | 2807911 |                       18.5 |          105 |
| 2807911189 | 2807911 |                       23.9 |           60 |
| 2807911190 | 2807911 |                       22.1 |           57 |
| 2807911191 | 2807911 |                       25.1 |          107 |
| 2807911192 | 2807911 |                         22 |           83 |
| 2807911193 | 2807911 |                         23 |           98 |
| 2807911194 | 2807911 |                       17.7 |           76 |
| 2807911195 | 2807911 |                       25.2 |          213 |
| 2807911196 | 2807911 |                       19.1 |           45 |
| 2807911197 | 2807911 |                       18.2 |          244 |
| 2807911198 | 2807911 |                       16.7 |          203 |
| 2807912002 | 2807912 |                       27.1 |           27 |
| 2807912003 | 2807912 |                       25.5 |           29 |
| 2807912005 | 2807912 |                       28.3 |           17 |
| 2807912006 | 2807912 |                       27.1 |           15 |
| 2807912007 | 2807912 |                       26.7 |           26 |
| 2807912008 | 2807912 |                       25.2 |           22 |
| 2807912009 | 2807912 |                       30.1 |           18 |
| 2807912010 | 2807912 |                       26.2 |           21 |
| 2807912011 | 2807912 |                       29.8 |           18 |
| 2807912012 | 2807912 |                       27.2 |           15 |
| 2807912013 | 2807912 |                       29.9 |           20 |
| 2807912014 | 2807912 |                       25.8 |           18 |
| 2807912015 | 2807912 |                         29 |           23 |
| 2807912016 | 2807912 |                       22.1 |           54 |
| 2807912018 | 2807912 |                       28.7 |           25 |
| 2807912019 | 2807912 |                       29.9 |           15 |
| 2807912020 | 2807912 |                       31.3 |           20 |
| 2807912022 | 2807912 |                       29.3 |           68 |
| 2807912023 | 2807912 |                       29.5 |           29 |
| 2807912024 | 2807912 |                       22.9 |          117 |
| 2807912027 | 2807912 |                       22.3 |          132 |
| 2807912028 | 2807912 |                       28.5 |           87 |
| 2807912029 | 2807912 |                       24.9 |          138 |
| 2807912030 | 2807912 |                       25.8 |           57 |
| 2807912031 | 2807912 |                         25 |           62 |
| 2807912032 | 2807912 |                         24 |          155 |
| 2807912033 | 2807912 |                       25.8 |           64 |
| 2807912034 | 2807912 |                       26.5 |           63 |
| 2807912037 | 2807912 |                         30 |           20 |
| 2807912039 | 2807912 |                       27.6 |           67 |
| 2807912041 | 2807912 |                         26 |          110 |
| 2807912042 | 2807912 |                       26.8 |           87 |
| 2807912043 | 2807912 |                       25.4 |           56 |
| 2807912044 | 2807912 |                       25.7 |          105 |
| 2807912045 | 2807912 |                       25.4 |          200 |
| 2807912046 | 2807912 |                       24.8 |          154 |
| 2807912047 | 2807912 |                       25.9 |           91 |
| 2807912048 | 2807912 |                         26 |          120 |
| 2807912049 | 2807912 |                       25.1 |           98 |
| 2807912050 | 2807912 |                       27.3 |          159 |
| 2807912051 | 2807912 |                         25 |           80 |
| 2807912052 | 2807912 |                       20.7 |          138 |
| 2807912053 | 2807912 |                       22.8 |          143 |
| 2807912054 | 2807912 |                       28.9 |           95 |
| 2807912055 | 2807912 |                         26 |          130 |
| 2807912056 | 2807912 |                       27.6 |          171 |
| 2807912057 | 2807912 |                       27.3 |          139 |
| 2807912059 | 2807912 |                       22.2 |          113 |
| 2807912061 | 2807912 |                       24.3 |          203 |
| 2807912062 | 2807912 |                       25.2 |          106 |
| 2807912064 | 2807912 |                       24.5 |          100 |
| 2807912065 | 2807912 |                       27.1 |           68 |
| 2807912066 | 2807912 |                       26.4 |          135 |
| 2807912067 | 2807912 |                       27.7 |          182 |
| 2807912069 | 2807912 |                       24.9 |          106 |
| 2807912070 | 2807912 |                       23.8 |           41 |
| 2807912071 | 2807912 |                       27.9 |          151 |
| 2807912073 | 2807912 |                       31.5 |          129 |
| 2807912074 | 2807912 |                       30.8 |           67 |
| 2807912075 | 2807912 |                       30.8 |          156 |
| 2807912077 | 2807912 |                       24.9 |           53 |
| 2807912078 | 2807912 |                         25 |          108 |
| 2807912079 | 2807912 |                       27.4 |           89 |
| 2807912080 | 2807912 |                       25.3 |          140 |
| 2807912081 | 2807912 |                       26.4 |          125 |
| 2807912082 | 2807912 |                       23.5 |           89 |
| 2807912083 | 2807912 |                       24.5 |          101 |
| 2807912084 | 2807912 |                       27.2 |           72 |
| 2807912086 | 2807912 |                       24.9 |           20 |
| 2807912087 | 2807912 |                       30.6 |           51 |
| 2807912088 | 2807912 |                       26.7 |          188 |
| 2807912089 | 2807912 |                       25.9 |           85 |
| 2807912090 | 2807912 |                       27.4 |           92 |
| 2807912091 | 2807912 |                       26.9 |          130 |
| 2807912092 | 2807912 |                       24.9 |          121 |
| 2807912093 | 2807912 |                       24.4 |          157 |
| 2807912094 | 2807912 |                       26.8 |          193 |
| 2807912096 | 2807912 |                       26.6 |          128 |
| 2807912097 | 2807912 |                       27.7 |          105 |
| 2807912098 | 2807912 |                       18.7 |           79 |
| 2807912099 | 2807912 |                       27.4 |           20 |
| 2807912100 | 2807912 |                         30 |           63 |
| 2807912101 | 2807912 |                       22.6 |           80 |
| 2807912102 | 2807912 |                       25.4 |          113 |
| 2807912103 | 2807912 |                       34.5 |           53 |
| 2807912104 | 2807912 |                       21.9 |          115 |
| 2807912105 | 2807912 |                       22.5 |           76 |
| 2807912106 | 2807912 |                       21.7 |          152 |
| 2807912107 | 2807912 |                       22.3 |          195 |
| 2807912108 | 2807912 |                       24.2 |          325 |
| 2807912109 | 2807912 |                         26 |          144 |
| 2807913002 | 2807913 |                       28.1 |           12 |
| 2807913005 | 2807913 |                       28.6 |           18 |
| 2807913007 | 2807913 |                       25.4 |           10 |
| 2807913008 | 2807913 |                       26.1 |           21 |
| 2807913010 | 2807913 |                         28 |           47 |
| 2807913012 | 2807913 |                       27.5 |           30 |
| 2807913013 | 2807913 |                       27.8 |           40 |
| 2807913014 | 2807913 |                       29.8 |           48 |
| 2807913016 | 2807913 |                       26.8 |           26 |
| 2807913017 | 2807913 |                         24 |           10 |
| 2807913018 | 2807913 |                       24.4 |           17 |
| 2807913021 | 2807913 |                         24 |           10 |
| 2807913022 | 2807913 |                       25.6 |           24 |
| 2807913023 | 2807913 |                       24.9 |           28 |
| 2807913024 | 2807913 |                       24.6 |           42 |
| 2807913026 | 2807913 |                       29.6 |           28 |
| 2807913028 | 2807913 |                       27.8 |           12 |
| 2807913029 | 2807913 |                       29.5 |           40 |
| 2807913030 | 2807913 |                       24.9 |           34 |
| 2807913031 | 2807913 |                       25.7 |           88 |
| 2807913032 | 2807913 |                         24 |          157 |
| 2807913033 | 2807913 |                       23.7 |           91 |
| 2807913034 | 2807913 |                         25 |          115 |
| 2807913035 | 2807913 |                       24.2 |          173 |
| 2807913036 | 2807913 |                       28.2 |           95 |
| 2807913037 | 2807913 |                         27 |          125 |
| 2807913038 | 2807913 |                       28.2 |           71 |
| 2807913039 | 2807913 |                         27 |           89 |
| 2807913040 | 2807913 |                       28.2 |          142 |
| 2807913041 | 2807913 |                         27 |          185 |
| 2807913042 | 2807913 |                       27.3 |          150 |
| 2807913043 | 2807913 |                       28.1 |          187 |
| 2807913044 | 2807913 |                       26.6 |          200 |
| 2807913045 | 2807913 |                       27.4 |          147 |
| 2807913046 | 2807913 |                       27.9 |          196 |
| 2807913047 | 2807913 |                       26.4 |          114 |
| 2807913048 | 2807913 |                       28.6 |          107 |
| 2807913049 | 2807913 |                         25 |          153 |
| 2807913050 | 2807913 |                       27.2 |          139 |
| 2807913052 | 2807913 |                       25.6 |           92 |
| 2807913053 | 2807913 |                       26.7 |          110 |
| 2807913054 | 2807913 |                       26.9 |          159 |
| 2807913055 | 2807913 |                       26.6 |           94 |
| 2807913056 | 2807913 |                       25.5 |          113 |
| 2807913057 | 2807913 |                       27.8 |          141 |
| 2807913058 | 2807913 |                       28.8 |           95 |
| 2807913059 | 2807913 |                       31.1 |           78 |
| 2807913060 | 2807913 |                       26.8 |           86 |
| 2807913061 | 2807913 |                       28.5 |           75 |
| 2807913062 | 2807913 |                       27.2 |           89 |
| 2807913063 | 2807913 |                       27.1 |           73 |
| 2807913065 | 2807913 |                       28.1 |          172 |
| 2807913066 | 2807913 |                         27 |           82 |
| 2807913069 | 2807913 |                       28.9 |           66 |
| 2807913074 | 2807913 |                       21.2 |           98 |
| 2807913077 | 2807913 |                       22.2 |           70 |
| 2807913078 | 2807913 |                       20.3 |          109 |
| 2807913079 | 2807913 |                       26.7 |          151 |
| 2807913080 | 2807913 |                       27.6 |          137 |
| 2807913083 | 2807913 |                         27 |          149 |
| 2807913084 | 2807913 |                       25.9 |           92 |
| 2807913086 | 2807913 |                       27.7 |          150 |
| 2807913087 | 2807913 |                       18.6 |           51 |
| 2807913088 | 2807913 |                       24.8 |          104 |
| 2807913089 | 2807913 |                       27.1 |           73 |
| 2807913090 | 2807913 |                       28.1 |           69 |
| 2807913091 | 2807913 |                       25.1 |           92 |
| 2807913092 | 2807913 |                       22.4 |          120 |
| 2807913094 | 2807913 |                       23.9 |          109 |
| 2807913103 | 2807913 |                       28.5 |           23 |
| 2807913104 | 2807913 |                         25 |          102 |
| 2807913108 | 2807913 |                       22.4 |          109 |
| 2807913109 | 2807913 |                       19.9 |           95 |
| 2807913110 | 2807913 |                       26.8 |           68 |
| 2807913111 | 2807913 |                       27.6 |           12 |
| 2807913112 | 2807913 |                       25.2 |           45 |
| 2807913115 | 2807913 |                       26.5 |           98 |
| 2807913116 | 2807913 |                         28 |           13 |
| 2807913117 | 2807913 |                       28.1 |           35 |
| 2807913118 | 2807913 |                       30.7 |           12 |
| 2807913119 | 2807913 |                       24.4 |          127 |
| 2807913120 | 2807913 |                       27.8 |           17 |
| 2807913121 | 2807913 |                       25.8 |           16 |
| 2807913122 | 2807913 |                       26.4 |           45 |
| 2807913123 | 2807913 |                       25.5 |           39 |
| 2807913124 | 2807913 |                       25.2 |           89 |
| 2807913125 | 2807913 |                       31.5 |           86 |
| 2807913127 | 2807913 |                       19.2 |          256 |
| 2807913128 | 2807913 |                       21.6 |           49 |
| 2807913129 | 2807913 |                       25.5 |           20 |
| 2807913131 | 2807913 |                       26.7 |           12 |
| 2807913132 | 2807913 |                       27.6 |           23 |
| 2807913133 | 2807913 |                       28.2 |           17 |
| 2807913134 | 2807913 |                       28.7 |           26 |
| 2807913135 | 2807913 |                       24.7 |           16 |
| 2807913136 | 2807913 |                       27.6 |           22 |
| 2807913137 | 2807913 |                       19.8 |           97 |
| 2807913138 | 2807913 |                       29.6 |           40 |
| 2807913139 | 2807913 |                       27.5 |           94 |
| 2807913140 | 2807913 |                       22.1 |           89 |
| 2807913142 | 2807913 |                       26.1 |           97 |
| 2807913143 | 2807913 |                         26 |           51 |
| 2807913144 | 2807913 |                       29.2 |           99 |
| 2807913145 | 2807913 |                       30.2 |          102 |
| 2807913146 | 2807913 |                         26 |           87 |
| 2807913147 | 2807913 |                       24.2 |          105 |
| 2807913148 | 2807913 |                       27.9 |          130 |
| 2807913150 | 2807913 |                         28 |           71 |
| 2807913153 | 2807913 |                       27.2 |           51 |
| 2807913154 | 2807913 |                       27.1 |           75 |
| 2807913155 | 2807913 |                       26.3 |          139 |
| 2807913156 | 2807913 |                       27.2 |           53 |
| 2807913157 | 2807913 |                       25.4 |          113 |
| 2807913158 | 2807913 |                       23.8 |          118 |
| 2807913160 | 2807913 |                       27.5 |           43 |
| 2807913161 | 2807913 |                       26.5 |           32 |
| 2807913162 | 2807913 |                       28.8 |           13 |
| 2807913163 | 2807913 |                       26.4 |           50 |
| 2807913164 | 2807913 |                       26.6 |           52 |
| 2807913166 | 2807913 |                       23.9 |          145 |
| 2807913168 | 2807913 |                       24.6 |          225 |
| 2807913169 | 2807913 |                       28.3 |          110 |
| 2807913170 | 2807913 |                       26.7 |           92 |
| 2807913171 | 2807913 |                       26.2 |           86 |
| 2807913172 | 2807913 |                       26.9 |          106 |
| 2807913173 | 2807913 |                       28.7 |          109 |
| 2807913174 | 2807913 |                       27.9 |          127 |
| 2807913175 | 2807913 |                       26.6 |          147 |
| 2807913176 | 2807913 |                       27.3 |           94 |
| 2807913177 | 2807913 |                       29.5 |           91 |
| 2807913178 | 2807913 |                       28.5 |           16 |
| 2807913179 | 2807913 |                       28.3 |           11 |
| 2807913180 | 2807913 |                       26.9 |           11 |
| 2807913181 | 2807913 |                       30.9 |           26 |
| 2807913182 | 2807913 |                       23.1 |           60 |
| 2807913183 | 2807913 |                       20.1 |           96 |
| 2807913184 | 2807913 |                       23.5 |          106 |
| 2807913185 | 2807913 |                       28.1 |          161 |
| 2807913186 | 2807913 |                       26.8 |          165 |
| 2807913187 | 2807913 |                       29.8 |          113 |
| 2807913189 | 2807913 |                       28.5 |          113 |
| 2807913190 | 2807913 |                       26.6 |          190 |
| 2807913191 | 2807913 |                       25.3 |          182 |
| 2807913192 | 2807913 |                         26 |          110 |
| 2807913193 | 2807913 |                         25 |          141 |
| 2807913194 | 2807913 |                       27.6 |          156 |
| 2807913195 | 2807913 |                       25.1 |          108 |
| 2807913196 | 2807913 |                       24.8 |          141 |
| 2807913197 | 2807913 |                       27.9 |          161 |
| 2807913198 | 2807913 |                       27.8 |           37 |
| 2807913199 | 2807913 |                       21.5 |           66 |
| 2807913200 | 2807913 |                       30.5 |           23 |
| 2807913201 | 2807913 |                       30.1 |           14 |
| 2807913202 | 2807913 |                       25.1 |           96 |
| 2807913203 | 2807913 |                       20.1 |           66 |
| 2807913204 | 2807913 |                       20.6 |           58 |
| 2807913205 | 2807913 |                       21.7 |           43 |
| 2807913206 | 2807913 |                       24.8 |          165 |
| 2807913207 | 2807913 |                       18.8 |          122 |
| 2807913208 | 2807913 |                       20.5 |           70 |
| 2807913209 | 2807913 |                       20.8 |           65 |
| 2807913210 | 2807913 |                       25.5 |           60 |
| 2807913211 | 2807913 |                       23.5 |           40 |
| 2807913212 | 2807913 |                       21.5 |           57 |
| 2807913213 | 2807913 |                       23.2 |           56 |
| 2807913214 | 2807913 |                       29.8 |           11 |
| 2807913215 | 2807913 |                         28 |           96 |
| 2807913216 | 2807913 |                       20.7 |          268 |
| 2807913217 | 2807913 |                       29.1 |          108 |
| 2807914002 | 2807914 |                       25.9 |           93 |
| 2807914003 | 2807914 |                       25.9 |           88 |
| 2807914004 | 2807914 |                       24.1 |           56 |
| 2807914005 | 2807914 |                       25.7 |           40 |
| 2807914006 | 2807914 |                       25.2 |           22 |
| 2807914010 | 2807914 |                       19.4 |           61 |
| 2807914012 | 2807914 |                       26.1 |          118 |
| 2807914013 | 2807914 |                       20.1 |           33 |
| 2807914014 | 2807914 |                       23.2 |           18 |
| 2807914015 | 2807914 |                       24.7 |           24 |
| 2807914016 | 2807914 |                       24.4 |           35 |
| 2807914017 | 2807914 |                       24.4 |           35 |
| 2807914018 | 2807914 |                         25 |           55 |
| 2807914020 | 2807914 |                       21.6 |           32 |
| 2807914021 | 2807914 |                       24.7 |           46 |
| 2807914022 | 2807914 |                       23.3 |           36 |
| 2807914024 | 2807914 |                       26.7 |           62 |
| 2807914025 | 2807914 |                       23.9 |           98 |
| 2807914026 | 2807914 |                       27.6 |           95 |
| 2807914027 | 2807914 |                       25.7 |          116 |
| 2807914028 | 2807914 |                       28.9 |          156 |
| 2807914029 | 2807914 |                       25.4 |          105 |
| 2807914030 | 2807914 |                       21.9 |           95 |
| 2807914031 | 2807914 |                       23.9 |           45 |
| 2807914032 | 2807914 |                       23.2 |           38 |
| 2807914033 | 2807914 |                         26 |           52 |
| 2807914034 | 2807914 |                       25.6 |           41 |
| 2807914035 | 2807914 |                         28 |           74 |
| 2807914036 | 2807914 |                         25 |           83 |
| 2807914037 | 2807914 |                       26.7 |          140 |
| 2807914038 | 2807914 |                       27.7 |          122 |
| 2807914039 | 2807914 |                       24.2 |          105 |
| 2807914040 | 2807914 |                       21.9 |           75 |
| 2807914041 | 2807914 |                       18.5 |           26 |
| 2807914042 | 2807914 |                       21.3 |           33 |
| 2807914043 | 2807914 |                       21.2 |           35 |
| 2807914044 | 2807914 |                       24.3 |           51 |
| 2807914045 | 2807914 |                       24.8 |           59 |
| 2807914046 | 2807914 |                       25.2 |           84 |
| 2807914047 | 2807914 |                       27.9 |          143 |
| 2807914048 | 2807914 |                         24 |           93 |
| 2807914049 | 2807914 |                       25.9 |           97 |
| 2807914050 | 2807914 |                       27.1 |           87 |
| 2807914051 | 2807914 |                       25.5 |           75 |
| 2807914052 | 2807914 |                       25.4 |           68 |
| 2807914053 | 2807914 |                       25.5 |           60 |
| 2807914054 | 2807914 |                       27.1 |           82 |
| 2807914055 | 2807914 |                       25.1 |           48 |
| 2807914056 | 2807914 |                       25.7 |           56 |
| 2807914057 | 2807914 |                       25.5 |           65 |
| 2807914058 | 2807914 |                       24.2 |           62 |
| 2807914059 | 2807914 |                       24.6 |           82 |
| 2807914060 | 2807914 |                       24.7 |           39 |
| 2807914061 | 2807914 |                       21.4 |           55 |
| 2807914062 | 2807914 |                       26.1 |           41 |
| 2807914063 | 2807914 |                       24.7 |           38 |
| 2807914064 | 2807914 |                       25.8 |           97 |
| 2807914065 | 2807914 |                       24.8 |           66 |
| 2807914067 | 2807914 |                       27.5 |          125 |
| 2807914069 | 2807914 |                       26.9 |           64 |
| 2807914070 | 2807914 |                       28.4 |          100 |
| 2807914071 | 2807914 |                       25.8 |          142 |
| 2807914072 | 2807914 |                       23.6 |           70 |
| 2807914073 | 2807914 |                       22.7 |           85 |
| 2807914075 | 2807914 |                       26.2 |           72 |
| 2807914076 | 2807914 |                       25.1 |           59 |
| 2807914077 | 2807914 |                       24.8 |          127 |
| 2807914079 | 2807914 |                       22.2 |           18 |
| 2807914080 | 2807914 |                       17.9 |           43 |
| 2807914081 | 2807914 |                       19.9 |           21 |
| 2807914082 | 2807914 |                       28.1 |           16 |
| 2807914083 | 2807914 |                       28.5 |           46 |
| 2807914084 | 2807914 |                         19 |           74 |
| 2807914085 | 2807914 |                       16.4 |           56 |
| 2807914086 | 2807914 |                       22.1 |           37 |
| 2807914087 | 2807914 |                       16.8 |           71 |
| 2807914088 | 2807914 |                       21.4 |           33 |
| 2807914089 | 2807914 |                       22.4 |           37 |
| 2807914090 | 2807914 |                       25.8 |           34 |
| 2807914091 | 2807914 |                       19.4 |           48 |
| 2807914092 | 2807914 |                         24 |           41 |
| 2807914093 | 2807914 |                       19.3 |           75 |
| 2807914094 | 2807914 |                       16.5 |           60 |
| 2807914095 | 2807914 |                       17.3 |           29 |
| 2807915001 | 2807915 |                       21.2 |           68 |
| 2807915002 | 2807915 |                       21.5 |          113 |
| 2807915003 | 2807915 |                       25.4 |          150 |
| 2807915005 | 2807915 |                       23.9 |           48 |
| 2807915006 | 2807915 |                       25.3 |           91 |
| 2807915008 | 2807915 |                       26.5 |          142 |
| 2807915009 | 2807915 |                       26.4 |          113 |
| 2807915010 | 2807915 |                         26 |          102 |
| 2807915011 | 2807915 |                         28 |          113 |
| 2807915012 | 2807915 |                       24.3 |           47 |
| 2807915013 | 2807915 |                       25.6 |           56 |
| 2807915014 | 2807915 |                       26.7 |          121 |
| 2807915015 | 2807915 |                       29.2 |           82 |
| 2807915016 | 2807915 |                       28.2 |          129 |
| 2807915017 | 2807915 |                       24.9 |           79 |
| 2807915018 | 2807915 |                       24.1 |           94 |
| 2807915019 | 2807915 |                       27.6 |          112 |
| 2807915020 | 2807915 |                       27.1 |          125 |
| 2807915021 | 2807915 |                       25.5 |           90 |
| 2807915022 | 2807915 |                       25.2 |          113 |
| 2807915023 | 2807915 |                       23.8 |          164 |
| 2807915024 | 2807915 |                       24.1 |           94 |
| 2807915025 | 2807915 |                       22.1 |          128 |
| 2807915026 | 2807915 |                       24.7 |           99 |
| 2807915027 | 2807915 |                       23.9 |           89 |
| 2807915028 | 2807915 |                         24 |           75 |
| 2807915029 | 2807915 |                       26.7 |          130 |
| 2807915030 | 2807915 |                       23.8 |           81 |
| 2807915031 | 2807915 |                       21.9 |           98 |
| 2807915032 | 2807915 |                       23.7 |           82 |
| 2807915033 | 2807915 |                       25.7 |          177 |
| 2807915034 | 2807915 |                       24.6 |           99 |
| 2807915035 | 2807915 |                       24.1 |          115 |
| 2807915036 | 2807915 |                       25.5 |           85 |
| 2807915037 | 2807915 |                       25.8 |          138 |
| 2807915038 | 2807915 |                       24.2 |          201 |
| 2807915039 | 2807915 |                         25 |          241 |
| 2807915040 | 2807915 |                       25.8 |          219 |
| 2807915041 | 2807915 |                       24.3 |          220 |
| 2807915042 | 2807915 |                         23 |          132 |
| 2807915043 | 2807915 |                       22.3 |          143 |
| 2807915044 | 2807915 |                       24.3 |          105 |
| 2807915045 | 2807915 |                       22.9 |          100 |
| 2807915046 | 2807915 |                       22.6 |          124 |
| 2807915047 | 2807915 |                       24.3 |           84 |
| 2807915048 | 2807915 |                       25.2 |          130 |
| 2807915049 | 2807915 |                       25.8 |          152 |
| 2807915050 | 2807915 |                       24.8 |          128 |
| 2807915051 | 2807915 |                       24.8 |          182 |
| 2807915052 | 2807915 |                       24.9 |           65 |
| 2807915053 | 2807915 |                       27.2 |          173 |
| 2807915054 | 2807915 |                         26 |          175 |
| 2807915056 | 2807915 |                         25 |          155 |
| 2807915057 | 2807915 |                       24.2 |          130 |
| 2807915058 | 2807915 |                       24.9 |          143 |
| 2807915059 | 2807915 |                       25.3 |           88 |
| 2807915060 | 2807915 |                       28.2 |          133 |
| 2807915061 | 2807915 |                       25.1 |          105 |
| 2807915062 | 2807915 |                       23.6 |          174 |
| 2807915065 | 2807915 |                       19.9 |           74 |
| 2807915066 | 2807915 |                       25.1 |           30 |
| 2807915067 | 2807915 |                       25.7 |           35 |
| 2807915068 | 2807915 |                       21.3 |           72 |
| 2807915069 | 2807915 |                       20.5 |          102 |
| 2807915070 | 2807915 |                       20.2 |          128 |
| 2807915071 | 2807915 |                       30.5 |          120 |
| 2807915073 | 2807915 |                       26.4 |           62 |
| 2807915074 | 2807915 |                       25.5 |          173 |
| 2807915075 | 2807915 |                       25.5 |          122 |
| 2807915076 | 2807915 |                         28 |           82 |
| 2807915077 | 2807915 |                       23.3 |           91 |
| 2807915078 | 2807915 |                       31.5 |          107 |
| 2807915079 | 2807915 |                       29.1 |           63 |
| 2807915080 | 2807915 |                         31 |           82 |
| 2807915081 | 2807915 |                       27.2 |          165 |
| 2807915082 | 2807915 |                       23.7 |           97 |
| 2807915083 | 2807915 |                       26.2 |          169 |
| 2807915084 | 2807915 |                         25 |          133 |
| 2807915085 | 2807915 |                       24.8 |          135 |
| 2807915086 | 2807915 |                       23.4 |          111 |
| 2807915087 | 2807915 |                       28.6 |          189 |
| 2807915088 | 2807915 |                       29.4 |          109 |
| 2807915089 | 2807915 |                       26.9 |          106 |
| 2807915090 | 2807915 |                       22.6 |          146 |
| 2807915092 | 2807915 |                       19.6 |          173 |
| 2807915093 | 2807915 |                       21.8 |          158 |
| 2807915094 | 2807915 |                         24 |          132 |
| 2807915095 | 2807915 |                       25.5 |          124 |
| 2807915096 | 2807915 |                       24.5 |          121 |
| 2807915097 | 2807915 |                       25.8 |           86 |
| 2807915098 | 2807915 |                       27.2 |          130 |
| 2807915099 | 2807915 |                       23.7 |          181 |
| 2807915100 | 2807915 |                       25.8 |           99 |
| 2807915101 | 2807915 |                       23.7 |          130 |
| 2807915102 | 2807915 |                       24.7 |           79 |
| 2807915103 | 2807915 |                       24.4 |          171 |
| 2807915105 | 2807915 |                       26.5 |          167 |
| 2807915106 | 2807915 |                       23.9 |          141 |
| 2807915108 | 2807915 |                       24.2 |          113 |
| 2807915109 | 2807915 |                       22.5 |          143 |
| 2807915110 | 2807915 |                       26.3 |          129 |
| 2807915111 | 2807915 |                       22.3 |           87 |
| 2807915112 | 2807915 |                       22.7 |          151 |
| 2807915113 | 2807915 |                       25.4 |          196 |
| 2807915114 | 2807915 |                       25.4 |          106 |
| 2807915115 | 2807915 |                       21.9 |          217 |
| 2807915116 | 2807915 |                       24.3 |          117 |
| 2807915117 | 2807915 |                       27.6 |          205 |
| 2807915118 | 2807915 |                       24.2 |          197 |
| 2807915119 | 2807915 |                         25 |          240 |
| 2807915120 | 2807915 |                       28.4 |          166 |
| 2807915121 | 2807915 |                       25.9 |          112 |
| 2807915122 | 2807915 |                       22.3 |          108 |
| 2807915123 | 2807915 |                       20.5 |           79 |
| 2807915124 | 2807915 |                         24 |           90 |
| 2807915125 | 2807915 |                       16.4 |           12 |
| 2807915126 | 2807915 |                       25.1 |          151 |
| 2807915127 | 2807915 |                       20.6 |          188 |
| 2807915128 | 2807915 |                       19.3 |          211 |
| 2807915129 | 2807915 |                       24.1 |           61 |
| 2807915130 | 2807915 |                         25 |           86 |
| 2807915131 | 2807915 |                       26.2 |           76 |
| 2807915132 | 2807915 |                       22.5 |           44 |
| 2807915133 | 2807915 |                       22.3 |          142 |
| 2807915134 | 2807915 |                       23.6 |           95 |
| 2807915135 | 2807915 |                       23.8 |          166 |
| 2807915136 | 2807915 |                       25.7 |          112 |
| 2807915138 | 2807915 |                       27.3 |          174 |
| 2807915140 | 2807915 |                       27.9 |          200 |
| 2807915141 | 2807915 |                       21.8 |          116 |
| 2807915142 | 2807915 |                       23.8 |           57 |
| 2807915143 | 2807915 |                       16.3 |          177 |
| 2807915144 | 2807915 |                       17.4 |          143 |
| 2807915146 | 2807915 |                       17.5 |          111 |
| 2807915147 | 2807915 |                       28.8 |           26 |
| 2807915148 | 2807915 |                       24.3 |           68 |
| 2807915149 | 2807915 |                       21.8 |           87 |
| 2807915150 | 2807915 |                       14.7 |          125 |
| 2807915151 | 2807915 |                       15.1 |          141 |
| 2807915153 | 2807915 |                       20.5 |           42 |
| 2807915154 | 2807915 |                       20.9 |          113 |
| 2807915155 | 2807915 |                       17.1 |          143 |
| 2807915156 | 2807915 |                       22.3 |          208 |
| 2807915157 | 2807915 |                       16.9 |           90 |
| 2807915158 | 2807915 |                         16 |          109 |
| 2807915159 | 2807915 |                       16.9 |          160 |
| 2807915160 | 2807915 |                         13 |          236 |
| 2807915161 | 2807915 |                       16.4 |          143 |
| 2807915162 | 2807915 |                       16.2 |           91 |
| 2807915163 | 2807915 |                       21.3 |           43 |
| 2807915164 | 2807915 |                       22.7 |           59 |
| 2807915165 | 2807915 |                       21.6 |           33 |
| 2807915166 | 2807915 |                       21.6 |           36 |
| 2807915167 | 2807915 |                       19.5 |           35 |
| 2807915168 | 2807915 |                       17.3 |          131 |
| 2807915170 | 2807915 |                         18 |          205 |
| 2807915171 | 2807915 |                       28.6 |           86 |
| 2807915172 | 2807915 |                       21.1 |           67 |
| 2807915173 | 2807915 |                       19.4 |          147 |
| 2807915174 | 2807915 |                       15.9 |          126 |
| 2807915175 | 2807915 |                       23.4 |           71 |
| 2807915176 | 2807915 |                       20.3 |          290 |
| 2807915177 | 2807915 |                       22.5 |           56 |
| 2807915178 | 2807915 |                       18.6 |          146 |
| 2807915179 | 2807915 |                       22.9 |           44 |
| 2807915180 | 2807915 |                       18.2 |          307 |
| 2807915181 | 2807915 |                       20.7 |           76 |
| 2807915182 | 2807915 |                       21.1 |           50 |
| 2807916001 | 2807916 |                       13.3 |           14 |
| 2807916002 | 2807916 |                       18.3 |          105 |
| 2807916003 | 2807916 |                       17.7 |          128 |
| 2807916004 | 2807916 |                       20.4 |          106 |
| 2807916005 | 2807916 |                       15.9 |           64 |
| 2807916006 | 2807916 |                       16.1 |          134 |
| 2807916007 | 2807916 |                       15.4 |          108 |
| 2807916008 | 2807916 |                       28.1 |           25 |
| 2807916009 | 2807916 |                       26.3 |           91 |
| 2807916011 | 2807916 |                       25.1 |           58 |
| 2807916012 | 2807916 |                       25.9 |           26 |
| 2807916013 | 2807916 |                         24 |           41 |
| 2807916014 | 2807916 |                       25.6 |           29 |
| 2807916015 | 2807916 |                       28.2 |           62 |
| 2807916016 | 2807916 |                       26.7 |           49 |
| 2807916017 | 2807916 |                       26.7 |           38 |
| 2807916018 | 2807916 |                       27.1 |           41 |
| 2807916019 | 2807916 |                       27.9 |           35 |
| 2807916020 | 2807916 |                       23.1 |           63 |
| 2807916021 | 2807916 |                       22.7 |           80 |
| 2807916022 | 2807916 |                       24.3 |           67 |
| 2807916024 | 2807916 |                       20.8 |          155 |
| 2807916025 | 2807916 |                       21.5 |          175 |
| 2807916026 | 2807916 |                         25 |           85 |
| 2807916027 | 2807916 |                       24.4 |           47 |
| 2807916028 | 2807916 |                       24.1 |           49 |
| 2807916029 | 2807916 |                       25.4 |           72 |
| 2807916030 | 2807916 |                       22.2 |          214 |
| 2807916031 | 2807916 |                       21.5 |           40 |
| 2807916032 | 2807916 |                       13.2 |          195 |
| 2807916033 | 2807916 |                       23.1 |          198 |
| 2807916034 | 2807916 |                         20 |          234 |
| 2807916035 | 2807916 |                       18.3 |          103 |
| 2807916036 | 2807916 |                       19.1 |          174 |
| 2807916037 | 2807916 |                       27.6 |           76 |
| 2807916038 | 2807916 |                       25.7 |           70 |
| 2807916039 | 2807916 |                       27.5 |          125 |
| 2807916040 | 2807916 |                       28.4 |          145 |
| 2807916042 | 2807916 |                       25.1 |           65 |
| 2807916043 | 2807916 |                       27.8 |           84 |
| 2807916044 | 2807916 |                       20.8 |           70 |
| 2807916045 | 2807916 |                         20 |           97 |
| 2807916046 | 2807916 |                       22.2 |          118 |
| 2807916048 | 2807916 |                       20.5 |          197 |
| 2807916049 | 2807916 |                       22.1 |           31 |
| 2807916050 | 2807916 |                       22.8 |           76 |
| 2807916051 | 2807916 |                       23.9 |           71 |
| 2807916052 | 2807916 |                       26.5 |           93 |
| 2807916053 | 2807916 |                       28.2 |           52 |
| 2807916054 | 2807916 |                       30.3 |           50 |
| 2807916055 | 2807916 |                       30.8 |           58 |
| 2807916057 | 2807916 |                       25.9 |           87 |
| 2807916058 | 2807916 |                       23.8 |          118 |
| 2807916059 | 2807916 |                       22.3 |           71 |
| 2807916060 | 2807916 |                       47.1 |           68 |
| 2807916061 | 2807916 |                       22.8 |           80 |
| 2807916063 | 2807916 |                       22.2 |           72 |
| 2807916064 | 2807916 |                       23.5 |           41 |
| 2807916065 | 2807916 |                       28.6 |           98 |
| 2807916066 | 2807916 |                       27.9 |           74 |
| 2807916067 | 2807916 |                       27.9 |          105 |
| 2807916069 | 2807916 |                       27.4 |           58 |
| 2807916070 | 2807916 |                       20.2 |          112 |
| 2807916073 | 2807916 |                         27 |          133 |
| 2807916074 | 2807916 |                       28.6 |           90 |
| 2807916075 | 2807916 |                       29.1 |          130 |
| 2807916076 | 2807916 |                       30.8 |           95 |
| 2807916077 | 2807916 |                       27.3 |          105 |
| 2807916078 | 2807916 |                       26.3 |           92 |
| 2807916079 | 2807916 |                         23 |           80 |
| 2807916080 | 2807916 |                       15.3 |           15 |
| 2807916081 | 2807916 |                       18.5 |           84 |
| 2807916082 | 2807916 |                       28.1 |           36 |
| 2807916083 | 2807916 |                       25.5 |          110 |
| 2807916085 | 2807916 |                       21.8 |           78 |
| 2807916086 | 2807916 |                       24.6 |          120 |
| 2807916087 | 2807916 |                       22.5 |           70 |
| 2807916088 | 2807916 |                       23.6 |           72 |
| 2807916089 | 2807916 |                       26.7 |           34 |
| 2807916090 | 2807916 |                       23.6 |           42 |
| 2807916092 | 2807916 |                       23.3 |           76 |
| 2807916093 | 2807916 |                       23.1 |           50 |
| 2807916096 | 2807916 |                       16.1 |           39 |
| 2807916097 | 2807916 |                         24 |           84 |
| 2807916098 | 2807916 |                       17.3 |           94 |
| 2807916099 | 2807916 |                       21.1 |           92 |
| 2807916100 | 2807916 |                       21.7 |           37 |
| 2807916101 | 2807916 |                       20.3 |           45 |
| 2807916102 | 2807916 |                       14.7 |           61 |
| 2807916103 | 2807916 |                       13.4 |          108 |
| 2807916104 | 2807916 |                       21.3 |          109 |
| 2807916105 | 2807916 |                       19.3 |           37 |
| 2807916106 | 2807916 |                         22 |          287 |
| 2807916107 | 2807916 |                       24.1 |           42 |
| 2807916108 | 2807916 |                       16.3 |          203 |
| 2807916109 | 2807916 |                       26.8 |           73 |
| 2807916110 | 2807916 |                       24.9 |          303 |
| 2807916111 | 2807916 |                         21 |          331 |
| 2807916112 | 2807916 |                       20.5 |           86 |
| 2807916113 | 2807916 |                       16.2 |          124 |
| 2807916114 | 2807916 |                       20.5 |          442 |
| 2807916115 | 2807916 |                       19.6 |          227 |
| 2807916116 | 2807916 |                       24.6 |          158 |
| 2807916117 | 2807916 |                       23.9 |          187 |
| 2807916118 | 2807916 |                       21.5 |          215 |
| 2807916119 | 2807916 |                       16.9 |          472 |
| 2807916120 | 2807916 |                         25 |          216 |
| 2807916121 | 2807916 |                       18.6 |          199 |
| 2807916122 | 2807916 |                       18.3 |          211 |
| 2807916123 | 2807916 |                       23.9 |          153 |
| 2807916124 | 2807916 |                       19.2 |          461 |
| 2807916125 | 2807916 |                       20.2 |          261 |
| 2807916126 | 2807916 |                         21 |           87 |
| 2807916127 | 2807916 |                       23.5 |          210 |
| 2807916128 | 2807916 |                       27.5 |          205 |
| 2807916129 | 2807916 |                       20.4 |          253 |
| 2807917002 | 2807917 |                       22.6 |           66 |
| 2807917003 | 2807917 |                       22.7 |           92 |
| 2807917004 | 2807917 |                       27.3 |          172 |
| 2807917006 | 2807917 |                       24.1 |          104 |
| 2807917007 | 2807917 |                         25 |           77 |
| 2807917008 | 2807917 |                       23.6 |          108 |
| 2807917009 | 2807917 |                       23.7 |           69 |
| 2807917010 | 2807917 |                       22.7 |           99 |
| 2807917011 | 2807917 |                         23 |           86 |
| 2807917012 | 2807917 |                       22.9 |          113 |
| 2807917013 | 2807917 |                       21.2 |           75 |
| 2807917014 | 2807917 |                       23.9 |           90 |
| 2807917015 | 2807917 |                       23.8 |          120 |
| 2807917016 | 2807917 |                       27.6 |           57 |
| 2807917017 | 2807917 |                         22 |           44 |
| 2807917018 | 2807917 |                       24.8 |           85 |
| 2807917019 | 2807917 |                       24.1 |           66 |
| 2807917020 | 2807917 |                       27.8 |           13 |
| 2807917022 | 2807917 |                       33.2 |           23 |
| 2807917023 | 2807917 |                       21.7 |          120 |
| 2807917024 | 2807917 |                       23.3 |          127 |
| 2807917025 | 2807917 |                       23.8 |           57 |
| 2807917026 | 2807917 |                       25.3 |           86 |
| 2807917027 | 2807917 |                       20.4 |           75 |
| 2807917028 | 2807917 |                       21.3 |           87 |
| 2807917029 | 2807917 |                       21.7 |          198 |
| 2807917031 | 2807917 |                       24.8 |           53 |
| 2807917032 | 2807917 |                       24.1 |           85 |
| 2807917033 | 2807917 |                       24.4 |           84 |
| 2807917035 | 2807917 |                       27.7 |           70 |
| 2807917036 | 2807917 |                       26.8 |           47 |
| 2807917037 | 2807917 |                         26 |           65 |
| 2807917038 | 2807917 |                       25.6 |           52 |
| 2807917039 | 2807917 |                       27.2 |           68 |
| 2807917041 | 2807917 |                       24.3 |           60 |
| 2807917042 | 2807917 |                       25.7 |           89 |
| 2807917043 | 2807917 |                       22.2 |           73 |
| 2807917045 | 2807917 |                       22.2 |           91 |
| 2807917046 | 2807917 |                       25.9 |          124 |
| 2807917047 | 2807917 |                       25.7 |          117 |
| 2807917048 | 2807917 |                       23.4 |           64 |
| 2807917049 | 2807917 |                       27.2 |           98 |
| 2807917050 | 2807917 |                       25.4 |          120 |
| 2807917051 | 2807917 |                         27 |           71 |
| 2807917052 | 2807917 |                       26.6 |           69 |
| 2807917053 | 2807917 |                         24 |           50 |
| 2807917054 | 2807917 |                       25.9 |           98 |
| 2807917055 | 2807917 |                       22.5 |           87 |
| 2807917057 | 2807917 |                       24.7 |          130 |
| 2807917058 | 2807917 |                         23 |           96 |
| 2807917059 | 2807917 |                       23.4 |          112 |
| 2807917060 | 2807917 |                       23.7 |           57 |
| 2807917061 | 2807917 |                       25.7 |           95 |
| 2807917062 | 2807917 |                         24 |          112 |
| 2807917063 | 2807917 |                       25.5 |           73 |
| 2807917064 | 2807917 |                       24.8 |          128 |
| 2807917065 | 2807917 |                       24.6 |          104 |
| 2807917066 | 2807917 |                         25 |           92 |
| 2807917068 | 2807917 |                       32.5 |           32 |
| 2807917069 | 2807917 |                       25.5 |           87 |
| 2807917070 | 2807917 |                       20.5 |           55 |
| 2807917071 | 2807917 |                       21.1 |          139 |
| 2807917072 | 2807917 |                       26.4 |          129 |
| 2807917073 | 2807917 |                       26.9 |           69 |
| 2807917074 | 2807917 |                       23.6 |           39 |
| 2807917075 | 2807917 |                       23.8 |           88 |
| 2807917076 | 2807917 |                       24.7 |           72 |
| 2807917078 | 2807917 |                       26.3 |           76 |
| 2807917079 | 2807917 |                       27.2 |           90 |
| 2807917080 | 2807917 |                       24.2 |           52 |
| 2807917082 | 2807917 |                       23.9 |          147 |
| 2807917083 | 2807917 |                       26.5 |           98 |
| 2807917084 | 2807917 |                       27.3 |          106 |
| 2807917085 | 2807917 |                       26.2 |           40 |
| 2807917086 | 2807917 |                       25.5 |           38 |
| 2807917087 | 2807917 |                       24.6 |           86 |
| 2807917089 | 2807917 |                       26.9 |           65 |
| 2807917090 | 2807917 |                       26.5 |           42 |
| 2807917091 | 2807917 |                       25.6 |           71 |
| 2807917092 | 2807917 |                         21 |           22 |
| 2807917093 | 2807917 |                       21.7 |           28 |
| 2807917094 | 2807917 |                         23 |           67 |
| 2807917095 | 2807917 |                         25 |           74 |
| 2807917096 | 2807917 |                         22 |           43 |
| 2807917097 | 2807917 |                       22.2 |           33 |
| 2807917100 | 2807917 |                         24 |           80 |
| 2807917101 | 2807917 |                       24.2 |          115 |
| 2807917102 | 2807917 |                       17.7 |           33 |
| 2807917103 | 2807917 |                       22.1 |          104 |
| 2807917104 | 2807917 |                       21.8 |           72 |
| 2807917105 | 2807917 |                       20.4 |           64 |
| 2807917106 | 2807917 |                       24.8 |          135 |
| 2807917107 | 2807917 |                       23.2 |          128 |
| 2807917108 | 2807917 |                       20.4 |           98 |
| 2807917109 | 2807917 |                       23.3 |           50 |
| 2807917110 | 2807917 |                       20.5 |          189 |
| 2807917111 | 2807917 |                       30.8 |          110 |
| 2807917112 | 2807917 |                         20 |          104 |
| 2807917113 | 2807917 |                       19.5 |          163 |
| 2807917114 | 2807917 |                       21.3 |          152 |
| 2807917115 | 2807917 |                       20.6 |          108 |
| 2807917116 | 2807917 |                       22.3 |           57 |
| 2807918002 | 2807918 |                         23 |           69 |
| 2807918003 | 2807918 |                       24.2 |           60 |
| 2807918004 | 2807918 |                       23.3 |           64 |
| 2807918005 | 2807918 |                       25.5 |           76 |
| 2807918006 | 2807918 |                       23.2 |          113 |
| 2807918007 | 2807918 |                       23.9 |           76 |
| 2807918008 | 2807918 |                       26.5 |           59 |
| 2807918009 | 2807918 |                       23.9 |           91 |
| 2807918010 | 2807918 |                       25.6 |           43 |
| 2807918011 | 2807918 |                       25.6 |           93 |
| 2807918012 | 2807918 |                         25 |           91 |
| 2807918013 | 2807918 |                       24.7 |           94 |
| 2807918014 | 2807918 |                       24.9 |          102 |
| 2807918015 | 2807918 |                       24.6 |           78 |
| 2807918016 | 2807918 |                       27.3 |           80 |
| 2807918017 | 2807918 |                       25.1 |           86 |
| 2807918018 | 2807918 |                       24.3 |          150 |
| 2807918019 | 2807918 |                       22.9 |          107 |
| 2807918020 | 2807918 |                       22.2 |           75 |
| 2807918021 | 2807918 |                       21.2 |           47 |
| 2807918022 | 2807918 |                       28.1 |          119 |
| 2807918023 | 2807918 |                       23.6 |           78 |
| 2807918024 | 2807918 |                       24.2 |           57 |
| 2807918025 | 2807918 |                       19.9 |           73 |
| 2807918027 | 2807918 |                       24.4 |           68 |
| 2807918028 | 2807918 |                       21.2 |           86 |
| 2807918029 | 2807918 |                       20.5 |           48 |
| 2807918030 | 2807918 |                         24 |           38 |
| 2807918031 | 2807918 |                       22.3 |           62 |
| 2807918032 | 2807918 |                       21.3 |           67 |
| 2807918033 | 2807918 |                       23.2 |           55 |
| 2807918034 | 2807918 |                       23.1 |           53 |
| 2807918035 | 2807918 |                         21 |           43 |
| 2807918036 | 2807918 |                       20.4 |           65 |
| 2807918037 | 2807918 |                       24.2 |           64 |
| 2807918038 | 2807918 |                       29.9 |           16 |
| 2807918039 | 2807918 |                       20.2 |           22 |
| 2807918040 | 2807918 |                       16.6 |           70 |
| 2807918041 | 2807918 |                       20.4 |           66 |
| 2807918042 | 2807918 |                       23.6 |           94 |
| 2807918043 | 2807918 |                       22.8 |          127 |
| 2807918044 | 2807918 |                       18.9 |           43 |
| 2807918046 | 2807918 |                         29 |          120 |
| 2807918047 | 2807918 |                       30.3 |           58 |
| 2807918048 | 2807918 |                       18.3 |           42 |
| 2807918049 | 2807918 |                       19.3 |          216 |
| 2807918050 | 2807918 |                       21.4 |          171 |
| 2807918051 | 2807918 |                       21.1 |          172 |
| 2807918052 | 2807918 |                       26.9 |          389 |
| 2807918053 | 2807918 |                       25.7 |          201 |
| 2807918054 | 2807918 |                       22.4 |          185 |
| 2807918055 | 2807918 |                       24.8 |          141 |
| 2807918056 | 2807918 |                       26.3 |           96 |
| 2807918057 | 2807918 |                       23.3 |          469 |
| 2807918058 | 2807918 |                       18.9 |          129 |
| 2807918059 | 2807918 |                       25.4 |           98 |
| 2807918060 | 2807918 |                         19 |          389 |
| 2807918061 | 2807918 |                       20.8 |          335 |
| 2807918062 | 2807918 |                       24.7 |          251 |
| 2807918063 | 2807918 |                       23.9 |          101 |
| 2807918064 | 2807918 |                       27.3 |           70 |
| 2807918065 | 2807918 |                       30.5 |           55 |
| 2807918066 | 2807918 |                       18.8 |          186 |
| 2807918067 | 2807918 |                       22.5 |          140 |
| 2807918068 | 2807918 |                       23.6 |          277 |
| 2807919001 | 2807919 |                       37.3 |           14 |
| 2807919002 | 2807919 |                       18.8 |          176 |
| 2807919003 | 2807919 |                       24.7 |           66 |
| 2807919004 | 2807919 |                       26.4 |           62 |
| 2807919005 | 2807919 |                       23.1 |          131 |
| 2807919006 | 2807919 |                       21.2 |           87 |
| 2807919007 | 2807919 |                       23.6 |           82 |
| 2807919008 | 2807919 |                       26.7 |          142 |
| 2807919009 | 2807919 |                       24.9 |          129 |
| 2807919011 | 2807919 |                       25.3 |           93 |
| 2807919012 | 2807919 |                       23.5 |           91 |
| 2807919014 | 2807919 |                       26.1 |           61 |
| 2807919015 | 2807919 |                       25.8 |           97 |
| 2807919016 | 2807919 |                       25.9 |           76 |
| 2807919018 | 2807919 |                       26.1 |          116 |
| 2807919019 | 2807919 |                       25.8 |          127 |
| 2807919020 | 2807919 |                       27.2 |           77 |
| 2807919021 | 2807919 |                       26.9 |          104 |
| 2807919022 | 2807919 |                       27.9 |           79 |
| 2807919023 | 2807919 |                       25.7 |           79 |
| 2807919024 | 2807919 |                       28.6 |           69 |
| 2807919025 | 2807919 |                       28.3 |           94 |
| 2807919026 | 2807919 |                       26.5 |           67 |
| 2807919027 | 2807919 |                       26.1 |           80 |
| 2807919028 | 2807919 |                       27.3 |          113 |
| 2807919029 | 2807919 |                       27.3 |           83 |
| 2807919032 | 2807919 |                       24.8 |          158 |
| 2807919033 | 2807919 |                       19.2 |          107 |
| 2807919034 | 2807919 |                       21.9 |           75 |
| 2807919035 | 2807919 |                       20.8 |           90 |
| 2807919036 | 2807919 |                       20.9 |          123 |
| 2807919037 | 2807919 |                       18.7 |          109 |
| 2807919038 | 2807919 |                       27.7 |           49 |
| 2807919039 | 2807919 |                       27.3 |           25 |
| 2807919040 | 2807919 |                       19.1 |          170 |
| 2807919041 | 2807919 |                       22.5 |          103 |
| 2807919042 | 2807919 |                       22.9 |          135 |
| 2807919043 | 2807919 |                       21.6 |           77 |
| 2807919044 | 2807919 |                       24.1 |           33 |
| 2807919045 | 2807919 |                       21.2 |          104 |
| 2807919046 | 2807919 |                       22.9 |           45 |
| 2807919047 | 2807919 |                       23.4 |          153 |
| 2807919048 | 2807919 |                       20.9 |           76 |
| 2807919049 | 2807919 |                       22.6 |          160 |
| 2807919050 | 2807919 |                         19 |           30 |
| 2807919051 | 2807919 |                       22.3 |          116 |
| 2807919052 | 2807919 |                       27.3 |          336 |
| 2807920001 | 2807920 |                       25.6 |          213 |
| 2807920002 | 2807920 |                       19.5 |          102 |
| 2807920003 | 2807920 |                       27.5 |           69 |
| 2807920006 | 2807920 |                       25.5 |           54 |
| 2807920007 | 2807920 |                       28.5 |          110 |
| 2807920008 | 2807920 |                       24.6 |           41 |
| 2807920009 | 2807920 |                       26.2 |           19 |
| 2807920010 | 2807920 |                       23.1 |           21 |
| 2807920011 | 2807920 |                       30.6 |           16 |
| 2807920012 | 2807920 |                       29.5 |          166 |
| 2807920013 | 2807920 |                       31.1 |           86 |
| 2807920015 | 2807920 |                       32.8 |          120 |
| 2807920016 | 2807920 |                       33.4 |          109 |
| 2807920017 | 2807920 |                       27.2 |           87 |
| 2807920018 | 2807920 |                       29.8 |          143 |
| 2807920020 | 2807920 |                       30.5 |          128 |
| 2807920021 | 2807920 |                       29.8 |           61 |
| 2807920022 | 2807920 |                       27.6 |           78 |
| 2807920023 | 2807920 |                       28.7 |           77 |
| 2807920025 | 2807920 |                       29.5 |           80 |
| 2807920026 | 2807920 |                       27.7 |           68 |
| 2807920027 | 2807920 |                       27.3 |           32 |
| 2807920028 | 2807920 |                       27.8 |           22 |
| 2807920029 | 2807920 |                       26.3 |           60 |
| 2807920031 | 2807920 |                       27.9 |           78 |
| 2807920032 | 2807920 |                       30.1 |           90 |
| 2807920033 | 2807920 |                       32.1 |           90 |
| 2807920034 | 2807920 |                       29.1 |           72 |
| 2807920035 | 2807920 |                       28.5 |           91 |
| 2807920036 | 2807920 |                         30 |           79 |
| 2807920037 | 2807920 |                       27.4 |           27 |
| 2807920038 | 2807920 |                       25.3 |           24 |
| 2807920039 | 2807920 |                       26.4 |           26 |
| 2807920040 | 2807920 |                       25.8 |           36 |
| 2807920041 | 2807920 |                       26.8 |           34 |
| 2807920042 | 2807920 |                         33 |           28 |
| 2807920043 | 2807920 |                       29.8 |           29 |
| 2807920044 | 2807920 |                       27.7 |           33 |
| 2807920046 | 2807920 |                       30.9 |           96 |
| 2807920047 | 2807920 |                       28.3 |          127 |
| 2807920048 | 2807920 |                         31 |           86 |
| 2807920049 | 2807920 |                       25.1 |           38 |
| 2807920050 | 2807920 |                       28.3 |           72 |
| 2807920051 | 2807920 |                       27.4 |           62 |
| 2807920053 | 2807920 |                       28.1 |          129 |
| 2807920055 | 2807920 |                       18.2 |           64 |
| 2807920056 | 2807920 |                       27.7 |           42 |
| 2807920058 | 2807920 |                       28.7 |           34 |
| 2807920059 | 2807920 |                       27.9 |           33 |
| 2807920062 | 2807920 |                       24.1 |           77 |
| 2807920063 | 2807920 |                       22.3 |           49 |
| 2807920064 | 2807920 |                       22.2 |           55 |
| 2807920065 | 2807920 |                       23.7 |          104 |
| 2807920066 | 2807920 |                       21.7 |           76 |
| 2807920067 | 2807920 |                       20.4 |          101 |
| 2807920068 | 2807920 |                         21 |          305 |
| 2807920069 | 2807920 |                       24.8 |           41 |
| 2807920070 | 2807920 |                       26.4 |           48 |
| 2807920071 | 2807920 |                       21.7 |          139 |
| 2807920072 | 2807920 |                       19.5 |          115 |
| 2807920073 | 2807920 |                       28.7 |           91 |
| 2807920074 | 2807920 |                       25.7 |           59 |
| 2807920075 | 2807920 |                       28.1 |          106 |
| 2807920076 | 2807920 |                       27.6 |           75 |
| 2807920077 | 2807920 |                       21.8 |          126 |
| 2807920078 | 2807920 |                       26.1 |          148 |
| 2807920079 | 2807920 |                       28.4 |           60 |
| 2807920080 | 2807920 |                         24 |           24 |
| 2807920082 | 2807920 |                       24.7 |          117 |
| 2807920083 | 2807920 |                       23.2 |           42 |
| 2807920085 | 2807920 |                       19.6 |          126 |
| 2807920086 | 2807920 |                       24.1 |          136 |
| 2807920087 | 2807920 |                       26.2 |          106 |
| 2807920088 | 2807920 |                       24.6 |          189 |
| 2807920090 | 2807920 |                       20.1 |           54 |
| 2807920091 | 2807920 |                       26.5 |          161 |
| 2807920092 | 2807920 |                       25.7 |          169 |
| 2807920093 | 2807920 |                       15.2 |           43 |
| 2807920095 | 2807920 |                       26.7 |           36 |
| 2807920096 | 2807920 |                       17.6 |           50 |
| 2807920097 | 2807920 |                       18.3 |           62 |
| 2807920098 | 2807920 |                       21.9 |           67 |
| 2807920099 | 2807920 |                       16.6 |           86 |
| 2807920100 | 2807920 |                         26 |          167 |
| 2807920101 | 2807920 |                       17.8 |           98 |
| 2807920102 | 2807920 |                       23.6 |           97 |
| 2807920103 | 2807920 |                       21.4 |           97 |
| 2807920104 | 2807920 |                       18.8 |           86 |
| 2807920105 | 2807920 |                       16.6 |           91 |
| 2807920106 | 2807920 |                       21.6 |          164 |
| 2807920107 | 2807920 |                       21.1 |          102 |
| 2807920108 | 2807920 |                       15.4 |          103 |
| 2807920109 | 2807920 |                       24.4 |           67 |
| 2807920110 | 2807920 |                       20.7 |          126 |
| 2807920111 | 2807920 |                       22.4 |           86 |
| 2807920112 | 2807920 |                       22.5 |          191 |
| 2807920113 | 2807920 |                       18.2 |          139 |
| 2807920114 | 2807920 |                       18.5 |           62 |
| 2807920115 | 2807920 |                       21.6 |           78 |
| 2807920116 | 2807920 |                       20.7 |          132 |
| 2807920117 | 2807920 |                       19.6 |          115 |
| 2807920118 | 2807920 |                       17.1 |          206 |
| 2807920119 | 2807920 |                       20.5 |          294 |
| 2807920120 | 2807920 |                       21.9 |          259 |
| 2807920121 | 2807920 |                       26.3 |          389 |
| 2807920122 | 2807920 |                       16.9 |          143 |
| 2807920123 | 2807920 |                       21.1 |           53 |
| 2807920124 | 2807920 |                       15.8 |          110 |
| 2807920125 | 2807920 |                       21.4 |          136 |
| 2807920126 | 2807920 |                       19.7 |           36 |
| 2807921001 | 2807921 |                         18 |           47 |
| 2807921002 | 2807921 |                         15 |           41 |
| 2807921003 | 2807921 |                       23.2 |           47 |
| 2807921004 | 2807921 |                       18.7 |           46 |
| 2807921005 | 2807921 |                       15.4 |          158 |
| 2807921006 | 2807921 |                         23 |           48 |
| 2807921007 | 2807921 |                       20.9 |          120 |
| 2807921008 | 2807921 |                       25.7 |           36 |
| 2807921009 | 2807921 |                       25.9 |           35 |
| 2807921010 | 2807921 |                         21 |           73 |
| 2807921011 | 2807921 |                       22.5 |          107 |
| 2807921012 | 2807921 |                       21.5 |           52 |
| 2807921013 | 2807921 |                       21.2 |           62 |
| 2807921014 | 2807921 |                       19.3 |          144 |
| 2807921015 | 2807921 |                       23.6 |          140 |
| 2807921017 | 2807921 |                       24.6 |          189 |
| 2807921018 | 2807921 |                       24.3 |          183 |
| 2807921019 | 2807921 |                         24 |          225 |
| 2807921020 | 2807921 |                       23.7 |          212 |
| 2807921021 | 2807921 |                         25 |          153 |
| 2807921022 | 2807921 |                       21.5 |          178 |
| 2807921023 | 2807921 |                       23.4 |          105 |
| 2807921025 | 2807921 |                        9.9 |           15 |
| 2807921026 | 2807921 |                       19.8 |          156 |
| 2807921027 | 2807921 |                       18.2 |          282 |
| 2807921028 | 2807921 |                       14.3 |           17 |
| 2807921029 | 2807921 |                       13.4 |           93 |
| 2807921030 | 2807921 |                       21.2 |          133 |
| 2807921031 | 2807921 |                       20.7 |          132 |
| 2807921032 | 2807921 |                       15.8 |          206 |
| 2807921033 | 2807921 |                       37.7 |          205 |
+------------+---------+----------------------------+--------------+