+------------+---------+------------+-----------+-----------------+-----------+-----------+--------------+--------------+
| cod_sec    | cod_dis | edad_media | tam_hogar | pct_unipersonal | pct_65mas | poblacion | eur_m2_media | n_alquileres |
+------------+---------+------------+-----------+-----------------+-----------+-----------+--------------+--------------+
| 2807901001 | 2807901 |       47.2 |       2.1 |            43.4 |      23.5 |      1147 |        15.42 |          149 |
| 2807901002 | 2807901 |       42.1 |       1.9 |            51.3 |      14.4 |       935 |        16.33 |          130 |
| 2807901003 | 2807901 |       43.7 |         2 |            48.8 |      16.5 |      1822 |           15 |          237 |
| 2807901004 | 2807901 |       46.8 |         2 |            46.4 |      23.3 |      1220 |        15.86 |          168 |
| 2807901006 | 2807901 |       47.2 |       1.9 |            49.6 |      20.9 |      1679 |        15.56 |          222 |
| 2807901007 | 2807901 |       46.4 |       1.9 |            48.5 |      22.2 |       839 |        14.62 |          102 |
| 2807901008 | 2807901 |       47.8 |         2 |            45.8 |      23.8 |       798 |        15.38 |          124 |
| 2807901009 | 2807901 |       45.5 |       1.9 |            46.9 |      19.6 |      1371 |        14.83 |          208 |
| 2807901011 | 2807901 |       45.1 |       1.9 |            46.5 |      18.3 |      1104 |           15 |          179 |
| 2807901012 | 2807901 |         44 |         2 |            47.1 |      17.5 |       739 |         15.5 |           70 |
| 2807901013 | 2807901 |       42.3 |       1.9 |            50.9 |      13.7 |      1216 |        15.63 |          202 |
| 2807901014 | 2807901 |       43.8 |         2 |            44.8 |      16.9 |      1379 |        15.46 |          234 |
| 2807901015 | 2807901 |       45.8 |         2 |            43.3 |        20 |      1432 |        16.84 |          206 |
| 2807901016 | 2807901 |       44.4 |         2 |            44.1 |      16.9 |      1086 |        15.29 |          156 |
| 2807901018 | 2807901 |       47.9 |       1.9 |              50 |      23.9 |      1735 |         16.3 |          215 |
| 2807901019 | 2807901 |       45.8 |       1.9 |            45.6 |      19.9 |      1299 |        16.25 |          230 |
| 2807901020 | 2807901 |       45.4 |       1.9 |              48 |      19.6 |      1233 |        15.73 |          153 |
| 2807901021 | 2807901 |       46.8 |         2 |              44 |      20.7 |      1735 |        15.16 |          250 |
| 2807901022 | 2807901 |       43.8 |         2 |            48.8 |      16.6 |      1280 |        15.28 |          155 |
| 2807901023 | 2807901 |       42.3 |       1.9 |            48.4 |      13.5 |      1413 |        16.15 |          175 |
| 2807901024 | 2807901 |       42.5 |       1.8 |            52.2 |      12.8 |      1216 |        15.88 |          170 |
| 2807901025 | 2807901 |       42.4 |       2.2 |            40.3 |      13.5 |      1037 |        14.15 |          124 |
| 2807901026 | 2807901 |       43.4 |         2 |              44 |      16.2 |      1449 |        14.76 |          162 |
| 2807901027 | 2807901 |       43.6 |       1.9 |            49.7 |      14.1 |      1132 |        15.28 |          177 |
| 2807901028 | 2807901 |       43.1 |         2 |            45.2 |      13.2 |      1327 |        13.56 |          158 |
| 2807901029 | 2807901 |       42.6 |       2.1 |            43.9 |      14.1 |      1364 |        14.22 |          140 |
| 2807901030 | 2807901 |       41.6 |       2.1 |            46.1 |      12.8 |      1057 |           13 |          176 |
| 2807901031 | 2807901 |       42.2 |         2 |            47.7 |        13 |      1131 |        15.24 |          119 |
| 2807901032 | 2807901 |       41.6 |       2.1 |            44.2 |      12.2 |      2087 |        16.46 |          294 |
| 2807901033 | 2807901 |       42.9 |       1.9 |            52.2 |        13 |      1234 |        15.69 |          181 |
| 2807901034 | 2807901 |       39.3 |         2 |            49.9 |       8.7 |      1511 |        16.48 |          160 |
| 2807901035 | 2807901 |       42.4 |       2.2 |            43.4 |      15.1 |      1439 |         15.1 |          166 |
| 2807901036 | 2807901 |       41.6 |       1.9 |            50.2 |      11.3 |      1136 |        16.29 |          177 |
| 2807901037 | 2807901 |       43.2 |         2 |            50.3 |      13.8 |      1038 |        16.18 |          154 |
| 2807901038 | 2807901 |       40.2 |         2 |            50.1 |      10.2 |      1260 |        16.33 |          127 |
| 2807901039 | 2807901 |       42.3 |         2 |            49.4 |        15 |      1031 |        14.84 |          140 |
| 2807901040 | 2807901 |       41.5 |       2.1 |            45.3 |      12.7 |       821 |        16.21 |           88 |
| 2807901041 | 2807901 |       41.8 |       1.9 |            44.9 |      12.8 |       948 |           17 |          157 |
| 2807901042 | 2807901 |       43.3 |       1.9 |              50 |      16.3 |       978 |        15.25 |          142 |
| 2807901043 | 2807901 |       41.1 |         2 |            49.5 |      10.5 |      1145 |        15.44 |          161 |
| 2807901045 | 2807901 |         42 |       1.9 |            48.5 |      12.9 |      1330 |        14.65 |          181 |
| 2807901046 | 2807901 |       43.6 |         2 |            49.2 |      16.1 |      1533 |        14.85 |          188 |
| 2807901047 | 2807901 |       40.5 |         2 |            49.8 |       9.4 |      2189 |        15.81 |          294 |
| 2807901048 | 2807901 |       41.9 |       2.1 |            50.7 |      13.1 |      1191 |        14.77 |          135 |
| 2807901049 | 2807901 |       41.3 |       1.8 |            54.8 |      12.4 |      1235 |        16.42 |          188 |
| 2807901050 | 2807901 |       42.2 |         2 |            51.2 |      12.3 |      1280 |        15.98 |          187 |
| 2807901051 | 2807901 |       40.8 |       1.9 |            52.3 |      10.1 |      1410 |        16.03 |          227 |
| 2807901053 | 2807901 |       43.9 |       1.9 |              51 |      14.1 |      1280 |        15.89 |          215 |
| 2807901054 | 2807901 |       42.7 |       1.9 |            54.2 |        15 |       881 |        16.18 |          133 |
| 2807901055 | 2807901 |       45.5 |       1.9 |            47.5 |      18.7 |      1009 |        14.47 |          135 |
| 2807901056 | 2807901 |       46.8 |         2 |            48.3 |      22.7 |       894 |        13.89 |          134 |
| 2807901057 | 2807901 |       49.4 |       1.9 |            47.6 |      28.4 |      1377 |        15.87 |          210 |
| 2807901058 | 2807901 |       44.8 |       2.1 |            40.7 |      19.6 |       706 |        15.35 |          100 |
| 2807901059 | 2807901 |       44.5 |       1.9 |            48.6 |      18.4 |      1505 |        15.29 |          204 |
| 2807901061 | 2807901 |       43.7 |         2 |            45.7 |      19.2 |       843 |        16.36 |          129 |
| 2807901062 | 2807901 |       46.4 |       1.8 |            52.1 |      20.4 |       951 |        16.67 |          147 |
| 2807901063 | 2807901 |       44.8 |         2 |            43.5 |      17.1 |       753 |        15.46 |           95 |
| 2807901064 | 2807901 |       45.6 |       1.9 |            48.5 |      18.4 |       798 |        17.43 |          137 |
| 2807901065 | 2807901 |       45.5 |       1.8 |            47.3 |        18 |       744 |        14.14 |          114 |
| 2807901066 | 2807901 |       43.8 |       1.9 |            52.8 |      16.6 |      1268 |         15.2 |          225 |
| 2807901067 | 2807901 |       43.6 |         2 |            45.7 |      15.8 |      1220 |        15.73 |          194 |
| 2807901068 | 2807901 |       44.8 |       2.1 |            46.6 |      19.3 |       829 |        16.04 |           98 |
| 2807901069 | 2807901 |       40.8 |       1.8 |            54.1 |      10.3 |       956 |        16.13 |          141 |
| 2807901071 | 2807901 |       46.8 |         2 |            46.6 |      21.9 |       764 |        17.44 |          131 |
| 2807901072 | 2807901 |         45 |       1.9 |            48.3 |      18.2 |      1514 |        16.43 |          240 |
| 2807901073 | 2807901 |       43.9 |       2.1 |            43.5 |      16.6 |      1741 |        17.86 |          245 |
| 2807901074 | 2807901 |       42.7 |       1.9 |            48.4 |      13.2 |      1654 |        17.92 |          235 |
| 2807901075 | 2807901 |       43.5 |       1.9 |            50.5 |      13.1 |      1406 |        16.81 |          223 |
| 2807901076 | 2807901 |       42.9 |       1.9 |            51.9 |      15.1 |      1400 |        17.23 |          190 |
| 2807901077 | 2807901 |       44.1 |         2 |            44.7 |      15.5 |      1272 |        16.81 |          137 |
| 2807901079 | 2807901 |       43.1 |       1.9 |            52.3 |      14.2 |      1442 |        16.32 |          212 |
| 2807901081 | 2807901 |       42.5 |       1.9 |            50.9 |      13.7 |      1590 |        17.23 |          240 |
| 2807901082 | 2807901 |         43 |       1.9 |            50.7 |      14.2 |      1646 |        16.83 |          224 |
| 2807901084 | 2807901 |         46 |       1.9 |            50.3 |        21 |      1532 |        20.03 |          249 |
| 2807901087 | 2807901 |       42.5 |       2.2 |            46.8 |      14.5 |      1399 |        16.66 |          192 |
| 2807901088 | 2807901 |       43.3 |         2 |            48.2 |      16.1 |      1159 |        16.13 |          191 |
| 2807901089 | 2807901 |       46.6 |       1.9 |            46.8 |      23.4 |      1416 |        15.71 |          232 |
| 2807901090 | 2807901 |       43.7 |         2 |              46 |      17.4 |       782 |           17 |          153 |
| 2807901091 | 2807901 |       43.7 |       1.9 |            51.1 |      16.1 |      1035 |        17.08 |          222 |
| 2807901092 | 2807901 |       44.2 |       1.8 |            53.5 |      17.6 |       738 |         15.8 |          145 |
| 2807901093 | 2807901 |       42.6 |       1.9 |            52.6 |      14.7 |      1520 |        17.07 |          253 |
| 2807901094 | 2807901 |       42.6 |       1.9 |            50.6 |      14.6 |      1496 |         16.5 |          278 |
| 2807901095 | 2807901 |       42.6 |       1.9 |            50.7 |        12 |      1464 |        17.13 |          292 |
| 2807901096 | 2807901 |       43.2 |         2 |            48.6 |        14 |      1088 |        15.28 |          149 |
| 2807901097 | 2807901 |       43.8 |       1.8 |            51.7 |        17 |      1420 |        15.91 |          217 |
| 2807901098 | 2807901 |       43.9 |       1.8 |            52.2 |      13.3 |      1134 |        15.62 |          187 |
| 2807901099 | 2807901 |       41.9 |       1.9 |            51.4 |      13.7 |      1269 |        16.81 |          207 |
| 2807901100 | 2807901 |       43.3 |       1.8 |            54.2 |      15.4 |      1165 |        17.92 |          192 |
| 2807901101 | 2807901 |       42.4 |       1.9 |            49.1 |        13 |      1245 |        17.16 |          191 |
| 2807901102 | 2807901 |       42.5 |       1.9 |            49.8 |        14 |      1161 |        15.97 |          201 |
| 2807901103 | 2807901 |       45.9 |       1.9 |            51.3 |      21.7 |      1331 |        16.98 |          219 |
| 2807901104 | 2807901 |       41.7 |       1.9 |            50.5 |      12.8 |      1247 |        17.13 |          218 |
| 2807901105 | 2807901 |       43.3 |       1.7 |            55.4 |      15.2 |      1263 |           17 |          266 |
| 2807901106 | 2807901 |       46.2 |       2.1 |            44.5 |      24.9 |      1154 |         16.7 |          188 |
| 2807901107 | 2807901 |       46.6 |       2.1 |            44.1 |      24.8 |      1180 |        14.81 |          171 |
| 2807901108 | 2807901 |       44.1 |         2 |            45.9 |      17.6 |      1370 |        16.59 |          213 |
| 2807901109 | 2807901 |         44 |         2 |            45.9 |      17.3 |       945 |        16.67 |          148 |
| 2807901110 | 2807901 |       44.1 |         2 |            48.5 |      16.5 |       838 |        16.19 |          142 |
| 2807901111 | 2807901 |       43.1 |       1.8 |            54.2 |      16.5 |       922 |        15.49 |          190 |
| 2807901112 | 2807901 |       43.2 |       1.9 |            49.4 |      15.3 |      1136 |        15.73 |          207 |
| 2807901113 | 2807901 |       42.7 |         2 |            48.2 |        14 |      1131 |        16.67 |          159 |
| 2807901114 | 2807901 |       42.3 |         2 |            48.8 |      13.2 |      1635 |        16.18 |          217 |
| 2807901115 | 2807901 |       43.3 |         2 |            46.2 |      15.8 |      1032 |        16.33 |          169 |
| 2807901116 | 2807901 |       42.2 |       1.9 |            54.3 |      13.1 |      1396 |        16.66 |          202 |
| 2807901117 | 2807901 |       44.1 |         2 |            44.2 |      15.7 |      1686 |        16.33 |          232 |
| 2807901118 | 2807901 |       43.2 |       1.9 |            47.5 |      15.8 |       872 |        16.05 |          139 |
| 2807901119 | 2807901 |       41.3 |       1.9 |            51.5 |      12.4 |      1070 |        15.41 |          160 |
| 2807901120 | 2807901 |       42.9 |       1.9 |            50.8 |      16.6 |       843 |        15.59 |          124 |
| 2807901121 | 2807901 |       43.3 |         2 |            45.7 |      16.2 |      1807 |           15 |          237 |
| 2807901123 | 2807901 |       44.9 |       1.9 |            48.9 |      19.2 |       772 |        14.92 |           82 |
| 2807901124 | 2807901 |       43.7 |       2.1 |            44.2 |      18.5 |       764 |        16.49 |           78 |
| 2807902001 | 2807902 |       44.6 |       1.9 |            45.6 |      17.3 |      1157 |        15.64 |          182 |
| 2807902002 | 2807902 |       48.4 |         2 |            47.2 |      26.4 |      1436 |        15.39 |          187 |
| 2807902003 | 2807902 |       49.7 |       2.4 |            31.2 |      30.2 |      1141 |        12.02 |           69 |
| 2807902004 | 2807902 |       45.6 |       2.5 |            28.4 |      22.6 |       989 |        13.16 |           66 |
| 2807902005 | 2807902 |       48.4 |       2.3 |            33.6 |      25.6 |       797 |        11.78 |           60 |
| 2807902006 | 2807902 |       47.6 |       2.3 |            30.2 |      25.1 |      2104 |        13.64 |          199 |
| 2807902007 | 2807902 |       46.6 |       2.7 |            23.2 |      24.7 |       748 |        12.37 |           29 |
| 2807902008 | 2807902 |       46.6 |       2.1 |            39.2 |      24.2 |      1616 |         14.2 |          177 |
| 2807902009 | 2807902 |       45.5 |       2.2 |            36.1 |      17.8 |      1870 |        15.34 |          184 |
| 2807902010 | 2807902 |         46 |       2.4 |            29.2 |        23 |      1066 |        13.06 |           78 |
| 2807902011 | 2807902 |       44.6 |       2.5 |            24.4 |      21.9 |      1178 |        13.93 |           91 |
| 2807902013 | 2807902 |       50.2 |       2.1 |            39.1 |      32.9 |      1150 |        15.33 |          103 |
| 2807902014 | 2807902 |         45 |       2.1 |              40 |        22 |      1139 |        14.14 |          155 |
| 2807902015 | 2807902 |       43.7 |       2.4 |            33.7 |      18.3 |      1588 |        15.22 |          138 |
| 2807902016 | 2807902 |       46.8 |       2.4 |            28.6 |      26.5 |      1917 |        13.15 |          102 |
| 2807902017 | 2807902 |       48.1 |       2.5 |            22.9 |      29.1 |      1761 |        13.63 |          128 |
| 2807902018 | 2807902 |       46.7 |       2.4 |            32.9 |      24.8 |      1963 |        14.97 |          153 |
| 2807902019 | 2807902 |       47.8 |       2.3 |            34.8 |      23.2 |      1464 |        15.27 |          135 |
| 2807902020 | 2807902 |       46.9 |       2.2 |            34.5 |      23.1 |      1099 |           15 |           98 |
| 2807902021 | 2807902 |       45.6 |         2 |            41.8 |      21.9 |      1063 |         14.4 |          149 |
| 2807902022 | 2807902 |       43.9 |         2 |            44.7 |      18.4 |      1037 |        15.59 |          136 |
| 2807902023 | 2807902 |       46.3 |       2.1 |            41.5 |        23 |      1181 |        13.79 |           95 |
| 2807902024 | 2807902 |       47.6 |         2 |              43 |      23.6 |      1629 |         14.6 |          191 |
| 2807902025 | 2807902 |       44.1 |       2.3 |            37.3 |      22.7 |       807 |        13.71 |           51 |
| 2807902026 | 2807902 |         48 |         2 |            43.3 |      27.4 |      1305 |        14.29 |          140 |
| 2807902027 | 2807902 |       49.5 |       2.3 |            29.4 |      32.8 |       967 |        12.94 |           85 |
| 2807902028 | 2807902 |         44 |       1.9 |            51.1 |      16.1 |       913 |        15.71 |          171 |
| 2807902029 | 2807902 |       42.2 |       2.1 |            40.3 |      14.1 |       736 |        15.63 |          148 |
| 2807902030 | 2807902 |         49 |       2.2 |            34.3 |      29.7 |      1262 |         12.6 |          120 |
| 2807902031 | 2807902 |       50.3 |       2.4 |            27.8 |      35.6 |      1096 |        12.83 |           47 |
| 2807902032 | 2807902 |       48.5 |       2.2 |            32.7 |      29.9 |       619 |           13 |           37 |
| 2807902033 | 2807902 |       44.7 |       2.2 |            36.2 |      24.1 |      1252 |        12.48 |          113 |
| 2807902034 | 2807902 |       46.7 |       2.4 |            31.9 |      24.5 |       882 |        12.84 |           67 |
| 2807902035 | 2807902 |       46.1 |       2.3 |            36.5 |      24.5 |       977 |        11.83 |           84 |
| 2807902036 | 2807902 |       48.2 |       2.2 |            31.6 |      27.2 |       936 |        12.72 |           57 |
| 2807902037 | 2807902 |       48.5 |       2.3 |            30.8 |      26.8 |      1240 |         12.1 |           72 |
| 2807902038 | 2807902 |       50.8 |       2.1 |            34.1 |      30.3 |       993 |        12.99 |           57 |
| 2807902039 | 2807902 |       44.9 |       2.3 |            34.6 |      23.5 |       729 |        12.41 |           64 |
| 2807902040 | 2807902 |       47.8 |       2.1 |            35.5 |      27.1 |      1673 |        12.95 |          159 |
| 2807902041 | 2807902 |       44.6 |       2.1 |              43 |      17.7 |      1952 |        14.78 |          322 |
| 2807902042 | 2807902 |       47.1 |       2.2 |            35.1 |      26.4 |      1756 |        14.04 |          194 |
| 2807902043 | 2807902 |       47.4 |       2.3 |            35.3 |        26 |       986 |        13.18 |           84 |
| 2807902044 | 2807902 |       44.6 |       2.5 |            29.9 |        20 |      1706 |        12.55 |          142 |
| 2807902045 | 2807902 |       43.3 |       2.5 |            32.3 |      19.1 |      1085 |        12.77 |           98 |
| 2807902046 | 2807902 |       43.2 |       2.2 |            45.9 |      16.2 |      1276 |        15.98 |          198 |
| 2807902047 | 2807902 |       43.2 |       2.3 |              39 |      16.6 |      1525 |        15.49 |          254 |
| 2807902048 | 2807902 |       43.6 |       2.4 |            34.1 |      18.4 |      1207 |        13.49 |          140 |
| 2807902049 | 2807902 |       43.4 |       2.7 |            22.9 |      18.1 |      1676 |           14 |           85 |
| 2807902050 | 2807902 |       43.6 |       2.2 |            40.5 |      20.2 |      1547 |        14.69 |          167 |
| 2807902051 | 2807902 |       44.6 |       2.5 |            29.4 |      21.9 |      1911 |        13.58 |          129 |
| 2807902052 | 2807902 |       40.5 |       2.6 |            24.8 |      10.7 |      1664 |        13.33 |          114 |
| 2807902053 | 2807902 |         48 |       2.2 |            32.5 |      28.6 |      1637 |        13.41 |          134 |
| 2807902054 | 2807902 |       44.7 |       2.2 |            41.4 |      20.5 |      1144 |        14.76 |          122 |
| 2807902055 | 2807902 |       47.1 |       2.3 |            35.2 |      26.2 |      1203 |        12.65 |          102 |
| 2807902056 | 2807902 |       46.2 |       2.2 |            38.1 |      23.3 |      1080 |        13.11 |          109 |
| 2807902057 | 2807902 |         45 |       2.4 |            35.1 |        21 |      1490 |         14.4 |          160 |
| 2807902058 | 2807902 |       45.1 |       2.1 |            42.6 |      21.7 |      1582 |        16.44 |          228 |
| 2807902059 | 2807902 |       47.5 |       2.3 |            31.9 |      26.7 |       712 |         12.9 |           76 |
| 2807902060 | 2807902 |       46.8 |       2.2 |            39.2 |      26.5 |      1293 |        13.56 |          127 |
| 2807902061 | 2807902 |       43.6 |         2 |            47.1 |      15.1 |       854 |        16.67 |          156 |
| 2807902062 | 2807902 |       43.5 |       2.2 |              42 |      19.2 |      1039 |        14.46 |          143 |
| 2807902063 | 2807902 |       45.1 |         2 |            44.1 |      19.7 |      1668 |        15.04 |          199 |
| 2807902064 | 2807902 |       46.8 |       2.1 |            40.9 |      25.2 |      1674 |        13.45 |          196 |
| 2807902065 | 2807902 |       46.1 |       1.9 |            49.3 |      20.9 |      1409 |        14.85 |          208 |
| 2807902066 | 2807902 |       44.4 |       2.2 |            37.2 |      18.8 |      2446 |         15.1 |          345 |
| 2807902067 | 2807902 |       41.7 |       2.1 |              44 |        13 |      1367 |        15.78 |          172 |
| 2807902068 | 2807902 |       44.9 |         2 |            46.3 |        18 |      1092 |        15.62 |          186 |
| 2807902069 | 2807902 |       46.9 |       2.3 |            35.2 |      23.7 |       873 |        14.44 |           67 |
| 2807902070 | 2807902 |       47.3 |       2.1 |              40 |      25.9 |      1287 |        13.36 |          140 |
| 2807902071 | 2807902 |       46.8 |       2.1 |            41.3 |      24.2 |      1382 |        15.13 |          142 |
| 2807902072 | 2807902 |       45.2 |       2.1 |            43.5 |      20.6 |      1624 |        14.94 |          223 |
| 2807902073 | 2807902 |       45.8 |       2.1 |            41.5 |      21.8 |      1757 |        15.45 |          227 |
| 2807902074 | 2807902 |       46.1 |       2.1 |              43 |      22.7 |      1708 |        14.18 |          268 |
| 2807902075 | 2807902 |       43.3 |       2.3 |            41.2 |      16.9 |      1887 |        14.98 |          214 |
| 2807902077 | 2807902 |       46.4 |       2.1 |            39.8 |      20.5 |      1131 |        14.72 |          162 |
| 2807902078 | 2807902 |       46.6 |       2.1 |              42 |        23 |       862 |        15.38 |          119 |
| 2807902079 | 2807902 |         48 |       2.2 |            39.9 |      26.6 |      1187 |        12.86 |          134 |
| 2807902080 | 2807902 |       49.3 |       2.2 |            34.8 |      30.3 |       874 |        13.09 |           77 |
| 2807902081 | 2807902 |       46.7 |       2.1 |            43.5 |        24 |      1090 |        13.54 |          157 |
| 2807902082 | 2807902 |       43.7 |       2.1 |            46.3 |      17.6 |      1184 |        14.89 |          199 |
| 2807902083 | 2807902 |       37.7 |       2.6 |            26.6 |       9.7 |      1950 |        14.17 |           92 |
| 2807902085 | 2807902 |       49.4 |       2.5 |            20.2 |      36.6 |      1204 |         12.6 |           68 |
| 2807902086 | 2807902 |       47.8 |       2.2 |            36.9 |      29.1 |      1292 |         16.2 |          166 |
| 2807902087 | 2807902 |       46.5 |       2.4 |            30.4 |      24.2 |      2141 |        14.41 |          160 |
| 2807902088 | 2807902 |       46.2 |       2.3 |            35.2 |      24.7 |       700 |        12.52 |           70 |
| 2807902089 | 2807902 |       48.9 |       2.3 |            32.6 |      32.9 |      1078 |        14.71 |           71 |
| 2807902090 | 2807902 |       45.1 |       2.5 |            27.8 |      18.1 |      1777 |        13.85 |          108 |
| 2807902091 | 2807902 |       47.5 |       2.3 |            33.4 |      27.7 |      1112 |        13.94 |           99 |
| 2807902092 | 2807902 |       49.4 |       2.2 |            34.9 |      30.7 |      1855 |        13.63 |          152 |
| 2807902093 | 2807902 |       45.8 |       2.6 |            21.3 |        22 |      1467 |        11.78 |           54 |
| 2807902094 | 2807902 |       48.9 |       2.7 |            18.9 |      32.9 |      1698 |        12.77 |           77 |
| 2807902095 | 2807902 |       43.2 |       2.4 |            30.6 |      15.9 |      1710 |        15.17 |          159 |
| 2807902096 | 2807902 |       44.5 |       2.7 |            21.3 |      17.4 |      1689 |           16 |           97 |
| 2807902097 | 2807902 |       39.4 |       2.6 |            27.1 |       8.9 |      1131 |        16.02 |           79 |
| 2807902098 | 2807902 |       38.2 |       2.3 |            29.1 |       7.9 |      1293 |        14.68 |          109 |
| 2807902099 | 2807902 |         35 |       2.6 |            27.4 |       4.8 |      2049 |        15.01 |          160 |
| 2807902100 | 2807902 |       40.2 |       2.4 |              31 |       9.3 |      1682 |        14.61 |          128 |
| 2807902101 | 2807902 |       36.8 |       2.6 |            26.2 |       7.3 |      1609 |        15.07 |          131 |
| 2807902102 | 2807902 |         43 |       2.8 |            21.5 |      13.3 |      1710 |        12.02 |           93 |
| 2807902103 | 2807902 |       37.2 |       2.4 |            32.1 |       8.8 |      2539 |        15.78 |          346 |
| 2807902104 | 2807902 |       38.8 |       2.5 |            28.8 |      10.7 |      1382 |        16.67 |          432 |
| 2807902105 | 2807902 |       39.6 |       2.5 |              31 |      13.6 |      1665 |        16.39 |          266 |
| 2807902106 | 2807902 |       40.4 |       2.5 |            29.4 |      10.3 |      2338 |        15.64 |          260 |
| 2807902107 | 2807902 |       45.5 |       2.5 |            27.5 |      22.9 |      1331 |        14.81 |          115 |
| 2807902108 | 2807902 |         48 |       2.3 |            35.3 |      23.2 |       967 |        16.13 |           89 |
| 2807902109 | 2807902 |       46.2 |       2.2 |              38 |      21.2 |      1411 |        16.09 |          155 |
| 2807902110 | 2807902 |       39.1 |       2.5 |            29.3 |       8.7 |      1593 |        16.17 |          177 |
| 2807902111 | 2807902 |       41.2 |       2.3 |              32 |       9.5 |      1319 |        14.75 |          164 |
| 2807902112 | 2807902 |       42.8 |       2.5 |            28.9 |      14.3 |      1519 |        14.36 |          113 |
| 2807902113 | 2807902 |       34.6 |       2.8 |            24.7 |       6.7 |      1639 |         null |         null |
| 2807902114 | 2807902 |       38.9 |       2.1 |            41.4 |       8.1 |      1156 |         null |         null |
| 2807903001 | 2807903 |       48.5 |       2.4 |            27.9 |      26.4 |      1673 |        14.03 |          124 |
| 2807903002 | 2807903 |       45.6 |       2.1 |              42 |        21 |       918 |        14.13 |          106 |
| 2807903003 | 2807903 |       47.1 |       2.3 |            33.9 |      25.7 |       912 |        14.67 |           68 |
| 2807903004 | 2807903 |       45.4 |         2 |            46.6 |        21 |       998 |        15.41 |          180 |
| 2807903005 | 2807903 |       45.4 |         2 |            43.5 |      20.5 |       694 |        14.99 |          100 |
| 2807903006 | 2807903 |       51.2 |       2.2 |            33.4 |      35.8 |      2018 |        13.16 |          172 |
| 2807903007 | 2807903 |       43.9 |       2.1 |            47.6 |      16.6 |       975 |        15.98 |          184 |
| 2807903008 | 2807903 |       47.6 |         2 |            44.2 |      27.8 |      1057 |        14.13 |          122 |
| 2807903009 | 2807903 |       48.5 |       2.2 |            38.2 |      30.8 |       999 |        14.26 |          108 |
| 2807903010 | 2807903 |       50.3 |       2.1 |            36.5 |        33 |      1025 |        13.51 |          109 |
| 2807903011 | 2807903 |       46.7 |       2.1 |            38.1 |      25.1 |      1036 |        12.99 |           98 |
| 2807903012 | 2807903 |       47.6 |       2.2 |            38.6 |      25.3 |      1007 |        13.98 |           83 |
| 2807903013 | 2807903 |       46.7 |       2.2 |            39.2 |      24.4 |      1006 |        13.95 |           71 |
| 2807903014 | 2807903 |       46.3 |       2.3 |            35.8 |      23.5 |      1228 |        14.22 |           95 |
| 2807903015 | 2807903 |       46.8 |       2.3 |            35.6 |      24.7 |      1047 |        15.63 |           94 |
| 2807903016 | 2807903 |       45.2 |       2.1 |            42.2 |      19.9 |       809 |        16.47 |           90 |
| 2807903017 | 2807903 |       48.5 |       2.3 |              32 |      29.2 |      1200 |        13.16 |          107 |
| 2807903018 | 2807903 |       49.5 |         2 |            42.9 |      30.6 |      1812 |        14.12 |          214 |
| 2807903019 | 2807903 |       50.8 |       2.3 |            34.9 |      33.4 |      1806 |        12.86 |          141 |
| 2807903020 | 2807903 |       46.2 |       2.1 |              43 |      23.5 |      1300 |        14.89 |          185 |
| 2807903021 | 2807903 |         45 |       2.1 |            42.4 |      21.6 |      1867 |        13.94 |          190 |
| 2807903022 | 2807903 |       45.4 |       2.1 |            41.4 |        21 |      1074 |         16.3 |          199 |
| 2807903023 | 2807903 |       47.6 |       2.1 |            37.9 |      27.4 |       943 |         14.4 |          100 |
| 2807903024 | 2807903 |       48.3 |       2.3 |            31.1 |      28.9 |      1221 |        13.77 |          102 |
| 2807903025 | 2807903 |       44.9 |         2 |            42.7 |      19.4 |      1380 |        15.24 |          280 |
| 2807903026 | 2807903 |       47.3 |       2.2 |            36.8 |      23.4 |      1688 |        13.33 |          171 |
| 2807903027 | 2807903 |         46 |       2.2 |              34 |      23.7 |      1213 |        12.57 |          130 |
| 2807903028 | 2807903 |       45.1 |       2.3 |            33.1 |      24.5 |      1439 |        14.63 |          124 |
| 2807903029 | 2807903 |       45.2 |       2.5 |            28.4 |      24.3 |      1602 |        14.81 |          102 |
| 2807903030 | 2807903 |       51.1 |       2.8 |              19 |      39.6 |       791 |        12.71 |           18 |
| 2807903031 | 2807903 |       47.5 |       2.4 |            34.3 |      27.2 |      1098 |        12.62 |           74 |
| 2807903032 | 2807903 |       50.2 |       2.2 |            35.7 |      32.4 |      1043 |        15.77 |           92 |
| 2807903033 | 2807903 |       49.6 |       2.4 |            30.3 |      31.3 |      1433 |         12.7 |          107 |
| 2807903034 | 2807903 |       47.8 |       2.7 |            24.6 |      29.8 |      1358 |        12.29 |           57 |
| 2807903035 | 2807903 |       48.5 |       2.5 |            27.5 |      29.1 |      1129 |        12.59 |           63 |
| 2807903036 | 2807903 |       48.2 |       2.8 |            20.9 |      29.7 |       896 |        12.27 |           21 |
| 2807903037 | 2807903 |       47.7 |       2.9 |            18.1 |      32.5 |      1321 |        11.16 |           31 |
| 2807903038 | 2807903 |       49.9 |       2.8 |            20.4 |      37.1 |      1048 |        10.66 |           22 |
| 2807903039 | 2807903 |       48.4 |       2.8 |            21.3 |      32.3 |       841 |        11.21 |           10 |
| 2807903040 | 2807903 |       49.1 |       2.9 |            19.7 |      33.4 |       776 |        10.61 |           12 |
| 2807903041 | 2807903 |       48.2 |       2.4 |            34.1 |      28.4 |      1142 |        13.06 |           79 |
| 2807903042 | 2807903 |       47.2 |       2.4 |            33.8 |      26.8 |      1138 |        13.16 |           70 |
| 2807903044 | 2807903 |       46.1 |       2.5 |            29.2 |      26.3 |      1142 |        12.57 |           55 |
| 2807903045 | 2807903 |       50.7 |       2.5 |            26.3 |      36.2 |       979 |        14.29 |           54 |
| 2807903046 | 2807903 |       46.7 |       2.6 |            23.3 |        29 |       909 |         14.2 |           66 |
| 2807903047 | 2807903 |       45.7 |       2.4 |              33 |        23 |      1565 |        13.86 |          122 |
| 2807903048 | 2807903 |         45 |       2.4 |            35.1 |      23.6 |      1092 |        15.09 |          154 |
| 2807903049 | 2807903 |       47.8 |       2.5 |            25.1 |      28.5 |      1809 |        12.59 |           88 |
| 2807903050 | 2807903 |       47.3 |       2.1 |              45 |      25.6 |      1372 |        15.95 |          231 |
| 2807903051 | 2807903 |       47.5 |       2.4 |            35.5 |      25.5 |      1100 |         16.2 |           69 |
| 2807903052 | 2807903 |       45.2 |       2.4 |            33.4 |      24.5 |       986 |        15.41 |           86 |
| 2807903053 | 2807903 |       44.7 |       2.4 |            32.2 |      22.7 |      1386 |        14.31 |           91 |
| 2807903054 | 2807903 |       48.4 |       2.3 |            34.8 |      27.9 |      1307 |        16.67 |          102 |
| 2807903055 | 2807903 |       46.5 |         2 |            45.4 |      23.1 |       935 |        19.85 |          229 |
| 2807903056 | 2807903 |       44.6 |       2.5 |            30.9 |      23.3 |      1101 |        14.59 |           62 |
| 2807903057 | 2807903 |       46.3 |       2.4 |            34.7 |      25.7 |      1076 |        14.95 |           86 |
| 2807903058 | 2807903 |       46.8 |       2.1 |            43.8 |      24.5 |      1188 |        18.44 |          207 |
| 2807903059 | 2807903 |       45.6 |       2.3 |            37.2 |      23.4 |      1129 |        15.12 |          100 |
| 2807903060 | 2807903 |       43.4 |       2.2 |            37.7 |      20.5 |       795 |         16.6 |           86 |
| 2807903061 | 2807903 |       47.6 |       1.9 |            48.9 |      27.2 |       853 |        18.64 |          155 |
| 2807903062 | 2807903 |       null |      null |            null |      null |      null |         null |         null |
| 2807903063 | 2807903 |       45.7 |       2.3 |            38.7 |      23.6 |       776 |        14.84 |           60 |
| 2807903064 | 2807903 |         48 |       2.4 |            31.2 |      29.4 |       941 |        14.71 |           60 |
| 2807903065 | 2807903 |       46.1 |       2.4 |            32.6 |      24.5 |      1460 |        15.89 |          139 |
| 2807903066 | 2807903 |         47 |       2.3 |            35.1 |      24.8 |       903 |        15.79 |           91 |
| 2807903067 | 2807903 |       46.4 |       2.3 |            35.1 |      26.3 |      1205 |        16.94 |          110 |
| 2807903069 | 2807903 |       43.8 |       2.7 |            31.8 |      17.9 |       828 |        15.31 |           50 |
| 2807903070 | 2807903 |       46.4 |       2.4 |            37.3 |      23.6 |       686 |        18.98 |           58 |
| 2807903071 | 2807903 |       48.1 |       2.3 |            39.8 |      27.2 |      1374 |        15.27 |          164 |
| 2807903073 | 2807903 |       47.4 |       2.5 |            30.1 |      27.5 |      1623 |        13.98 |          101 |
| 2807903074 | 2807903 |         49 |       2.4 |            31.8 |      30.5 |      1097 |        13.98 |           56 |
| 2807903076 | 2807903 |       50.6 |       2.4 |            27.8 |      32.1 |      1025 |        13.34 |           70 |
| 2807903077 | 2807903 |       47.7 |       2.6 |            30.1 |      27.7 |      1598 |        15.68 |          145 |
| 2807903078 | 2807903 |       47.1 |       2.6 |            28.9 |      27.1 |      1483 |        15.69 |           98 |
| 2807903079 | 2807903 |       47.5 |       2.2 |            36.9 |      28.7 |      1264 |        14.19 |          108 |
| 2807903080 | 2807903 |       45.3 |       2.8 |            25.2 |      26.1 |      1762 |        13.93 |           88 |
| 2807903081 | 2807903 |         47 |         3 |            20.1 |      29.6 |      1825 |        16.31 |           53 |
| 2807903082 | 2807903 |       45.7 |       2.9 |            21.6 |      26.1 |      1399 |        15.91 |           57 |
| 2807903084 | 2807903 |       44.8 |       2.7 |            25.7 |      23.8 |      1521 |        14.19 |          100 |
| 2807903085 | 2807903 |       48.2 |       2.5 |            31.6 |      32.7 |       848 |        17.14 |           54 |
| 2807903086 | 2807903 |       46.9 |       2.4 |            35.6 |      26.3 |      1025 |         16.6 |          116 |
| 2807903087 | 2807903 |         47 |       2.6 |            27.1 |      28.4 |      1667 |        15.35 |          114 |
| 2807903088 | 2807903 |       45.9 |       2.3 |            34.7 |      25.2 |       632 |        13.56 |           62 |
| 2807903089 | 2807903 |       50.7 |       2.6 |            23.3 |      36.1 |      1770 |        11.98 |           78 |
| 2807903090 | 2807903 |       51.4 |       2.7 |            15.1 |      42.7 |      1092 |        12.68 |           22 |
| 2807903091 | 2807903 |       50.3 |       2.8 |            19.7 |      37.9 |      1606 |        11.67 |           54 |
| 2807903092 | 2807903 |         46 |       2.6 |            24.7 |        27 |      2192 |        13.21 |          128 |
| 2807903093 | 2807903 |       51.3 |       2.7 |            18.9 |      40.9 |      1167 |        11.96 |           34 |
| 2807903094 | 2807903 |       49.2 |       2.9 |            13.7 |      34.6 |       786 |        11.04 |           28 |
| 2807903095 | 2807903 |       48.5 |       2.4 |            29.8 |      25.9 |      1841 |        13.56 |          105 |
| 2807903096 | 2807903 |       45.2 |       2.4 |              31 |      20.1 |      1944 |        15.56 |          172 |
| 2807903097 | 2807903 |       41.2 |       2.6 |            23.5 |      14.1 |      1292 |        14.07 |           66 |
| 2807903098 | 2807903 |       42.9 |       2.2 |            35.5 |        16 |      1911 |        15.09 |          237 |
| 2807903099 | 2807903 |       44.8 |       2.1 |            39.9 |      22.4 |      1395 |        14.98 |          154 |
| 2807903100 | 2807903 |       47.2 |       2.4 |            29.9 |      22.4 |      1179 |        14.06 |           84 |
| 2807903101 | 2807903 |       39.3 |       2.5 |            29.2 |        15 |      1391 |         null |         null |
| 2807904001 | 2807904 |       45.3 |         2 |            48.3 |      22.6 |      1074 |        20.39 |          135 |
| 2807904002 | 2807904 |       47.2 |       2.3 |            37.5 |      26.1 |      1012 |        19.01 |          105 |
| 2807904003 | 2807904 |       46.1 |       2.2 |            41.1 |      23.8 |       817 |        19.84 |          106 |
| 2807904004 | 2807904 |       46.9 |       2.3 |              42 |      23.2 |       914 |        19.13 |          108 |
| 2807904005 | 2807904 |       45.8 |       2.3 |            41.5 |      24.1 |       780 |        17.05 |           60 |
| 2807904006 | 2807904 |       45.6 |       2.2 |            44.2 |      24.8 |       952 |        22.23 |           90 |
| 2807904007 | 2807904 |       44.1 |       2.1 |              48 |      21.2 |      1343 |        19.47 |          156 |
| 2807904008 | 2807904 |       43.4 |         2 |            52.1 |      19.5 |      1088 |        20.45 |          133 |
| 2807904009 | 2807904 |       47.8 |       2.6 |            30.6 |      28.9 |      1694 |        17.39 |          126 |
| 2807904010 | 2807904 |       43.4 |       2.6 |              35 |      20.5 |       766 |        15.83 |           54 |
| 2807904011 | 2807904 |       44.8 |       2.3 |              40 |      21.9 |      1418 |        18.92 |          169 |
| 2807904012 | 2807904 |       46.6 |       2.4 |            37.2 |      24.9 |      1248 |        18.87 |          103 |
| 2807904013 | 2807904 |       46.6 |       2.4 |            36.1 |      23.5 |       877 |        17.26 |           87 |
| 2807904014 | 2807904 |       46.4 |       2.3 |            40.3 |      25.7 |      1185 |        18.83 |          162 |
| 2807904015 | 2807904 |       46.8 |       2.3 |            37.2 |      25.5 |      1261 |        17.79 |          108 |
| 2807904016 | 2807904 |       43.9 |       2.2 |            44.3 |      22.6 |      1371 |        19.35 |          213 |
| 2807904017 | 2807904 |       46.2 |       2.2 |            39.6 |        26 |      1310 |        17.07 |          182 |
| 2807904018 | 2807904 |       46.9 |       2.2 |              39 |      26.4 |      1229 |        15.15 |          131 |
| 2807904019 | 2807904 |       45.1 |       2.2 |            40.9 |      23.4 |       713 |         15.3 |           70 |
| 2807904020 | 2807904 |       45.4 |       2.1 |            40.9 |      24.4 |       770 |        19.26 |           82 |
| 2807904021 | 2807904 |       45.1 |       2.2 |            41.3 |        22 |       838 |        15.75 |          124 |
| 2807904023 | 2807904 |       46.2 |       2.1 |            44.4 |      25.3 |       855 |        17.46 |          145 |
| 2807904024 | 2807904 |       44.3 |         2 |              45 |      19.6 |      1273 |        17.32 |          200 |
| 2807904025 | 2807904 |       45.3 |         2 |              46 |      25.1 |       898 |        17.49 |          207 |
| 2807904026 | 2807904 |         47 |       2.2 |            38.3 |      26.2 |       869 |        17.46 |          108 |
| 2807904027 | 2807904 |       43.3 |       2.3 |            36.5 |      19.7 |      1530 |        15.36 |          238 |
| 2807904028 | 2807904 |       44.7 |       2.1 |            41.6 |      21.3 |      1421 |        18.66 |          204 |
| 2807904029 | 2807904 |         46 |       2.3 |            36.9 |      27.1 |      1396 |        16.37 |          144 |
| 2807904030 | 2807904 |       46.2 |       2.3 |            40.3 |      25.3 |      1387 |        18.75 |          150 |
| 2807904031 | 2807904 |         46 |       2.4 |              36 |      24.5 |       874 |         14.1 |          113 |
| 2807904032 | 2807904 |       44.8 |       2.2 |            40.2 |      21.6 |       835 |        15.01 |           96 |
| 2807904033 | 2807904 |         46 |       2.3 |              35 |      24.7 |      1078 |        14.91 |          101 |
| 2807904034 | 2807904 |         44 |       2.3 |            35.4 |      21.6 |      1591 |        14.88 |          152 |
| 2807904035 | 2807904 |       44.2 |       2.1 |            39.6 |      20.9 |      1449 |        16.98 |          211 |
| 2807904036 | 2807904 |       47.2 |       2.3 |              37 |      26.3 |       699 |        14.82 |           60 |
| 2807904037 | 2807904 |       46.2 |       2.1 |              38 |      23.9 |       800 |        15.56 |          121 |
| 2807904038 | 2807904 |       45.9 |       2.2 |            38.7 |      23.6 |      1071 |        18.18 |          157 |
| 2807904039 | 2807904 |       47.2 |       2.1 |            43.1 |        27 |       767 |        15.57 |          101 |
| 2807904040 | 2807904 |       48.2 |       2.3 |            36.7 |      29.1 |       754 |        14.29 |           59 |
| 2807904041 | 2807904 |       47.8 |       2.1 |            38.7 |      25.6 |       927 |        16.98 |          131 |
| 2807904042 | 2807904 |       46.5 |       2.6 |            30.6 |      25.5 |      1376 |        14.93 |           75 |
| 2807904043 | 2807904 |       44.3 |       2.6 |            28.2 |      20.2 |      1343 |        16.03 |          100 |
| 2807904044 | 2807904 |       44.3 |       2.6 |            30.8 |      22.2 |      1630 |         15.1 |          132 |
| 2807904045 | 2807904 |       46.1 |       2.1 |            43.7 |        23 |      1412 |        16.26 |          170 |
| 2807904046 | 2807904 |       50.1 |       2.1 |            37.4 |      30.8 |       608 |        12.68 |           73 |
| 2807904047 | 2807904 |       50.2 |       2.3 |              34 |      33.5 |      1056 |        14.31 |           70 |
| 2807904048 | 2807904 |       46.3 |       2.2 |            39.8 |      23.7 |       959 |        14.11 |          135 |
| 2807904049 | 2807904 |       46.1 |         2 |            46.8 |      22.6 |      1316 |        15.71 |          198 |
| 2807904050 | 2807904 |       43.1 |       2.3 |            38.5 |      20.1 |       735 |        15.15 |          102 |
| 2807904051 | 2807904 |       43.2 |       2.2 |            37.9 |      18.5 |      1332 |        15.48 |          137 |
| 2807904052 | 2807904 |       46.2 |       2.1 |            40.2 |      23.4 |      1078 |         16.1 |          145 |
| 2807904053 | 2807904 |       48.6 |       2.1 |              40 |      27.7 |      1208 |        14.39 |          155 |
| 2807904054 | 2807904 |       48.1 |       2.4 |            31.8 |      27.6 |      1271 |        13.11 |           77 |
| 2807904055 | 2807904 |       46.9 |       2.2 |            37.6 |        26 |      1638 |        15.22 |          220 |
| 2807904056 | 2807904 |       45.9 |       2.2 |            37.1 |      25.1 |      1529 |        15.75 |          143 |
| 2807904057 | 2807904 |       45.7 |       2.1 |            42.4 |      24.3 |      1141 |        14.84 |          137 |
| 2807904058 | 2807904 |       46.1 |       2.2 |            42.3 |      23.2 |      1238 |        15.32 |          172 |
| 2807904060 | 2807904 |       47.5 |       2.2 |            39.8 |      26.8 |      1314 |        14.22 |          135 |
| 2807904061 | 2807904 |       46.9 |       2.5 |            34.1 |      27.1 |      1419 |        13.13 |          124 |
| 2807904062 | 2807904 |       45.8 |       2.3 |            36.8 |      23.2 |      1283 |        15.62 |          122 |
| 2807904063 | 2807904 |       45.4 |       2.3 |            38.3 |      23.3 |      1476 |        16.39 |          129 |
| 2807904064 | 2807904 |       46.5 |       2.1 |              40 |      26.4 |      1091 |        15.53 |          139 |
| 2807904065 | 2807904 |       46.6 |       2.2 |              41 |      24.7 |      1610 |        16.65 |          201 |
| 2807904067 | 2807904 |         47 |       2.1 |            41.6 |      25.3 |      1118 |        15.65 |          158 |
| 2807904068 | 2807904 |       46.2 |       2.3 |              38 |        25 |      1028 |        15.72 |          107 |
| 2807904069 | 2807904 |       45.6 |       2.3 |              37 |      22.9 |      1541 |        13.67 |          140 |
| 2807904070 | 2807904 |       46.4 |       2.2 |            36.1 |      24.3 |      1189 |        13.83 |          115 |
| 2807904071 | 2807904 |         45 |       2.3 |            35.4 |      20.6 |      1089 |        13.36 |           86 |
| 2807904072 | 2807904 |       48.7 |       2.3 |              31 |      27.9 |       674 |         13.4 |           44 |
| 2807904073 | 2807904 |       48.2 |       2.4 |            33.6 |      28.4 |      1393 |           15 |          111 |
| 2807904074 | 2807904 |       49.1 |       2.3 |            33.2 |      29.5 |      1074 |        12.93 |           79 |
| 2807904075 | 2807904 |       47.7 |       2.7 |            23.8 |      26.7 |       976 |        12.19 |           36 |
| 2807904076 | 2807904 |         50 |       2.9 |            18.4 |      30.1 |       890 |        10.21 |           26 |
| 2807904077 | 2807904 |       48.8 |       2.9 |            20.9 |      28.8 |      1078 |         8.82 |           19 |
| 2807904078 | 2807904 |       47.6 |       2.8 |            20.7 |      28.5 |       671 |        10.25 |           14 |
| 2807904079 | 2807904 |       48.9 |       2.8 |            20.9 |      29.7 |      1076 |        10.08 |           29 |
| 2807904080 | 2807904 |         47 |       2.9 |            23.9 |      25.2 |       737 |          9.8 |           14 |
| 2807904081 | 2807904 |       48.9 |       2.8 |            20.9 |      28.8 |      1039 |        10.89 |           16 |
| 2807904082 | 2807904 |       46.4 |       2.6 |            25.3 |      25.2 |       852 |        10.09 |           34 |
| 2807904083 | 2807904 |       44.1 |       2.6 |            26.6 |      22.8 |       762 |        10.53 |           53 |
| 2807904084 | 2807904 |       48.4 |       2.5 |            27.5 |      28.8 |       772 |        12.18 |           43 |
| 2807904085 | 2807904 |       41.6 |       2.3 |            37.8 |      15.8 |      2336 |        15.37 |          290 |
| 2807904086 | 2807904 |       46.2 |       2.1 |            44.6 |      25.4 |      1503 |        15.74 |          218 |
| 2807904087 | 2807904 |       44.2 |       2.1 |            42.4 |      19.8 |      2399 |        16.35 |          345 |
| 2807904088 | 2807904 |       45.8 |       2.1 |            42.1 |      24.5 |      2042 |        15.75 |          278 |
| 2807904089 | 2807904 |       46.2 |         2 |            44.1 |      22.2 |       751 |        15.05 |           97 |
| 2807904090 | 2807904 |       44.7 |       2.1 |            45.4 |      21.4 |      1212 |        15.42 |          172 |
| 2807904091 | 2807904 |       43.3 |       1.9 |            49.7 |      17.9 |      1525 |        17.13 |          338 |
| 2807904092 | 2807904 |       45.9 |       1.9 |            47.2 |      24.4 |       946 |        16.27 |          156 |
| 2807904093 | 2807904 |       42.1 |       2.2 |            38.7 |      16.9 |      1254 |        14.95 |          222 |
| 2807904094 | 2807904 |       46.5 |       2.3 |              36 |      27.2 |      1447 |        14.69 |          156 |
| 2807904095 | 2807904 |       null |      null |            null |      null |      null |        16.08 |          148 |
| 2807904096 | 2807904 |       43.8 |       2.2 |            42.1 |      21.6 |      1491 |        16.73 |           84 |
| 2807904097 | 2807904 |       42.6 |       2.4 |            39.3 |      19.1 |      1044 |        17.37 |          151 |
| 2807904098 | 2807904 |       47.8 |       2.4 |            31.5 |      29.7 |      1306 |        15.56 |           99 |
| 2807904099 | 2807904 |       46.2 |       2.3 |            38.4 |      25.6 |      1096 |        16.36 |          142 |
| 2807904100 | 2807904 |       46.2 |       2.4 |            32.8 |      25.5 |       748 |        15.91 |           56 |
| 2807904101 | 2807904 |       44.4 |         2 |            45.4 |      21.1 |       874 |        18.37 |          196 |
| 2807904102 | 2807904 |       43.6 |       2.1 |            46.2 |      21.5 |      1081 |         18.2 |          160 |
| 2807904103 | 2807904 |       46.8 |       1.9 |              48 |      25.5 |      1227 |        17.37 |          256 |
| 2807904104 | 2807904 |       46.4 |       2.2 |            41.7 |      25.3 |      1141 |         16.3 |          157 |
| 2807904105 | 2807904 |       46.1 |       2.2 |            38.2 |      25.5 |      1084 |        14.57 |          117 |
| 2807904106 | 2807904 |         45 |       2.2 |            39.8 |      22.6 |      1105 |        16.43 |          159 |
| 2807904107 | 2807904 |       44.9 |       2.5 |            32.5 |      22.4 |       724 |        15.64 |           51 |
| 2807904108 | 2807904 |       44.2 |       2.1 |            42.8 |      21.8 |       935 |        17.44 |          117 |
| 2807904109 | 2807904 |         46 |       2.3 |            39.2 |      25.6 |      1590 |        15.14 |          163 |
| 2807904110 | 2807904 |       44.8 |       2.2 |            39.1 |      23.7 |      1130 |        16.59 |           78 |
| 2807904111 | 2807904 |       45.1 |       2.6 |            29.4 |      23.2 |      1760 |        16.33 |          171 |
| 2807904112 | 2807904 |       45.1 |       2.2 |              44 |      23.8 |      1240 |        18.89 |          175 |
| 2807904113 | 2807904 |       44.7 |       2.3 |            37.2 |      23.5 |      1148 |        18.33 |          123 |
| 2807904114 | 2807904 |       46.4 |       2.5 |              39 |      27.4 |      1374 |        17.85 |           90 |
| 2807904115 | 2807904 |       47.3 |       2.8 |            27.7 |        29 |      1709 |        16.06 |           96 |
| 2807904116 | 2807904 |       44.3 |       2.3 |            39.9 |      21.7 |       862 |        21.06 |           85 |
| 2807904117 | 2807904 |       44.8 |       2.5 |              37 |      23.4 |       834 |        19.56 |           71 |
| 2807904118 | 2807904 |       45.9 |       2.6 |            36.4 |      24.8 |       796 |        16.55 |           68 |
| 2807904119 | 2807904 |       47.2 |       2.3 |            40.8 |      26.4 |      1339 |        19.09 |          187 |
| 2807904120 | 2807904 |       44.5 |       2.8 |            29.5 |      22.8 |       920 |        16.71 |           65 |
| 2807904121 | 2807904 |       45.1 |       2.6 |            33.6 |      24.3 |      1168 |        16.64 |           96 |
| 2807904123 | 2807904 |       42.8 |       2.3 |            39.1 |      20.8 |      1474 |         17.8 |          207 |
| 2807904124 | 2807904 |       42.2 |       1.9 |            55.3 |      18.6 |      1030 |           19 |          205 |
| 2807904126 | 2807904 |       45.8 |       2.3 |            41.5 |      25.9 |      1416 |        18.32 |          126 |
| 2807904127 | 2807904 |         42 |         2 |              49 |      21.3 |      1022 |         18.4 |          170 |
| 2807904128 | 2807904 |       42.3 |       2.1 |            42.7 |      20.3 |      1771 |        17.74 |          176 |
| 2807904129 | 2807904 |       null |      null |            null |      null |      null |        17.92 |          131 |
| 2807904130 | 2807904 |       42.5 |       2.3 |            41.8 |      19.1 |       740 |        19.93 |          104 |
| 2807904131 | 2807904 |         41 |       2.3 |            33.5 |      15.6 |      1222 |        16.25 |           98 |
| 2807905001 | 2807905 |       45.5 |         3 |            26.8 |      24.1 |      1099 |        22.23 |           66 |
| 2807905002 | 2807905 |       44.7 |         3 |            28.3 |      21.6 |      1516 |        17.67 |           72 |
| 2807905003 | 2807905 |       43.6 |       2.8 |            30.6 |      20.4 |      1950 |        16.94 |          164 |
| 2807905004 | 2807905 |       45.2 |       2.8 |            29.5 |      23.1 |      1450 |        16.03 |          131 |
| 2807905005 | 2807905 |       44.5 |       3.1 |            20.8 |      22.5 |      1451 |        14.71 |           50 |
| 2807905006 | 2807905 |       43.3 |         3 |            21.9 |      21.1 |      1246 |        16.66 |           56 |
| 2807905007 | 2807905 |       46.2 |       2.8 |            25.7 |      25.9 |      1814 |        14.86 |          100 |
| 2807905008 | 2807905 |       41.4 |       3.3 |            20.4 |      18.7 |      1527 |         17.9 |           67 |
| 2807905009 | 2807905 |       44.5 |       2.8 |            26.5 |      23.7 |      1166 |        16.24 |           46 |
| 2807905010 | 2807905 |         42 |       2.2 |            45.3 |      18.3 |       857 |        19.17 |          117 |
| 2807905011 | 2807905 |       43.4 |       2.2 |              41 |      20.1 |       865 |         14.9 |          141 |
| 2807905012 | 2807905 |       43.4 |       2.2 |            41.9 |      20.8 |      1128 |        17.46 |          171 |
| 2807905013 | 2807905 |       44.2 |       2.3 |            36.4 |      21.7 |       813 |        16.02 |          101 |
| 2807905014 | 2807905 |       45.6 |       2.2 |            40.2 |      23.8 |       985 |        14.19 |          120 |
| 2807905015 | 2807905 |       45.4 |       1.9 |            45.5 |      23.5 |      1067 |        17.51 |          229 |
| 2807905016 | 2807905 |       45.8 |         2 |            46.1 |      23.4 |       843 |        15.79 |          129 |
| 2807905017 | 2807905 |       46.4 |         2 |            45.1 |      24.6 |      1315 |        15.67 |          224 |
| 2807905018 | 2807905 |         47 |       2.1 |            44.7 |      24.1 |      1240 |         14.9 |          198 |
| 2807905019 | 2807905 |       47.6 |       2.2 |            39.1 |        26 |       911 |        14.84 |          125 |
| 2807905020 | 2807905 |       46.2 |       2.2 |            38.2 |      24.2 |      1203 |           14 |          143 |
| 2807905021 | 2807905 |         46 |       2.2 |            41.1 |      22.4 |       718 |        11.46 |           42 |
| 2807905022 | 2807905 |       45.4 |       2.3 |            33.2 |      23.3 |      1381 |         13.4 |          198 |
| 2807905023 | 2807905 |       45.3 |       2.4 |            35.1 |      24.2 |      1403 |         14.2 |          129 |
| 2807905024 | 2807905 |       50.1 |       2.3 |            34.3 |      31.2 |       826 |        13.85 |           53 |
| 2807905025 | 2807905 |       48.2 |       2.4 |            29.5 |      27.5 |      1109 |         13.3 |           94 |
| 2807905026 | 2807905 |       48.2 |       2.1 |            38.2 |      29.4 |      1593 |        14.02 |          183 |
| 2807905027 | 2807905 |       47.6 |       2.2 |            37.3 |      26.5 |      1660 |        14.03 |          212 |
| 2807905028 | 2807905 |         46 |       2.3 |            37.9 |      24.3 |      1872 |        14.24 |          220 |
| 2807905029 | 2807905 |       44.4 |       2.1 |              43 |      19.7 |      1704 |        15.34 |          277 |
| 2807905030 | 2807905 |       45.5 |         2 |            42.1 |      21.1 |      1240 |         13.2 |          180 |
| 2807905031 | 2807905 |         44 |       2.4 |            31.9 |      21.9 |      1029 |        13.31 |           87 |
| 2807905032 | 2807905 |       43.6 |       2.1 |            42.5 |      19.6 |      1451 |        14.75 |          270 |
| 2807905033 | 2807905 |         47 |       2.2 |            37.2 |      27.1 |      1991 |        15.59 |          257 |
| 2807905034 | 2807905 |       45.9 |       2.1 |              40 |      25.1 |      1862 |        15.71 |          262 |
| 2807905035 | 2807905 |       47.8 |       2.2 |            37.1 |      27.9 |      1158 |         13.9 |          190 |
| 2807905036 | 2807905 |       49.3 |       2.2 |            35.1 |      33.2 |      1582 |        14.58 |          168 |
| 2807905037 | 2807905 |         51 |       2.4 |            30.2 |      36.1 |      1169 |         14.7 |           70 |
| 2807905038 | 2807905 |       42.6 |         3 |            22.7 |      19.7 |      1915 |         16.2 |           24 |
| 2807905039 | 2807905 |       44.4 |       2.2 |            39.7 |      21.6 |      1846 |        17.08 |          232 |
| 2807905040 | 2807905 |       46.6 |       2.2 |            39.1 |        26 |       720 |        13.48 |           66 |
| 2807905041 | 2807905 |       43.3 |       2.3 |            34.4 |      18.8 |      1142 |        14.89 |          144 |
| 2807905042 | 2807905 |       47.2 |       2.2 |            38.4 |      27.2 |      1395 |        14.34 |          143 |
| 2807905043 | 2807905 |       48.2 |       2.1 |            37.9 |      29.6 |      1164 |        17.05 |          156 |
| 2807905044 | 2807905 |       46.1 |         2 |            43.5 |      25.4 |      1657 |        15.99 |          230 |
| 2807905045 | 2807905 |       44.9 |       2.2 |            36.2 |      22.1 |      1698 |        13.22 |          187 |
| 2807905046 | 2807905 |       44.5 |       2.2 |            40.5 |      20.1 |      1692 |         15.4 |          254 |
| 2807905047 | 2807905 |       44.1 |       2.2 |            38.7 |      20.2 |      1577 |        15.58 |          237 |
| 2807905048 | 2807905 |       47.3 |       2.4 |              34 |      25.1 |      1111 |        14.46 |          100 |
| 2807905049 | 2807905 |       49.3 |       2.4 |            28.9 |      31.4 |      1124 |        14.08 |          103 |
| 2807905051 | 2807905 |       48.3 |       2.4 |            34.4 |      29.2 |      1361 |        14.59 |          102 |
| 2807905052 | 2807905 |       45.8 |       2.6 |            28.5 |      24.7 |      1382 |         15.2 |           89 |
| 2807905053 | 2807905 |       43.6 |       3.1 |            21.1 |      21.3 |      2116 |        14.29 |           53 |
| 2807905054 | 2807905 |       46.6 |       2.5 |            30.5 |      25.8 |      1550 |        16.48 |          129 |
| 2807905055 | 2807905 |       44.9 |       2.4 |            34.7 |        23 |      1507 |        16.61 |          141 |
| 2807905056 | 2807905 |       46.8 |       2.3 |            36.9 |      26.7 |      1408 |        14.38 |          130 |
| 2807905057 | 2807905 |       47.5 |       2.3 |            35.6 |      27.1 |      1151 |        14.77 |          104 |
| 2807905058 | 2807905 |       47.2 |       2.3 |            36.4 |      25.8 |      1815 |        17.22 |          160 |
| 2807905059 | 2807905 |       44.8 |       2.2 |            39.8 |      21.7 |       720 |        14.42 |           90 |
| 2807905060 | 2807905 |       45.2 |       2.3 |            37.8 |      22.5 |      1370 |        14.86 |          177 |
| 2807905061 | 2807905 |       46.5 |       2.5 |            31.7 |      28.3 |      2097 |         16.2 |          215 |
| 2807905062 | 2807905 |       47.3 |       2.5 |            28.9 |      28.4 |      1675 |        15.49 |          152 |
| 2807905063 | 2807905 |       43.4 |       3.1 |            18.8 |      19.7 |       861 |        13.82 |           42 |
| 2807905064 | 2807905 |       43.2 |       2.4 |            35.6 |      22.2 |      1973 |        16.46 |          264 |
| 2807905065 | 2807905 |       45.4 |         2 |            46.1 |      22.6 |      1139 |        16.91 |          189 |
| 2807905066 | 2807905 |       44.7 |       2.6 |            32.1 |      24.1 |      1284 |        17.98 |          126 |
| 2807905067 | 2807905 |       44.7 |       2.6 |              32 |        24 |      2238 |        15.88 |          230 |
| 2807905068 | 2807905 |       43.1 |       2.9 |            26.3 |      20.8 |      1756 |        14.91 |          109 |
| 2807905069 | 2807905 |       44.7 |       2.6 |            29.4 |      25.5 |       883 |        18.11 |           96 |
| 2807905070 | 2807905 |       45.5 |       2.3 |              40 |      23.1 |      1943 |        16.98 |          290 |
| 2807905072 | 2807905 |       44.6 |       2.3 |            40.2 |      23.5 |      1628 |        16.73 |          270 |
| 2807905073 | 2807905 |       46.1 |       2.4 |            37.6 |      24.2 |      1626 |        15.37 |          178 |
| 2807905074 | 2807905 |       43.7 |       2.6 |            35.5 |      21.6 |      1486 |        17.56 |          150 |
| 2807905075 | 2807905 |       40.9 |       2.8 |              35 |      18.1 |      1748 |        19.02 |          176 |
| 2807905076 | 2807905 |       41.2 |       2.8 |            34.6 |      18.4 |      2339 |        17.08 |          218 |
| 2807905077 | 2807905 |       41.1 |       3.2 |            21.6 |      19.2 |      1418 |        15.84 |           48 |
| 2807905078 | 2807905 |       42.8 |         3 |            23.8 |      20.7 |       888 |        18.12 |           39 |
| 2807905079 | 2807905 |       44.1 |       2.3 |              39 |      22.4 |      1888 |        17.74 |          204 |
| 2807905080 | 2807905 |       46.8 |       2.3 |            33.5 |      25.7 |       941 |        14.65 |           90 |
| 2807905081 | 2807905 |       41.4 |       2.6 |            31.3 |      18.3 |      2269 |         16.4 |          227 |
| 2807905082 | 2807905 |       41.7 |         3 |            27.3 |      18.9 |      2312 |        17.47 |          122 |
| 2807905083 | 2807905 |       43.3 |       2.7 |            30.5 |      22.4 |      1992 |        15.25 |          120 |
| 2807905084 | 2807905 |       44.9 |       2.7 |            28.7 |      25.5 |      1675 |        15.06 |          123 |
| 2807905085 | 2807905 |         43 |       2.6 |            33.4 |      21.2 |      1676 |        14.81 |          215 |
| 2807905086 | 2807905 |       45.1 |         2 |            45.2 |      20.1 |      1218 |        15.65 |          259 |
| 2807905087 | 2807905 |       45.8 |       2.3 |            36.4 |      25.3 |      1781 |        14.03 |          226 |
| 2807905088 | 2807905 |       45.7 |       2.6 |            32.3 |      25.1 |       832 |        12.26 |           45 |
| 2807905089 | 2807905 |       49.5 |       2.7 |            24.8 |        31 |       745 |        12.48 |           36 |
| 2807905090 | 2807905 |       50.8 |       2.2 |            38.9 |      30.9 |       936 |        13.24 |           78 |
| 2807905091 | 2807905 |       46.9 |       2.4 |            35.7 |      23.4 |       863 |        13.17 |          108 |
| 2807905092 | 2807905 |       44.3 |       2.1 |            41.4 |      18.9 |      1338 |        15.56 |          261 |
| 2807905094 | 2807905 |       43.5 |       2.2 |            39.5 |        20 |      1343 |        15.51 |          280 |
| 2807905095 | 2807905 |       48.7 |       2.4 |            28.1 |      31.3 |      1769 |        15.24 |          125 |
| 2807905096 | 2807905 |       47.6 |       2.1 |            39.3 |      28.8 |      1336 |           15 |          167 |
| 2807905097 | 2807905 |       44.8 |       2.2 |            42.3 |        25 |      1558 |        17.04 |          246 |
| 2807905098 | 2807905 |       48.6 |       2.1 |            37.5 |        26 |      1089 |        15.01 |           62 |
| 2807905099 | 2807905 |       46.7 |       2.5 |            31.2 |      28.7 |      1785 |        14.93 |          126 |
| 2807905100 | 2807905 |       39.7 |       3.1 |            21.5 |      17.3 |      2246 |        13.89 |          149 |
| 2807905101 | 2807905 |       44.2 |       2.8 |            25.5 |        26 |      1250 |        14.12 |           84 |
| 2807905102 | 2807905 |         50 |       2.3 |            33.4 |      33.9 |       880 |        16.83 |           86 |
| 2807905103 | 2807905 |         42 |       2.9 |            20.8 |      21.7 |      1252 |        13.55 |           71 |
| 2807905104 | 2807905 |       43.5 |       2.8 |              22 |      21.5 |      1278 |        11.98 |           95 |
| 2807906001 | 2807906 |       44.5 |       2.3 |            40.1 |      20.3 |      1234 |        14.65 |          193 |
| 2807906002 | 2807906 |       42.7 |       2.2 |            42.7 |      17.9 |      1010 |        16.13 |          130 |
| 2807906003 | 2807906 |       42.6 |       2.1 |            45.7 |      17.8 |      1538 |        15.06 |          236 |
| 2807906004 | 2807906 |         41 |       2.4 |            37.6 |      13.5 |      1201 |        14.39 |          172 |
| 2807906005 | 2807906 |       41.7 |       2.5 |            37.6 |      16.5 |      1086 |        14.19 |          123 |
| 2807906006 | 2807906 |       40.9 |       2.5 |            34.8 |      12.5 |      1005 |        13.72 |          112 |
| 2807906007 | 2807906 |       46.5 |       2.3 |            37.7 |      23.7 |      1053 |        13.12 |          114 |
| 2807906008 | 2807906 |       43.5 |       2.2 |              40 |      17.4 |      1049 |        14.57 |          156 |
| 2807906009 | 2807906 |       46.6 |       2.4 |            35.6 |      24.8 |      1121 |         14.2 |          125 |
| 2807906010 | 2807906 |       49.8 |       2.3 |            30.8 |      32.6 |      1660 |        13.24 |          131 |
| 2807906011 | 2807906 |       43.2 |       2.5 |            30.9 |      18.7 |      1289 |        13.32 |          154 |
| 2807906012 | 2807906 |       41.8 |       2.5 |            38.8 |      15.6 |       958 |        13.66 |           90 |
| 2807906013 | 2807906 |       41.4 |       2.5 |            37.4 |      15.7 |      1083 |        13.18 |           90 |
| 2807906014 | 2807906 |       44.7 |       2.4 |            36.8 |        22 |      1114 |        13.29 |          117 |
| 2807906015 | 2807906 |       40.9 |       2.5 |            37.7 |      14.4 |      1209 |        14.29 |          145 |
| 2807906016 | 2807906 |       41.9 |       2.4 |            38.3 |      16.2 |      1826 |        13.24 |          199 |
| 2807906017 | 2807906 |       40.8 |       2.5 |            39.2 |      13.6 |      1136 |        13.76 |          138 |
| 2807906018 | 2807906 |       43.1 |       2.4 |            40.1 |        17 |      1414 |        12.89 |          172 |
| 2807906019 | 2807906 |         41 |       2.5 |            39.4 |      14.2 |      2295 |        14.47 |          255 |
| 2807906021 | 2807906 |       39.9 |       2.5 |            36.5 |      13.1 |      2085 |        14.99 |          266 |
| 2807906023 | 2807906 |       45.2 |       2.5 |            32.7 |      21.9 |      1146 |        13.08 |          126 |
| 2807906024 | 2807906 |       43.9 |         2 |            45.8 |      19.2 |       694 |        15.45 |          139 |
| 2807906025 | 2807906 |       42.8 |       2.2 |            45.3 |      17.5 |      1040 |        16.06 |          170 |
| 2807906026 | 2807906 |       44.5 |       2.1 |              44 |        22 |      1009 |         15.6 |          162 |
| 2807906027 | 2807906 |       45.8 |         2 |              49 |      23.6 |      1169 |        16.14 |          280 |
| 2807906028 | 2807906 |       46.7 |       2.6 |            31.7 |      27.9 |      1464 |        15.07 |           66 |
| 2807906029 | 2807906 |       45.9 |       1.8 |            54.2 |      24.5 |      1607 |        18.04 |          508 |
| 2807906031 | 2807906 |       48.1 |       2.4 |            33.8 |      30.4 |      1127 |        15.52 |           89 |
| 2807906032 | 2807906 |       43.4 |       2.1 |            42.9 |      17.9 |      1042 |        14.61 |          122 |
| 2807906033 | 2807906 |         43 |       2.4 |            38.1 |        19 |      1491 |           14 |          152 |
| 2807906034 | 2807906 |       43.4 |       2.1 |            42.8 |      17.3 |       900 |        16.67 |          114 |
| 2807906035 | 2807906 |       44.2 |       2.4 |            37.7 |        22 |      1589 |        15.24 |          182 |
| 2807906036 | 2807906 |       43.2 |       2.1 |            43.7 |        19 |      1022 |        14.27 |          167 |
| 2807906037 | 2807906 |       43.5 |       2.1 |            44.3 |        20 |      1102 |        15.41 |          177 |
| 2807906038 | 2807906 |       45.8 |       2.3 |            36.5 |        26 |       826 |        14.65 |          122 |
| 2807906039 | 2807906 |         46 |       2.7 |              30 |      24.8 |       897 |        13.04 |           48 |
| 2807906040 | 2807906 |       46.9 |       2.7 |            23.9 |      27.2 |      1127 |        12.05 |           49 |
| 2807906041 | 2807906 |       46.4 |       2.2 |              42 |      25.2 |      1767 |        14.81 |          231 |
| 2807906042 | 2807906 |       44.8 |       2.3 |            43.2 |      21.2 |      2007 |        14.94 |          292 |
| 2807906043 | 2807906 |       42.8 |         2 |            47.6 |      15.9 |      1514 |        17.74 |          267 |
| 2807906044 | 2807906 |         46 |       2.6 |            28.6 |      23.7 |      1053 |        12.18 |           48 |
| 2807906045 | 2807906 |       45.3 |       2.5 |            29.4 |      23.6 |      1121 |         13.4 |           99 |
| 2807906046 | 2807906 |       45.7 |       2.1 |            42.3 |      22.5 |      1628 |        16.19 |          295 |
| 2807906048 | 2807906 |         48 |       2.4 |            32.4 |      29.4 |       951 |        14.84 |           88 |
| 2807906049 | 2807906 |       46.6 |       2.4 |            33.5 |        26 |       814 |        13.84 |           59 |
| 2807906050 | 2807906 |       45.6 |       2.4 |            31.1 |      22.7 |       616 |        14.85 |           56 |
| 2807906051 | 2807906 |       46.9 |       2.5 |            30.2 |      25.1 |      1170 |         12.1 |           67 |
| 2807906052 | 2807906 |       48.3 |       2.2 |            38.3 |      24.4 |       975 |        14.57 |           87 |
| 2807906053 | 2807906 |       45.2 |       2.4 |            33.7 |      23.2 |      1278 |         13.9 |          130 |
| 2807906054 | 2807906 |       44.2 |       2.3 |            40.2 |      20.8 |      1406 |        15.43 |          167 |
| 2807906056 | 2807906 |       42.7 |       2.3 |              40 |      16.7 |      2292 |        14.74 |          290 |
| 2807906057 | 2807906 |       46.6 |       2.2 |            40.3 |      24.8 |      1391 |        14.63 |          190 |
| 2807906058 | 2807906 |       47.5 |       1.8 |            52.4 |        26 |      1160 |        17.11 |          276 |
| 2807906059 | 2807906 |       46.4 |         2 |            47.3 |      25.2 |      1145 |        19.68 |          222 |
| 2807906060 | 2807906 |       45.9 |       2.2 |            36.1 |      21.7 |       927 |        13.24 |           85 |
| 2807906061 | 2807906 |       47.2 |       2.2 |            35.7 |      24.5 |       938 |        13.95 |           85 |
| 2807906062 | 2807906 |       47.3 |       2.2 |            39.8 |      27.9 |      2025 |        16.13 |          252 |
| 2807906063 | 2807906 |       47.1 |       2.6 |            28.3 |      27.6 |      1265 |        11.96 |           64 |
| 2807906064 | 2807906 |       50.5 |       2.8 |            22.6 |        35 |       701 |        11.17 |           20 |
| 2807906065 | 2807906 |       49.1 |       2.3 |            38.5 |        30 |       863 |        15.16 |           78 |
| 2807906066 | 2807906 |       46.3 |         2 |            47.7 |      24.3 |      1332 |        16.41 |          263 |
| 2807906067 | 2807906 |       45.2 |       2.2 |            39.7 |      22.4 |      1176 |        15.12 |          146 |
| 2807906068 | 2807906 |       44.1 |       2.2 |            41.8 |      19.5 |      1233 |        14.95 |          175 |
| 2807906069 | 2807906 |       44.9 |       2.1 |            44.9 |      20.7 |      1524 |        15.61 |          286 |
| 2807906070 | 2807906 |       45.3 |       1.7 |              56 |      22.8 |      1391 |        16.12 |          457 |
| 2807906071 | 2807906 |       46.9 |       2.2 |            43.1 |      25.6 |       987 |        14.51 |          123 |
| 2807906072 | 2807906 |       45.3 |         2 |            51.1 |      22.5 |      2109 |         13.9 |          197 |
| 2807906073 | 2807906 |       42.2 |       2.4 |            36.3 |      15.3 |      1724 |        12.46 |          114 |
| 2807906074 | 2807906 |       47.2 |       2.1 |              41 |      22.3 |       882 |        13.07 |           24 |
| 2807906075 | 2807906 |       44.3 |       2.5 |            34.3 |      19.7 |      1069 |        12.99 |          136 |
| 2807906076 | 2807906 |       44.3 |       2.1 |            44.6 |      20.9 |       906 |         12.7 |           53 |
| 2807906077 | 2807906 |       48.5 |       2.3 |              36 |      28.2 |       919 |         13.6 |          102 |
| 2807906078 | 2807906 |       40.9 |       2.5 |            34.9 |      15.6 |      1026 |        14.07 |           80 |
| 2807906079 | 2807906 |       46.4 |       2.4 |            31.1 |      25.4 |      1025 |        12.16 |           84 |
| 2807906080 | 2807906 |       41.6 |       2.3 |            36.5 |      17.1 |      1115 |        14.42 |          171 |
| 2807906081 | 2807906 |       42.1 |       2.6 |            27.3 |      16.2 |      2437 |        11.93 |          160 |
| 2807906084 | 2807906 |       40.5 |       2.6 |            27.8 |      14.1 |      1708 |        14.13 |           29 |
| 2807906085 | 2807906 |       43.1 |       2.5 |              35 |      18.4 |      1562 |        11.56 |          150 |
| 2807906089 | 2807906 |       42.5 |       2.5 |              32 |      17.4 |      1279 |        11.96 |           81 |
| 2807906090 | 2807906 |       40.2 |       2.5 |            32.2 |      13.5 |      2164 |        14.19 |          261 |
| 2807906091 | 2807906 |       42.3 |       2.4 |              38 |      16.7 |      1559 |           14 |          184 |
| 2807906092 | 2807906 |       45.1 |       2.4 |            39.3 |      21.1 |      1184 |        13.16 |          123 |
| 2807906093 | 2807906 |       42.5 |       2.5 |            34.4 |      15.9 |      1332 |        13.27 |          145 |
| 2807906094 | 2807906 |       41.7 |       2.3 |              38 |        13 |      1934 |        14.01 |          237 |
| 2807906095 | 2807906 |       42.4 |       2.6 |            28.3 |      15.4 |      1138 |        12.24 |          100 |
| 2807906096 | 2807906 |       40.6 |       2.5 |            29.8 |      13.1 |      1222 |        12.91 |          153 |
| 2807906097 | 2807906 |       43.1 |       2.5 |            28.1 |      16.7 |      1445 |         13.8 |          155 |
| 2807906098 | 2807906 |       null |      null |            null |      null |      null |        13.21 |           42 |
| 2807906099 | 2807906 |       41.4 |       2.5 |              34 |      15.1 |      1577 |         12.6 |          124 |
| 2807906101 | 2807906 |       40.7 |       2.4 |            34.3 |      13.1 |      2064 |        14.29 |          143 |
| 2807906102 | 2807906 |       41.9 |       2.3 |            34.6 |      13.6 |      1727 |        13.89 |          181 |
| 2807906103 | 2807906 |       40.5 |       2.3 |            35.9 |      10.5 |      1589 |        14.64 |          230 |
| 2807906104 | 2807906 |       40.9 |       2.3 |            40.3 |      11.9 |      1231 |        14.33 |          172 |
| 2807906105 | 2807906 |       41.2 |       2.3 |            40.7 |      13.3 |      1955 |        14.47 |          250 |
| 2807906106 | 2807906 |         41 |       2.4 |            36.3 |      14.4 |      1275 |        15.22 |          161 |
| 2807906107 | 2807906 |       45.6 |       2.2 |            42.5 |        22 |      1430 |        14.41 |          142 |
| 2807906108 | 2807906 |       41.8 |       2.5 |            38.3 |      14.6 |      1422 |        14.52 |          179 |
| 2807906109 | 2807906 |       41.2 |       2.5 |            34.4 |        14 |      2049 |        13.59 |          235 |
| 2807906110 | 2807906 |       41.3 |       2.2 |            40.2 |      12.9 |      1414 |        14.52 |          218 |
| 2807906111 | 2807906 |       40.5 |       2.3 |            38.1 |        13 |      2077 |        13.85 |          285 |
| 2807906112 | 2807906 |       43.2 |       2.5 |            32.3 |      19.4 |      1053 |        13.24 |          121 |
| 2807906113 | 2807906 |       43.1 |       2.3 |            37.2 |      16.4 |      1049 |        12.86 |          116 |
| 2807906114 | 2807906 |       40.7 |       2.3 |            37.4 |      13.2 |      2084 |        13.96 |          234 |
| 2807906115 | 2807906 |         41 |       2.4 |            35.8 |      14.5 |      1177 |        14.69 |          136 |
| 2807906116 | 2807906 |         43 |       2.3 |            39.1 |      17.3 |      2148 |        13.77 |          264 |
| 2807906117 | 2807906 |       42.7 |       2.3 |            39.6 |      16.3 |      2062 |        14.19 |          285 |
| 2807906118 | 2807906 |       45.6 |       2.4 |            38.1 |        22 |       931 |        13.73 |           92 |
| 2807906119 | 2807906 |       43.1 |       2.4 |            34.7 |      18.1 |       964 |        14.91 |          125 |
| 2807906120 | 2807906 |       43.8 |       2.6 |            34.1 |      19.6 |      1417 |        13.02 |           99 |
| 2807906121 | 2807906 |       44.3 |       2.4 |            41.3 |      20.2 |      1211 |        13.83 |          176 |
| 2807906122 | 2807906 |       43.7 |       2.4 |            36.1 |      20.7 |      1755 |        13.22 |          186 |
| 2807906123 | 2807906 |       40.6 |       2.4 |            39.5 |      14.9 |      1324 |        13.21 |          206 |
| 2807906124 | 2807906 |       41.6 |       2.4 |            34.6 |        15 |      1119 |        13.73 |          155 |
| 2807906125 | 2807906 |       47.8 |       2.2 |            37.8 |      28.4 |      1520 |        14.54 |          196 |
| 2807906126 | 2807906 |       42.9 |       2.2 |            46.1 |      15.9 |      1406 |        14.85 |          241 |
| 2807906127 | 2807906 |       43.7 |       2.5 |            30.6 |      18.1 |      1403 |        11.88 |           48 |
| 2807906128 | 2807906 |       45.7 |       2.3 |            35.7 |        21 |      1341 |        12.58 |           74 |
| 2807906129 | 2807906 |       42.4 |       2.3 |            36.6 |        16 |      2030 |        13.71 |          159 |
| 2807907001 | 2807907 |       45.2 |         2 |              47 |      22.3 |      1133 |        16.09 |          187 |
| 2807907002 | 2807907 |       46.3 |       2.3 |            38.4 |      25.6 |       814 |        14.36 |           90 |
| 2807907003 | 2807907 |       43.5 |         2 |            50.1 |      20.2 |      1199 |        17.23 |          251 |
| 2807907004 | 2807907 |       44.8 |         2 |              44 |      21.6 |      1606 |         17.2 |          208 |
| 2807907005 | 2807907 |       null |      null |            null |      null |      null |        15.35 |          128 |
| 2807907006 | 2807907 |       49.1 |       2.1 |            42.6 |      30.5 |      1433 |        17.76 |          203 |
| 2807907007 | 2807907 |       44.4 |       2.3 |            37.8 |        24 |       911 |        14.77 |          110 |
| 2807907008 | 2807907 |       50.2 |       2.3 |              35 |      33.5 |      1267 |        17.31 |          103 |
| 2807907009 | 2807907 |         46 |       2.1 |              45 |      24.6 |       833 |        15.94 |          145 |
| 2807907010 | 2807907 |       45.2 |       2.2 |            41.4 |      23.2 |      1052 |        15.79 |          153 |
| 2807907011 | 2807907 |       44.7 |         2 |            46.8 |      22.3 |      1164 |        18.53 |          214 |
| 2807907012 | 2807907 |       46.1 |         2 |            49.9 |      25.5 |      1417 |        16.87 |          318 |
| 2807907013 | 2807907 |       46.8 |       2.2 |            39.4 |      26.6 |       817 |        15.87 |           95 |
| 2807907014 | 2807907 |       47.6 |       2.2 |            37.4 |      27.6 |      1089 |        14.92 |          160 |
| 2807907016 | 2807907 |       43.1 |         2 |            48.3 |      18.9 |      1549 |         18.7 |          265 |
| 2807907017 | 2807907 |         49 |       2.3 |            33.6 |      29.3 |       921 |        16.07 |          109 |
| 2807907018 | 2807907 |       47.6 |       2.3 |              37 |        28 |      1551 |        17.43 |          183 |
| 2807907019 | 2807907 |       47.5 |         2 |            45.3 |        29 |      1123 |        20.14 |          290 |
| 2807907021 | 2807907 |       46.9 |       2.3 |            37.2 |      26.7 |      1876 |         16.4 |          236 |
| 2807907023 | 2807907 |         46 |       2.6 |            28.9 |      26.2 |       997 |        13.94 |           60 |
| 2807907024 | 2807907 |       45.5 |         2 |            43.7 |      24.5 |       710 |        16.76 |          125 |
| 2807907025 | 2807907 |       44.8 |       2.3 |            33.7 |      23.4 |      1079 |         16.4 |          127 |
| 2807907026 | 2807907 |       45.3 |       2.1 |            39.8 |      23.1 |      1758 |        16.73 |          280 |
| 2807907028 | 2807907 |       48.7 |       2.3 |            35.7 |        30 |      1178 |        15.21 |          105 |
| 2807907030 | 2807907 |       45.1 |       2.3 |            36.2 |      21.1 |      1143 |        15.94 |          120 |
| 2807907031 | 2807907 |       43.3 |       2.2 |            39.2 |      19.9 |       810 |        16.45 |          110 |
| 2807907032 | 2807907 |       46.2 |       1.9 |            49.4 |      26.2 |      1142 |        17.88 |          256 |
| 2807907034 | 2807907 |       45.2 |       2.1 |              40 |      22.1 |      1433 |        18.02 |          255 |
| 2807907035 | 2807907 |       46.6 |         2 |            45.5 |      24.3 |       709 |        16.41 |          118 |
| 2807907036 | 2807907 |       44.4 |         2 |            46.7 |      20.8 |      1527 |         15.8 |          238 |
| 2807907038 | 2807907 |       46.8 |         2 |              46 |      25.8 |       997 |        17.14 |          177 |
| 2807907039 | 2807907 |       44.3 |       2.3 |            37.5 |      22.1 |       925 |        16.73 |           75 |
| 2807907040 | 2807907 |       45.6 |       1.8 |            53.8 |      23.6 |      1017 |        17.91 |          251 |
| 2807907041 | 2807907 |       45.8 |       1.9 |            47.3 |      22.9 |      1206 |        17.16 |          219 |
| 2807907042 | 2807907 |       46.4 |       2.7 |            21.9 |      26.5 |       935 |        12.14 |           41 |
| 2807907043 | 2807907 |         49 |       2.1 |            38.3 |      31.7 |      1102 |        15.91 |          152 |
| 2807907044 | 2807907 |       48.3 |       2.7 |            23.8 |      29.9 |       941 |        13.24 |           41 |
| 2807907045 | 2807907 |       42.8 |       2.1 |            43.6 |      18.6 |       982 |        17.65 |          155 |
| 2807907046 | 2807907 |       43.6 |       1.9 |              50 |      19.9 |       724 |        17.92 |          160 |
| 2807907047 | 2807907 |       45.3 |       2.1 |            42.3 |        24 |      1088 |        16.48 |          199 |
| 2807907048 | 2807907 |       47.1 |         2 |            45.2 |      26.2 |      1819 |        17.29 |          304 |
| 2807907049 | 2807907 |       45.2 |       2.2 |              41 |      25.4 |       682 |        15.02 |           84 |
| 2807907050 | 2807907 |         43 |       2.1 |              41 |        18 |       822 |         15.8 |          114 |
| 2807907051 | 2807907 |       43.3 |       1.9 |            49.2 |      19.3 |       797 |        16.91 |          148 |
| 2807907052 | 2807907 |       44.8 |       2.2 |            41.4 |      23.4 |       728 |        18.06 |           90 |
| 2807907053 | 2807907 |       42.8 |         2 |            48.9 |      18.9 |      1369 |        17.58 |          185 |
| 2807907055 | 2807907 |       44.5 |       2.1 |            43.1 |      22.6 |       734 |        18.43 |          108 |
| 2807907056 | 2807907 |       43.6 |       2.1 |            41.1 |      19.4 |       742 |        17.94 |           85 |
| 2807907057 | 2807907 |       44.7 |         2 |              44 |      22.5 |      1380 |        18.52 |          225 |
| 2807907058 | 2807907 |       46.1 |       1.8 |            50.5 |      21.8 |      1132 |        17.34 |          216 |
| 2807907059 | 2807907 |       42.9 |       2.1 |            43.2 |      18.5 |       807 |        17.36 |           80 |
| 2807907060 | 2807907 |       44.5 |         2 |            49.2 |      19.1 |       876 |        17.46 |          159 |
| 2807907061 | 2807907 |       45.2 |       1.9 |            52.5 |      21.1 |      1220 |        19.58 |          304 |
| 2807907062 | 2807907 |         44 |       2.2 |            39.7 |      21.2 |      1017 |        14.32 |          180 |
| 2807907063 | 2807907 |       45.9 |       2.1 |            40.9 |      24.2 |      1247 |        16.27 |          186 |
| 2807907064 | 2807907 |       46.1 |       2.3 |            39.3 |      24.7 |      1101 |        17.14 |          132 |
| 2807907065 | 2807907 |       44.5 |       2.1 |              46 |      21.4 |      1298 |        17.04 |          183 |
| 2807907066 | 2807907 |         44 |         2 |            49.8 |      19.2 |      1069 |        18.41 |          183 |
| 2807907067 | 2807907 |       43.7 |       2.2 |            38.6 |      20.7 |      1085 |        16.07 |          121 |
| 2807907068 | 2807907 |       45.3 |       2.2 |            41.6 |      23.5 |      1020 |        17.19 |          123 |
| 2807907069 | 2807907 |       46.6 |       1.9 |            46.4 |      24.8 |       943 |        17.86 |          169 |
| 2807907070 | 2807907 |       42.7 |       2.1 |              48 |        17 |      1233 |        16.03 |          183 |
| 2807907071 | 2807907 |       45.5 |       2.3 |            36.2 |      22.9 |      1036 |        15.68 |          128 |
| 2807907072 | 2807907 |       46.5 |       2.2 |            40.5 |      25.4 |      1447 |        15.99 |          145 |
| 2807907073 | 2807907 |       44.7 |       2.1 |            44.7 |      20.7 |      1360 |        17.56 |          147 |
| 2807907075 | 2807907 |       46.4 |       2.3 |            40.7 |      24.8 |      1013 |        18.32 |          129 |
| 2807907076 | 2807907 |       47.7 |       2.1 |            47.4 |      27.7 |       788 |        17.58 |           89 |
| 2807907078 | 2807907 |       44.7 |       2.3 |            38.1 |      22.7 |      1034 |        17.78 |          117 |
| 2807907079 | 2807907 |         44 |       2.1 |            41.6 |        20 |       844 |        16.98 |          124 |
| 2807907080 | 2807907 |         45 |       2.4 |            34.2 |      21.8 |      1172 |        17.24 |           82 |
| 2807907081 | 2807907 |       44.8 |       2.7 |              31 |      20.3 |      1356 |        17.18 |          102 |
| 2807907082 | 2807907 |       43.8 |       2.3 |            37.6 |      21.6 |      1117 |        17.97 |          127 |
| 2807907083 | 2807907 |       47.1 |       2.5 |            31.7 |      26.7 |       703 |        15.36 |           48 |
| 2807907084 | 2807907 |       47.4 |       2.2 |            42.7 |      27.9 |      1076 |        19.24 |          132 |
| 2807907085 | 2807907 |       47.4 |       2.4 |            37.3 |      29.7 |      1233 |        15.48 |          151 |
| 2807907086 | 2807907 |       46.2 |       2.6 |            30.1 |      23.5 |       860 |        15.31 |           57 |
| 2807907087 | 2807907 |       42.6 |       2.4 |            37.7 |      20.8 |       895 |        19.84 |           96 |
| 2807907088 | 2807907 |       45.6 |       2.3 |            35.4 |      22.6 |      1081 |        16.22 |          104 |
| 2807907089 | 2807907 |       46.6 |       2.2 |            38.4 |      24.3 |      1294 |           16 |          179 |
| 2807907090 | 2807907 |       41.3 |       2.2 |            44.4 |        17 |       986 |        16.98 |          145 |
| 2807907091 | 2807907 |       45.1 |         2 |            44.2 |      22.5 |       808 |        17.78 |          129 |
| 2807907092 | 2807907 |       44.3 |       2.3 |            41.1 |      22.4 |      1236 |        18.83 |          163 |
| 2807907093 | 2807907 |       45.4 |       2.6 |            33.5 |      24.1 |      1297 |        15.46 |          101 |
| 2807907094 | 2807907 |       45.3 |       2.5 |            34.2 |      24.3 |      1559 |        16.82 |          137 |
| 2807907095 | 2807907 |       43.1 |       2.7 |            30.2 |      22.1 |      1411 |        14.77 |          105 |
| 2807907096 | 2807907 |       44.6 |       2.3 |            40.9 |      20.5 |      1176 |        18.59 |          152 |
| 2807907097 | 2807907 |       40.9 |       2.2 |            39.2 |        15 |       887 |        16.67 |          150 |
| 2807907098 | 2807907 |       47.7 |       2.3 |            31.3 |      28.5 |       970 |        15.07 |           71 |
| 2807907099 | 2807907 |       45.1 |       2.1 |            40.1 |      21.6 |       894 |        15.95 |          156 |
| 2807907100 | 2807907 |       44.5 |         2 |            48.4 |      20.8 |       812 |         17.3 |          193 |
| 2807907101 | 2807907 |       46.4 |       1.9 |            52.6 |      22.7 |      1201 |        17.71 |          221 |
| 2807907102 | 2807907 |       43.9 |         2 |              48 |      21.2 |      1320 |         17.2 |          249 |
| 2807907103 | 2807907 |       44.1 |         2 |            47.4 |      20.5 |      1389 |        16.51 |          259 |
| 2807907105 | 2807907 |       46.5 |       2.3 |            35.9 |        25 |      1126 |        16.58 |          154 |
| 2807907106 | 2807907 |       46.8 |       2.2 |            37.9 |      27.1 |      1273 |           15 |          149 |
| 2807907107 | 2807907 |       47.6 |       2.2 |            38.8 |      27.2 |       962 |        15.32 |          153 |
| 2807907108 | 2807907 |       43.5 |       2.4 |            34.4 |      18.5 |      1011 |        16.38 |           88 |
| 2807907109 | 2807907 |       46.9 |       2.1 |            41.4 |      26.5 |      1217 |        17.73 |          157 |
| 2807907110 | 2807907 |       46.8 |       1.9 |            50.4 |      24.6 |      1023 |        18.06 |          221 |
| 2807907111 | 2807907 |       48.3 |       2.1 |            38.5 |        28 |      1265 |        17.01 |          156 |
| 2807907112 | 2807907 |       null |      null |            null |      null |      null |         null |         null |
| 2807907113 | 2807907 |       41.2 |       2.3 |            35.2 |      17.5 |      1910 |        18.23 |          272 |
| 2807907114 | 2807907 |       48.1 |       2.3 |            35.3 |      30.6 |      1757 |        15.85 |          147 |
| 2807907115 | 2807907 |       46.6 |       2.2 |            39.7 |      26.6 |      1372 |        17.04 |          228 |
| 2807907116 | 2807907 |       43.9 |       2.9 |            24.1 |      21.2 |      1158 |        13.75 |           71 |
| 2807907117 | 2807907 |       44.7 |       2.1 |            46.8 |      21.3 |      1266 |        16.59 |          261 |
| 2807907118 | 2807907 |       45.3 |       1.9 |            47.7 |      23.3 |      1439 |        16.67 |          270 |
| 2807907119 | 2807907 |       45.9 |         2 |            47.8 |      24.5 |      1321 |        15.74 |          216 |
| 2807907120 | 2807907 |       46.6 |       2.4 |            34.8 |        25 |      1655 |        14.99 |          120 |
| 2807907121 | 2807907 |       47.1 |       2.3 |            35.2 |      26.1 |      1682 |        15.07 |          131 |
| 2807907122 | 2807907 |       44.2 |       2.1 |            45.7 |      21.8 |      1172 |        17.74 |          166 |
| 2807907123 | 2807907 |       45.4 |       2.3 |            37.7 |        24 |      1122 |        16.63 |          152 |
| 2807907124 | 2807907 |       44.5 |       2.6 |            27.2 |      24.5 |       697 |        14.41 |           26 |
| 2807907125 | 2807907 |       47.1 |       2.6 |            31.4 |      27.6 |      1004 |        14.81 |           45 |
| 2807907126 | 2807907 |       46.9 |       2.8 |              25 |      25.7 |      1006 |        14.64 |           48 |
| 2807907127 | 2807907 |       45.7 |       2.3 |            37.2 |      26.2 |      1433 |        15.17 |          136 |
| 2807907128 | 2807907 |       49.9 |       2.3 |            37.3 |      31.6 |       743 |        14.62 |           71 |
| 2807907129 | 2807907 |       48.4 |       2.2 |            40.7 |      31.8 |       827 |         15.5 |          109 |
| 2807907130 | 2807907 |         46 |       2.4 |            35.6 |      26.9 |      1202 |        17.81 |          156 |
| 2807907131 | 2807907 |       48.1 |       2.6 |            26.1 |      29.8 |      1238 |        14.07 |           70 |
| 2807907132 | 2807907 |       50.6 |       2.4 |            39.7 |      34.1 |       929 |        15.23 |          100 |
| 2807907133 | 2807907 |       49.5 |       2.4 |              33 |      33.5 |      1094 |        15.05 |           73 |
| 2807907134 | 2807907 |       null |      null |            null |      null |      null |         null |         null |
| 2807907135 | 2807907 |       48.3 |       2.4 |            36.6 |      29.1 |       931 |         14.3 |           98 |
| 2807908001 | 2807908 |         47 |       2.5 |            29.7 |      23.1 |       845 |         null |            0 |
| 2807908002 | 2807908 |       46.7 |       2.4 |            33.5 |      25.5 |       560 |         9.15 |           23 |
| 2807908003 | 2807908 |       49.7 |       2.2 |            37.2 |      30.6 |      1104 |        11.02 |           86 |
| 2807908004 | 2807908 |       48.3 |       2.4 |            28.7 |      26.5 |       599 |        11.19 |           25 |
| 2807908005 | 2807908 |       44.7 |         3 |            22.1 |      24.2 |      1116 |        11.58 |           26 |
| 2807908006 | 2807908 |         44 |       2.9 |            22.8 |      26.6 |      1003 |           11 |           35 |
| 2807908007 | 2807908 |         45 |       2.8 |            25.9 |      26.9 |      1272 |        12.57 |           98 |
| 2807908008 | 2807908 |       43.4 |         3 |            20.6 |      22.8 |      1568 |        12.19 |           26 |
| 2807908009 | 2807908 |       45.7 |       2.5 |            30.2 |        23 |      1679 |        11.99 |           86 |
| 2807908010 | 2807908 |       47.6 |       2.8 |            21.6 |        28 |       828 |         10.9 |           19 |
| 2807908011 | 2807908 |       46.9 |       2.6 |            26.7 |      25.2 |       717 |        11.43 |           37 |
| 2807908012 | 2807908 |       45.1 |         3 |            18.1 |      25.1 |      1388 |         9.87 |           22 |
| 2807908013 | 2807908 |       44.6 |       3.2 |            13.1 |      26.1 |      1024 |        10.03 |           14 |
| 2807908014 | 2807908 |       49.8 |       2.4 |            24.8 |      36.4 |       717 |        11.73 |           26 |
| 2807908015 | 2807908 |       50.1 |       2.5 |            27.1 |      34.1 |       964 |           10 |           45 |
| 2807908016 | 2807908 |         42 |       2.6 |            30.6 |      16.8 |      1039 |         12.5 |           91 |
| 2807908017 | 2807908 |       44.6 |       2.5 |            26.5 |      19.5 |      1781 |        12.28 |          152 |
| 2807908018 | 2807908 |       45.5 |       2.3 |              33 |      21.1 |       805 |        11.53 |          102 |
| 2807908019 | 2807908 |       46.3 |       2.4 |            32.1 |      23.4 |       885 |        12.24 |           81 |
| 2807908020 | 2807908 |       51.8 |       2.1 |            35.6 |      33.7 |       811 |        12.96 |          111 |
| 2807908021 | 2807908 |       47.7 |       2.5 |            32.5 |      29.8 |      1028 |        12.04 |           80 |
| 2807908022 | 2807908 |       50.4 |       2.3 |            28.1 |      35.3 |       930 |         11.7 |           76 |
| 2807908023 | 2807908 |       48.9 |       2.3 |            32.3 |      32.4 |       929 |        11.94 |           95 |
| 2807908024 | 2807908 |       45.7 |       2.4 |            29.9 |      23.4 |      1794 |        11.33 |          172 |
| 2807908025 | 2807908 |       50.6 |       2.3 |            32.4 |      34.2 |       821 |        12.51 |           78 |
| 2807908026 | 2807908 |       50.8 |       2.2 |            32.8 |        33 |      1328 |         12.5 |          121 |
| 2807908027 | 2807908 |       50.4 |       2.3 |              34 |      34.5 |      1288 |        12.95 |          128 |
| 2807908028 | 2807908 |         50 |       2.3 |            33.2 |      34.1 |      1126 |        12.06 |           94 |
| 2807908029 | 2807908 |       47.2 |       2.6 |            25.9 |      29.4 |      1512 |           12 |           66 |
| 2807908030 | 2807908 |       50.5 |       2.6 |              23 |        35 |      1493 |        10.96 |           48 |
| 2807908031 | 2807908 |       49.8 |       2.6 |            24.6 |        34 |      1462 |        11.93 |           56 |
| 2807908032 | 2807908 |       49.2 |       2.5 |              26 |      32.9 |       678 |        11.15 |           17 |
| 2807908033 | 2807908 |       46.9 |       2.9 |            19.4 |      28.7 |      1109 |         10.5 |           29 |
| 2807908034 | 2807908 |       48.2 |       2.8 |            20.6 |      29.8 |      1598 |        10.57 |           49 |
| 2807908035 | 2807908 |       49.3 |       2.9 |            15.9 |        37 |      1399 |        11.79 |           57 |
| 2807908036 | 2807908 |       49.7 |       2.5 |            24.9 |      35.6 |      1529 |        11.73 |           88 |
| 2807908037 | 2807908 |       49.8 |       2.6 |            18.6 |      34.3 |       798 |        10.78 |           29 |
| 2807908038 | 2807908 |       53.4 |       2.4 |            29.4 |      42.9 |       800 |        11.25 |           32 |
| 2807908039 | 2807908 |       48.9 |       2.7 |            21.2 |      34.1 |      1065 |        10.64 |           48 |
| 2807908040 | 2807908 |         52 |       2.5 |            23.7 |      39.2 |      1012 |        10.73 |           34 |
| 2807908041 | 2807908 |       48.8 |       2.4 |            29.4 |      31.1 |       740 |        11.21 |           23 |
| 2807908042 | 2807908 |       51.8 |       2.4 |            32.4 |      38.2 |      1365 |        11.41 |           81 |
| 2807908043 | 2807908 |       51.9 |       2.7 |              19 |      41.3 |      1270 |        10.84 |           37 |
| 2807908044 | 2807908 |       52.3 |       2.6 |            18.3 |      40.9 |      1485 |        10.32 |           47 |
| 2807908045 | 2807908 |         51 |       2.2 |            37.6 |      35.5 |       930 |        12.32 |           87 |
| 2807908046 | 2807908 |       47.1 |       2.2 |            36.4 |        26 |      1129 |         12.9 |          149 |
| 2807908047 | 2807908 |       46.8 |       2.1 |            36.4 |      25.6 |      1358 |        12.71 |          171 |
| 2807908048 | 2807908 |         48 |       2.1 |            37.9 |      28.7 |      1089 |        13.21 |          143 |
| 2807908049 | 2807908 |       42.2 |       2.6 |            24.5 |      15.6 |      2216 |        14.87 |          168 |
| 2807908050 | 2807908 |       48.1 |       2.5 |            26.2 |      29.9 |      1695 |        11.09 |           54 |
| 2807908051 | 2807908 |       50.3 |       2.5 |            21.4 |        34 |      1255 |        11.04 |           55 |
| 2807908052 | 2807908 |       43.7 |       2.4 |            29.5 |      21.5 |      2003 |        15.45 |          173 |
| 2807908053 | 2807908 |       45.1 |       2.4 |            32.6 |      20.3 |      1208 |        13.73 |          115 |
| 2807908054 | 2807908 |       52.3 |       2.5 |            25.9 |      38.3 |      1068 |         9.79 |           35 |
| 2807908055 | 2807908 |       52.5 |       2.5 |            22.7 |      37.9 |      1415 |         9.59 |           58 |
| 2807908056 | 2807908 |       53.7 |       2.3 |              31 |      42.2 |      1189 |        11.39 |           95 |
| 2807908057 | 2807908 |       53.8 |       2.3 |            30.8 |      42.1 |      1069 |        10.87 |           93 |
| 2807908058 | 2807908 |       52.4 |       2.2 |            30.9 |        41 |       822 |        12.12 |           80 |
| 2807908059 | 2807908 |       54.3 |       2.2 |              32 |      46.2 |       806 |        12.02 |           67 |
| 2807908060 | 2807908 |       52.3 |       2.3 |            30.1 |      41.3 |      1212 |        11.18 |           80 |
| 2807908061 | 2807908 |       46.2 |       2.4 |            29.4 |      21.5 |       937 |        12.36 |           78 |
| 2807908062 | 2807908 |       48.3 |       2.1 |            40.4 |      24.5 |       658 |        13.46 |           67 |
| 2807908063 | 2807908 |       46.1 |       2.3 |            33.4 |        23 |       826 |        13.39 |           86 |
| 2807908064 | 2807908 |       46.9 |       2.2 |            36.6 |      23.2 |      1204 |        13.92 |          102 |
| 2807908065 | 2807908 |       45.3 |       2.4 |            33.6 |      20.8 |       987 |        13.73 |           90 |
| 2807908066 | 2807908 |       46.6 |       2.2 |            38.2 |      24.1 |       776 |        13.31 |          103 |
| 2807908067 | 2807908 |       45.5 |       2.4 |            31.6 |      23.3 |      1539 |        13.61 |          163 |
| 2807908068 | 2807908 |       45.9 |       2.2 |            35.2 |      21.5 |      1009 |        12.88 |          137 |
| 2807908069 | 2807908 |       45.8 |       2.4 |            33.2 |        22 |       871 |        12.75 |          102 |
| 2807908071 | 2807908 |       48.3 |       2.2 |            33.4 |      25.2 |       966 |        13.43 |          102 |
| 2807908072 | 2807908 |       48.6 |       2.1 |            37.6 |        29 |       949 |        14.32 |          156 |
| 2807908073 | 2807908 |       47.1 |       2.1 |            40.5 |      25.9 |       899 |        14.15 |          136 |
| 2807908074 | 2807908 |       47.5 |       2.2 |            36.3 |      25.7 |       920 |        13.14 |           87 |
| 2807908075 | 2807908 |       46.1 |       2.1 |            41.2 |      24.2 |       916 |        13.21 |          122 |
| 2807908076 | 2807908 |       46.4 |       2.3 |            34.2 |      23.9 |       862 |        13.04 |          117 |
| 2807908077 | 2807908 |       46.4 |       2.4 |            29.6 |      24.4 |      1010 |        12.75 |          133 |
| 2807908078 | 2807908 |       48.6 |       2.3 |            33.5 |      29.3 |       771 |        13.21 |           90 |
| 2807908079 | 2807908 |       48.8 |       2.3 |            33.1 |      29.3 |       993 |         12.5 |           99 |
| 2807908080 | 2807908 |       47.6 |       2.1 |              41 |      25.7 |       926 |        14.94 |          196 |
| 2807908081 | 2807908 |       49.2 |       2.2 |            35.2 |      30.2 |       872 |         12.5 |           86 |
| 2807908082 | 2807908 |       47.3 |       2.3 |            32.8 |      25.2 |       971 |        12.87 |          123 |
| 2807908083 | 2807908 |       47.7 |       2.2 |            34.8 |      26.3 |       988 |        12.39 |          129 |
| 2807908084 | 2807908 |       44.8 |       2.4 |            33.5 |        21 |       959 |           13 |          117 |
| 2807908085 | 2807908 |         47 |       2.2 |            33.4 |        25 |       792 |        13.26 |           88 |
| 2807908086 | 2807908 |       47.8 |       2.4 |            31.6 |      25.9 |       858 |        12.97 |           95 |
| 2807908087 | 2807908 |       46.3 |       2.3 |            31.8 |      24.3 |       725 |        13.03 |           92 |
| 2807908088 | 2807908 |       45.1 |       2.3 |            34.9 |      22.8 |       892 |        13.26 |          115 |
| 2807908089 | 2807908 |       47.6 |       2.2 |            31.6 |        25 |       692 |        13.49 |           75 |
| 2807908090 | 2807908 |       53.1 |       2.3 |            26.1 |      42.6 |      1135 |        10.36 |           57 |
| 2807908091 | 2807908 |       48.8 |       2.3 |            35.6 |      29.9 |       780 |        12.14 |           92 |
| 2807908092 | 2807908 |       51.4 |       2.2 |            33.6 |        34 |       965 |        12.59 |           85 |
| 2807908093 | 2807908 |       51.2 |       2.4 |            28.7 |        34 |       908 |        11.64 |           51 |
| 2807908094 | 2807908 |       48.5 |       2.5 |            24.3 |      32.9 |      1120 |        12.24 |           70 |
| 2807908095 | 2807908 |       51.4 |       2.4 |            27.7 |      39.7 |      1584 |        12.61 |          125 |
| 2807908096 | 2807908 |       52.8 |       2.5 |            24.9 |      42.1 |      1438 |        10.94 |           51 |
| 2807908097 | 2807908 |       50.3 |       2.6 |            22.7 |      40.1 |       799 |        11.86 |           34 |
| 2807908098 | 2807908 |       48.3 |       2.7 |            16.8 |      29.5 |      1749 |        12.95 |          114 |
| 2807908099 | 2807908 |       48.3 |       2.6 |            22.2 |      32.9 |      1460 |        11.19 |           67 |
| 2807908100 | 2807908 |       48.4 |       2.7 |            18.5 |      32.7 |      1279 |        11.67 |           47 |
| 2807908102 | 2807908 |       48.5 |       2.8 |            18.5 |      33.6 |      1960 |        11.53 |           83 |
| 2807908103 | 2807908 |       48.9 |       2.6 |            21.9 |      35.5 |      1376 |        12.86 |           80 |
| 2807908104 | 2807908 |       42.7 |       2.5 |            31.4 |        17 |      1348 |         12.5 |          202 |
| 2807908105 | 2807908 |       42.9 |       2.4 |            37.6 |      16.7 |       850 |        12.42 |          123 |
| 2807908106 | 2807908 |       40.9 |       2.5 |            32.9 |      14.6 |      1057 |        13.09 |          161 |
| 2807908107 | 2807908 |       44.6 |       2.5 |            30.8 |      19.9 |       786 |        12.93 |           97 |
| 2807908108 | 2807908 |       45.5 |       2.3 |            39.8 |      23.1 |       759 |        12.06 |           77 |
| 2807908109 | 2807908 |       44.6 |       2.5 |            32.1 |      20.5 |      1308 |         11.8 |          146 |
| 2807908110 | 2807908 |       51.4 |       2.3 |            36.8 |      32.8 |      1028 |        11.66 |           89 |
| 2807908111 | 2807908 |       47.5 |       2.5 |            28.9 |      29.9 |      1632 |           10 |          123 |
| 2807908112 | 2807908 |         44 |       2.5 |            29.6 |      22.1 |      1085 |        10.35 |           17 |
| 2807908113 | 2807908 |         47 |       2.5 |            28.5 |        27 |       959 |         10.1 |           85 |
| 2807908114 | 2807908 |       41.4 |       2.6 |            29.2 |      17.2 |       908 |        10.71 |           56 |
| 2807908115 | 2807908 |       40.9 |       2.7 |            27.7 |      15.6 |      1117 |        10.71 |           61 |
| 2807908116 | 2807908 |       44.6 |       2.7 |            27.8 |      21.8 |       850 |         9.93 |           60 |
| 2807908117 | 2807908 |       44.2 |       2.7 |            27.9 |      18.8 |       920 |         9.19 |           48 |
| 2807908119 | 2807908 |       43.3 |       2.6 |            30.7 |      17.9 |      1711 |         9.36 |           99 |
| 2807908120 | 2807908 |       43.2 |       2.7 |            28.5 |      17.3 |      1106 |         8.62 |           63 |
| 2807908121 | 2807908 |       45.9 |       2.5 |            32.4 |        23 |      1385 |        11.63 |           41 |
| 2807908122 | 2807908 |       48.7 |       2.5 |            29.9 |      29.2 |       836 |        10.37 |           25 |
| 2807908123 | 2807908 |       40.8 |       2.7 |            28.3 |      15.5 |      1445 |        10.82 |          113 |
| 2807908124 | 2807908 |       43.3 |       2.5 |            30.8 |      18.9 |      1726 |        11.95 |          134 |
| 2807908125 | 2807908 |       40.1 |       2.6 |              28 |      14.9 |      1333 |        12.14 |          118 |
| 2807908126 | 2807908 |       45.6 |       2.4 |            31.6 |      23.7 |      1555 |        11.85 |          151 |
| 2807908128 | 2807908 |       31.1 |       3.3 |              16 |       4.8 |      1912 |        13.83 |          377 |
| 2807908129 | 2807908 |       46.9 |       2.3 |            42.2 |      25.3 |       411 |         null |            0 |
| 2807908130 | 2807908 |       null |      null |            null |      null |      null |         null |         null |
| 2807908131 | 2807908 |       32.7 |       3.4 |            16.5 |       5.5 |      1804 |        12.84 |           73 |
| 2807908132 | 2807908 |       42.1 |       3.3 |            19.9 |      22.1 |       964 |        12.57 |           21 |
| 2807908133 | 2807908 |       42.7 |       2.8 |              21 |      21.6 |       768 |         12.5 |           57 |
| 2807908134 | 2807908 |       42.5 |       3.5 |            14.6 |      23.2 |      1343 |         null |            5 |
| 2807908135 | 2807908 |       38.2 |       3.1 |            21.5 |      12.2 |      2431 |        13.42 |          179 |
| 2807908136 | 2807908 |       49.6 |       2.5 |            26.9 |      35.1 |      1282 |         12.4 |           49 |
| 2807908137 | 2807908 |       43.8 |       3.4 |            13.7 |      26.2 |      1665 |        13.39 |           17 |
| 2807908138 | 2807908 |       40.9 |       3.4 |              17 |      17.8 |      1127 |        14.88 |           52 |
| 2807908139 | 2807908 |       27.4 |       3.1 |            23.3 |       1.9 |      2217 |        12.97 |          180 |
| 2807908140 | 2807908 |       50.3 |       2.6 |            16.8 |      34.8 |       848 |        11.18 |           37 |
| 2807908141 | 2807908 |       50.3 |       2.7 |            19.1 |      38.8 |       981 |        10.21 |           36 |
| 2807908142 | 2807908 |       45.7 |       2.8 |            20.5 |      25.8 |      1228 |        10.79 |           35 |
| 2807908143 | 2807908 |       45.5 |       2.8 |            20.5 |      28.3 |      1327 |        13.38 |           86 |
| 2807908144 | 2807908 |       49.9 |       2.7 |            17.6 |      36.8 |      1485 |        12.44 |           68 |
| 2807908145 | 2807908 |       47.2 |       2.5 |            27.5 |      30.1 |      1244 |        12.79 |           94 |
| 2807908146 | 2807908 |       49.7 |       2.8 |            14.5 |      38.4 |      1426 |        10.93 |           46 |
| 2807908147 | 2807908 |       43.9 |       3.1 |            18.6 |        27 |      1357 |        12.15 |           52 |
| 2807908148 | 2807908 |       45.7 |       2.5 |              26 |      23.8 |      1880 |        13.61 |          158 |
| 2807908149 | 2807908 |       51.9 |       2.5 |            24.9 |      38.9 |       686 |        10.45 |           27 |
| 2807908150 | 2807908 |         47 |       2.7 |            24.4 |      29.8 |      1261 |        12.08 |           63 |
| 2807908151 | 2807908 |       50.9 |       2.6 |              23 |      35.9 |       869 |        10.73 |           36 |
| 2807908152 | 2807908 |         43 |       3.2 |            16.6 |      25.3 |      1580 |        13.52 |           67 |
| 2807908153 | 2807908 |       43.7 |       2.7 |            23.4 |        15 |      1557 |        10.59 |           95 |
| 2807908154 | 2807908 |       40.5 |       2.7 |            30.8 |      15.9 |      1618 |        15.52 |          197 |
| 2807908155 | 2807908 |       42.6 |       2.7 |            24.7 |      15.1 |      1580 |        12.08 |           88 |
| 2807908156 | 2807908 |       46.5 |       2.7 |            22.3 |      22.6 |      1318 |        12.01 |           40 |
| 2807908157 | 2807908 |       44.3 |       2.2 |            39.8 |      23.8 |      1033 |        15.81 |          221 |
| 2807908158 | 2807908 |       42.8 |       3.1 |            15.5 |      25.7 |      1505 |        12.76 |           65 |
| 2807908159 | 2807908 |       43.8 |       2.9 |            19.3 |      19.6 |      1937 |         12.5 |          124 |
| 2807908160 | 2807908 |       31.9 |         3 |            20.8 |       4.3 |      3289 |        13.38 |          324 |
| 2807908161 | 2807908 |       32.6 |       2.6 |            28.1 |       3.6 |      2012 |        17.91 |          339 |
| 2807908162 | 2807908 |         42 |       2.6 |            25.9 |      12.9 |      1426 |        12.58 |          142 |
| 2807908163 | 2807908 |       44.6 |       2.7 |            23.6 |      19.4 |      1811 |        13.01 |          108 |
| 2807908164 | 2807908 |       34.1 |       2.9 |              23 |       5.7 |      2951 |        13.44 |          347 |
| 2807908165 | 2807908 |       32.8 |       3.1 |            18.4 |       5.9 |      2493 |        13.74 |          200 |
| 2807908166 | 2807908 |       34.9 |       2.9 |              23 |         9 |      1727 |        11.76 |           93 |
| 2807908167 | 2807908 |       32.4 |       3.3 |            13.8 |       4.2 |      2044 |         13.5 |          380 |
| 2807908168 | 2807908 |       32.8 |       2.9 |              19 |       4.7 |      1375 |        12.44 |          128 |
| 2807908169 | 2807908 |       32.7 |       2.8 |            25.6 |       5.6 |      2916 |         13.1 |          349 |
| 2807908170 | 2807908 |       32.2 |         3 |            21.2 |       4.3 |      2827 |         12.5 |          348 |
| 2807908171 | 2807908 |       33.6 |       2.9 |            18.5 |       5.9 |      1676 |        12.55 |          214 |
| 2807908172 | 2807908 |         34 |       2.8 |            23.6 |       5.9 |      2324 |        12.18 |          340 |
| 2807908173 | 2807908 |       32.3 |       2.9 |            22.9 |         5 |      2049 |        13.33 |          176 |
| 2807908174 | 2807908 |       37.4 |       2.6 |            27.3 |       7.6 |      1838 |        14.12 |          177 |
| 2807908175 | 2807908 |         36 |       3.6 |            12.3 |      12.4 |      1213 |        12.81 |           28 |
| 2807908176 | 2807908 |       31.5 |       3.3 |            16.7 |       3.4 |      3341 |        13.12 |          249 |
| 2807908177 | 2807908 |       42.1 |       2.6 |            26.8 |      11.1 |      1328 |        13.34 |          106 |
| 2807908178 | 2807908 |       33.4 |       2.8 |              24 |       5.2 |      2129 |        14.01 |          266 |
| 2807908179 | 2807908 |       34.5 |       2.7 |            27.3 |       5.8 |      1459 |        12.75 |          213 |
| 2807908180 | 2807908 |       43.9 |       2.7 |            23.4 |      15.7 |       989 |        11.81 |           50 |
| 2807908181 | 2807908 |         34 |       3.3 |            12.5 |      10.7 |      2860 |         12.5 |           82 |
| 2807908182 | 2807908 |       42.9 |       2.9 |            18.5 |      23.7 |      1672 |        11.36 |           73 |
| 2807908183 | 2807908 |       32.9 |       2.9 |            22.5 |       5.6 |      2128 |        15.99 |          312 |
| 2807908184 | 2807908 |       33.6 |       2.9 |            20.7 |       5.4 |      1639 |        14.19 |          221 |
| 2807908185 | 2807908 |       34.6 |       2.9 |              20 |       5.4 |      1617 |        12.36 |          177 |
| 2807908186 | 2807908 |       31.5 |       2.9 |            21.9 |       4.2 |      1613 |        12.24 |          202 |
| 2807908187 | 2807908 |       33.1 |       2.8 |            24.2 |       4.2 |      2518 |         15.8 |          339 |
| 2807908188 | 2807908 |       36.6 |       2.8 |            20.8 |         7 |      1893 |        12.03 |          173 |
| 2807908189 | 2807908 |       28.8 |       3.5 |            12.5 |         4 |      2040 |         null |         null |
| 2807908190 | 2807908 |       30.9 |       3.3 |            17.3 |       3.8 |      2047 |         null |         null |
| 2807908191 | 2807908 |       33.3 |       2.9 |            24.9 |       5.2 |      1536 |         null |         null |
| 2807909001 | 2807909 |       48.1 |       2.1 |            42.7 |      24.6 |      1149 |        14.15 |          131 |
| 2807909002 | 2807909 |       47.3 |       2.2 |            39.3 |      23.9 |      1215 |        13.06 |          116 |
| 2807909004 | 2807909 |         48 |       2.3 |            33.1 |      24.1 |      1445 |        12.13 |           83 |
| 2807909005 | 2807909 |       46.5 |       2.2 |            36.6 |      21.5 |       883 |        12.47 |           54 |
| 2807909006 | 2807909 |       47.3 |       2.4 |            31.1 |      24.3 |       801 |        11.39 |           40 |
| 2807909007 | 2807909 |       45.7 |       2.5 |            32.2 |      22.8 |       932 |        12.33 |           46 |
| 2807909008 | 2807909 |       48.5 |       2.4 |            27.9 |        28 |      1163 |        12.38 |           62 |
| 2807909009 | 2807909 |       48.7 |         2 |            43.7 |      25.2 |      1010 |        14.32 |          116 |
| 2807909010 | 2807909 |       47.7 |       2.2 |            35.2 |      23.2 |       849 |        15.33 |          259 |
| 2807909011 | 2807909 |       45.7 |         2 |            45.2 |      22.4 |      1399 |        15.26 |          220 |
| 2807909012 | 2807909 |       45.2 |       2.1 |            39.2 |      21.6 |       689 |         15.8 |           93 |
| 2807909013 | 2807909 |         44 |         2 |            46.1 |      20.5 |      1257 |        17.06 |          198 |
| 2807909014 | 2807909 |       45.5 |       1.9 |            47.9 |      21.6 |      2073 |        18.02 |          367 |
| 2807909015 | 2807909 |       45.5 |       2.2 |            40.4 |      24.8 |      1616 |        15.89 |          209 |
| 2807909016 | 2807909 |       43.9 |         2 |            44.9 |      20.7 |       856 |        17.39 |          132 |
| 2807909017 | 2807909 |       46.7 |       2.1 |            45.8 |      25.6 |      1077 |        16.71 |          125 |
| 2807909018 | 2807909 |       46.2 |       2.5 |            32.9 |      24.1 |      1398 |        14.93 |          117 |
| 2807909019 | 2807909 |       49.3 |       2.4 |            31.3 |      30.2 |      1375 |        14.58 |          156 |
| 2807909020 | 2807909 |       47.4 |       2.3 |            38.5 |      26.4 |       903 |        16.25 |          106 |
| 2807909021 | 2807909 |         48 |       2.3 |            32.9 |      28.7 |      1016 |        14.91 |           90 |
| 2807909022 | 2807909 |       46.6 |       2.2 |              42 |      25.6 |      1092 |        17.33 |          155 |
| 2807909023 | 2807909 |       43.7 |       2.3 |            39.3 |        21 |      1747 |        15.69 |          244 |
| 2807909024 | 2807909 |       44.6 |       2.5 |            36.5 |      23.7 |       722 |        15.93 |           50 |
| 2807909025 | 2807909 |       45.9 |       2.5 |            31.7 |      22.6 |       933 |        15.78 |          116 |
| 2807909026 | 2807909 |       43.4 |       2.3 |              40 |      19.3 |      1237 |        17.13 |          171 |
| 2807909028 | 2807909 |         48 |       2.2 |            37.1 |      27.5 |      1530 |        16.89 |          187 |
| 2807909029 | 2807909 |       45.1 |       2.6 |            26.9 |      25.2 |       981 |        15.22 |           57 |
| 2807909030 | 2807909 |       47.5 |       2.6 |            30.4 |      27.3 |      1194 |        16.32 |           96 |
| 2807909031 | 2807909 |       49.3 |       2.3 |            31.5 |      30.4 |       626 |        15.47 |           63 |
| 2807909033 | 2807909 |       49.3 |       2.4 |            32.9 |      31.7 |       982 |        14.29 |           88 |
| 2807909034 | 2807909 |       45.5 |       2.5 |            32.8 |      24.6 |      1595 |        15.55 |          190 |
| 2807909035 | 2807909 |       48.2 |       2.5 |            31.2 |      30.8 |       850 |        13.32 |           66 |
| 2807909036 | 2807909 |       44.1 |       2.3 |            37.6 |        23 |      1072 |        15.69 |          151 |
| 2807909037 | 2807909 |       44.1 |       2.3 |            38.1 |        22 |      2241 |        16.97 |          388 |
| 2807909038 | 2807909 |       50.3 |       2.3 |            31.6 |      35.5 |      1141 |        12.72 |           66 |
| 2807909039 | 2807909 |       48.6 |       2.2 |            35.9 |      29.8 |      1126 |        14.05 |          108 |
| 2807909040 | 2807909 |       47.1 |       2.2 |              39 |      25.7 |       864 |        13.97 |           97 |
| 2807909041 | 2807909 |       43.4 |       2.9 |            21.3 |      20.4 |      1660 |        12.69 |           65 |
| 2807909043 | 2807909 |       42.4 |         3 |              25 |      21.1 |      1976 |        13.83 |           90 |
| 2807909044 | 2807909 |       45.8 |       2.7 |            26.8 |      27.3 |      1175 |        10.82 |           59 |
| 2807909045 | 2807909 |       42.1 |       2.9 |            26.2 |      22.3 |      1068 |        13.63 |           68 |
| 2807909046 | 2807909 |       43.8 |       2.5 |            29.7 |      23.5 |      1781 |        14.26 |          176 |
| 2807909047 | 2807909 |         45 |       2.6 |            24.8 |      25.4 |      1476 |         12.5 |           77 |
| 2807909049 | 2807909 |       45.7 |       2.4 |            30.3 |      27.6 |      1152 |        11.57 |           88 |
| 2807909050 | 2807909 |       46.6 |       2.4 |            30.6 |      28.8 |       824 |        12.33 |           81 |
| 2807909051 | 2807909 |       49.2 |       2.3 |            31.7 |      32.3 |      1265 |        11.22 |           96 |
| 2807909052 | 2807909 |       47.7 |       2.3 |            29.4 |      31.8 |      1847 |        11.61 |          152 |
| 2807909053 | 2807909 |       43.3 |       2.4 |            31.3 |      14.8 |       877 |        15.33 |           94 |
| 2807909054 | 2807909 |       47.2 |       2.4 |            33.8 |        25 |      1302 |        11.63 |          144 |
| 2807909055 | 2807909 |       50.6 |       2.4 |            26.3 |      36.3 |      1638 |        11.54 |           98 |
| 2807909056 | 2807909 |       48.2 |       2.4 |            29.8 |        31 |      2047 |        12.67 |          139 |
| 2807909057 | 2807909 |       48.5 |       2.2 |            35.3 |        27 |       866 |         10.4 |           82 |
| 2807909058 | 2807909 |       47.8 |       2.3 |            39.4 |      26.3 |       937 |        11.56 |          109 |
| 2807909060 | 2807909 |       48.8 |       2.2 |            37.5 |      26.7 |      1504 |        12.32 |          169 |
| 2807909061 | 2807909 |       43.6 |       2.5 |            34.5 |      20.5 |       925 |        11.54 |           95 |
| 2807909063 | 2807909 |       45.6 |       2.5 |            29.6 |      23.3 |      1458 |        13.66 |          100 |
| 2807909064 | 2807909 |       44.2 |       2.6 |            30.7 |      20.4 |      1565 |        11.36 |          128 |
| 2807909065 | 2807909 |       43.5 |       2.3 |              38 |      18.3 |      1271 |        12.04 |          116 |
| 2807909066 | 2807909 |       44.5 |       2.5 |            35.3 |      20.5 |       863 |        11.68 |           74 |
| 2807909067 | 2807909 |       45.2 |       2.3 |            35.9 |      19.8 |       820 |        14.92 |           97 |
| 2807909068 | 2807909 |       45.7 |       2.2 |            43.1 |      24.9 |      1019 |        13.04 |          111 |
| 2807909069 | 2807909 |       45.6 |       2.4 |            34.8 |      22.6 |       782 |        12.76 |           75 |
| 2807909070 | 2807909 |       43.3 |       2.3 |            35.7 |      19.7 |      1233 |        12.39 |          102 |
| 2807909071 | 2807909 |       38.8 |       3.6 |              16 |      14.2 |      1486 |        15.87 |          113 |
| 2807909072 | 2807909 |       40.1 |         3 |            22.8 |      18.2 |      1553 |        17.26 |           87 |
| 2807909073 | 2807909 |       38.6 |       3.7 |            11.4 |      13.3 |      1342 |        16.75 |          107 |
| 2807909074 | 2807909 |       45.2 |       2.5 |            32.8 |      22.8 |      1480 |        12.27 |          167 |
| 2807909075 | 2807909 |       41.2 |         3 |            26.2 |      17.3 |      2555 |        13.65 |          163 |
| 2807909076 | 2807909 |       44.3 |       2.5 |            32.2 |      19.9 |      1015 |        11.99 |          122 |
| 2807909077 | 2807909 |       43.6 |       2.5 |            34.7 |        22 |      1135 |        12.71 |          103 |
| 2807909078 | 2807909 |       38.4 |         4 |            12.7 |      14.4 |      2102 |        13.12 |           13 |
| 2807909079 | 2807909 |       51.6 |       2.6 |            18.4 |      42.4 |      1877 |         10.5 |           14 |
| 2807909080 | 2807909 |       40.9 |       2.8 |            20.2 |        16 |      1664 |        14.09 |          114 |
| 2807909081 | 2807909 |       48.3 |       2.5 |            27.5 |      30.3 |       864 |        13.96 |           53 |
| 2807909082 | 2807909 |       49.2 |       2.4 |            28.1 |      32.1 |       826 |         11.8 |           65 |
| 2807909083 | 2807909 |         36 |         3 |            20.3 |       8.5 |      1403 |        14.22 |          307 |
| 2807909084 | 2807909 |       48.5 |         2 |            41.1 |      30.1 |       881 |        14.17 |          118 |
| 2807909085 | 2807909 |       41.5 |       3.1 |            13.7 |      15.9 |      1543 |        12.05 |           41 |
| 2807909086 | 2807909 |       35.5 |       3.4 |            21.8 |      10.5 |      2039 |        15.48 |          108 |
| 2807909087 | 2807909 |       39.4 |       3.8 |              10 |      15.3 |      2094 |        13.82 |           10 |
| 2807909088 | 2807909 |       39.1 |       2.6 |              28 |      12.7 |      2527 |        13.86 |          284 |
| 2807909089 | 2807909 |       41.4 |       3.6 |            13.9 |      16.2 |      1652 |         null |            4 |
| 2807909090 | 2807909 |       41.2 |       2.5 |            25.6 |      14.4 |      2113 |        13.52 |          208 |
| 2807909091 | 2807909 |         35 |       2.7 |            32.2 |       7.3 |      1771 |        16.62 |          214 |
| 2807909092 | 2807909 |       40.9 |       3.1 |            17.5 |      13.2 |      1046 |         13.2 |           32 |
| 2807909093 | 2807909 |       43.1 |       3.3 |            17.2 |      21.2 |      1446 |         null |         null |
| 2807909094 | 2807909 |       39.6 |       2.7 |            23.8 |      11.4 |      1525 |         null |         null |
| 2807909095 | 2807909 |       49.1 |       2.1 |            40.1 |      28.7 |      1260 |         null |         null |
| 2807909096 | 2807909 |       30.6 |       3.5 |            15.3 |         5 |      1938 |         null |         null |
| 2807909097 | 2807909 |       35.5 |       3.6 |            14.9 |       9.7 |      1554 |         null |         null |
| 2807910001 | 2807910 |         44 |       2.7 |            28.7 |      19.4 |      1052 |         9.85 |           45 |
| 2807910002 | 2807910 |       39.2 |       3.2 |            19.9 |      14.3 |       970 |        10.16 |           11 |
| 2807910003 | 2807910 |       39.4 |       3.1 |            18.4 |      15.3 |       897 |         7.44 |           12 |
| 2807910004 | 2807910 |       42.6 |       2.6 |            35.2 |      16.4 |       788 |        10.24 |           48 |
| 2807910005 | 2807910 |       42.5 |       2.8 |            26.1 |        17 |      1341 |         9.36 |           49 |
| 2807910006 | 2807910 |       40.8 |       2.6 |            27.3 |      12.2 |      2506 |        12.06 |          181 |
| 2807910007 | 2807910 |       40.2 |       2.8 |            30.1 |      13.3 |      1470 |         11.6 |          141 |
| 2807910008 | 2807910 |       41.5 |       2.7 |            29.1 |      14.2 |      1077 |        10.36 |          102 |
| 2807910009 | 2807910 |         44 |       2.6 |            28.9 |      21.1 |      1141 |        10.89 |          105 |
| 2807910010 | 2807910 |       46.1 |       2.8 |            21.8 |      24.6 |       880 |         9.22 |           70 |
| 2807910011 | 2807910 |       44.2 |       2.3 |            36.3 |      18.2 |       749 |        11.03 |           60 |
| 2807910012 | 2807910 |       47.8 |       2.2 |            36.4 |      25.7 |       954 |        11.19 |           82 |
| 2807910013 | 2807910 |       48.3 |       2.3 |            32.6 |      28.1 |       725 |        10.79 |           51 |
| 2807910014 | 2807910 |       47.5 |       2.6 |            22.8 |      29.5 |       843 |        11.67 |           28 |
| 2807910015 | 2807910 |       45.9 |       2.3 |            38.7 |      19.5 |      1259 |        11.76 |          125 |
| 2807910016 | 2807910 |       45.5 |       2.2 |              38 |        21 |      1269 |        13.68 |          121 |
| 2807910017 | 2807910 |         47 |       2.5 |            28.9 |      27.3 |       963 |        11.58 |           45 |
| 2807910018 | 2807910 |       44.5 |       2.2 |            37.3 |      18.2 |       829 |         12.4 |           97 |
| 2807910020 | 2807910 |       45.5 |       2.3 |            37.8 |      20.8 |       862 |        11.39 |           73 |
| 2807910021 | 2807910 |       45.8 |       2.1 |            38.8 |        21 |      1346 |        12.19 |          148 |
| 2807910022 | 2807910 |         41 |       2.3 |            41.6 |        13 |      1071 |         12.5 |          106 |
| 2807910023 | 2807910 |       44.1 |       2.1 |              44 |      17.2 |       853 |        13.64 |          121 |
| 2807910024 | 2807910 |       43.9 |       2.3 |            39.2 |      18.6 |      1181 |        12.54 |          151 |
| 2807910025 | 2807910 |       44.6 |       2.3 |            35.5 |      18.3 |      1225 |        12.01 |          144 |
| 2807910026 | 2807910 |       46.6 |       2.2 |              38 |      21.9 |       924 |        12.55 |          108 |
| 2807910027 | 2807910 |       44.5 |       2.1 |            45.6 |        18 |      1321 |        13.02 |          153 |
| 2807910028 | 2807910 |       42.1 |       2.5 |            34.9 |      16.1 |      1318 |        11.67 |          158 |
| 2807910029 | 2807910 |       43.4 |       2.4 |            36.2 |      19.2 |      1415 |        11.43 |          152 |
| 2807910030 | 2807910 |       43.8 |       2.4 |            35.1 |      17.4 |      1369 |        11.33 |          170 |
| 2807910031 | 2807910 |       43.2 |       2.5 |            32.9 |      17.5 |       851 |        11.46 |           79 |
| 2807910032 | 2807910 |       42.9 |       2.3 |              38 |        16 |      2153 |        12.04 |          147 |
| 2807910033 | 2807910 |       43.9 |       2.1 |            40.6 |      16.4 |      1010 |        12.41 |          131 |
| 2807910034 | 2807910 |       null |      null |            null |      null |      null |         11.7 |           89 |
| 2807910035 | 2807910 |       46.4 |       2.3 |            33.1 |      23.3 |       917 |        11.25 |           56 |
| 2807910036 | 2807910 |       46.7 |       2.2 |            38.3 |      23.6 |      1515 |        11.67 |          152 |
| 2807910037 | 2807910 |       42.6 |       2.4 |            35.4 |      17.6 |      1725 |        12.61 |          175 |
| 2807910038 | 2807910 |       42.7 |       2.5 |            31.9 |      17.2 |       886 |        11.14 |           81 |
| 2807910039 | 2807910 |       42.9 |       2.7 |            27.6 |      18.3 |      1328 |        10.29 |          107 |
| 2807910040 | 2807910 |       41.1 |       2.4 |            34.2 |      15.4 |       981 |        11.29 |           53 |
| 2807910041 | 2807910 |       43.8 |       2.4 |            35.1 |      16.7 |      1531 |        11.17 |          130 |
| 2807910042 | 2807910 |       44.6 |       2.5 |            33.5 |      19.3 |      1391 |         10.4 |          103 |
| 2807910043 | 2807910 |       45.2 |       2.5 |            35.7 |      21.5 |      1475 |        10.71 |          129 |
| 2807910044 | 2807910 |       48.7 |       2.3 |            33.1 |      27.6 |       843 |        11.45 |           88 |
| 2807910046 | 2807910 |       44.5 |       2.5 |            36.5 |      20.3 |      1342 |        12.36 |          114 |
| 2807910047 | 2807910 |       40.7 |       2.9 |            30.5 |      15.1 |      1090 |        11.54 |           81 |
| 2807910048 | 2807910 |       40.9 |       2.9 |            28.5 |      16.8 |      1456 |        11.13 |          125 |
| 2807910049 | 2807910 |         44 |       2.6 |            32.4 |      18.1 |      1229 |        10.87 |          100 |
| 2807910050 | 2807910 |       44.4 |       2.6 |            31.1 |      22.6 |      1434 |         11.1 |          133 |
| 2807910051 | 2807910 |       44.3 |       2.7 |            26.6 |      20.4 |      1017 |        10.91 |           77 |
| 2807910052 | 2807910 |         44 |       2.7 |            30.8 |      21.2 |      1228 |         10.3 |          102 |
| 2807910053 | 2807910 |       43.8 |       2.6 |            33.4 |      19.7 |      1138 |        11.16 |          104 |
| 2807910054 | 2807910 |       48.4 |       2.3 |            31.6 |      28.9 |      1424 |        11.42 |          104 |
| 2807910055 | 2807910 |       46.9 |       2.4 |            31.3 |      27.4 |      1199 |        11.06 |           94 |
| 2807910056 | 2807910 |       43.5 |       2.6 |            29.8 |      18.3 |      1158 |        11.15 |          120 |
| 2807910057 | 2807910 |       43.9 |       2.4 |              34 |      20.3 |      1554 |        11.75 |          144 |
| 2807910058 | 2807910 |       43.8 |       2.5 |            34.8 |      19.4 |      1133 |        10.62 |          124 |
| 2807910059 | 2807910 |         42 |       2.6 |            32.8 |        15 |      1268 |        12.07 |          115 |
| 2807910060 | 2807910 |       45.8 |       2.6 |            27.5 |      22.7 |      1916 |        10.16 |           82 |
| 2807910061 | 2807910 |       44.2 |       2.8 |            28.7 |      19.9 |      1656 |         9.42 |          129 |
| 2807910062 | 2807910 |       42.6 |       2.9 |            29.4 |      16.7 |       933 |         9.42 |           30 |
| 2807910063 | 2807910 |       44.2 |       2.8 |            25.7 |      21.1 |      1710 |         8.86 |           89 |
| 2807910065 | 2807910 |       44.3 |       2.6 |            35.3 |      20.2 |       828 |         8.78 |           51 |
| 2807910067 | 2807910 |       48.9 |       2.3 |            36.6 |        29 |       907 |        11.52 |           64 |
| 2807910068 | 2807910 |       48.6 |       2.3 |            38.6 |      29.6 |       800 |        11.46 |           64 |
| 2807910069 | 2807910 |       43.9 |       2.6 |            31.9 |      19.2 |      1441 |         9.86 |          121 |
| 2807910070 | 2807910 |       45.1 |       2.5 |            33.1 |      21.1 |      1149 |        10.27 |           93 |
| 2807910072 | 2807910 |       48.8 |       2.3 |              35 |      26.3 |      2135 |        11.24 |          129 |
| 2807910073 | 2807910 |       43.6 |       2.6 |            28.9 |      20.1 |      1196 |         9.57 |          101 |
| 2807910074 | 2807910 |       48.3 |       2.2 |            40.9 |      28.1 |       857 |        10.26 |           81 |
| 2807910075 | 2807910 |       44.3 |       2.4 |            37.2 |      20.8 |       902 |        10.48 |           98 |
| 2807910076 | 2807910 |       47.2 |       2.4 |            32.3 |      25.8 |       951 |         9.37 |           49 |
| 2807910077 | 2807910 |         45 |       2.4 |            32.9 |      20.2 |       851 |        11.35 |           68 |
| 2807910078 | 2807910 |       46.1 |       2.4 |            34.9 |      21.2 |      1136 |        11.38 |           80 |
| 2807910081 | 2807910 |       52.1 |       2.4 |              25 |      39.9 |      1192 |         9.97 |           44 |
| 2807910082 | 2807910 |       44.3 |       2.6 |            34.1 |      21.1 |       972 |         9.92 |           40 |
| 2807910083 | 2807910 |       44.3 |       2.8 |            26.1 |      20.5 |       770 |         9.15 |           35 |
| 2807910084 | 2807910 |       41.9 |       2.8 |            29.4 |      15.2 |      2290 |        10.33 |          210 |
| 2807910086 | 2807910 |       44.4 |       2.5 |            33.8 |      20.5 |      1547 |        10.32 |          143 |
| 2807910087 | 2807910 |       54.5 |       2.4 |            22.8 |      43.7 |       874 |         9.44 |           19 |
| 2807910088 | 2807910 |       49.4 |       2.4 |            30.4 |      31.2 |      1253 |           10 |           89 |
| 2807910089 | 2807910 |       50.9 |       2.3 |            36.4 |      34.6 |      1012 |        10.46 |           76 |
| 2807910090 | 2807910 |       53.1 |       2.4 |            27.7 |      39.7 |       812 |          8.6 |           24 |
| 2807910091 | 2807910 |       52.6 |       2.5 |            23.4 |      38.1 |       968 |         9.27 |           30 |
| 2807910092 | 2807910 |       46.6 |       2.6 |            26.1 |      24.5 |       850 |        10.77 |           48 |
| 2807910093 | 2807910 |       44.9 |       2.5 |            35.5 |      22.7 |       916 |        10.21 |           74 |
| 2807910094 | 2807910 |       43.8 |       2.4 |            37.9 |      18.3 |      1126 |         9.71 |          144 |
| 2807910095 | 2807910 |       46.3 |       2.6 |            30.2 |        25 |      1266 |         9.49 |          141 |
| 2807910096 | 2807910 |       44.6 |       2.5 |            35.6 |      20.4 |      1528 |         9.56 |          179 |
| 2807910098 | 2807910 |       46.3 |       2.5 |            31.9 |      24.6 |      1155 |        10.29 |          104 |
| 2807910099 | 2807910 |       50.4 |       2.4 |              30 |      31.2 |      1106 |        10.19 |           80 |
| 2807910100 | 2807910 |       47.3 |       2.4 |            33.8 |        29 |       981 |        10.36 |           84 |
| 2807910101 | 2807910 |       49.2 |       2.4 |            25.6 |      33.4 |      1055 |        10.14 |           83 |
| 2807910102 | 2807910 |       51.7 |       2.5 |            26.3 |      39.5 |       651 |         9.95 |           28 |
| 2807910103 | 2807910 |       46.2 |       2.4 |            32.8 |      23.1 |      1148 |        10.66 |           86 |
| 2807910104 | 2807910 |       null |      null |            null |      null |      null |         null |         null |
| 2807910106 | 2807910 |       53.6 |       2.4 |            24.9 |        42 |      1326 |         8.88 |           46 |
| 2807910107 | 2807910 |       54.2 |       2.3 |            26.2 |      41.1 |       979 |         9.18 |           45 |
| 2807910108 | 2807910 |       53.2 |       2.4 |            29.7 |      39.2 |       750 |         9.64 |           28 |
| 2807910109 | 2807910 |         53 |       2.3 |            28.8 |      39.8 |      1350 |         9.42 |           64 |
| 2807910110 | 2807910 |       46.1 |       2.4 |            33.3 |      22.7 |      1599 |         9.03 |           79 |
| 2807910111 | 2807910 |       null |      null |            null |      null |      null |         9.39 |           81 |
| 2807910112 | 2807910 |       45.1 |       2.4 |            31.4 |      21.4 |      1063 |         8.96 |          136 |
| 2807910113 | 2807910 |       46.1 |       2.4 |            35.4 |      22.4 |       924 |         8.99 |           97 |
| 2807910114 | 2807910 |       43.9 |       2.5 |            30.7 |      18.8 |      1082 |         9.56 |          124 |
| 2807910115 | 2807910 |       47.8 |       2.3 |            33.6 |      24.1 |      1113 |         9.35 |          126 |
| 2807910116 | 2807910 |       49.8 |       2.4 |            30.5 |      32.2 |      1352 |        11.18 |           83 |
| 2807910117 | 2807910 |       52.2 |       2.4 |              24 |      39.8 |      1109 |          9.6 |           44 |
| 2807910118 | 2807910 |       51.3 |       2.4 |              28 |      34.6 |      1102 |        10.88 |           75 |
| 2807910119 | 2807910 |       52.7 |       2.5 |            21.8 |        40 |      1418 |         10.2 |           42 |
| 2807910120 | 2807910 |         48 |       2.4 |            31.2 |      28.5 |      1189 |         9.69 |           86 |
| 2807910121 | 2807910 |       52.1 |       2.2 |            36.9 |      34.5 |      1137 |        10.26 |          101 |
| 2807910122 | 2807910 |       51.7 |       2.5 |            29.3 |      35.6 |      1100 |          9.5 |           48 |
| 2807910123 | 2807910 |       51.4 |       2.3 |            30.1 |      38.3 |       865 |        10.62 |           59 |
| 2807910124 | 2807910 |       44.6 |       2.6 |            28.5 |      21.4 |      1428 |         11.1 |          148 |
| 2807910125 | 2807910 |       46.8 |       2.4 |            31.5 |      25.9 |       748 |        10.59 |           67 |
| 2807910126 | 2807910 |       43.1 |       2.6 |            30.4 |      21.3 |      1322 |        10.66 |          131 |
| 2807910127 | 2807910 |       48.7 |       2.3 |            33.1 |      30.6 |       958 |         10.3 |          107 |
| 2807910128 | 2807910 |       47.4 |       2.4 |            32.3 |        26 |      1271 |        10.83 |          107 |
| 2807910129 | 2807910 |       54.9 |       2.3 |            29.5 |      41.1 |      1243 |         9.92 |           23 |
| 2807910130 | 2807910 |       51.4 |       2.4 |            28.3 |      35.1 |      1574 |        10.03 |          104 |
| 2807910131 | 2807910 |       44.8 |       2.5 |            29.1 |      23.9 |      1492 |        10.49 |           95 |
| 2807910132 | 2807910 |       45.8 |       2.4 |            32.8 |      24.3 |      1058 |         9.44 |           77 |
| 2807910133 | 2807910 |       48.1 |       2.5 |              29 |      27.7 |      1699 |        10.93 |          164 |
| 2807910134 | 2807910 |       null |      null |            null |      null |      null |         9.69 |           49 |
| 2807910135 | 2807910 |         49 |       2.3 |            40.5 |      29.3 |       805 |        10.16 |           55 |
| 2807910136 | 2807910 |       49.3 |       2.4 |            33.1 |      30.3 |      1157 |           10 |          104 |
| 2807910137 | 2807910 |         43 |       2.5 |              34 |      18.8 |      1088 |        11.36 |          130 |
| 2807910138 | 2807910 |       54.1 |       2.2 |            29.6 |      42.4 |       691 |         9.31 |           37 |
| 2807910139 | 2807910 |       44.8 |       2.6 |            28.4 |      22.7 |      1137 |         9.85 |           87 |
| 2807910140 | 2807910 |       49.8 |       2.3 |            33.4 |      29.7 |       795 |        10.67 |           57 |
| 2807910142 | 2807910 |       44.3 |       2.6 |            31.6 |        21 |      1835 |         9.86 |          151 |
| 2807910143 | 2807910 |       46.4 |       2.6 |            27.7 |      24.8 |      1335 |        10.14 |          102 |
| 2807910144 | 2807910 |       40.5 |       2.7 |            29.5 |      14.4 |      1532 |        11.85 |          167 |
| 2807910145 | 2807910 |       45.4 |       2.7 |            28.4 |        24 |      1583 |        10.89 |          151 |
| 2807910146 | 2807910 |       46.1 |       2.6 |            28.8 |      23.3 |      1358 |        10.76 |          136 |
| 2807910147 | 2807910 |       42.6 |       2.7 |            30.9 |      18.6 |      1619 |        11.02 |          163 |
| 2807910148 | 2807910 |       41.3 |       2.8 |            30.6 |      15.3 |      1554 |        11.27 |          163 |
| 2807910149 | 2807910 |       43.1 |       2.8 |            29.3 |      19.4 |      1977 |        10.46 |          127 |
| 2807910150 | 2807910 |       null |      null |            null |      null |      null |        11.77 |           77 |
| 2807910151 | 2807910 |       44.4 |       2.6 |            31.2 |      21.6 |      1814 |        11.46 |          163 |
| 2807910152 | 2807910 |       47.5 |       2.5 |            27.8 |      27.5 |       794 |         9.87 |           52 |
| 2807910153 | 2807910 |       43.7 |       2.3 |            34.7 |      17.3 |      2557 |        11.72 |          306 |
| 2807910154 | 2807910 |       45.3 |       2.4 |            32.5 |      24.2 |       844 |        10.48 |           80 |
| 2807910156 | 2807910 |       56.2 |       2.5 |            23.1 |      47.8 |       830 |         8.12 |           87 |
| 2807910157 | 2807910 |       53.6 |       2.5 |            24.9 |      40.7 |       735 |         null |         null |
| 2807910158 | 2807910 |         49 |       2.6 |            17.4 |      31.6 |      1125 |         null |            8 |
| 2807910159 | 2807910 |       49.9 |       2.7 |              14 |      30.3 |      1124 |         null |            0 |
| 2807910161 | 2807910 |       47.9 |       2.3 |            36.3 |      25.8 |      1622 |        10.81 |          154 |
| 2807910162 | 2807910 |       48.5 |       2.2 |            34.8 |      26.9 |       913 |        11.11 |          128 |
| 2807910163 | 2807910 |       51.3 |       2.5 |            31.1 |      35.7 |       749 |           10 |           64 |
| 2807910164 | 2807910 |       44.9 |       2.3 |              36 |      20.7 |      1426 |         9.92 |          184 |
| 2807910165 | 2807910 |       47.1 |       2.6 |            21.9 |        25 |      1117 |        11.01 |           56 |
| 2807910167 | 2807910 |       45.7 |       2.5 |            26.3 |      19.7 |      2196 |        10.71 |          153 |
| 2807910168 | 2807910 |       46.5 |       2.5 |            29.1 |      26.7 |      1336 |        10.37 |          114 |
| 2807910169 | 2807910 |       47.1 |       2.4 |            32.7 |      27.4 |       810 |        10.85 |           70 |
| 2807910170 | 2807910 |       46.6 |       2.5 |            25.1 |      24.1 |      1147 |         9.71 |           73 |
| 2807910171 | 2807910 |       48.5 |       2.4 |            26.5 |      30.3 |      1116 |         9.21 |           60 |
| 2807910172 | 2807910 |         48 |       2.5 |            29.4 |      27.5 |       752 |         8.52 |           45 |
| 2807910173 | 2807910 |       48.9 |       2.4 |            25.7 |      32.3 |      1549 |         9.86 |           89 |
| 2807910174 | 2807910 |       49.6 |       2.5 |            28.5 |        34 |       912 |         9.46 |           38 |
| 2807910175 | 2807910 |         49 |       2.5 |            25.2 |      31.2 |       812 |         9.46 |           40 |
| 2807910176 | 2807910 |       49.5 |       2.4 |              27 |      34.6 |      1216 |         8.78 |           91 |
| 2807910178 | 2807910 |         51 |       2.4 |            30.9 |      35.4 |      1047 |        10.62 |           62 |
| 2807910179 | 2807910 |       50.8 |       2.2 |            38.1 |      29.6 |      1090 |        10.32 |           80 |
| 2807910180 | 2807910 |       48.1 |       2.5 |              29 |      26.9 |      1200 |         9.07 |           66 |
| 2807910181 | 2807910 |       49.2 |       2.3 |            34.9 |      28.6 |      1141 |        10.46 |           73 |
| 2807910182 | 2807910 |       44.7 |       2.3 |            35.5 |      18.7 |      1124 |         10.8 |          123 |
| 2807910183 | 2807910 |       48.6 |       2.4 |            30.1 |      28.5 |       986 |         9.73 |           56 |
| 2807910184 | 2807910 |       51.8 |       2.4 |            27.6 |        34 |       962 |         8.85 |           43 |
| 2807910185 | 2807910 |       45.3 |       2.7 |            26.5 |      20.2 |       802 |         9.38 |           45 |
| 2807910187 | 2807910 |       43.2 |       2.7 |            27.5 |      19.1 |      1365 |         9.68 |           72 |
| 2807910188 | 2807910 |       46.3 |       2.5 |            26.2 |      24.3 |       974 |         10.2 |           64 |
| 2807910189 | 2807910 |       48.2 |       2.5 |            31.1 |      26.1 |      1502 |         9.52 |           95 |
| 2807910190 | 2807910 |       46.1 |       2.4 |            34.3 |      25.6 |      1163 |        10.32 |           78 |
| 2807910191 | 2807910 |       48.9 |       2.4 |            33.9 |      29.4 |      1566 |        10.13 |           86 |
| 2807910192 | 2807910 |       50.5 |       2.4 |            28.3 |      32.1 |      1693 |         9.48 |           72 |
| 2807910193 | 2807910 |       53.3 |       2.3 |            32.4 |      35.1 |       766 |         9.21 |           32 |
| 2807910194 | 2807910 |       48.6 |       2.4 |            31.6 |      29.9 |       922 |         9.72 |           42 |
| 2807910196 | 2807910 |       null |      null |            null |      null |      null |         null |         null |
| 2807910197 | 2807910 |       43.5 |       2.7 |            23.1 |      20.7 |      1653 |         9.95 |           80 |
| 2807910198 | 2807910 |       46.7 |       2.4 |            27.4 |      26.7 |      1959 |         9.52 |          143 |
| 2807910199 | 2807910 |       51.1 |       2.4 |            28.3 |      34.2 |      1581 |         9.86 |           79 |
| 2807910201 | 2807910 |       49.6 |       2.3 |            30.4 |      31.3 |      1041 |         9.85 |           59 |
| 2807910202 | 2807910 |       48.9 |       2.5 |            29.3 |      29.3 |       775 |         9.05 |           29 |
| 2807910203 | 2807910 |       49.8 |       2.4 |            30.4 |        33 |      1520 |        10.53 |           88 |
| 2807910204 | 2807910 |       46.7 |       2.5 |            32.3 |      24.8 |       927 |        10.07 |           68 |
| 2807910205 | 2807910 |       50.8 |       2.6 |            20.4 |      34.1 |      1311 |         8.65 |           36 |
| 2807910206 | 2807910 |       48.1 |       2.1 |            37.4 |      24.3 |      1255 |        13.02 |          104 |
| 2807910207 | 2807910 |       52.7 |       2.4 |            27.7 |      36.7 |      1378 |         10.1 |           47 |
| 2807910209 | 2807910 |       51.4 |       2.3 |            30.4 |      33.1 |      1199 |         9.58 |           90 |
| 2807910210 | 2807910 |         48 |       2.5 |            24.4 |      29.3 |      1096 |         8.95 |           29 |
| 2807910211 | 2807910 |       50.9 |         2 |            37.7 |      34.7 |      1023 |        12.16 |           89 |
| 2807910212 | 2807910 |       51.3 |       2.4 |            21.2 |      37.2 |       916 |         9.18 |           49 |
| 2807910213 | 2807910 |       44.2 |       2.6 |            24.7 |      15.7 |      2260 |        10.93 |          113 |
| 2807910214 | 2807910 |       46.6 |       2.5 |            27.3 |      16.7 |      1781 |         9.76 |          100 |
| 2807910215 | 2807910 |       44.2 |       2.7 |              21 |      15.9 |      1450 |        11.27 |           73 |
| 2807910216 | 2807910 |       38.6 |       2.4 |            33.3 |       9.2 |      1307 |        13.84 |          150 |
| 2807910217 | 2807910 |       44.8 |       2.3 |              36 |      21.3 |       989 |        11.49 |           73 |
| 2807910218 | 2807910 |       41.9 |       2.7 |            21.2 |        13 |      1174 |        11.75 |           76 |
| 2807910219 | 2807910 |       46.6 |       2.4 |              30 |        17 |      1368 |        10.27 |           92 |
| 2807910220 | 2807910 |       35.3 |       2.6 |            31.2 |       5.7 |      1706 |        11.19 |           62 |
| 2807910221 | 2807910 |       39.3 |       2.3 |            37.5 |       7.5 |      1363 |           15 |          115 |
| 2807910222 | 2807910 |       34.9 |       2.6 |              29 |       5.9 |      1494 |         null |         null |
| 2807911001 | 2807911 |         46 |       2.2 |            39.2 |      22.8 |      1196 |        13.04 |          142 |
| 2807911002 | 2807911 |       50.2 |       2.2 |            36.3 |      29.9 |      1590 |        11.11 |          125 |
| 2807911003 | 2807911 |       50.8 |       2.2 |            33.1 |      35.2 |      1684 |        11.69 |          133 |
| 2807911004 | 2807911 |       49.6 |       2.2 |            35.1 |      32.3 |      1427 |        11.97 |          122 |
| 2807911005 | 2807911 |       49.8 |       2.2 |            39.8 |      30.2 |      1069 |        10.74 |           70 |
| 2807911006 | 2807911 |       47.6 |       2.2 |              38 |      25.3 |      1224 |        11.12 |          124 |
| 2807911007 | 2807911 |       43.8 |       2.4 |            33.7 |      18.5 |      2135 |        11.02 |          221 |
| 2807911010 | 2807911 |       49.5 |       2.2 |            37.3 |      30.8 |       857 |        11.46 |           81 |
| 2807911011 | 2807911 |       45.3 |       2.5 |              35 |        21 |       830 |         8.97 |           58 |
| 2807911012 | 2807911 |       43.6 |       2.3 |            37.9 |      17.8 |      2067 |        12.96 |          286 |
| 2807911013 | 2807911 |       44.1 |       2.4 |            35.2 |      18.6 |      1530 |        11.98 |          162 |
| 2807911015 | 2807911 |       44.3 |       2.3 |            37.5 |      20.1 |      1456 |        10.62 |          133 |
| 2807911016 | 2807911 |       45.7 |       2.3 |            37.4 |      22.8 |      1178 |        12.05 |          114 |
| 2807911017 | 2807911 |       43.5 |       2.3 |            37.1 |      18.1 |      1201 |        12.77 |           97 |
| 2807911018 | 2807911 |       43.2 |       2.8 |            22.9 |      18.4 |       770 |         9.28 |           34 |
| 2807911019 | 2807911 |       45.2 |       2.5 |            33.3 |      20.5 |       736 |         9.92 |           52 |
| 2807911021 | 2807911 |       41.5 |       2.8 |            27.3 |      15.6 |      1472 |        10.22 |           82 |
| 2807911022 | 2807911 |         44 |       2.4 |            36.1 |      18.7 |      1547 |        11.11 |          115 |
| 2807911023 | 2807911 |       43.8 |       2.5 |            31.8 |      19.4 |      1357 |        10.78 |          136 |
| 2807911024 | 2807911 |       44.8 |       2.6 |            29.4 |      19.6 |      1455 |           10 |          122 |
| 2807911025 | 2807911 |       44.8 |       2.7 |            25.5 |      23.1 |      1334 |         9.77 |           90 |
| 2807911026 | 2807911 |         44 |       2.5 |            32.8 |      18.9 |      2249 |        11.12 |          227 |
| 2807911028 | 2807911 |       48.8 |       2.6 |            26.4 |      28.9 |      1000 |         8.93 |           41 |
| 2807911029 | 2807911 |       46.6 |       2.5 |            34.3 |      24.6 |       854 |         9.91 |           42 |
| 2807911030 | 2807911 |         44 |       2.7 |            29.8 |      19.7 |       870 |        10.26 |           47 |
| 2807911031 | 2807911 |       53.3 |       2.2 |            35.5 |      40.3 |       901 |         9.76 |           29 |
| 2807911032 | 2807911 |       43.8 |       2.7 |            31.2 |      18.1 |      1551 |        10.16 |          141 |
| 2807911033 | 2807911 |       40.5 |         3 |            25.8 |      13.3 |      1764 |        10.72 |          145 |
| 2807911034 | 2807911 |       42.4 |       2.6 |            38.4 |      15.5 |      1094 |        11.61 |          116 |
| 2807911035 | 2807911 |       42.4 |       2.8 |            27.7 |      15.9 |      1235 |         9.86 |           80 |
| 2807911036 | 2807911 |       41.8 |       2.6 |            32.3 |      14.4 |      1292 |        11.33 |          144 |
| 2807911037 | 2807911 |       42.7 |       2.5 |            33.9 |      15.4 |      1426 |        11.32 |          157 |
| 2807911038 | 2807911 |       44.1 |       2.5 |            34.6 |      20.1 |      1149 |        10.52 |          122 |
| 2807911039 | 2807911 |       40.1 |       2.3 |            36.1 |      12.4 |      2273 |        13.73 |          213 |
| 2807911040 | 2807911 |         44 |       2.5 |            39.2 |      18.4 |       961 |        10.69 |           87 |
| 2807911041 | 2807911 |       39.7 |       2.7 |            32.1 |      12.5 |      1508 |        10.98 |          193 |
| 2807911042 | 2807911 |       43.1 |       2.4 |            34.7 |      16.3 |      1274 |        11.96 |          142 |
| 2807911043 | 2807911 |       47.2 |       2.3 |            38.2 |      26.1 |      1104 |        11.83 |           72 |
| 2807911044 | 2807911 |       46.6 |       2.4 |            28.4 |      23.5 |      1774 |        11.49 |          120 |
| 2807911045 | 2807911 |       49.4 |       2.2 |            40.7 |        31 |       714 |        11.57 |           47 |
| 2807911046 | 2807911 |       49.2 |         2 |            44.8 |      27.8 |       781 |         11.5 |           98 |
| 2807911047 | 2807911 |       44.3 |       2.3 |            38.8 |      18.8 |      1348 |        12.24 |          143 |
| 2807911048 | 2807911 |         42 |       2.7 |            29.9 |      17.1 |      1507 |        11.23 |           65 |
| 2807911049 | 2807911 |       46.1 |       2.3 |              35 |      23.7 |      1991 |        11.59 |          191 |
| 2807911050 | 2807911 |       45.6 |       2.3 |            33.5 |      23.2 |      1196 |        11.28 |           84 |
| 2807911051 | 2807911 |       48.2 |       2.2 |            36.6 |      25.8 |      1406 |        11.48 |           95 |
| 2807911054 | 2807911 |       41.5 |       2.8 |            22.6 |      16.3 |      1157 |        11.46 |           15 |
| 2807911055 | 2807911 |       43.4 |       2.6 |            31.7 |      18.8 |      1339 |        11.23 |          134 |
| 2807911056 | 2807911 |       43.3 |       2.8 |              28 |      17.9 |      1222 |        10.82 |          125 |
| 2807911057 | 2807911 |       40.7 |       2.7 |            27.8 |      14.3 |      1221 |        11.36 |          115 |
| 2807911058 | 2807911 |       44.9 |       2.5 |            31.7 |      22.9 |       778 |        10.63 |           62 |
| 2807911059 | 2807911 |       40.9 |       2.5 |            32.8 |      16.1 |      1366 |        10.52 |          136 |
| 2807911060 | 2807911 |       45.3 |       2.4 |            30.1 |      22.1 |      1176 |        10.86 |           11 |
| 2807911061 | 2807911 |       41.8 |       2.4 |            32.5 |      12.3 |      1031 |         11.9 |          127 |
| 2807911062 | 2807911 |       40.4 |       2.5 |            35.7 |      12.4 |      1803 |        11.27 |          201 |
| 2807911063 | 2807911 |       44.9 |       2.5 |            31.3 |      20.6 |      2199 |           10 |          185 |
| 2807911065 | 2807911 |       46.2 |       2.3 |              34 |      20.5 |      1548 |        11.87 |          115 |
| 2807911066 | 2807911 |       null |      null |            null |      null |      null |         8.95 |           17 |
| 2807911067 | 2807911 |       42.3 |       2.4 |              34 |      14.9 |      1821 |        11.79 |          197 |
| 2807911068 | 2807911 |       44.8 |       2.8 |            25.8 |      24.1 |      1293 |        10.16 |          109 |
| 2807911069 | 2807911 |         44 |       2.8 |            26.2 |      21.6 |      2202 |          9.7 |          187 |
| 2807911070 | 2807911 |       41.4 |       2.8 |            28.8 |      15.3 |      2210 |        10.68 |          177 |
| 2807911071 | 2807911 |         43 |       2.6 |            29.8 |      18.7 |      1805 |        10.57 |          130 |
| 2807911072 | 2807911 |       42.3 |       2.7 |            29.8 |        17 |      1598 |        10.94 |          147 |
| 2807911073 | 2807911 |       41.6 |       2.9 |            26.1 |      16.7 |      1447 |         9.76 |          124 |
| 2807911074 | 2807911 |       41.3 |       2.8 |            29.1 |      15.1 |       893 |         9.92 |           96 |
| 2807911075 | 2807911 |       53.3 |       2.2 |            34.7 |      38.5 |       717 |        10.48 |           53 |
| 2807911078 | 2807911 |         42 |       2.9 |            26.3 |      17.6 |      1591 |        10.66 |          144 |
| 2807911079 | 2807911 |       42.9 |       2.8 |            29.4 |      17.3 |       995 |         9.74 |           97 |
| 2807911080 | 2807911 |       41.9 |       2.8 |              27 |      16.4 |      1882 |        11.49 |          176 |
| 2807911081 | 2807911 |       42.7 |       2.6 |            31.9 |      17.3 |      1901 |        10.89 |          186 |
| 2807911082 | 2807911 |       42.4 |       2.9 |            27.6 |      16.4 |      1227 |        10.03 |           97 |
| 2807911083 | 2807911 |       41.9 |       2.9 |            29.5 |      16.3 |      1036 |        10.83 |          114 |
| 2807911084 | 2807911 |       null |      null |            null |      null |      null |         null |         null |
| 2807911085 | 2807911 |       43.3 |       2.7 |            29.5 |      19.3 |      2296 |        10.47 |          240 |
| 2807911086 | 2807911 |       44.1 |       2.6 |            36.7 |      19.1 |      1168 |        11.24 |          100 |
| 2807911087 | 2807911 |       42.5 |       2.7 |            28.4 |      17.5 |      1564 |        10.48 |          166 |
| 2807911088 | 2807911 |       42.5 |       2.6 |            28.8 |      15.7 |      1705 |        11.08 |          156 |
| 2807911089 | 2807911 |       44.7 |       2.5 |            34.5 |      20.3 |      2030 |        10.91 |          225 |
| 2807911091 | 2807911 |       43.5 |       2.7 |            30.8 |      19.8 |      1508 |        10.91 |          136 |
| 2807911092 | 2807911 |       43.6 |       2.6 |            29.5 |      19.5 |      1223 |        10.48 |          131 |
| 2807911093 | 2807911 |       51.1 |       2.5 |            29.4 |      33.9 |      1214 |         9.49 |           72 |
| 2807911094 | 2807911 |       55.2 |       2.5 |            20.1 |      46.2 |      1328 |         8.76 |           31 |
| 2807911095 | 2807911 |       52.1 |       2.5 |              24 |      37.7 |      1082 |         9.22 |           40 |
| 2807911096 | 2807911 |       53.1 |       2.4 |            25.5 |      42.8 |       864 |         9.01 |           38 |
| 2807911097 | 2807911 |       48.5 |       2.4 |            29.6 |      28.5 |      1121 |         9.43 |           85 |
| 2807911098 | 2807911 |       47.3 |       2.6 |            26.4 |      28.5 |      1398 |          9.7 |           78 |
| 2807911099 | 2807911 |       50.7 |       2.4 |              27 |      35.1 |      1002 |         9.74 |           46 |
| 2807911100 | 2807911 |         43 |       2.8 |            25.4 |      19.9 |      2151 |         9.87 |          111 |
| 2807911101 | 2807911 |       44.4 |       2.6 |            29.9 |      21.4 |      1601 |        10.38 |          100 |
| 2807911102 | 2807911 |       43.4 |       2.7 |            28.5 |      17.4 |      1452 |        10.15 |          107 |
| 2807911103 | 2807911 |       44.6 |       2.5 |            32.6 |      20.5 |      1690 |        10.45 |          153 |
| 2807911104 | 2807911 |       45.2 |       2.5 |            33.7 |      21.6 |      1169 |        10.14 |          100 |
| 2807911105 | 2807911 |       44.1 |       2.7 |              28 |      21.7 |       977 |        10.71 |           79 |
| 2807911106 | 2807911 |       44.5 |       2.8 |            26.2 |      19.2 |       970 |          9.7 |           79 |
| 2807911107 | 2807911 |       47.2 |       2.7 |            26.9 |      27.5 |      1263 |        10.05 |           93 |
| 2807911108 | 2807911 |       45.4 |       2.6 |            33.7 |      22.5 |      1237 |        10.39 |           93 |
| 2807911109 | 2807911 |       43.2 |       2.7 |            28.7 |      18.8 |      1396 |         9.46 |          123 |
| 2807911110 | 2807911 |         41 |         3 |              28 |      15.4 |      1234 |           10 |           67 |
| 2807911111 | 2807911 |         42 |         3 |            26.4 |      15.3 |      1317 |        10.53 |           68 |
| 2807911112 | 2807911 |       46.1 |       2.5 |            31.4 |      23.3 |      1307 |        10.65 |          127 |
| 2807911113 | 2807911 |       41.8 |       2.9 |            24.9 |      15.4 |      1672 |        10.05 |          168 |
| 2807911114 | 2807911 |       42.6 |       2.6 |            30.5 |      17.3 |      1347 |        10.86 |          139 |
| 2807911115 | 2807911 |       42.3 |       2.7 |            30.4 |      16.5 |      2097 |        10.68 |          190 |
| 2807911116 | 2807911 |       41.6 |       2.6 |            35.2 |      16.1 |       915 |        10.22 |          102 |
| 2807911117 | 2807911 |         40 |       2.9 |            24.7 |      11.5 |      1877 |        10.52 |          158 |
| 2807911118 | 2807911 |       42.5 |       2.7 |            34.1 |      16.5 |      1182 |         9.88 |          100 |
| 2807911119 | 2807911 |       39.9 |       2.9 |            28.1 |      13.7 |      1406 |         10.2 |          131 |
| 2807911120 | 2807911 |       42.4 |       2.7 |            28.7 |      16.2 |      1197 |         9.64 |          112 |
| 2807911121 | 2807911 |       39.4 |       2.9 |              26 |      13.4 |      1610 |        10.49 |          137 |
| 2807911122 | 2807911 |       39.9 |       3.1 |            23.7 |      14.7 |      1251 |        10.57 |           89 |
| 2807911123 | 2807911 |       41.6 |       2.5 |            30.6 |        13 |       454 |        11.51 |           34 |
| 2807911124 | 2807911 |       42.2 |       2.7 |            28.6 |      18.3 |      1734 |        10.04 |          108 |
| 2807911125 | 2807911 |       42.1 |       2.6 |            30.2 |      16.6 |      1498 |        10.94 |          134 |
| 2807911126 | 2807911 |       40.5 |       2.6 |            26.7 |       9.2 |      1367 |        10.61 |          199 |
| 2807911128 | 2807911 |       40.5 |         3 |            26.1 |      16.1 |      1258 |          6.9 |           24 |
| 2807911129 | 2807911 |         42 |         3 |            24.5 |      18.2 |       995 |         7.94 |           16 |
| 2807911130 | 2807911 |         40 |         3 |            23.3 |      14.6 |      1902 |         9.68 |          121 |
| 2807911131 | 2807911 |       40.4 |       2.9 |            27.7 |      14.5 |      1114 |         10.5 |           84 |
| 2807911132 | 2807911 |       39.9 |       2.9 |            23.3 |        15 |       995 |        11.31 |           94 |
| 2807911133 | 2807911 |       45.8 |       2.6 |            29.6 |      26.9 |      1093 |        10.36 |           60 |
| 2807911134 | 2807911 |       45.5 |       2.7 |            28.1 |      23.3 |       893 |         9.25 |           65 |
| 2807911135 | 2807911 |       45.9 |       2.7 |            26.3 |      21.9 |       947 |         8.75 |           62 |
| 2807911136 | 2807911 |       45.4 |       2.5 |            31.5 |      21.1 |      1247 |        10.29 |          110 |
| 2807911137 | 2807911 |       43.6 |       2.8 |            21.6 |        19 |      2232 |        10.34 |          130 |
| 2807911138 | 2807911 |       40.9 |       2.8 |            27.1 |      13.7 |      1156 |        10.19 |           98 |
| 2807911139 | 2807911 |         44 |       2.6 |            29.7 |      19.6 |      1238 |        10.34 |          107 |
| 2807911140 | 2807911 |       39.2 |       2.8 |            23.6 |      12.2 |      1774 |           10 |          139 |
| 2807911141 | 2807911 |       45.3 |       2.5 |            31.6 |      22.5 |      1213 |        10.12 |          110 |
| 2807911142 | 2807911 |       45.4 |       2.5 |            29.9 |      23.7 |       751 |         9.82 |           48 |
| 2807911143 | 2807911 |       44.7 |       2.5 |              34 |      20.1 |      1322 |        10.39 |          103 |
| 2807911145 | 2807911 |       47.5 |       2.5 |            30.1 |      27.3 |      1196 |          9.7 |           70 |
| 2807911146 | 2807911 |       46.1 |       2.7 |            24.6 |      26.9 |      1423 |          9.5 |           86 |
| 2807911147 | 2807911 |       49.2 |       2.5 |            27.8 |        30 |      1428 |         9.33 |           77 |
| 2807911148 | 2807911 |       41.4 |       2.5 |            31.6 |      15.4 |      2451 |         9.99 |          133 |
| 2807911149 | 2807911 |       47.1 |       2.4 |              35 |      24.3 |       945 |         9.68 |           56 |
| 2807911150 | 2807911 |       44.1 |       2.6 |            27.5 |      17.5 |      1150 |         9.32 |           94 |
| 2807911151 | 2807911 |       42.6 |       2.6 |            27.5 |      17.5 |      1129 |        10.34 |          121 |
| 2807911152 | 2807911 |       43.3 |       2.5 |            27.2 |        18 |      2238 |        10.77 |          163 |
| 2807911153 | 2807911 |       44.5 |       2.6 |            29.5 |      20.1 |      1653 |        10.16 |          133 |
| 2807911154 | 2807911 |       41.3 |       2.8 |            25.3 |      16.5 |      1301 |           10 |          129 |
| 2807911155 | 2807911 |       39.3 |       2.8 |            23.1 |      10.8 |      2401 |        10.49 |          150 |
| 2807911156 | 2807911 |       35.8 |       2.8 |            23.3 |       6.6 |      1909 |        12.12 |          209 |
| 2807911157 | 2807911 |       44.4 |       2.8 |            22.8 |      20.3 |      1165 |         7.84 |           29 |
| 2807911158 | 2807911 |       40.7 |       3.1 |              23 |      15.7 |      1247 |         8.54 |           46 |
| 2807911159 | 2807911 |       null |      null |            null |      null |      null |         null |         null |
| 2807911160 | 2807911 |       42.7 |       3.1 |            23.4 |      17.6 |      1685 |         9.01 |           56 |
| 2807911161 | 2807911 |       40.7 |       3.1 |            21.8 |      13.7 |      1412 |         9.17 |          104 |
| 2807911162 | 2807911 |       42.1 |       2.9 |            26.7 |      17.8 |       887 |         10.7 |           61 |
| 2807911163 | 2807911 |       48.7 |       2.5 |            26.6 |      32.7 |      1404 |         9.52 |           87 |
| 2807911165 | 2807911 |       46.3 |       2.7 |            25.4 |      25.9 |      1778 |         9.66 |          108 |
| 2807911167 | 2807911 |       45.4 |       2.7 |            28.1 |      24.2 |      1107 |         9.39 |           97 |
| 2807911168 | 2807911 |       47.7 |       2.5 |            27.9 |      28.2 |      1049 |         9.09 |           66 |
| 2807911169 | 2807911 |       41.8 |       2.9 |            25.3 |      16.4 |      2680 |          9.9 |          201 |
| 2807911170 | 2807911 |       41.3 |         3 |            23.2 |      16.3 |      1006 |           10 |           85 |
| 2807911171 | 2807911 |       39.7 |         3 |            22.4 |      13.6 |      1005 |          9.4 |           70 |
| 2807911173 | 2807911 |       39.1 |         3 |            28.3 |      13.7 |      1392 |          9.8 |          121 |
| 2807911174 | 2807911 |       43.6 |       2.6 |            28.9 |      17.4 |       824 |         9.81 |           62 |
| 2807911175 | 2807911 |       44.2 |       2.6 |            30.6 |      18.5 |      1599 |        10.12 |          148 |
| 2807911176 | 2807911 |       43.7 |       2.7 |              29 |      19.3 |      1203 |         10.4 |           78 |
| 2807911177 | 2807911 |       43.4 |       2.5 |            33.6 |      19.3 |      2371 |        10.53 |          189 |
| 2807911178 | 2807911 |         42 |       2.7 |            29.7 |        18 |       943 |        10.74 |           88 |
| 2807911179 | 2807911 |       43.1 |       2.7 |            27.6 |      19.3 |       983 |         9.29 |           59 |
| 2807911180 | 2807911 |       41.6 |         3 |            22.3 |      17.5 |      1340 |         8.45 |           18 |
| 2807911181 | 2807911 |         51 |       2.1 |            39.7 |      33.8 |       955 |        12.71 |           94 |
| 2807911182 | 2807911 |       41.4 |       2.7 |            21.1 |      11.8 |      2734 |        10.65 |          172 |
| 2807911183 | 2807911 |       37.6 |       2.8 |            24.2 |       7.7 |      2488 |        11.84 |          177 |
| 2807911184 | 2807911 |       48.8 |       2.3 |            37.3 |      25.2 |      1085 |        11.36 |           85 |
| 2807911185 | 2807911 |       43.9 |       2.7 |              25 |      20.2 |      1508 |         9.09 |           73 |
| 2807911186 | 2807911 |       36.3 |       2.9 |            23.6 |       5.9 |      1943 |        10.38 |           44 |
| 2807911187 | 2807911 |       35.9 |       2.7 |            28.9 |       5.8 |      1678 |        15.52 |          163 |
| 2807911188 | 2807911 |         37 |         3 |            17.3 |       7.8 |      1955 |        11.02 |          105 |
| 2807911189 | 2807911 |       36.4 |       3.1 |            16.2 |         5 |      2471 |           10 |           60 |
| 2807911190 | 2807911 |       36.5 |       2.9 |            19.6 |       6.7 |      1600 |        10.43 |           57 |
| 2807911191 | 2807911 |       34.5 |         3 |            16.6 |       6.1 |      2959 |        10.17 |          107 |
| 2807911192 | 2807911 |       35.7 |       2.5 |              31 |       5.9 |      1830 |        12.66 |           83 |
| 2807911193 | 2807911 |         42 |       2.6 |            28.6 |        16 |      1283 |        10.19 |           98 |
| 2807911194 | 2807911 |       39.5 |       2.8 |            20.4 |       9.9 |      1160 |        12.77 |           76 |
| 2807911195 | 2807911 |       43.5 |       2.3 |            38.7 |      16.3 |      1835 |        13.84 |          213 |
| 2807911196 | 2807911 |       40.7 |       2.9 |            16.3 |      10.4 |      1273 |         10.9 |           45 |
| 2807911197 | 2807911 |       36.2 |       2.5 |            31.6 |       5.2 |      1565 |        16.05 |          244 |
| 2807911198 | 2807911 |       37.4 |       2.7 |            25.8 |       7.7 |      2013 |        16.39 |          203 |
| 2807911199 | 2807911 |       40.1 |       2.6 |            32.2 |      13.5 |      1760 |         null |         null |
| 2807911200 | 2807911 |       37.3 |       2.7 |            26.1 |       6.1 |      1106 |         null |         null |
| 2807912001 | 2807912 |       46.1 |       2.5 |            27.6 |      22.3 |       651 |         null |            2 |
| 2807912002 | 2807912 |       47.2 |       2.4 |            34.2 |      24.3 |       820 |         7.74 |           27 |
| 2807912003 | 2807912 |       48.1 |       2.4 |            34.7 |      25.6 |      1260 |          7.5 |           29 |
| 2807912005 | 2807912 |       47.5 |       2.5 |            32.5 |      26.1 |      1095 |         8.06 |           17 |
| 2807912006 | 2807912 |       48.7 |       2.4 |              33 |      26.3 |       765 |         7.53 |           15 |
| 2807912007 | 2807912 |       46.8 |       2.5 |            30.7 |        24 |      1461 |         7.79 |           26 |
| 2807912008 | 2807912 |       45.9 |       2.8 |              26 |      23.8 |      1238 |         7.26 |           22 |
| 2807912009 | 2807912 |       46.8 |       2.7 |            25.6 |      26.3 |      1117 |         8.57 |           18 |
| 2807912010 | 2807912 |       47.5 |       2.6 |            27.6 |      26.7 |       935 |         6.54 |           21 |
| 2807912011 | 2807912 |       44.3 |       2.8 |            24.5 |      21.1 |       987 |         7.83 |           18 |
| 2807912012 | 2807912 |       45.5 |       2.9 |            20.8 |      27.2 |      1032 |         7.16 |           15 |
| 2807912013 | 2807912 |         46 |       2.6 |            26.1 |        26 |       972 |         7.83 |           20 |
| 2807912014 | 2807912 |       45.8 |       2.9 |            19.5 |      23.9 |      1045 |          7.4 |           18 |
| 2807912015 | 2807912 |       47.4 |       2.6 |            27.1 |      25.7 |      1095 |         7.33 |           23 |
| 2807912016 | 2807912 |       42.7 |       2.8 |            22.4 |      17.2 |      1693 |         8.48 |           54 |
| 2807912018 | 2807912 |         42 |       3.1 |            19.5 |      17.7 |      1857 |         7.14 |           25 |
| 2807912019 | 2807912 |       40.3 |       3.2 |            21.6 |      15.7 |      1246 |         6.72 |           15 |
| 2807912020 | 2807912 |       40.9 |       3.1 |            23.2 |      16.7 |      1356 |         7.25 |           20 |
| 2807912021 | 2807912 |       null |      null |            null |      null |      null |         null |         null |
| 2807912022 | 2807912 |         42 |         3 |            25.2 |      18.5 |      1651 |         9.13 |           68 |
| 2807912023 | 2807912 |       41.9 |         3 |            24.2 |      16.5 |      1502 |         7.35 |           29 |
| 2807912024 | 2807912 |       41.5 |       2.8 |            22.1 |      12.7 |      2105 |         9.15 |          117 |
| 2807912027 | 2807912 |       41.2 |       2.7 |            24.5 |      12.3 |      1741 |        10.48 |          132 |
| 2807912028 | 2807912 |       45.4 |       2.4 |            32.5 |        23 |       926 |        10.84 |           87 |
| 2807912029 | 2807912 |       42.5 |       2.8 |              26 |      19.3 |      1372 |         9.73 |          138 |
| 2807912030 | 2807912 |         41 |       3.2 |            18.1 |        19 |      1317 |         8.12 |           57 |
| 2807912031 | 2807912 |       43.3 |       2.9 |            28.4 |      19.5 |       840 |         8.26 |           62 |
| 2807912032 | 2807912 |       43.7 |       2.6 |            26.7 |      20.5 |      2697 |         9.04 |          155 |
| 2807912033 | 2807912 |       43.7 |       2.7 |            28.1 |      19.7 |      1258 |         9.56 |           64 |
| 2807912034 | 2807912 |         42 |       2.7 |            23.7 |      15.6 |      2129 |         9.02 |           63 |
| 2807912036 | 2807912 |       null |      null |            null |      null |      null |         null |         null |
| 2807912037 | 2807912 |       42.7 |       2.7 |            24.7 |        18 |      1297 |         7.96 |           20 |
| 2807912039 | 2807912 |       43.2 |       2.7 |            30.4 |      17.3 |      1074 |         9.33 |           67 |
| 2807912041 | 2807912 |       41.9 |       2.8 |            30.5 |      16.1 |      1671 |         9.63 |          110 |
| 2807912042 | 2807912 |       39.6 |         3 |            27.6 |      14.5 |      1197 |        10.71 |           87 |
| 2807912043 | 2807912 |       45.3 |       2.8 |            27.9 |      21.2 |      1366 |        10.16 |           56 |
| 2807912044 | 2807912 |       41.8 |         3 |            24.1 |      16.6 |      1611 |         9.42 |          105 |
| 2807912045 | 2807912 |       39.8 |         3 |            26.7 |      12.6 |      1871 |        10.19 |          200 |
| 2807912046 | 2807912 |       40.2 |         3 |            26.4 |      12.7 |      1757 |        11.03 |          154 |
| 2807912047 | 2807912 |       40.6 |       2.9 |            31.3 |      12.2 |      1192 |        10.36 |           91 |
| 2807912048 | 2807912 |       40.4 |       2.8 |            29.2 |      14.3 |      1543 |        11.15 |          120 |
| 2807912049 | 2807912 |       42.3 |       2.8 |            25.5 |      16.8 |      1657 |         9.59 |           98 |
| 2807912050 | 2807912 |       43.7 |       2.4 |            38.3 |      17.8 |      1379 |        12.32 |          159 |
| 2807912051 | 2807912 |       43.3 |       2.8 |            26.7 |      18.7 |      1320 |         9.24 |           80 |
| 2807912052 | 2807912 |       38.7 |       2.6 |            26.2 |      12.6 |      2227 |        12.06 |          138 |
| 2807912053 | 2807912 |       50.1 |       2.2 |            32.5 |      31.3 |      1836 |        11.33 |          143 |
| 2807912054 | 2807912 |       49.3 |       2.3 |            33.3 |      28.3 |      1273 |        11.11 |           95 |
| 2807912055 | 2807912 |       43.3 |       2.7 |            31.7 |      17.1 |      1722 |         10.7 |          130 |
| 2807912056 | 2807912 |       39.6 |       2.8 |            33.2 |      13.3 |      1758 |        10.63 |          171 |
| 2807912057 | 2807912 |       39.9 |       2.9 |            26.4 |      12.9 |      1548 |        10.42 |          139 |
| 2807912059 | 2807912 |       47.8 |       2.5 |            29.3 |        26 |      1645 |           10 |          113 |
| 2807912061 | 2807912 |       44.7 |       2.5 |            31.4 |      20.3 |      2245 |        11.61 |          203 |
| 2807912062 | 2807912 |       41.9 |       2.6 |            30.3 |      16.8 |      1481 |        10.19 |          106 |
| 2807912064 | 2807912 |       45.1 |       2.5 |            32.8 |      19.6 |      1330 |        11.16 |          100 |
| 2807912065 | 2807912 |       42.1 |       2.9 |            26.6 |      16.6 |      1305 |         9.59 |           68 |
| 2807912066 | 2807912 |       38.2 |       3.4 |            21.8 |       9.4 |      1742 |        10.88 |          135 |
| 2807912067 | 2807912 |       39.2 |       3.1 |            22.5 |      10.9 |      2136 |           11 |          182 |
| 2807912069 | 2807912 |       43.5 |       2.6 |            31.3 |        19 |      1243 |         9.62 |          106 |
| 2807912070 | 2807912 |       46.6 |       2.6 |            27.5 |      25.5 |      1161 |         9.24 |           41 |
| 2807912071 | 2807912 |       43.5 |       2.5 |            33.3 |      18.2 |      1785 |        11.28 |          151 |
| 2807912073 | 2807912 |       39.9 |       2.6 |            33.5 |      12.1 |      1021 |        12.45 |          129 |
| 2807912074 | 2807912 |       44.6 |       2.6 |            34.2 |      20.6 |       884 |        10.48 |           67 |
| 2807912075 | 2807912 |       42.3 |       2.8 |            26.7 |      16.3 |      1688 |        11.15 |          156 |
| 2807912077 | 2807912 |       46.1 |       2.6 |            26.3 |        23 |      1525 |         8.54 |           53 |
| 2807912078 | 2807912 |       43.8 |       2.6 |              30 |        19 |      1461 |        10.96 |          108 |
| 2807912079 | 2807912 |       41.1 |       2.8 |            25.9 |      17.8 |      1213 |        10.65 |           89 |
| 2807912080 | 2807912 |       41.2 |       2.8 |            27.1 |      16.7 |      1582 |        10.71 |          140 |
| 2807912081 | 2807912 |       40.7 |       2.8 |            27.6 |      15.2 |      1452 |        10.38 |          125 |
| 2807912082 | 2807912 |       41.1 |         3 |            21.7 |      15.5 |      1064 |         9.65 |           89 |
| 2807912083 | 2807912 |       42.5 |         3 |            23.5 |      17.8 |      1312 |        10.63 |          101 |
| 2807912084 | 2807912 |       43.3 |       2.9 |            25.8 |      20.5 |      1115 |        10.08 |           72 |
| 2807912086 | 2807912 |       45.1 |       2.8 |            23.1 |      21.6 |      1105 |          7.3 |           20 |
| 2807912087 | 2807912 |       41.5 |       3.1 |            22.1 |        17 |      1971 |         7.45 |           51 |
| 2807912088 | 2807912 |       40.3 |       2.9 |            25.5 |      12.7 |      1959 |         9.84 |          188 |
| 2807912089 | 2807912 |         42 |       2.7 |            24.3 |      16.2 |      1213 |        10.64 |           85 |
| 2807912090 | 2807912 |       40.9 |       2.8 |            25.1 |        16 |      1276 |         9.98 |           92 |
| 2807912091 | 2807912 |       43.1 |       2.8 |            26.5 |      20.2 |      1710 |        10.45 |          130 |
| 2807912092 | 2807912 |       43.1 |       2.8 |            28.2 |      18.9 |      1399 |         9.58 |          121 |
| 2807912093 | 2807912 |       41.2 |       2.9 |            26.6 |      14.1 |      1974 |        10.61 |          157 |
| 2807912094 | 2807912 |       40.2 |       2.8 |            26.4 |      13.8 |      2138 |        11.52 |          193 |
| 2807912096 | 2807912 |       40.9 |         3 |            26.9 |      13.1 |      1457 |        10.14 |          128 |
| 2807912097 | 2807912 |         42 |       2.9 |            29.7 |      14.8 |      1220 |        10.12 |          105 |
| 2807912098 | 2807912 |       44.7 |       2.7 |            22.9 |      14.6 |      1813 |         8.82 |           79 |
| 2807912099 | 2807912 |       42.6 |       2.9 |            21.7 |      14.7 |      1098 |         7.79 |           20 |
| 2807912100 | 2807912 |       43.8 |       2.6 |            30.7 |      16.6 |      1624 |         9.25 |           63 |
| 2807912101 | 2807912 |       38.7 |       2.9 |            17.3 |       6.7 |      1801 |        10.42 |           80 |
| 2807912102 | 2807912 |       36.7 |       2.9 |            19.1 |       6.7 |      2518 |         9.49 |          113 |
| 2807912103 | 2807912 |       37.1 |         3 |            19.7 |       8.9 |      2456 |         8.59 |           53 |
| 2807912104 | 2807912 |       39.7 |       2.8 |            22.8 |      10.2 |      1812 |         9.43 |          115 |
| 2807912105 | 2807912 |       38.4 |       3.1 |            17.5 |       7.9 |      1584 |         9.12 |           76 |
| 2807912106 | 2807912 |       37.3 |       2.9 |            19.7 |       7.8 |      2439 |         9.76 |          152 |
| 2807912107 | 2807912 |       41.7 |       2.4 |              30 |      15.1 |      2471 |        12.17 |          195 |
| 2807912108 | 2807912 |       36.6 |       2.2 |              40 |       6.6 |      1445 |         11.5 |          325 |
| 2807912109 | 2807912 |       36.9 |       2.8 |            21.4 |       7.1 |      2135 |         9.39 |          144 |
| 2807912110 | 2807912 |       37.1 |         3 |              22 |       7.7 |      1714 |         null |         null |
| 2807913002 | 2807913 |         44 |       2.8 |            25.6 |      19.4 |      1191 |         7.34 |           12 |
| 2807913003 | 2807913 |       41.7 |       3.1 |            20.9 |      18.4 |       898 |         null |            5 |
| 2807913004 | 2807913 |       45.6 |       2.7 |            23.8 |      23.5 |       753 |         null |            6 |
| 2807913005 | 2807913 |       42.4 |         3 |            19.8 |      21.1 |       916 |         6.75 |           18 |
| 2807913006 | 2807913 |       44.8 |       2.9 |            23.9 |      23.3 |       948 |         null |            9 |
| 2807913007 | 2807913 |       44.7 |       2.7 |            26.3 |      21.4 |      1026 |         6.55 |           10 |
| 2807913008 | 2807913 |       42.9 |       2.6 |            30.2 |      18.2 |      1552 |         8.96 |           21 |
| 2807913010 | 2807913 |         44 |       2.6 |            27.7 |      20.3 |      1096 |         8.83 |           47 |
| 2807913011 | 2807913 |       40.2 |       2.9 |            22.5 |        16 |       899 |         null |            3 |
| 2807913012 | 2807913 |       40.9 |       2.9 |            23.8 |      17.2 |      1286 |         8.82 |           30 |
| 2807913013 | 2807913 |       43.3 |       2.7 |            27.6 |      20.1 |      1313 |         8.96 |           40 |
| 2807913014 | 2807913 |       42.7 |       2.7 |            27.2 |      18.4 |      2020 |         9.38 |           48 |
| 2807913016 | 2807913 |       43.6 |       2.8 |            25.6 |      18.9 |      1184 |         8.86 |           26 |
| 2807913017 | 2807913 |       41.5 |       2.7 |            23.8 |        17 |      1009 |         8.47 |           10 |
| 2807913018 | 2807913 |       43.4 |       2.8 |            26.9 |      19.4 |       922 |         8.11 |           17 |
| 2807913019 | 2807913 |       42.3 |       2.6 |            30.5 |      14.2 |       738 |         null |            1 |
| 2807913021 | 2807913 |       44.1 |       2.6 |            25.7 |        19 |      1002 |         8.53 |           10 |
| 2807913022 | 2807913 |       44.5 |       2.8 |            22.5 |      21.2 |       974 |         7.89 |           24 |
| 2807913023 | 2807913 |       46.7 |       2.7 |            28.4 |      26.5 |       849 |         8.15 |           28 |
| 2807913024 | 2807913 |       43.7 |       2.9 |            20.2 |      18.6 |       909 |         9.29 |           42 |
| 2807913026 | 2807913 |       45.9 |       2.6 |            30.9 |      21.2 |       942 |         8.98 |           28 |
| 2807913027 | 2807913 |       null |      null |            null |      null |      null |         9.56 |           20 |
| 2807913028 | 2807913 |       39.9 |       2.9 |            23.4 |      14.7 |       821 |         7.72 |           12 |
| 2807913029 | 2807913 |       45.4 |       2.5 |            32.9 |      23.5 |      1249 |         9.83 |           40 |
| 2807913030 | 2807913 |       44.8 |       2.5 |            30.4 |      21.6 |      1859 |         9.34 |           34 |
| 2807913031 | 2807913 |       39.9 |       2.9 |            24.4 |      13.6 |      1147 |           10 |           88 |
| 2807913032 | 2807913 |       42.4 |       2.8 |            25.6 |      16.4 |      2035 |           10 |          157 |
| 2807913033 | 2807913 |       40.4 |       2.9 |            26.6 |      15.6 |      1366 |         9.49 |           91 |
| 2807913034 | 2807913 |       41.6 |       2.6 |            30.1 |      16.5 |      1283 |         10.2 |          115 |
| 2807913035 | 2807913 |       41.9 |       2.7 |            25.9 |        14 |      2660 |         9.43 |          173 |
| 2807913036 | 2807913 |         39 |       2.6 |            29.7 |      13.4 |      1181 |        11.12 |           95 |
| 2807913037 | 2807913 |       40.5 |       2.4 |            36.8 |      13.8 |      1440 |        12.35 |          125 |
| 2807913038 | 2807913 |       38.3 |       2.8 |            28.5 |      10.8 |      1115 |        12.24 |           71 |
| 2807913039 | 2807913 |       39.6 |       2.5 |            34.8 |      11.2 |      1090 |        13.25 |           89 |
| 2807913040 | 2807913 |       40.9 |       2.5 |            36.7 |      11.3 |      1445 |        12.29 |          142 |
| 2807913041 | 2807913 |       39.2 |       2.5 |            36.7 |       9.2 |      2010 |        11.77 |          185 |
| 2807913042 | 2807913 |       39.4 |       2.6 |            33.6 |      11.3 |      1440 |        12.47 |          150 |
| 2807913043 | 2807913 |       40.4 |       2.6 |            35.8 |      11.2 |      1512 |        12.78 |          187 |
| 2807913044 | 2807913 |       40.8 |       2.6 |            33.6 |      12.3 |      2167 |        11.84 |          200 |
| 2807913045 | 2807913 |       38.3 |       2.7 |            32.9 |      11.1 |      1483 |        12.38 |          147 |
| 2807913046 | 2807913 |       38.7 |       2.6 |            34.8 |      11.3 |      2084 |        11.97 |          196 |
| 2807913047 | 2807913 |       41.8 |       2.5 |            33.5 |      15.5 |      1669 |           12 |          114 |
| 2807913048 | 2807913 |       39.3 |       2.9 |            29.8 |      12.8 |      1491 |        10.91 |          107 |
| 2807913049 | 2807913 |       42.9 |       2.6 |            29.6 |      16.9 |      1933 |        10.58 |          153 |
| 2807913050 | 2807913 |         39 |       2.5 |            37.4 |      11.5 |      1180 |         11.3 |          139 |
| 2807913052 | 2807913 |       42.3 |       2.5 |            35.6 |      15.2 |      1066 |        11.52 |           92 |
| 2807913053 | 2807913 |       41.5 |       2.7 |            30.8 |      14.8 |      1373 |        10.72 |          110 |
| 2807913054 | 2807913 |       40.5 |       2.6 |            30.2 |      13.7 |      1961 |        11.46 |          159 |
| 2807913055 | 2807913 |       41.4 |       2.8 |            32.5 |      15.2 |      1352 |        10.81 |           94 |
| 2807913056 | 2807913 |       36.7 |       2.6 |            25.4 |      10.7 |      2522 |        11.02 |          113 |
| 2807913057 | 2807913 |       41.4 |       2.8 |            29.8 |      16.2 |      1686 |        10.14 |          141 |
| 2807913058 | 2807913 |       38.9 |       2.8 |            27.5 |      11.8 |      1209 |        11.58 |           95 |
| 2807913059 | 2807913 |       39.2 |       2.6 |            31.5 |        11 |      1247 |        10.84 |           78 |
| 2807913060 | 2807913 |       40.9 |       2.8 |            29.3 |      15.6 |      1190 |        10.37 |           86 |
| 2807913061 | 2807913 |       40.1 |       2.7 |            29.2 |      13.6 |      1109 |        11.41 |           75 |
| 2807913062 | 2807913 |       39.1 |       2.9 |            27.4 |      12.1 |      1257 |        10.89 |           89 |
| 2807913063 | 2807913 |       39.5 |         3 |            28.1 |      13.9 |      1010 |         9.87 |           73 |
| 2807913064 | 2807913 |       null |      null |            null |      null |      null |         null |         null |
| 2807913065 | 2807913 |       39.9 |       2.7 |            33.2 |      12.8 |      1982 |        11.65 |          172 |
| 2807913066 | 2807913 |       40.5 |       2.8 |            25.2 |      15.5 |      1086 |         9.42 |           82 |
| 2807913069 | 2807913 |       41.6 |       2.6 |              30 |      16.5 |       862 |        11.03 |           66 |
| 2807913074 | 2807913 |       46.9 |       2.6 |            21.1 |      21.2 |      2041 |         8.95 |           98 |
| 2807913077 | 2807913 |         52 |       2.3 |            29.1 |      37.5 |      1316 |         9.66 |           70 |
| 2807913078 | 2807913 |       48.7 |       2.5 |            25.6 |      31.8 |      1644 |         9.77 |          109 |
| 2807913079 | 2807913 |       39.6 |       2.6 |            33.8 |        12 |      1711 |         11.7 |          151 |
| 2807913080 | 2807913 |       38.2 |       2.7 |            31.6 |      11.8 |      1590 |        11.62 |          137 |
| 2807913083 | 2807913 |       40.7 |       3.1 |            27.8 |      14.4 |      1898 |         9.62 |          149 |
| 2807913084 | 2807913 |       39.6 |         3 |            30.1 |      12.6 |      1035 |         8.82 |           92 |
| 2807913086 | 2807913 |       42.7 |       2.4 |            34.6 |      15.7 |      1458 |        10.59 |          150 |
| 2807913087 | 2807913 |       47.1 |       2.5 |            27.2 |      25.7 |       736 |         9.68 |           51 |
| 2807913088 | 2807913 |       51.3 |       2.3 |            34.4 |      33.3 |      1026 |           11 |          104 |
| 2807913089 | 2807913 |       42.4 |       2.5 |            36.3 |      14.8 |       847 |        11.54 |           73 |
| 2807913090 | 2807913 |       41.3 |       2.6 |            28.5 |      13.6 |       963 |        11.64 |           69 |
| 2807913091 | 2807913 |       43.8 |       2.5 |            32.7 |      16.7 |      1105 |        10.84 |           92 |
| 2807913092 | 2807913 |       43.1 |       2.6 |            24.8 |      16.1 |      2169 |         9.59 |          120 |
| 2807913094 | 2807913 |       43.8 |       2.5 |            28.8 |      14.7 |      2043 |         9.31 |          109 |
| 2807913103 | 2807913 |       43.3 |       2.7 |            26.2 |      19.4 |       878 |         8.52 |           23 |
| 2807913104 | 2807913 |       44.7 |       2.5 |            32.3 |      18.7 |      1696 |        10.33 |          102 |
| 2807913108 | 2807913 |       43.6 |       2.7 |            25.5 |      15.7 |      1789 |         8.85 |          109 |
| 2807913109 | 2807913 |       45.8 |       2.5 |            24.3 |      19.6 |      2117 |         8.79 |           95 |
| 2807913110 | 2807913 |       42.9 |       2.5 |            28.4 |      19.5 |       898 |         9.66 |           68 |
| 2807913111 | 2807913 |       43.7 |       2.8 |              24 |      18.9 |       793 |         8.46 |           12 |
| 2807913112 | 2807913 |       45.5 |       2.6 |            27.2 |      22.5 |      1304 |         9.68 |           45 |
| 2807913114 | 2807913 |       null |      null |            null |      null |      null |        10.04 |           72 |
| 2807913115 | 2807913 |       43.7 |       2.5 |            31.3 |      19.4 |      2323 |         9.98 |           98 |
| 2807913116 | 2807913 |       45.6 |       2.6 |            26.5 |        24 |       791 |         8.17 |           13 |
| 2807913117 | 2807913 |       42.7 |       2.7 |            26.9 |      17.8 |      1710 |        12.19 |           35 |
| 2807913118 | 2807913 |       46.6 |       2.7 |              24 |      24.2 |       773 |         8.74 |           12 |
| 2807913119 | 2807913 |       44.8 |       2.6 |            29.4 |      21.6 |      1303 |        11.05 |          127 |
| 2807913120 | 2807913 |       45.4 |       2.7 |            27.5 |      22.5 |      1256 |         8.28 |           17 |
| 2807913121 | 2807913 |       45.8 |       2.6 |              24 |        24 |       810 |         8.72 |           16 |
| 2807913122 | 2807913 |       45.5 |       2.5 |            29.2 |      19.4 |       844 |        10.74 |           45 |
| 2807913123 | 2807913 |       46.3 |       2.8 |            20.8 |      21.8 |      1232 |         8.02 |           39 |
| 2807913124 | 2807913 |       43.8 |       2.6 |            27.4 |      20.7 |      1476 |        10.06 |           89 |
| 2807913125 | 2807913 |       41.6 |       2.6 |            28.1 |      17.8 |      1164 |         10.2 |           86 |
| 2807913126 | 2807913 |       null |      null |            null |      null |      null |           10 |           72 |
| 2807913127 | 2807913 |       38.2 |       2.6 |            23.9 |       7.7 |      2570 |        10.91 |          256 |
| 2807913128 | 2807913 |       48.2 |       2.5 |            27.6 |      24.5 |      1290 |         8.91 |           49 |
| 2807913129 | 2807913 |       45.1 |       2.6 |            26.7 |      22.6 |       805 |         8.38 |           20 |
| 2807913131 | 2807913 |       44.1 |       2.7 |            24.9 |      20.5 |       731 |         8.06 |           12 |
| 2807913132 | 2807913 |       44.8 |       2.7 |            25.5 |      18.4 |      1152 |         7.93 |           23 |
| 2807913133 | 2807913 |       44.6 |       2.7 |            24.2 |      21.7 |      1002 |            8 |           17 |
| 2807913134 | 2807913 |       45.7 |       2.7 |            24.1 |      23.1 |      1078 |         8.97 |           26 |
| 2807913135 | 2807913 |       46.6 |       2.5 |            26.2 |      24.4 |       808 |         8.01 |           16 |
| 2807913136 | 2807913 |       44.5 |       2.6 |            29.2 |      21.7 |      1127 |         7.76 |           22 |
| 2807913137 | 2807913 |       47.7 |       2.5 |            23.5 |      24.7 |      1644 |          9.1 |           97 |
| 2807913138 | 2807913 |       42.9 |       2.7 |            26.5 |      19.5 |       956 |         9.21 |           40 |
| 2807913139 | 2807913 |       43.9 |       2.5 |            30.7 |      20.3 |      1117 |         9.83 |           94 |
| 2807913140 | 2807913 |       46.7 |       2.5 |            26.6 |      19.5 |      1497 |         9.84 |           89 |
| 2807913142 | 2807913 |       43.2 |       2.5 |            32.7 |      19.8 |      1500 |         10.2 |           97 |
| 2807913143 | 2807913 |       49.6 |       2.4 |            29.5 |      31.9 |       769 |        10.71 |           51 |
| 2807913144 | 2807913 |       42.2 |       2.5 |            32.7 |      18.4 |      1470 |        10.64 |           99 |
| 2807913145 | 2807913 |       42.8 |       2.5 |            33.9 |      16.6 |       989 |         12.6 |          102 |
| 2807913146 | 2807913 |       43.6 |       2.7 |            25.8 |      20.8 |      1142 |         9.97 |           87 |
| 2807913147 | 2807913 |       43.9 |       2.5 |            32.1 |      19.2 |      1196 |         9.95 |          105 |
| 2807913148 | 2807913 |       42.6 |       2.6 |            28.3 |        18 |      1337 |        10.87 |          130 |
| 2807913150 | 2807913 |       42.8 |       2.6 |            25.9 |      18.2 |      1446 |        10.68 |           71 |
| 2807913153 | 2807913 |       40.1 |       2.7 |            29.3 |      13.6 |      1483 |        10.79 |           51 |
| 2807913154 | 2807913 |         46 |       2.6 |              29 |      24.5 |      1216 |         9.59 |           75 |
| 2807913155 | 2807913 |       41.2 |       2.7 |            28.3 |      16.1 |      2217 |           10 |          139 |
| 2807913156 | 2807913 |       48.9 |       2.4 |            29.5 |      28.6 |       856 |         9.84 |           53 |
| 2807913157 | 2807913 |       43.7 |       2.6 |            30.4 |      20.2 |      1310 |        10.72 |          113 |
| 2807913158 | 2807913 |       43.4 |       2.5 |            33.1 |      18.6 |      2037 |        10.32 |          118 |
| 2807913160 | 2807913 |       46.3 |       2.6 |            26.9 |      25.1 |      1714 |         8.06 |           43 |
| 2807913161 | 2807913 |       49.6 |       2.5 |            30.7 |      31.4 |       869 |            9 |           32 |
| 2807913162 | 2807913 |       45.4 |       2.6 |              27 |      24.1 |       731 |         9.07 |           13 |
| 2807913163 | 2807913 |       49.8 |       2.4 |            29.7 |      30.3 |       910 |          9.1 |           50 |
| 2807913164 | 2807913 |         48 |       2.5 |            30.7 |      30.1 |       847 |         9.86 |           52 |
| 2807913166 | 2807913 |       44.1 |       2.8 |            26.6 |      20.2 |      1860 |         9.37 |          145 |
| 2807913168 | 2807913 |       41.7 |       2.7 |              31 |        15 |      2471 |        10.42 |          225 |
| 2807913169 | 2807913 |       42.5 |       2.4 |            38.3 |      15.2 |      1485 |        12.17 |          110 |
| 2807913170 | 2807913 |       43.3 |       2.6 |            34.9 |      17.2 |      1059 |        10.78 |           92 |
| 2807913171 | 2807913 |       41.7 |       2.6 |            28.9 |        16 |      1056 |        10.75 |           86 |
| 2807913172 | 2807913 |       43.1 |       2.7 |            29.6 |      18.3 |      1234 |        11.76 |          106 |
| 2807913173 | 2807913 |       41.6 |       2.7 |            30.6 |      15.4 |      1109 |        11.44 |          109 |
| 2807913174 | 2807913 |       41.8 |       2.5 |            31.9 |      15.3 |      1499 |         11.4 |          127 |
| 2807913175 | 2807913 |       41.6 |       2.6 |            32.9 |      15.1 |      1429 |        11.19 |          147 |
| 2807913176 | 2807913 |       41.8 |       2.7 |            29.4 |      17.1 |      1117 |        10.72 |           94 |
| 2807913177 | 2807913 |       40.8 |       2.8 |            28.8 |      14.5 |      1170 |        11.25 |           91 |
| 2807913178 | 2807913 |       47.6 |       2.5 |            27.5 |        26 |      1142 |         7.71 |           16 |
| 2807913179 | 2807913 |       47.8 |       2.5 |            31.4 |      27.8 |       651 |         7.22 |           11 |
| 2807913180 | 2807913 |       44.5 |       2.7 |              21 |      23.6 |      1032 |          6.7 |           11 |
| 2807913181 | 2807913 |       46.9 |       2.5 |            31.3 |      26.8 |      1222 |          8.6 |           26 |
| 2807913182 | 2807913 |       51.2 |       2.6 |            23.3 |        35 |      1109 |         8.85 |           60 |
| 2807913183 | 2807913 |       47.4 |       2.5 |            27.9 |      23.9 |      1250 |        10.15 |           96 |
| 2807913184 | 2807913 |         43 |       2.6 |            29.5 |      19.3 |      1805 |         9.87 |          106 |
| 2807913185 | 2807913 |       41.9 |       2.6 |            30.8 |      15.2 |      1591 |        11.45 |          161 |
| 2807913186 | 2807913 |       43.1 |       2.6 |              31 |      18.5 |      2202 |        11.72 |          165 |
| 2807913187 | 2807913 |       39.9 |       2.7 |            34.6 |      12.4 |      1846 |         10.2 |          113 |
| 2807913189 | 2807913 |       41.3 |       2.8 |            25.1 |      14.6 |      1186 |        10.94 |          113 |
| 2807913190 | 2807913 |       40.1 |       2.5 |            35.5 |      11.4 |      2057 |        12.06 |          190 |
| 2807913191 | 2807913 |       45.7 |       2.4 |            31.4 |      23.8 |      2026 |        11.24 |          182 |
| 2807913192 | 2807913 |       41.7 |       2.6 |              32 |      15.5 |      1408 |        12.33 |          110 |
| 2807913193 | 2807913 |       42.3 |       2.4 |            36.9 |      15.1 |      1380 |        12.01 |          141 |
| 2807913194 | 2807913 |       40.6 |       2.3 |            39.8 |      12.3 |      1591 |        13.21 |          156 |
| 2807913195 | 2807913 |       41.5 |       2.4 |            38.8 |      12.9 |      1105 |        11.71 |          108 |
| 2807913196 | 2807913 |       41.6 |       2.5 |            34.6 |      15.4 |      1290 |        11.04 |          141 |
| 2807913197 | 2807913 |       40.3 |       2.6 |            32.8 |      13.1 |      1682 |        12.61 |          161 |
| 2807913198 | 2807913 |       46.5 |       2.6 |            27.9 |      24.1 |      1305 |         9.02 |           37 |
| 2807913199 | 2807913 |       48.9 |       2.6 |            20.8 |      24.9 |      1564 |         8.22 |           66 |
| 2807913200 | 2807913 |       43.9 |       2.6 |              28 |      19.2 |      1447 |         8.45 |           23 |
| 2807913201 | 2807913 |       45.2 |       2.7 |            26.5 |      24.1 |      1062 |         7.67 |           14 |
| 2807913202 | 2807913 |       52.6 |       2.3 |            32.5 |      36.1 |      1428 |         8.91 |           96 |
| 2807913203 | 2807913 |       45.7 |       2.5 |            24.5 |      18.1 |      1387 |         8.99 |           66 |
| 2807913204 | 2807913 |       45.2 |       2.6 |            23.9 |      15.7 |      1424 |         9.05 |           58 |
| 2807913205 | 2807913 |       44.2 |       2.6 |            21.6 |      16.1 |      1227 |         8.73 |           43 |
| 2807913206 | 2807913 |       40.9 |       2.5 |              33 |      15.9 |      2749 |           10 |          165 |
| 2807913207 | 2807913 |       43.6 |       2.6 |            24.3 |      13.9 |      2087 |         9.19 |          122 |
| 2807913208 | 2807913 |       45.2 |       2.7 |              19 |      17.8 |      1690 |         8.94 |           70 |
| 2807913209 | 2807913 |       45.9 |       2.6 |            21.7 |        17 |      1443 |         8.96 |           65 |
| 2807913210 | 2807913 |       42.5 |       2.7 |            25.2 |      17.1 |      2364 |         8.91 |           60 |
| 2807913211 | 2807913 |       42.2 |         3 |            16.3 |        14 |      1051 |         8.86 |           40 |
| 2807913212 | 2807913 |       52.7 |       2.4 |            25.6 |      37.7 |       855 |         8.62 |           57 |
| 2807913213 | 2807913 |       44.8 |       2.6 |            27.7 |      17.3 |      1307 |          9.2 |           56 |
| 2807913214 | 2807913 |       39.5 |         3 |            20.4 |      16.1 |      1307 |         8.99 |           11 |
| 2807913215 | 2807913 |       41.6 |       2.6 |            29.3 |      15.3 |      1137 |        10.71 |           96 |
| 2807913216 | 2807913 |       35.2 |       2.4 |            32.4 |       3.9 |      2511 |        12.84 |          268 |
| 2807913217 | 2807913 |       39.5 |       2.4 |              38 |      11.7 |      1322 |        12.25 |          108 |
| 2807914001 | 2807914 |       null |      null |            null |      null |      null |         null |         null |
| 2807914002 | 2807914 |       45.3 |       2.4 |            30.6 |      21.8 |      1337 |        10.73 |           93 |
| 2807914003 | 2807914 |       47.1 |       2.5 |            28.9 |      25.7 |      1278 |        11.74 |           88 |
| 2807914004 | 2807914 |       48.3 |       2.5 |            27.5 |      25.1 |      1139 |         9.81 |           56 |
| 2807914005 | 2807914 |       50.4 |       2.4 |            29.7 |      32.8 |       717 |           10 |           40 |
| 2807914006 | 2807914 |       50.7 |       2.5 |              26 |        30 |       620 |         9.88 |           22 |
| 2807914010 | 2807914 |       49.7 |       2.6 |            20.3 |      32.3 |      1169 |        10.09 |           61 |
| 2807914012 | 2807914 |       51.9 |       2.2 |            34.7 |      35.7 |      1427 |        10.97 |          118 |
| 2807914013 | 2807914 |       53.8 |       2.4 |            27.5 |      40.8 |       978 |         9.86 |           33 |
| 2807914014 | 2807914 |       52.6 |       2.3 |            30.7 |      35.9 |       632 |        10.56 |           18 |
| 2807914015 | 2807914 |       54.1 |       2.2 |            32.8 |      40.7 |       826 |        10.75 |           24 |
| 2807914016 | 2807914 |         52 |       2.2 |            34.5 |        36 |       686 |        10.36 |           35 |
| 2807914017 | 2807914 |       51.7 |       2.3 |            27.6 |      34.9 |       768 |        11.14 |           35 |
| 2807914018 | 2807914 |         53 |       2.3 |            31.8 |      38.7 |      1094 |         10.1 |           55 |
| 2807914019 | 2807914 |       null |      null |            null |      null |      null |         9.31 |           22 |
| 2807914020 | 2807914 |       53.8 |       2.3 |              31 |      40.5 |      1432 |        10.11 |           32 |
| 2807914021 | 2807914 |       53.5 |       2.3 |              31 |      37.3 |       923 |         10.6 |           46 |
| 2807914022 | 2807914 |       54.1 |       2.3 |            32.8 |      41.2 |       838 |         9.99 |           36 |
| 2807914023 | 2807914 |       null |      null |            null |      null |      null |         null |         null |
| 2807914024 | 2807914 |       54.5 |       2.2 |              33 |      41.3 |      1379 |        10.77 |           62 |
| 2807914025 | 2807914 |       50.1 |       2.2 |            36.9 |        31 |      1151 |        12.44 |           98 |
| 2807914026 | 2807914 |       47.5 |       2.2 |            33.7 |      23.7 |       873 |        11.21 |           95 |
| 2807914027 | 2807914 |       49.3 |       2.1 |            40.2 |      26.6 |      1038 |        11.54 |          116 |
| 2807914028 | 2807914 |       45.6 |       2.1 |            41.1 |      21.2 |       983 |        12.56 |          156 |
| 2807914029 | 2807914 |       47.8 |         2 |            42.4 |      26.6 |       867 |        13.62 |          105 |
| 2807914030 | 2807914 |       50.6 |       2.4 |            29.9 |      35.4 |      1655 |        11.04 |           95 |
| 2807914031 | 2807914 |       52.4 |       2.4 |            27.8 |      35.5 |       896 |        10.31 |           45 |
| 2807914032 | 2807914 |       55.9 |       2.2 |              35 |      41.9 |       949 |        10.38 |           38 |
| 2807914033 | 2807914 |       49.3 |       2.4 |            32.6 |      29.4 |       724 |        10.18 |           52 |
| 2807914034 | 2807914 |       52.1 |       2.3 |              30 |      36.8 |       862 |        10.59 |           41 |
| 2807914035 | 2807914 |       46.8 |       2.2 |              41 |      24.9 |       694 |        10.67 |           74 |
| 2807914036 | 2807914 |       44.2 |       2.5 |            35.4 |      19.8 |      1104 |        11.06 |           83 |
| 2807914037 | 2807914 |       46.4 |       2.1 |              45 |      23.2 |       934 |        12.69 |          140 |
| 2807914038 | 2807914 |       44.2 |       2.2 |            39.3 |      19.5 |       835 |        12.07 |          122 |
| 2807914039 | 2807914 |       46.6 |       2.3 |            35.5 |      20.8 |      1099 |        12.09 |          105 |
| 2807914040 | 2807914 |       47.6 |       2.5 |              28 |      28.8 |      1748 |         9.95 |           75 |
| 2807914041 | 2807914 |       57.7 |       2.2 |            28.5 |      50.3 |       797 |        10.52 |           26 |
| 2807914042 | 2807914 |       52.3 |       2.5 |              28 |      42.3 |      1079 |        10.19 |           33 |
| 2807914043 | 2807914 |       52.2 |       2.3 |            31.6 |      33.6 |       782 |        10.14 |           35 |
| 2807914044 | 2807914 |       49.1 |       2.4 |            27.3 |      29.2 |       941 |        10.67 |           51 |
| 2807914045 | 2807914 |       48.5 |       2.3 |            35.4 |      27.3 |       953 |        10.15 |           59 |
| 2807914046 | 2807914 |       46.2 |       2.5 |            29.8 |      24.7 |      1133 |         9.23 |           84 |
| 2807914047 | 2807914 |         44 |       2.4 |              33 |        18 |      1155 |        10.53 |          143 |
| 2807914048 | 2807914 |       47.4 |       2.4 |            35.7 |      24.9 |      1085 |          9.7 |           93 |
| 2807914049 | 2807914 |       46.8 |       2.5 |            32.2 |      24.2 |      1173 |            9 |           97 |
| 2807914050 | 2807914 |       44.8 |       2.6 |              31 |      21.5 |      1137 |        11.03 |           87 |
| 2807914051 | 2807914 |       44.8 |       2.5 |            34.6 |      20.6 |       984 |        11.32 |           75 |
| 2807914052 | 2807914 |       45.8 |       2.5 |            31.2 |      22.5 |       940 |        11.76 |           68 |
| 2807914053 | 2807914 |         43 |       2.8 |            29.3 |      17.1 |       880 |        10.76 |           60 |
| 2807914054 | 2807914 |       43.6 |       2.5 |            32.5 |      19.7 |      1096 |        10.95 |           82 |
| 2807914055 | 2807914 |       47.9 |       2.4 |            32.8 |      28.2 |       909 |         10.9 |           48 |
| 2807914056 | 2807914 |       46.3 |       2.4 |            30.3 |      23.9 |       754 |         10.3 |           56 |
| 2807914057 | 2807914 |       45.8 |       2.4 |            31.6 |      23.1 |      1003 |        10.34 |           65 |
| 2807914058 | 2807914 |       45.3 |       2.6 |            29.2 |      24.4 |       918 |        10.43 |           62 |
| 2807914059 | 2807914 |       46.5 |       2.5 |            31.4 |      23.8 |      1328 |        10.44 |           82 |
| 2807914060 | 2807914 |       50.7 |       2.4 |            30.1 |      31.6 |       724 |         9.76 |           39 |
| 2807914061 | 2807914 |       51.5 |       2.5 |            25.6 |      34.4 |      1227 |         9.09 |           55 |
| 2807914062 | 2807914 |       47.4 |       2.6 |            27.4 |      26.9 |      1000 |         9.68 |           41 |
| 2807914063 | 2807914 |         52 |       2.3 |            29.3 |        39 |       923 |         9.93 |           38 |
| 2807914064 | 2807914 |       49.5 |       2.3 |            36.4 |      28.8 |      1818 |        10.71 |           97 |
| 2807914065 | 2807914 |       50.9 |       2.2 |            36.1 |      30.9 |       893 |        10.22 |           66 |
| 2807914066 | 2807914 |       null |      null |            null |      null |      null |         11.4 |           79 |
| 2807914067 | 2807914 |       43.9 |       2.5 |            34.7 |      18.6 |      1830 |         11.5 |          125 |
| 2807914068 | 2807914 |       null |      null |            null |      null |      null |        11.17 |           77 |
| 2807914069 | 2807914 |       47.7 |       2.3 |              37 |      26.3 |      1387 |         11.4 |           64 |
| 2807914070 | 2807914 |         48 |       2.2 |            38.2 |      23.2 |       875 |        11.73 |          100 |
| 2807914071 | 2807914 |       48.5 |       2.1 |            40.8 |        26 |       995 |        12.09 |          142 |
| 2807914072 | 2807914 |       50.4 |       2.3 |            35.2 |      30.2 |       878 |         10.2 |           70 |
| 2807914073 | 2807914 |       48.8 |       2.4 |            31.7 |      27.6 |      1022 |        10.12 |           85 |
| 2807914074 | 2807914 |       null |      null |            null |      null |      null |        10.71 |           38 |
| 2807914075 | 2807914 |       47.5 |       2.3 |            35.1 |      27.3 |       899 |        10.37 |           72 |
| 2807914076 | 2807914 |       49.5 |       2.4 |              30 |      31.2 |       882 |        10.71 |           59 |
| 2807914077 | 2807914 |       47.7 |       2.4 |            33.7 |      26.4 |      1492 |         10.7 |          127 |
| 2807914078 | 2807914 |       null |      null |            null |      null |      null |         null |         null |
| 2807914079 | 2807914 |       51.9 |       2.5 |            25.3 |      38.8 |       951 |         8.62 |           18 |
| 2807914080 | 2807914 |       48.3 |       2.8 |            15.3 |        26 |      1165 |         9.47 |           43 |
| 2807914081 | 2807914 |       41.5 |       2.9 |              15 |       6.3 |       822 |         9.89 |           21 |
| 2807914082 | 2807914 |       39.7 |       3.3 |            17.5 |      14.7 |      1247 |         6.21 |           16 |
| 2807914083 | 2807914 |       43.2 |       2.7 |            22.1 |      20.2 |      1619 |         9.29 |           46 |
| 2807914084 | 2807914 |       48.8 |       2.3 |            33.9 |      26.4 |       998 |        11.29 |           74 |
| 2807914085 | 2807914 |       48.8 |       2.6 |              19 |      26.7 |      1380 |        10.81 |           56 |
| 2807914086 | 2807914 |       42.1 |         3 |            17.8 |      10.5 |      1974 |         9.71 |           37 |
| 2807914087 | 2807914 |       44.8 |       2.8 |            18.7 |      17.3 |      1287 |        10.36 |           71 |
| 2807914088 | 2807914 |       51.5 |       2.5 |            19.5 |      36.1 |       995 |         8.76 |           33 |
| 2807914089 | 2807914 |       40.3 |       2.9 |            18.1 |      10.8 |      1512 |         9.09 |           37 |
| 2807914090 | 2807914 |       38.7 |       2.9 |            21.9 |       9.9 |      1531 |         9.56 |           34 |
| 2807914091 | 2807914 |       43.9 |       2.8 |            21.6 |      13.1 |      1868 |        10.84 |           48 |
| 2807914092 | 2807914 |       38.8 |       3.1 |            15.1 |       9.1 |      1340 |         9.34 |           41 |
| 2807914093 | 2807914 |       41.3 |       2.7 |            23.7 |      11.1 |      1416 |        11.58 |           75 |
| 2807914094 | 2807914 |       48.5 |       2.6 |            23.2 |      23.9 |      1586 |        10.15 |           60 |
| 2807914095 | 2807914 |       46.6 |       2.8 |            14.1 |      19.2 |       749 |        10.11 |           29 |
| 2807915001 | 2807915 |         46 |       2.5 |            28.1 |      23.3 |      1075 |        10.57 |           68 |
| 2807915002 | 2807915 |       47.3 |       2.4 |              34 |        26 |       984 |        11.68 |          113 |
| 2807915003 | 2807915 |         50 |         2 |            42.1 |      29.9 |      1007 |         11.8 |          150 |
| 2807915005 | 2807915 |       49.4 |       2.4 |            23.8 |      30.2 |       818 |        10.24 |           48 |
| 2807915006 | 2807915 |       46.2 |       2.5 |            30.4 |      22.2 |      1385 |        10.39 |           91 |
| 2807915008 | 2807915 |       49.2 |       2.3 |            35.8 |      27.1 |      1970 |        11.78 |          142 |
| 2807915009 | 2807915 |       43.1 |       2.6 |            29.8 |        16 |      1372 |        11.61 |          113 |
| 2807915010 | 2807915 |       44.5 |       2.3 |            36.2 |      17.4 |       961 |        12.65 |          102 |
| 2807915011 | 2807915 |       42.7 |       2.7 |            32.1 |      16.5 |      1495 |        11.73 |          113 |
| 2807915012 | 2807915 |         45 |       2.6 |            31.2 |      19.9 |       895 |         9.87 |           47 |
| 2807915013 | 2807915 |       45.2 |       2.5 |            28.9 |      18.4 |       995 |         10.3 |           56 |
| 2807915014 | 2807915 |       43.8 |       2.5 |            31.4 |      19.3 |      1304 |        10.61 |          121 |
| 2807915015 | 2807915 |       46.2 |       2.4 |            38.3 |      21.8 |       772 |        11.97 |           82 |
| 2807915016 | 2807915 |       44.6 |       2.4 |            36.7 |      19.5 |      1264 |        10.83 |          129 |
| 2807915017 | 2807915 |       48.9 |       2.3 |            33.4 |      28.1 |       805 |        11.02 |           79 |
| 2807915018 | 2807915 |       48.6 |       2.5 |            28.1 |      29.8 |       862 |        10.85 |           94 |
| 2807915019 | 2807915 |       44.6 |       2.4 |            33.2 |      21.8 |       889 |        12.25 |          112 |
| 2807915020 | 2807915 |       43.6 |       2.5 |            33.6 |      19.7 |      1131 |        10.96 |          125 |
| 2807915021 | 2807915 |       46.1 |       2.4 |            34.5 |      23.9 |       771 |         11.3 |           90 |
| 2807915022 | 2807915 |         44 |       2.6 |            31.1 |      19.8 |      1218 |         11.3 |          113 |
| 2807915023 | 2807915 |       46.3 |       2.4 |            31.7 |      22.3 |      1573 |        12.05 |          164 |
| 2807915024 | 2807915 |       45.1 |       2.3 |            38.6 |      20.4 |      1120 |        11.73 |           94 |
| 2807915025 | 2807915 |       47.8 |       2.4 |            29.5 |      26.3 |      1280 |        11.75 |          128 |
| 2807915026 | 2807915 |       45.6 |       2.5 |            33.3 |      21.6 |       967 |        11.29 |           99 |
| 2807915027 | 2807915 |       44.8 |       2.5 |              26 |      21.8 |       916 |        10.29 |           89 |
| 2807915028 | 2807915 |       48.2 |       2.3 |            34.3 |      25.8 |       895 |        10.88 |           75 |
| 2807915029 | 2807915 |       48.7 |       2.1 |            41.1 |      27.1 |      1140 |        12.45 |          130 |
| 2807915030 | 2807915 |       50.1 |       2.3 |              34 |      33.8 |      1228 |        11.54 |           81 |
| 2807915031 | 2807915 |         48 |       2.3 |              33 |      26.8 |      1144 |        11.61 |           98 |
| 2807915032 | 2807915 |       46.8 |       2.4 |            31.1 |      25.2 |      1240 |        10.32 |           82 |
| 2807915033 | 2807915 |       45.2 |       2.2 |            40.6 |      21.6 |      1540 |        12.72 |          177 |
| 2807915034 | 2807915 |       45.3 |       2.4 |            34.3 |      20.8 |       911 |        10.89 |           99 |
| 2807915035 | 2807915 |       46.4 |       2.3 |            37.1 |      23.5 |      1240 |        12.05 |          115 |
| 2807915036 | 2807915 |       45.3 |       2.3 |            33.3 |      21.2 |       972 |        12.59 |           85 |
| 2807915037 | 2807915 |       45.5 |       2.3 |            34.9 |      20.5 |      1271 |        11.89 |          138 |
| 2807915038 | 2807915 |       46.1 |       2.3 |            31.5 |      22.1 |      1817 |        11.54 |          201 |
| 2807915039 | 2807915 |       45.2 |       2.3 |            38.9 |      20.3 |      1765 |         12.4 |          241 |
| 2807915040 | 2807915 |       44.5 |       2.3 |            39.3 |        21 |      1734 |         12.5 |          219 |
| 2807915041 | 2807915 |       42.4 |       2.5 |            29.5 |      15.8 |      1825 |        12.57 |          220 |
| 2807915042 | 2807915 |       46.1 |       2.5 |            30.1 |        21 |      1735 |        11.39 |          132 |
| 2807915043 | 2807915 |         45 |       2.5 |            31.5 |      21.2 |      1393 |        11.23 |          143 |
| 2807915044 | 2807915 |       47.6 |       2.4 |            32.8 |      26.8 |      1413 |        11.02 |          105 |
| 2807915045 | 2807915 |       46.8 |       2.5 |            34.1 |      26.1 |      1230 |        10.87 |          100 |
| 2807915046 | 2807915 |       45.2 |       2.6 |            27.2 |      21.1 |      1528 |        10.93 |          124 |
| 2807915047 | 2807915 |       46.5 |       2.5 |            33.9 |      23.4 |       957 |        11.72 |           84 |
| 2807915048 | 2807915 |       44.4 |       2.7 |            28.3 |      20.6 |      1342 |        11.99 |          130 |
| 2807915049 | 2807915 |       42.4 |       2.5 |            36.4 |      16.5 |      1427 |        11.13 |          152 |
| 2807915050 | 2807915 |       44.7 |       2.5 |            29.9 |      20.9 |      1414 |        10.32 |          128 |
| 2807915051 | 2807915 |       44.1 |       2.5 |            29.9 |        19 |      1782 |        11.21 |          182 |
| 2807915052 | 2807915 |       43.4 |       2.5 |            31.5 |      18.2 |       788 |        10.61 |           65 |
| 2807915053 | 2807915 |         43 |       2.7 |            27.6 |      19.4 |      1626 |         11.3 |          173 |
| 2807915054 | 2807915 |       44.4 |       2.5 |            30.1 |      21.5 |      1686 |        10.67 |          175 |
| 2807915056 | 2807915 |       45.4 |       2.5 |            32.6 |      21.4 |      1535 |        11.75 |          155 |
| 2807915057 | 2807915 |       44.4 |       2.7 |            26.3 |      20.9 |      1466 |        11.01 |          130 |
| 2807915058 | 2807915 |       42.2 |       2.7 |            27.4 |      17.1 |      1274 |        11.04 |          143 |
| 2807915059 | 2807915 |       44.8 |       2.6 |            31.8 |      20.6 |       928 |        10.93 |           88 |
| 2807915060 | 2807915 |       43.8 |       2.5 |            32.4 |      19.2 |      1182 |        11.32 |          133 |
| 2807915061 | 2807915 |       45.9 |       2.6 |            28.4 |        25 |      1410 |        10.33 |          105 |
| 2807915062 | 2807915 |       43.1 |       2.5 |              31 |      18.5 |      2443 |        10.97 |          174 |
| 2807915065 | 2807915 |       45.4 |       2.6 |            22.1 |      20.1 |      1356 |        10.06 |           74 |
| 2807915066 | 2807915 |         51 |       2.3 |            32.1 |      34.5 |       688 |         9.41 |           30 |
| 2807915067 | 2807915 |       54.5 |       2.2 |            28.4 |        43 |       891 |         10.5 |           35 |
| 2807915068 | 2807915 |       47.9 |       2.3 |            33.5 |      22.9 |      1163 |        11.34 |           72 |
| 2807915069 | 2807915 |       42.1 |       2.7 |            20.5 |      11.6 |      1922 |        11.81 |          102 |
| 2807915070 | 2807915 |       44.2 |       2.7 |            21.1 |      20.5 |      2424 |        11.49 |          128 |
| 2807915071 | 2807915 |       44.9 |       2.5 |            34.6 |      20.7 |      1389 |        11.73 |          120 |
| 2807915073 | 2807915 |       42.2 |       2.8 |            30.1 |      17.9 |      1229 |         9.91 |           62 |
| 2807915074 | 2807915 |       44.6 |       2.5 |            32.1 |      21.6 |      1951 |        11.11 |          173 |
| 2807915075 | 2807915 |       47.4 |       2.5 |            32.5 |      25.2 |      1503 |        11.29 |          122 |
| 2807915076 | 2807915 |         48 |       2.4 |            29.3 |      26.7 |       940 |        11.55 |           82 |
| 2807915077 | 2807915 |       48.7 |       2.5 |            29.4 |      28.4 |      1055 |        10.99 |           91 |
| 2807915078 | 2807915 |         44 |       2.4 |            36.4 |      19.1 |       923 |        12.26 |          107 |
| 2807915079 | 2807915 |       44.4 |       2.3 |            43.8 |      20.8 |       759 |        11.84 |           63 |
| 2807915080 | 2807915 |       43.6 |       2.4 |            37.1 |      18.1 |       867 |        12.38 |           82 |
| 2807915081 | 2807915 |         41 |       2.8 |            26.9 |      14.3 |      1795 |        10.38 |          165 |
| 2807915082 | 2807915 |       49.6 |       2.4 |            30.6 |      33.4 |      1250 |        11.08 |           97 |
| 2807915083 | 2807915 |       41.5 |       2.7 |            28.5 |      15.4 |      1509 |        10.77 |          169 |
| 2807915084 | 2807915 |       43.7 |       2.7 |            29.4 |      18.9 |      1126 |        10.54 |          133 |
| 2807915085 | 2807915 |       44.2 |       2.7 |              31 |      20.6 |      1469 |         10.7 |          135 |
| 2807915086 | 2807915 |       46.8 |       2.5 |            32.8 |        24 |      1042 |        11.49 |          111 |
| 2807915087 | 2807915 |       42.6 |       2.4 |            38.2 |      15.8 |      1305 |        12.91 |          189 |
| 2807915088 | 2807915 |       43.2 |       2.6 |            31.3 |      16.6 |      1184 |        11.74 |          109 |
| 2807915089 | 2807915 |       44.3 |       2.7 |            30.2 |      19.7 |      1295 |           10 |          106 |
| 2807915090 | 2807915 |       49.8 |       2.3 |            32.1 |      27.5 |      1827 |        10.61 |          146 |
| 2807915092 | 2807915 |       47.3 |       2.3 |            35.4 |      25.2 |      1533 |        14.43 |          173 |
| 2807915093 | 2807915 |       45.6 |       2.4 |            32.3 |      21.9 |      1349 |        11.48 |          158 |
| 2807915094 | 2807915 |       45.7 |       2.2 |            37.3 |      21.3 |      1349 |        13.13 |          132 |
| 2807915095 | 2807915 |       45.4 |       2.3 |            36.5 |      22.3 |       896 |        13.33 |          124 |
| 2807915096 | 2807915 |       45.3 |       2.5 |            31.3 |      22.9 |      1369 |        11.58 |          121 |
| 2807915097 | 2807915 |       43.5 |       2.6 |            30.8 |      20.3 |       894 |        12.48 |           86 |
| 2807915098 | 2807915 |       44.1 |       2.5 |            36.4 |      19.9 |      1163 |        12.17 |          130 |
| 2807915099 | 2807915 |       44.4 |       2.6 |            32.9 |      19.3 |      1473 |        11.87 |          181 |
| 2807915100 | 2807915 |       45.4 |       2.4 |            36.3 |      21.1 |       811 |        12.02 |           99 |
| 2807915101 | 2807915 |       44.8 |       2.5 |            35.5 |      20.2 |      1089 |        11.85 |          130 |
| 2807915102 | 2807915 |       44.8 |       2.4 |            35.9 |      19.1 |      1068 |        11.73 |           79 |
| 2807915103 | 2807915 |       44.5 |       2.3 |            39.7 |        18 |      1319 |        12.25 |          171 |
| 2807915104 | 2807915 |       null |      null |            null |      null |      null |        13.84 |          108 |
| 2807915105 | 2807915 |       46.6 |       2.2 |            39.5 |      22.5 |      1507 |        12.76 |          167 |
| 2807915106 | 2807915 |       43.9 |       2.6 |              30 |      20.2 |      1423 |        11.68 |          141 |
| 2807915108 | 2807915 |       46.5 |       2.3 |              38 |      23.8 |       987 |        13.14 |          113 |
| 2807915109 | 2807915 |       45.6 |       2.3 |            35.1 |      20.7 |      1466 |         11.7 |          143 |
| 2807915110 | 2807915 |       44.3 |       2.2 |            40.4 |      19.8 |      1688 |        12.07 |          129 |
| 2807915111 | 2807915 |       46.9 |       2.2 |            38.3 |      24.3 |       872 |        12.88 |           87 |
| 2807915112 | 2807915 |       44.5 |       2.4 |            35.1 |      18.6 |      1475 |        11.81 |          151 |
| 2807915113 | 2807915 |       45.5 |       2.2 |            37.8 |      20.3 |      1383 |        12.16 |          196 |
| 2807915114 | 2807915 |       46.3 |       2.2 |            40.4 |      23.7 |       917 |        12.19 |          106 |
| 2807915115 | 2807915 |       47.1 |       2.2 |            39.1 |      24.7 |      1808 |        12.42 |          217 |
| 2807915116 | 2807915 |       46.5 |       2.3 |            36.6 |      22.7 |      1074 |        11.48 |          117 |
| 2807915117 | 2807915 |       45.9 |       2.2 |            38.4 |        24 |      1357 |        11.92 |          205 |
| 2807915118 | 2807915 |         47 |         2 |            42.7 |      23.9 |       978 |        12.88 |          197 |
| 2807915119 | 2807915 |         47 |         2 |            47.5 |      24.2 |      1114 |        12.55 |          240 |
| 2807915120 | 2807915 |       46.9 |       2.2 |              43 |        24 |       920 |        12.28 |          166 |
| 2807915121 | 2807915 |       48.4 |         2 |            44.7 |      26.7 |       685 |        11.93 |          112 |
| 2807915122 | 2807915 |         47 |       2.3 |            34.2 |      24.1 |      1124 |         11.4 |          108 |
| 2807915123 | 2807915 |       45.7 |       2.4 |              31 |      22.1 |      1202 |           12 |           79 |
| 2807915124 | 2807915 |         46 |       2.4 |            32.5 |      22.3 |      1035 |        11.06 |           90 |
| 2807915125 | 2807915 |       47.5 |       2.5 |            27.7 |      27.4 |       824 |         16.1 |           12 |
| 2807915126 | 2807915 |         46 |       2.4 |              35 |      22.6 |      1172 |         12.6 |          151 |
| 2807915127 | 2807915 |       47.8 |       2.2 |            37.8 |      25.8 |      1506 |        14.68 |          188 |
| 2807915128 | 2807915 |       46.7 |       2.3 |            35.8 |      25.5 |      2021 |        14.72 |          211 |
| 2807915129 | 2807915 |       44.8 |       2.2 |              35 |      20.4 |       993 |        12.51 |           61 |
| 2807915130 | 2807915 |       47.8 |       2.2 |            39.2 |      24.5 |       997 |         11.6 |           86 |
| 2807915131 | 2807915 |       45.8 |       2.3 |            35.2 |      24.2 |       957 |        11.58 |           76 |
| 2807915132 | 2807915 |       49.2 |       2.5 |            27.2 |      29.5 |      1249 |         9.34 |           44 |
| 2807915133 | 2807915 |       47.7 |       2.3 |            32.5 |      26.6 |      1554 |        12.41 |          142 |
| 2807915134 | 2807915 |       49.5 |       2.2 |              37 |      31.5 |      1081 |        11.97 |           95 |
| 2807915135 | 2807915 |       46.7 |       2.3 |            35.1 |      23.5 |      2117 |        11.72 |          166 |
| 2807915136 | 2807915 |         48 |       2.2 |            36.2 |      25.8 |      1017 |           12 |          112 |
| 2807915138 | 2807915 |       46.5 |       2.1 |            40.9 |      22.8 |      1296 |        13.21 |          174 |
| 2807915139 | 2807915 |       null |      null |            null |      null |      null |         null |         null |
| 2807915140 | 2807915 |       47.6 |         2 |            41.6 |      24.8 |      1466 |        13.49 |          200 |
| 2807915141 | 2807915 |       47.8 |       2.3 |              37 |      26.4 |      1172 |        13.15 |          116 |
| 2807915142 | 2807915 |       53.7 |       2.2 |            32.9 |      41.9 |      1104 |        11.53 |           57 |
| 2807915143 | 2807915 |       44.8 |       2.4 |              32 |      24.3 |      1908 |           16 |          177 |
| 2807915144 | 2807915 |       43.5 |       2.7 |              22 |      22.5 |      1782 |        14.55 |          143 |
| 2807915145 | 2807915 |       null |      null |            null |      null |      null |        12.24 |           29 |
| 2807915146 | 2807915 |       47.5 |       2.4 |            33.8 |      29.4 |      1086 |        16.21 |          111 |
| 2807915147 | 2807915 |         47 |       2.6 |            25.1 |      29.5 |      1351 |        13.15 |           26 |
| 2807915148 | 2807915 |         47 |       2.3 |            35.7 |      25.2 |       980 |        11.64 |           68 |
| 2807915149 | 2807915 |       47.2 |       2.6 |            25.5 |      26.9 |      1431 |        12.69 |           87 |
| 2807915150 | 2807915 |       44.3 |       2.6 |            29.9 |      24.5 |      1679 |        15.15 |          125 |
| 2807915151 | 2807915 |       44.7 |       2.5 |              29 |      24.4 |      1625 |        13.43 |          141 |
| 2807915153 | 2807915 |       50.6 |       2.4 |              29 |      34.5 |       676 |        11.64 |           42 |
| 2807915154 | 2807915 |       44.8 |       2.3 |            32.5 |      24.6 |      1148 |        14.16 |          113 |
| 2807915155 | 2807915 |       45.3 |       2.4 |            33.6 |        24 |      1549 |        15.67 |          143 |
| 2807915156 | 2807915 |       45.1 |       2.2 |            36.5 |      23.1 |      1419 |           14 |          208 |
| 2807915157 | 2807915 |         45 |       2.4 |            33.2 |      21.2 |      1019 |        13.88 |           90 |
| 2807915158 | 2807915 |       43.8 |       2.6 |            27.4 |      22.1 |      1297 |        15.58 |          109 |
| 2807915159 | 2807915 |       43.3 |       2.5 |            32.2 |      20.6 |      1522 |        15.45 |          160 |
| 2807915160 | 2807915 |         45 |       2.5 |            35.6 |      22.7 |      1929 |        18.18 |          236 |
| 2807915161 | 2807915 |       41.3 |         3 |            20.6 |      17.6 |      2247 |        13.88 |          143 |
| 2807915162 | 2807915 |       46.7 |       2.8 |              25 |        28 |      1922 |         12.5 |           91 |
| 2807915163 | 2807915 |       44.4 |       2.7 |            26.7 |        22 |      1216 |        12.07 |           43 |
| 2807915164 | 2807915 |       48.5 |       2.7 |            23.4 |      30.6 |      1032 |        11.15 |           59 |
| 2807915165 | 2807915 |       47.7 |       2.7 |            22.1 |        29 |       997 |        11.89 |           33 |
| 2807915166 | 2807915 |       46.1 |       2.7 |              26 |      30.3 |       854 |        11.17 |           36 |
| 2807915167 | 2807915 |       46.4 |       2.8 |            22.3 |      28.8 |      1038 |         10.9 |           35 |
| 2807915168 | 2807915 |       45.2 |       2.7 |            27.7 |      24.5 |      1621 |        13.17 |          131 |
| 2807915170 | 2807915 |       43.6 |       2.7 |            24.6 |        20 |      2088 |        14.55 |          205 |
| 2807915171 | 2807915 |         44 |       2.5 |            30.3 |      19.8 |      1285 |        13.69 |           86 |
| 2807915172 | 2807915 |       47.1 |       2.7 |            22.9 |      29.2 |      1057 |        11.33 |           67 |
| 2807915173 | 2807915 |       43.1 |       2.8 |            23.3 |      20.6 |      1866 |        12.32 |          147 |
| 2807915174 | 2807915 |       43.6 |       2.6 |            31.6 |      21.9 |      1419 |        15.13 |          126 |
| 2807915175 | 2807915 |         50 |       2.2 |            35.7 |      32.7 |      1079 |        12.99 |           71 |
| 2807915176 | 2807915 |       42.1 |       2.3 |            34.9 |      16.6 |      1811 |        14.47 |          290 |
| 2807915177 | 2807915 |       49.9 |       2.5 |            27.7 |      30.6 |      1256 |         9.72 |           56 |
| 2807915178 | 2807915 |       42.8 |       2.4 |            29.5 |      16.8 |      1264 |        14.49 |          146 |
| 2807915179 | 2807915 |       51.1 |       2.4 |              25 |      32.8 |      1343 |         8.92 |           44 |
| 2807915180 | 2807915 |       40.2 |       2.4 |            33.2 |      11.1 |      2106 |        14.99 |          307 |
| 2807915181 | 2807915 |       46.7 |       2.5 |            24.8 |      23.1 |      1137 |        11.97 |           76 |
| 2807915182 | 2807915 |       46.3 |       2.6 |            22.3 |      27.5 |       677 |        11.28 |           50 |
| 2807916001 | 2807916 |       40.1 |       3.2 |            13.2 |      15.8 |      2056 |        14.37 |           14 |
| 2807916002 | 2807916 |       38.9 |         3 |            17.5 |      13.1 |      1862 |        15.78 |          105 |
| 2807916003 | 2807916 |       41.2 |       2.8 |              21 |      12.8 |      2037 |        14.88 |          128 |
| 2807916004 | 2807916 |       40.7 |       3.4 |              17 |      16.8 |      2537 |        18.27 |          106 |
| 2807916005 | 2807916 |       42.3 |         3 |            20.7 |      20.1 |      1938 |        14.24 |           64 |
| 2807916006 | 2807916 |       43.8 |       2.7 |            29.7 |      20.8 |      1769 |        15.28 |          134 |
| 2807916007 | 2807916 |       44.6 |       2.7 |            25.3 |      22.9 |      2195 |        12.77 |          108 |
| 2807916008 | 2807916 |       45.4 |       2.6 |            25.1 |      23.1 |      1098 |         9.35 |           25 |
| 2807916009 | 2807916 |       43.1 |       2.4 |            30.4 |      16.4 |      1037 |         11.9 |           91 |
| 2807916011 | 2807916 |       44.5 |       2.5 |            30.3 |      18.9 |      1314 |        10.39 |           58 |
| 2807916012 | 2807916 |       48.4 |       2.2 |            38.3 |      24.4 |       704 |        11.99 |           26 |
| 2807916013 | 2807916 |       50.8 |       2.5 |            24.7 |      34.8 |       975 |         9.04 |           41 |
| 2807916014 | 2807916 |       54.9 |       2.3 |            27.8 |      43.4 |       819 |         8.67 |           29 |
| 2807916015 | 2807916 |       51.8 |       2.4 |            25.9 |      35.3 |      1181 |         9.52 |           62 |
| 2807916016 | 2807916 |       48.6 |       2.5 |            25.1 |      32.6 |      1010 |         9.24 |           49 |
| 2807916017 | 2807916 |       53.4 |       2.4 |            29.3 |        39 |       958 |         9.05 |           38 |
| 2807916018 | 2807916 |       52.1 |       2.3 |            29.6 |      39.4 |       797 |         9.52 |           41 |
| 2807916019 | 2807916 |       51.8 |       2.4 |            27.2 |      38.3 |       915 |         9.71 |           35 |
| 2807916020 | 2807916 |         50 |       2.5 |            22.8 |        34 |      1158 |         9.18 |           63 |
| 2807916021 | 2807916 |       52.1 |       2.3 |            27.5 |      37.9 |      1086 |        11.96 |           80 |
| 2807916022 | 2807916 |       50.1 |       2.4 |            26.6 |      33.8 |      1280 |        12.88 |           67 |
| 2807916024 | 2807916 |       45.8 |       2.5 |            26.2 |      21.7 |      2158 |        11.37 |          155 |
| 2807916025 | 2807916 |       45.1 |       2.3 |            34.5 |      18.8 |      2093 |        12.58 |          175 |
| 2807916026 | 2807916 |       48.5 |       2.3 |            32.1 |        29 |       773 |        11.57 |           85 |
| 2807916027 | 2807916 |         51 |       2.4 |            27.5 |      32.3 |       721 |        11.82 |           47 |
| 2807916028 | 2807916 |       52.7 |       2.2 |            29.1 |      41.9 |       887 |        11.69 |           49 |
| 2807916029 | 2807916 |       50.9 |       2.4 |            29.2 |        34 |      1172 |        11.31 |           72 |
| 2807916030 | 2807916 |       47.2 |       2.2 |            36.4 |      24.8 |      1776 |        13.41 |          214 |
| 2807916031 | 2807916 |         51 |       2.5 |            21.2 |      35.1 |      1248 |        10.88 |           40 |
| 2807916032 | 2807916 |       48.4 |       2.3 |              32 |      24.9 |      1519 |        16.53 |          195 |
| 2807916033 | 2807916 |       44.2 |       2.3 |            35.4 |      20.5 |      1566 |         12.7 |          198 |
| 2807916034 | 2807916 |       42.3 |       2.4 |            35.2 |      16.5 |      1998 |        13.43 |          234 |
| 2807916035 | 2807916 |       46.1 |       2.6 |            28.2 |      25.6 |      1605 |        12.33 |          103 |
| 2807916036 | 2807916 |       39.8 |         3 |            18.6 |        13 |      2538 |        14.52 |          174 |
| 2807916037 | 2807916 |       47.7 |       2.2 |            37.5 |      24.1 |       973 |        11.12 |           76 |
| 2807916038 | 2807916 |         47 |       2.3 |            36.2 |        24 |      1298 |         10.7 |           70 |
| 2807916039 | 2807916 |       43.5 |       2.4 |            35.5 |      18.6 |      1069 |        12.26 |          125 |
| 2807916040 | 2807916 |       45.1 |       2.3 |            36.5 |      20.2 |      1888 |        12.51 |          145 |
| 2807916041 | 2807916 |       null |      null |            null |      null |      null |        13.16 |           85 |
| 2807916042 | 2807916 |       49.5 |       2.3 |              33 |      31.4 |      1403 |        11.54 |           65 |
| 2807916043 | 2807916 |       47.3 |       2.4 |            31.5 |      25.1 |       935 |        10.87 |           84 |
| 2807916044 | 2807916 |       46.6 |       2.5 |            29.9 |      24.4 |      1101 |        11.76 |           70 |
| 2807916045 | 2807916 |         45 |       2.6 |            24.9 |      22.5 |      1594 |         12.5 |           97 |
| 2807916046 | 2807916 |       48.8 |       2.3 |            31.3 |      30.2 |      1703 |        11.84 |          118 |
| 2807916047 | 2807916 |       null |      null |            null |      null |      null |         9.78 |           36 |
| 2807916048 | 2807916 |         47 |       2.4 |            30.4 |        26 |      2135 |        13.03 |          197 |
| 2807916049 | 2807916 |       51.7 |       2.5 |            26.2 |      36.8 |      1167 |        10.01 |           31 |
| 2807916050 | 2807916 |       48.8 |       2.4 |            22.4 |      31.2 |      1478 |        10.91 |           76 |
| 2807916051 | 2807916 |       44.9 |       2.6 |            24.2 |      25.2 |      1026 |         9.87 |           71 |
| 2807916052 | 2807916 |       47.5 |       2.4 |            25.8 |      29.8 |      1156 |        10.65 |           93 |
| 2807916053 | 2807916 |       45.1 |       2.5 |            29.7 |      24.2 |       921 |        10.38 |           52 |
| 2807916054 | 2807916 |       50.8 |       2.1 |            38.6 |      31.2 |       756 |        11.64 |           50 |
| 2807916055 | 2807916 |       47.3 |       2.3 |            35.8 |      24.2 |      1467 |        12.23 |           58 |
| 2807916056 | 2807916 |       null |      null |            null |      null |      null |        11.99 |           76 |
| 2807916057 | 2807916 |         49 |       2.3 |            37.9 |      28.8 |       989 |        11.38 |           87 |
| 2807916058 | 2807916 |       45.5 |       2.4 |            29.6 |      22.8 |      1414 |        10.98 |          118 |
| 2807916059 | 2807916 |       51.8 |       2.5 |            24.4 |      34.6 |      1731 |          9.6 |           71 |
| 2807916060 | 2807916 |       50.5 |       2.5 |            23.7 |      37.5 |      1498 |         10.1 |           68 |
| 2807916061 | 2807916 |       52.1 |       2.4 |            28.6 |      39.4 |      1350 |         9.95 |           80 |
| 2807916062 | 2807916 |       null |      null |            null |      null |      null |         null |         null |
| 2807916063 | 2807916 |       52.4 |       2.3 |            30.1 |      39.1 |      1536 |          9.8 |           72 |
| 2807916064 | 2807916 |       50.6 |       2.5 |            25.1 |      34.4 |      1167 |        10.08 |           41 |
| 2807916065 | 2807916 |       46.4 |         2 |            43.3 |        26 |      1018 |        12.69 |           98 |
| 2807916066 | 2807916 |       46.9 |         2 |            44.5 |      25.7 |      1056 |        14.96 |           74 |
| 2807916067 | 2807916 |       47.2 |       2.2 |            35.3 |      23.7 |      1885 |         14.4 |          105 |
| 2807916069 | 2807916 |       46.5 |       2.4 |            29.5 |      27.8 |      1211 |        11.76 |           58 |
| 2807916070 | 2807916 |       46.7 |       2.5 |            25.8 |      22.6 |      1684 |        10.68 |          112 |
| 2807916071 | 2807916 |         44 |       2.6 |            21.7 |      18.5 |      1407 |         null |            7 |
| 2807916072 | 2807916 |       null |      null |            null |      null |      null |         null |         null |
| 2807916073 | 2807916 |       45.1 |       2.6 |            27.8 |      21.7 |      1681 |           10 |          133 |
| 2807916074 | 2807916 |       45.1 |       2.4 |              35 |      20.5 |      1124 |        11.45 |           90 |
| 2807916075 | 2807916 |         48 |       2.2 |            36.6 |      25.2 |      1198 |        11.96 |          130 |
| 2807916076 | 2807916 |       46.2 |       2.2 |            33.3 |      26.6 |      1370 |        12.54 |           95 |
| 2807916077 | 2807916 |       44.5 |       2.6 |            28.3 |      20.4 |      1436 |        10.31 |          105 |
| 2807916078 | 2807916 |       43.8 |       2.5 |            28.6 |      19.2 |       889 |        11.44 |           92 |
| 2807916079 | 2807916 |       44.5 |       2.7 |            22.8 |      20.7 |      2021 |        10.29 |           80 |
| 2807916080 | 2807916 |       48.8 |       2.8 |            19.1 |      31.1 |       826 |        10.06 |           15 |
| 2807916081 | 2807916 |       45.1 |       2.6 |            28.8 |      27.1 |      1180 |        12.15 |           84 |
| 2807916082 | 2807916 |       44.5 |       2.6 |            28.4 |      19.3 |       810 |        10.77 |           36 |
| 2807916083 | 2807916 |         44 |       2.5 |            29.8 |      17.5 |      2223 |        11.12 |          110 |
| 2807916085 | 2807916 |       44.2 |       2.5 |            31.1 |      16.3 |      1332 |        11.74 |           78 |
| 2807916086 | 2807916 |       44.1 |       2.6 |            26.3 |      16.4 |      2114 |         10.9 |          120 |
| 2807916087 | 2807916 |       47.2 |       2.4 |            33.2 |      26.3 |       845 |        11.52 |           70 |
| 2807916088 | 2807916 |       47.8 |       2.4 |            32.6 |      27.6 |      1430 |         10.1 |           72 |
| 2807916089 | 2807916 |       52.1 |       2.3 |            34.1 |      36.3 |       758 |        10.23 |           34 |
| 2807916090 | 2807916 |       46.4 |       2.6 |            25.8 |      23.6 |      1472 |         9.53 |           42 |
| 2807916091 | 2807916 |       35.3 |       3.9 |             9.2 |       5.5 |      2525 |         null |            8 |
| 2807916092 | 2807916 |       47.3 |       2.5 |            23.1 |      30.4 |      1180 |        10.79 |           76 |
| 2807916093 | 2807916 |       47.2 |       2.6 |            23.2 |      30.8 |      1015 |         9.99 |           50 |
| 2807916096 | 2807916 |       40.9 |       2.9 |              20 |      14.3 |      1631 |        12.67 |           39 |
| 2807916097 | 2807916 |       49.2 |       2.4 |            28.4 |      31.5 |      1487 |        10.87 |           84 |
| 2807916098 | 2807916 |       50.5 |       2.4 |            28.5 |      38.4 |      1371 |        11.93 |           94 |
| 2807916099 | 2807916 |       46.7 |       2.6 |            23.3 |      31.1 |      1682 |        10.16 |           92 |
| 2807916100 | 2807916 |       47.6 |       2.7 |            16.4 |      25.2 |       982 |        11.85 |           37 |
| 2807916101 | 2807916 |       49.7 |       2.5 |            18.9 |      26.3 |      1143 |        11.56 |           45 |
| 2807916102 | 2807916 |         40 |       2.9 |            21.6 |      14.6 |      2409 |        15.46 |           61 |
| 2807916103 | 2807916 |       41.9 |         3 |            20.8 |      19.3 |      1909 |        15.59 |          108 |
| 2807916104 | 2807916 |       44.4 |       2.8 |            19.3 |      14.7 |      1998 |         11.3 |          109 |
| 2807916105 | 2807916 |       45.5 |         3 |              19 |        27 |      1272 |        10.92 |           37 |
| 2807916106 | 2807916 |         39 |       2.1 |              43 |      11.2 |      1919 |        16.44 |          287 |
| 2807916107 | 2807916 |       35.6 |       3.3 |            11.5 |       8.4 |      2659 |        13.59 |           42 |
| 2807916108 | 2807916 |       34.2 |         3 |              21 |       6.1 |      2148 |        13.38 |          203 |
| 2807916109 | 2807916 |       36.3 |       2.9 |            23.1 |         7 |      2412 |        10.67 |           73 |
| 2807916110 | 2807916 |       34.2 |       2.8 |              20 |       4.6 |      2623 |        12.22 |          303 |
| 2807916111 | 2807916 |         36 |       3.1 |            19.4 |       7.9 |      1640 |        12.87 |          331 |
| 2807916112 | 2807916 |       36.9 |       3.1 |            17.2 |       8.2 |      1445 |        11.07 |           86 |
| 2807916113 | 2807916 |       39.8 |       2.9 |            24.1 |      14.8 |      2041 |        15.81 |          124 |
| 2807916114 | 2807916 |       35.2 |       2.6 |            29.9 |       6.4 |      2942 |        15.75 |          442 |
| 2807916115 | 2807916 |       36.9 |       2.6 |            27.5 |       9.1 |      1684 |        13.98 |          227 |
| 2807916116 | 2807916 |       33.8 |       2.5 |            29.2 |       6.5 |      1860 |        13.25 |          158 |
| 2807916117 | 2807916 |       34.8 |         3 |            17.6 |       6.3 |      2668 |        12.72 |          187 |
| 2807916118 | 2807916 |       34.5 |         3 |            18.3 |         4 |      2525 |        12.13 |          215 |
| 2807916119 | 2807916 |       33.2 |       2.6 |            29.6 |       5.8 |      2760 |        16.53 |          472 |
| 2807916120 | 2807916 |       37.4 |       2.6 |              25 |       7.4 |      1910 |        12.32 |          216 |
| 2807916121 | 2807916 |       40.5 |       2.6 |              26 |      12.4 |      1657 |        14.75 |          199 |
| 2807916122 | 2807916 |       34.6 |       2.9 |            19.2 |       7.1 |      1970 |        13.44 |          211 |
| 2807916123 | 2807916 |       33.8 |       3.5 |            14.8 |       6.1 |      2378 |        16.55 |          153 |
| 2807916124 | 2807916 |       31.7 |       2.8 |              22 |       4.5 |      2904 |        13.51 |          461 |
| 2807916125 | 2807916 |       35.3 |         3 |            19.8 |       7.5 |      2233 |         12.8 |          261 |
| 2807916126 | 2807916 |       32.5 |       3.1 |            16.8 |         6 |      1826 |        12.37 |           87 |
| 2807916127 | 2807916 |       36.2 |       2.8 |            23.1 |       8.8 |      1504 |        12.41 |          210 |
| 2807916128 | 2807916 |       30.7 |       2.9 |            19.1 |         3 |      2153 |         14.3 |          205 |
| 2807916129 | 2807916 |         30 |       2.8 |            24.4 |       2.7 |      2694 |        12.56 |          253 |
| 2807916130 | 2807916 |       30.2 |       2.7 |            24.5 |         3 |      2829 |         null |         null |
| 2807916131 | 2807916 |       29.7 |       3.1 |            15.4 |       2.7 |      2969 |         null |         null |
| 2807916132 | 2807916 |       29.4 |       2.9 |            19.3 |       2.8 |      2113 |         null |         null |
| 2807916133 | 2807916 |       37.5 |       2.7 |            25.3 |      10.4 |      1507 |         null |         null |
| 2807916134 | 2807916 |       33.1 |       3.1 |            14.6 |       5.2 |      2526 |         null |         null |
| 2807917002 | 2807917 |       44.1 |       2.9 |            21.7 |      21.7 |      1330 |         8.03 |           66 |
| 2807917003 | 2807917 |       45.5 |       2.8 |            25.8 |      20.5 |      1354 |         8.99 |           92 |
| 2807917004 | 2807917 |       40.4 |       2.8 |            30.7 |      14.7 |      2467 |        10.54 |          172 |
| 2807917006 | 2807917 |       42.2 |       2.8 |            27.2 |      16.8 |      1681 |          9.3 |          104 |
| 2807917007 | 2807917 |       41.2 |       2.8 |            25.4 |        16 |       984 |         9.45 |           77 |
| 2807917008 | 2807917 |         41 |       2.9 |            25.8 |        15 |      1578 |          8.6 |          108 |
| 2807917009 | 2807917 |         40 |       3.1 |            19.8 |      14.4 |      1087 |         9.64 |           69 |
| 2807917010 | 2807917 |       42.7 |       2.7 |            26.6 |      18.8 |      1248 |            8 |           99 |
| 2807917011 | 2807917 |       41.1 |       2.9 |              30 |      16.1 |      1369 |         8.74 |           86 |
| 2807917012 | 2807917 |         42 |       2.9 |            25.7 |      17.1 |      1687 |         9.09 |          113 |
| 2807917013 | 2807917 |       44.2 |       2.6 |            30.1 |      19.3 |       932 |          9.2 |           75 |
| 2807917014 | 2807917 |         40 |         3 |            20.9 |      13.9 |      1228 |         9.38 |           90 |
| 2807917015 | 2807917 |       40.2 |       2.8 |            27.4 |      15.3 |      1449 |          9.2 |          120 |
| 2807917016 | 2807917 |       44.2 |       2.6 |            29.6 |      20.5 |       938 |         9.49 |           57 |
| 2807917017 | 2807917 |       46.1 |       2.8 |            20.5 |      25.3 |      1216 |         9.52 |           44 |
| 2807917018 | 2807917 |       40.8 |       2.7 |            29.2 |      15.3 |      1159 |         9.42 |           85 |
| 2807917019 | 2807917 |       42.4 |       2.6 |            30.6 |      19.1 |       976 |         9.35 |           66 |
| 2807917020 | 2807917 |       42.6 |         3 |            21.3 |      17.8 |       887 |         8.03 |           13 |
| 2807917021 | 2807917 |       39.5 |       3.2 |            16.3 |        13 |      1110 |         null |            1 |
| 2807917022 | 2807917 |         42 |       2.8 |              27 |      18.7 |      1137 |         9.12 |           23 |
| 2807917023 | 2807917 |       44.7 |       2.7 |            27.5 |      20.7 |      1962 |         8.97 |          120 |
| 2807917024 | 2807917 |       42.5 |       2.8 |            27.8 |      17.1 |      1886 |         8.46 |          127 |
| 2807917025 | 2807917 |       41.4 |         3 |            22.9 |      18.4 |       925 |         8.03 |           57 |
| 2807917026 | 2807917 |       42.5 |       2.8 |            27.5 |      19.6 |      1364 |         8.85 |           86 |
| 2807917027 | 2807917 |       43.5 |       2.7 |            23.9 |      16.8 |      1916 |          8.7 |           75 |
| 2807917028 | 2807917 |       42.2 |       2.7 |            28.2 |      15.9 |      1230 |         9.26 |           87 |
| 2807917029 | 2807917 |       39.6 |       2.3 |            37.8 |      10.1 |      1669 |        13.26 |          198 |
| 2807917031 | 2807917 |       37.7 |       3.1 |            23.4 |        11 |      1140 |         8.67 |           53 |
| 2807917032 | 2807917 |       38.3 |       3.1 |            25.9 |      11.6 |      2084 |         8.77 |           85 |
| 2807917033 | 2807917 |         36 |       3.3 |            22.4 |         9 |      1558 |          8.8 |           84 |
| 2807917035 | 2807917 |       35.7 |       3.2 |              23 |       8.1 |      1308 |         9.01 |           70 |
| 2807917036 | 2807917 |       40.8 |         3 |            26.9 |      14.8 |      1022 |         9.48 |           47 |
| 2807917037 | 2807917 |       36.6 |       3.3 |            24.4 |       9.3 |      1264 |         9.32 |           65 |
| 2807917038 | 2807917 |         39 |       3.4 |            20.8 |      12.7 |      1547 |         7.85 |           52 |
| 2807917039 | 2807917 |       39.8 |       3.1 |            21.9 |        12 |      1875 |         9.42 |           68 |
| 2807917041 | 2807917 |       36.2 |       3.2 |            27.4 |       9.5 |      1193 |          9.1 |           60 |
| 2807917042 | 2807917 |         36 |       3.4 |            24.7 |      10.6 |      1628 |         9.29 |           89 |
| 2807917043 | 2807917 |       38.4 |       3.3 |            19.6 |      11.9 |      2116 |          7.9 |           73 |
| 2807917045 | 2807917 |       39.9 |       2.9 |            16.7 |      12.4 |      1969 |         9.55 |           91 |
| 2807917046 | 2807917 |       41.7 |       2.9 |            20.3 |      18.1 |      1767 |        10.15 |          124 |
| 2807917047 | 2807917 |       41.1 |       2.9 |            25.2 |      16.5 |      1663 |         9.25 |          117 |
| 2807917048 | 2807917 |       42.7 |       2.7 |            23.7 |      13.5 |      1832 |         8.16 |           64 |
| 2807917049 | 2807917 |       40.6 |         3 |            25.5 |        16 |      1144 |        10.81 |           98 |
| 2807917050 | 2807917 |       44.6 |       2.5 |            33.2 |      22.1 |      1383 |         10.2 |          120 |
| 2807917051 | 2807917 |       41.6 |       2.9 |            24.8 |      16.9 |      1157 |        10.34 |           71 |
| 2807917052 | 2807917 |       47.2 |       2.6 |            26.3 |      27.9 |      1136 |         10.5 |           69 |
| 2807917053 | 2807917 |       46.6 |       2.7 |            24.7 |      29.3 |      1016 |         9.83 |           50 |
| 2807917054 | 2807917 |       42.9 |       2.9 |            25.4 |        20 |      1278 |        10.17 |           98 |
| 2807917055 | 2807917 |       47.2 |       2.7 |            21.8 |      28.8 |      1662 |         8.44 |           87 |
| 2807917057 | 2807917 |       41.3 |       2.8 |            28.5 |      15.9 |      1602 |        10.88 |          130 |
| 2807917058 | 2807917 |       41.2 |       2.8 |            24.3 |      16.3 |      1405 |         9.24 |           96 |
| 2807917059 | 2807917 |       43.1 |       2.8 |            27.9 |      18.9 |      1448 |         9.26 |          112 |
| 2807917060 | 2807917 |       43.8 |       2.7 |              24 |      19.6 |       923 |         9.33 |           57 |
| 2807917061 | 2807917 |       39.8 |       3.2 |            22.5 |      13.2 |      1384 |        10.14 |           95 |
| 2807917062 | 2807917 |       41.1 |       2.9 |            25.1 |      15.2 |      1570 |          9.3 |          112 |
| 2807917063 | 2807917 |       42.5 |       2.8 |            26.5 |      18.8 |      1081 |         9.26 |           73 |
| 2807917064 | 2807917 |       43.1 |       2.8 |            26.6 |      17.9 |      1529 |        10.34 |          128 |
| 2807917065 | 2807917 |       43.5 |         3 |            21.1 |      19.1 |      1264 |         9.05 |          104 |
| 2807917066 | 2807917 |       40.5 |       3.2 |            22.7 |      15.2 |      1310 |         9.46 |           92 |
| 2807917068 | 2807917 |       40.8 |       2.6 |            26.4 |      14.2 |      1995 |        11.65 |           32 |
| 2807917069 | 2807917 |       42.5 |       2.9 |            23.7 |      19.9 |      1589 |         9.26 |           87 |
| 2807917070 | 2807917 |       51.5 |       2.5 |            23.1 |      33.4 |      1246 |         8.05 |           55 |
| 2807917071 | 2807917 |       46.8 |       2.7 |            23.8 |        28 |      1901 |         9.81 |          139 |
| 2807917072 | 2807917 |         39 |         3 |            24.4 |      11.4 |      1286 |        10.05 |          129 |
| 2807917073 | 2807917 |       48.1 |       2.4 |            37.9 |      26.9 |       943 |         9.52 |           69 |
| 2807917074 | 2807917 |       47.4 |       2.7 |            27.1 |      24.8 |       891 |         8.09 |           39 |
| 2807917075 | 2807917 |         48 |       2.6 |            29.1 |      27.3 |      1486 |         8.77 |           88 |
| 2807917076 | 2807917 |       52.5 |       2.5 |            28.1 |      38.3 |      1200 |         8.15 |           72 |
| 2807917078 | 2807917 |         55 |       2.3 |            34.1 |      42.2 |      1257 |         9.22 |           76 |
| 2807917079 | 2807917 |       48.5 |       2.1 |            39.7 |      28.3 |       814 |        10.27 |           90 |
| 2807917080 | 2807917 |         34 |       2.6 |            27.1 |         4 |      2519 |         8.88 |           52 |
| 2807917082 | 2807917 |       46.1 |       2.5 |            31.3 |        22 |      1536 |         9.65 |          147 |
| 2807917083 | 2807917 |         43 |       2.7 |            31.2 |      18.2 |      1449 |         8.93 |           98 |
| 2807917084 | 2807917 |       42.8 |       2.6 |            30.4 |      19.3 |      1084 |           10 |          106 |
| 2807917085 | 2807917 |         50 |       2.5 |            34.3 |      30.2 |       778 |         9.28 |           40 |
| 2807917086 | 2807917 |       51.9 |       2.4 |            32.6 |      33.6 |       764 |         9.02 |           38 |
| 2807917087 | 2807917 |       47.4 |       2.6 |            27.4 |      25.7 |      1597 |         8.04 |           86 |
| 2807917089 | 2807917 |       46.2 |       2.5 |            31.2 |      21.4 |      1162 |         8.82 |           65 |
| 2807917090 | 2807917 |       46.5 |       2.7 |            28.4 |        25 |      1135 |         7.58 |           42 |
| 2807917091 | 2807917 |       44.5 |       2.7 |            28.7 |      18.6 |      1129 |         8.33 |           71 |
| 2807917092 | 2807917 |         50 |       2.6 |            23.8 |      32.3 |       812 |         7.28 |           22 |
| 2807917093 | 2807917 |       49.3 |       2.6 |            25.6 |      28.5 |       702 |         8.53 |           28 |
| 2807917094 | 2807917 |       45.8 |       2.7 |            24.5 |      25.1 |       820 |         9.27 |           67 |
| 2807917095 | 2807917 |       47.2 |       2.4 |            32.4 |      28.7 |       863 |        10.27 |           74 |
| 2807917096 | 2807917 |       44.7 |       2.7 |            22.6 |      16.6 |      1222 |         8.35 |           43 |
| 2807917097 | 2807917 |       49.4 |       2.6 |            20.3 |      26.4 |      1458 |         8.98 |           33 |
| 2807917098 | 2807917 |       39.4 |       3.2 |              18 |      14.9 |      1159 |         null |            2 |
| 2807917099 | 2807917 |       45.7 |         3 |            13.9 |      21.1 |       769 |         null |            0 |
| 2807917100 | 2807917 |         41 |       2.9 |            24.6 |      17.8 |      1120 |         8.46 |           80 |
| 2807917101 | 2807917 |       42.2 |       2.6 |            28.6 |      18.4 |      2001 |         9.85 |          115 |
| 2807917102 | 2807917 |       52.8 |       2.5 |            17.1 |      37.2 |      1109 |         7.95 |           33 |
| 2807917103 | 2807917 |       42.9 |       2.7 |            23.1 |      13.9 |      2145 |         9.89 |          104 |
| 2807917104 | 2807917 |       44.1 |       2.7 |            23.2 |      16.6 |      1921 |         8.38 |           72 |
| 2807917105 | 2807917 |       44.1 |       2.8 |            18.6 |      14.2 |      1533 |         8.65 |           64 |
| 2807917106 | 2807917 |       37.2 |       2.8 |              25 |       6.4 |      3154 |         8.16 |          135 |
| 2807917107 | 2807917 |       36.1 |       2.9 |            19.1 |       5.3 |      2529 |         9.67 |          128 |
| 2807917108 | 2807917 |       40.5 |       2.7 |            21.4 |       9.9 |      1548 |        10.27 |           98 |
| 2807917109 | 2807917 |       43.8 |       2.6 |            27.8 |      18.1 |      1197 |          8.5 |           50 |
| 2807917110 | 2807917 |       35.9 |       2.8 |            19.4 |       5.9 |      2180 |         9.62 |          189 |
| 2807917111 | 2807917 |       33.3 |       3.1 |            18.9 |       4.4 |      2584 |         9.58 |          110 |
| 2807917112 | 2807917 |       37.7 |       2.9 |            18.9 |       7.4 |      2044 |         9.66 |          104 |
| 2807917113 | 2807917 |       40.4 |       2.6 |            24.1 |      10.9 |      2683 |         9.87 |          163 |
| 2807917114 | 2807917 |       36.7 |       2.8 |            19.9 |       6.7 |      1706 |         9.44 |          152 |
| 2807917115 | 2807917 |       33.1 |       2.7 |            23.3 |       4.5 |      2228 |        10.68 |          108 |
| 2807917116 | 2807917 |       44.3 |       2.7 |              24 |        14 |      1221 |         8.42 |           57 |
| 2807917117 | 2807917 |       31.6 |       2.6 |              24 |       3.8 |      2468 |         null |         null |
| 2807917118 | 2807917 |         39 |       2.6 |            24.5 |      14.8 |      2412 |         null |         null |
| 2807918002 | 2807918 |       42.6 |       2.7 |            21.8 |      16.8 |      1384 |         9.41 |           69 |
| 2807918003 | 2807918 |       43.3 |       2.6 |            24.9 |      21.4 |       882 |         9.68 |           60 |
| 2807918004 | 2807918 |       44.3 |       2.7 |            25.3 |        20 |      1193 |         9.96 |           64 |
| 2807918005 | 2807918 |       40.1 |       2.7 |            25.3 |      15.9 |      1202 |        10.26 |           76 |
| 2807918006 | 2807918 |       41.1 |       2.9 |            25.9 |      14.9 |      1305 |         9.38 |          113 |
| 2807918007 | 2807918 |         44 |       2.5 |              34 |      18.3 |       946 |        10.58 |           76 |
| 2807918008 | 2807918 |       44.1 |       2.6 |            29.8 |      19.6 |      1167 |        10.38 |           59 |
| 2807918009 | 2807918 |       44.2 |       2.6 |            24.3 |      20.4 |      1515 |         9.94 |           91 |
| 2807918010 | 2807918 |       43.2 |       2.8 |            24.8 |      17.9 |      1066 |         9.71 |           43 |
| 2807918011 | 2807918 |       44.2 |       2.6 |            27.6 |      21.8 |      1233 |         9.94 |           93 |
| 2807918012 | 2807918 |       45.8 |       2.5 |            29.2 |      25.3 |      1490 |         9.66 |           91 |
| 2807918013 | 2807918 |       43.1 |       2.6 |            32.7 |      18.4 |      1162 |        10.42 |           94 |
| 2807918014 | 2807918 |       43.5 |       2.7 |            29.1 |      19.8 |      1457 |         9.72 |          102 |
| 2807918015 | 2807918 |       43.2 |       2.6 |            28.3 |      18.7 |      1084 |         9.81 |           78 |
| 2807918016 | 2807918 |       41.4 |       2.6 |            28.8 |      16.6 |      1293 |        11.39 |           80 |
| 2807918017 | 2807918 |       42.4 |       2.5 |            31.4 |      17.2 |      1133 |         10.8 |           86 |
| 2807918018 | 2807918 |       42.1 |       2.5 |            28.9 |      16.5 |      1860 |        10.74 |          150 |
| 2807918019 | 2807918 |       43.5 |       2.6 |            26.6 |        19 |      1688 |        10.27 |          107 |
| 2807918020 | 2807918 |       45.1 |       2.6 |            23.3 |      19.6 |      1447 |          9.6 |           75 |
| 2807918021 | 2807918 |       49.3 |       2.5 |            21.8 |      32.5 |      1014 |        10.39 |           47 |
| 2807918022 | 2807918 |       42.9 |       2.5 |            30.1 |      19.2 |      1392 |        10.45 |          119 |
| 2807918023 | 2807918 |         45 |       2.4 |            30.9 |      19.8 |      1210 |        10.96 |           78 |
| 2807918024 | 2807918 |       48.7 |       2.5 |            28.2 |      31.9 |       989 |         9.38 |           57 |
| 2807918025 | 2807918 |       42.9 |       2.7 |            22.3 |      14.7 |      1719 |        10.78 |           73 |
| 2807918026 | 2807918 |       43.3 |       2.9 |            19.6 |      19.7 |      1548 |         null |            8 |
| 2807918027 | 2807918 |       42.4 |       2.9 |            20.9 |      13.7 |      1837 |         9.09 |           68 |
| 2807918028 | 2807918 |       48.2 |       2.5 |            24.7 |      29.3 |      1938 |         9.38 |           86 |
| 2807918029 | 2807918 |       47.9 |       2.5 |            21.7 |      27.1 |      1072 |          9.4 |           48 |
| 2807918030 | 2807918 |       47.8 |       2.4 |            28.6 |      29.5 |       783 |         9.69 |           38 |
| 2807918031 | 2807918 |       48.3 |       2.5 |            27.8 |      28.7 |      1070 |         9.23 |           62 |
| 2807918032 | 2807918 |       48.7 |       2.4 |              29 |      31.1 |      1339 |         8.87 |           67 |
| 2807918033 | 2807918 |       49.2 |       2.5 |            25.4 |      33.5 |      1282 |         9.38 |           55 |
| 2807918034 | 2807918 |       49.7 |       2.3 |            26.9 |      33.7 |      1239 |         9.38 |           53 |
| 2807918035 | 2807918 |       49.6 |       2.5 |            25.3 |      34.4 |       916 |         8.76 |           43 |
| 2807918036 | 2807918 |       46.1 |       2.7 |            22.5 |      20.2 |      1275 |          8.7 |           65 |
| 2807918037 | 2807918 |       46.1 |       2.6 |            25.6 |      23.8 |      1076 |         9.28 |           64 |
| 2807918038 | 2807918 |       43.8 |       2.8 |            25.1 |      21.3 |       983 |         7.85 |           16 |
| 2807918039 | 2807918 |       47.9 |       2.7 |              19 |      21.2 |      1262 |         9.03 |           22 |
| 2807918040 | 2807918 |       43.1 |       2.7 |            18.5 |        20 |      2315 |          8.8 |           70 |
| 2807918041 | 2807918 |       46.8 |       2.6 |            22.6 |      27.8 |      1257 |         9.22 |           66 |
| 2807918042 | 2807918 |       40.6 |       2.6 |            24.7 |      12.1 |      1841 |        10.58 |           94 |
| 2807918043 | 2807918 |       40.8 |       2.7 |              25 |      10.7 |      2020 |        10.57 |          127 |
| 2807918044 | 2807918 |       47.5 |       2.7 |            14.2 |      20.4 |      1285 |         8.51 |           43 |
| 2807918045 | 2807918 |       27.6 |       3.3 |            24.1 |       4.8 |      3080 |         null |         null |
| 2807918046 | 2807918 |       35.2 |       2.7 |            32.7 |       5.7 |      2011 |        14.86 |          120 |
| 2807918047 | 2807918 |       36.4 |       2.5 |            31.4 |       7.5 |      1282 |          9.7 |           58 |
| 2807918048 | 2807918 |       47.1 |       2.7 |              18 |      22.8 |      1287 |         8.48 |           42 |
| 2807918049 | 2807918 |         36 |         3 |            16.2 |       6.7 |      1536 |        10.39 |          216 |
| 2807918050 | 2807918 |       34.9 |       2.6 |            30.4 |       5.3 |      2592 |        11.14 |          171 |
| 2807918051 | 2807918 |       37.1 |       2.1 |            40.9 |       7.4 |      1484 |        13.23 |          172 |
| 2807918052 | 2807918 |         33 |       2.7 |            24.5 |       3.8 |      2053 |        14.29 |          389 |
| 2807918053 | 2807918 |       34.9 |       2.5 |            28.8 |       5.2 |      2350 |         9.78 |          201 |
| 2807918054 | 2807918 |       33.8 |       2.5 |            30.8 |       4.9 |      3084 |        11.81 |          185 |
| 2807918055 | 2807918 |       34.3 |       2.6 |            29.3 |         6 |      1914 |        10.32 |          141 |
| 2807918056 | 2807918 |       35.5 |       2.5 |            29.2 |       6.2 |      2018 |         10.6 |           96 |
| 2807918057 | 2807918 |       34.3 |       2.1 |            43.1 |       3.9 |      2814 |           15 |          469 |
| 2807918058 | 2807918 |       33.3 |         3 |            20.9 |       3.7 |      3371 |        12.01 |          129 |
| 2807918059 | 2807918 |         34 |       2.7 |            26.6 |       4.7 |      2573 |         9.66 |           98 |
| 2807918060 | 2807918 |       33.6 |       2.5 |            27.4 |         4 |      1796 |        13.72 |          389 |
| 2807918061 | 2807918 |       35.2 |       2.3 |            31.5 |       6.2 |      1589 |        12.26 |          335 |
| 2807918062 | 2807918 |       34.1 |       2.1 |            42.2 |       5.1 |      1930 |        13.49 |          251 |
| 2807918063 | 2807918 |       33.5 |       2.6 |            27.8 |       4.3 |      1522 |          9.8 |          101 |
| 2807918064 | 2807918 |       35.3 |       2.6 |            25.9 |       5.9 |      2495 |        10.33 |           70 |
| 2807918065 | 2807918 |       33.5 |       2.6 |            31.9 |       5.1 |      2959 |        10.29 |           55 |
| 2807918066 | 2807918 |       34.2 |       2.6 |            28.7 |         5 |      2198 |        11.99 |          186 |
| 2807918067 | 2807918 |       33.2 |       2.7 |            25.3 |       4.4 |      1761 |        10.21 |          140 |
| 2807918068 | 2807918 |       35.1 |       2.2 |            40.9 |       5.1 |      1333 |        13.42 |          277 |
| 2807918069 | 2807918 |       32.6 |       2.6 |            25.5 |       4.7 |      1740 |         null |         null |
| 2807918070 | 2807918 |       36.5 |       2.6 |              26 |       5.2 |      1480 |         null |         null |
| 2807918071 | 2807918 |       36.2 |       2.1 |            41.5 |       5.3 |      1889 |         null |         null |
| 2807918072 | 2807918 |         36 |       2.1 |            41.1 |       5.6 |      1440 |         null |         null |
| 2807918073 | 2807918 |         35 |       2.6 |            29.3 |       5.6 |      1621 |         null |         null |
| 2807919001 | 2807919 |       31.3 |       3.2 |            25.1 |       5.9 |      2446 |         9.93 |           14 |
| 2807919002 | 2807919 |       40.9 |       2.7 |            23.1 |      14.1 |      2858 |        10.26 |          176 |
| 2807919003 | 2807919 |         45 |       2.6 |            25.7 |      22.8 |       903 |         9.57 |           66 |
| 2807919004 | 2807919 |       43.9 |       2.6 |            31.8 |      20.5 |       938 |         9.84 |           62 |
| 2807919005 | 2807919 |       44.3 |       2.6 |            25.1 |      18.1 |      1661 |         9.89 |          131 |
| 2807919006 | 2807919 |       43.4 |       2.5 |            26.2 |      17.9 |      1225 |         11.2 |           87 |
| 2807919007 | 2807919 |       45.9 |       2.6 |            25.9 |      22.6 |      1193 |         9.56 |           82 |
| 2807919008 | 2807919 |       42.5 |       2.7 |              27 |      20.4 |      1386 |        10.52 |          142 |
| 2807919009 | 2807919 |       45.7 |       2.6 |            26.2 |      24.4 |      1447 |        10.25 |          129 |
| 2807919011 | 2807919 |       47.5 |       2.5 |            28.9 |      25.7 |      1263 |        10.17 |           93 |
| 2807919012 | 2807919 |         48 |       2.4 |            32.2 |      26.4 |      1015 |         9.32 |           91 |
| 2807919014 | 2807919 |       43.2 |       2.7 |            23.2 |        18 |      1521 |        11.33 |           61 |
| 2807919015 | 2807919 |       47.1 |       2.3 |            36.9 |      24.2 |       973 |        10.71 |           97 |
| 2807919016 | 2807919 |       44.7 |       2.6 |            27.4 |      21.3 |       945 |         9.87 |           76 |
| 2807919018 | 2807919 |       47.3 |       2.4 |            33.1 |      27.4 |      1187 |        10.85 |          116 |
| 2807919019 | 2807919 |       50.1 |       2.3 |            29.8 |      31.8 |       959 |        10.75 |          127 |
| 2807919020 | 2807919 |       49.5 |       2.4 |            31.9 |      30.8 |      1030 |         10.7 |           77 |
| 2807919021 | 2807919 |       50.8 |       2.3 |            32.6 |      33.3 |      1256 |        10.27 |          104 |
| 2807919022 | 2807919 |       44.5 |       2.4 |            33.5 |      22.2 |      1062 |           10 |           79 |
| 2807919023 | 2807919 |       45.3 |       2.5 |            29.8 |      21.8 |      1112 |         8.87 |           79 |
| 2807919024 | 2807919 |       45.7 |       2.4 |            32.1 |      23.9 |       817 |        10.23 |           69 |
| 2807919025 | 2807919 |       45.7 |       2.4 |            33.3 |      23.6 |      1026 |        10.53 |           94 |
| 2807919026 | 2807919 |       45.1 |       2.4 |            33.5 |      22.5 |       924 |           10 |           67 |
| 2807919027 | 2807919 |       43.1 |       2.6 |            25.8 |      20.1 |      1009 |        10.21 |           80 |
| 2807919028 | 2807919 |       43.4 |       2.7 |            24.2 |        19 |      1461 |        10.98 |          113 |
| 2807919029 | 2807919 |       42.9 |       2.6 |            27.8 |      19.5 |       937 |         9.63 |           83 |
| 2807919031 | 2807919 |       null |      null |            null |      null |      null |         null |         null |
| 2807919032 | 2807919 |       38.9 |       2.8 |              25 |      11.2 |      2278 |         9.72 |          158 |
| 2807919033 | 2807919 |       44.4 |       2.7 |            22.1 |      15.2 |      2057 |         8.69 |          107 |
| 2807919034 | 2807919 |       44.3 |       2.7 |            23.4 |      15.3 |      1694 |         8.98 |           75 |
| 2807919035 | 2807919 |       45.6 |       2.6 |            24.6 |      17.2 |      1567 |         8.62 |           90 |
| 2807919036 | 2807919 |       46.4 |       2.6 |              26 |      18.4 |      2053 |         8.87 |          123 |
| 2807919037 | 2807919 |       45.4 |       2.6 |            22.1 |      16.1 |      1932 |         9.04 |          109 |
| 2807919038 | 2807919 |       40.2 |         3 |            20.1 |      12.8 |      1855 |         8.13 |           49 |
| 2807919039 | 2807919 |       39.7 |       2.9 |              16 |      10.3 |      1568 |         8.51 |           25 |
| 2807919040 | 2807919 |       38.5 |       2.7 |            22.1 |       7.9 |      2244 |        11.19 |          170 |
| 2807919041 | 2807919 |       38.5 |       2.6 |            23.8 |       9.5 |      1510 |        10.21 |          103 |
| 2807919042 | 2807919 |       38.1 |       2.8 |            19.9 |       6.2 |      2404 |        10.48 |          135 |
| 2807919043 | 2807919 |       44.4 |       2.6 |            24.6 |      16.6 |      1315 |         9.55 |           77 |
| 2807919044 | 2807919 |       38.5 |       3.1 |            18.1 |       9.3 |      1913 |          9.6 |           33 |
| 2807919045 | 2807919 |       37.7 |       2.8 |            18.2 |       6.8 |      1681 |         9.84 |          104 |
| 2807919046 | 2807919 |         36 |       3.1 |            14.3 |       6.4 |      1883 |         9.95 |           45 |
| 2807919047 | 2807919 |       37.2 |       2.8 |            20.7 |       6.8 |      2483 |        10.11 |          153 |
| 2807919048 | 2807919 |       36.8 |       2.9 |            15.9 |       6.4 |      1586 |        10.39 |           76 |
| 2807919049 | 2807919 |       38.1 |       2.6 |            23.8 |       7.9 |      2011 |         9.88 |          160 |
| 2807919050 | 2807919 |       42.4 |       2.7 |            22.6 |      11.7 |      1146 |        11.38 |           30 |
| 2807919051 | 2807919 |       36.6 |       2.9 |            18.1 |       5.7 |      1933 |        10.65 |          116 |
| 2807919052 | 2807919 |       32.7 |       2.3 |            30.7 |       2.5 |      2897 |        10.35 |          336 |
| 2807919053 | 2807919 |       32.6 |       2.9 |            20.4 |         4 |      2936 |         null |         null |
| 2807919054 | 2807919 |       32.5 |       2.6 |            21.1 |       2.7 |      2626 |         null |         null |
| 2807919055 | 2807919 |       31.6 |       2.3 |            32.3 |         2 |      2081 |         null |         null |
| 2807919056 | 2807919 |         31 |       2.5 |            25.4 |       2.1 |      2520 |         null |         null |
| 2807920001 | 2807920 |       45.2 |       2.4 |            32.6 |      20.2 |      2026 |        11.01 |          213 |
| 2807920002 | 2807920 |       40.9 |       2.7 |            21.3 |      11.1 |      1591 |        12.53 |          102 |
| 2807920003 | 2807920 |       46.7 |       2.4 |            33.6 |      21.7 |      1070 |        10.94 |           69 |
| 2807920006 | 2807920 |       43.6 |       2.7 |              30 |        17 |       942 |         9.83 |           54 |
| 2807920007 | 2807920 |       43.4 |       2.7 |            28.1 |      18.2 |      1667 |        10.92 |          110 |
| 2807920008 | 2807920 |       42.2 |       2.7 |            25.8 |      15.7 |      1323 |        11.32 |           41 |
| 2807920009 | 2807920 |       48.5 |       2.4 |            27.8 |      24.4 |       799 |         8.55 |           19 |
| 2807920010 | 2807920 |       48.7 |       2.5 |            28.3 |      25.8 |       658 |          7.3 |           21 |
| 2807920011 | 2807920 |       49.6 |       2.5 |            27.6 |      28.2 |       681 |         8.45 |           16 |
| 2807920012 | 2807920 |       41.4 |       2.6 |            30.4 |      15.1 |      1471 |        13.45 |          166 |
| 2807920013 | 2807920 |       43.1 |       2.5 |            35.9 |      18.3 |       944 |        12.68 |           86 |
| 2807920014 | 2807920 |       null |      null |            null |      null |      null |        14.74 |           83 |
| 2807920015 | 2807920 |       42.2 |       2.4 |            38.2 |      17.2 |      1767 |        14.86 |          120 |
| 2807920016 | 2807920 |       44.3 |       2.3 |            39.9 |        21 |       777 |        14.63 |          109 |
| 2807920017 | 2807920 |       42.4 |       2.5 |            31.5 |      16.3 |      1089 |         14.1 |           87 |
| 2807920018 | 2807920 |       41.4 |       2.5 |            31.6 |      13.7 |      1064 |        13.64 |          143 |
| 2807920019 | 2807920 |       null |      null |            null |      null |      null |        13.54 |           77 |
| 2807920020 | 2807920 |       41.9 |       2.5 |              34 |      14.5 |      1760 |        13.69 |          128 |
| 2807920021 | 2807920 |       42.2 |       2.7 |            27.1 |      15.3 |       935 |        11.82 |           61 |
| 2807920022 | 2807920 |       41.3 |       2.7 |            31.6 |      15.2 |      1195 |        11.88 |           78 |
| 2807920023 | 2807920 |       42.6 |       2.6 |            30.7 |      16.9 |      1715 |        11.27 |           77 |
| 2807920024 | 2807920 |       null |      null |            null |      null |      null |        12.45 |           48 |
| 2807920025 | 2807920 |       41.1 |       2.7 |            31.2 |      15.6 |      1161 |        12.83 |           80 |
| 2807920026 | 2807920 |       47.4 |       2.5 |            31.9 |      25.8 |      1332 |         9.39 |           68 |
| 2807920027 | 2807920 |       49.4 |       2.5 |            29.1 |      26.6 |      1029 |         8.61 |           32 |
| 2807920028 | 2807920 |       52.3 |       2.3 |            32.4 |      32.2 |       687 |         8.47 |           22 |
| 2807920029 | 2807920 |       44.7 |       2.5 |            30.3 |      19.6 |      1400 |        10.25 |           60 |
| 2807920031 | 2807920 |       40.8 |       2.7 |            29.3 |      14.4 |      1303 |        11.55 |           78 |
| 2807920032 | 2807920 |       40.1 |       2.6 |              35 |      12.7 |      1087 |        12.52 |           90 |
| 2807920033 | 2807920 |       42.4 |       2.5 |            31.7 |      17.4 |      1095 |        12.12 |           90 |
| 2807920034 | 2807920 |       41.1 |       2.7 |            31.6 |      14.1 |      1126 |        11.62 |           72 |
| 2807920035 | 2807920 |       41.6 |       2.6 |            31.1 |      14.2 |      1112 |        12.22 |           91 |
| 2807920036 | 2807920 |       39.4 |       2.7 |            32.1 |      13.1 |      1147 |        13.04 |           79 |
| 2807920037 | 2807920 |       48.4 |       2.4 |            30.2 |      27.5 |       763 |        10.37 |           27 |
| 2807920038 | 2807920 |       46.9 |       2.6 |            26.7 |      22.7 |       642 |         9.17 |           24 |
| 2807920039 | 2807920 |       49.2 |       2.4 |            34.1 |      29.7 |       724 |         9.24 |           26 |
| 2807920040 | 2807920 |       49.7 |       2.4 |            30.8 |      29.3 |       887 |         9.23 |           36 |
| 2807920041 | 2807920 |       49.4 |       2.5 |            29.3 |      30.5 |       869 |         9.36 |           34 |
| 2807920042 | 2807920 |       46.7 |       2.7 |            28.7 |      24.9 |       688 |         9.63 |           28 |
| 2807920043 | 2807920 |       48.7 |       2.5 |            28.7 |      27.8 |       812 |        10.33 |           29 |
| 2807920044 | 2807920 |       43.3 |       2.8 |            25.8 |      18.5 |      1133 |         8.84 |           33 |
| 2807920046 | 2807920 |       41.6 |       2.5 |            34.2 |      14.8 |       957 |        13.16 |           96 |
| 2807920047 | 2807920 |       42.1 |       2.5 |            28.8 |      15.9 |      1498 |        12.65 |          127 |
| 2807920048 | 2807920 |       41.9 |       2.5 |            30.4 |      14.7 |       970 |         12.3 |           86 |
| 2807920049 | 2807920 |       43.3 |       2.6 |            28.9 |      17.9 |       979 |        11.24 |           38 |
| 2807920050 | 2807920 |         42 |       2.6 |              36 |      17.1 |       986 |        11.74 |           72 |
| 2807920051 | 2807920 |       42.9 |       2.5 |            31.5 |      16.7 |       997 |        12.07 |           62 |
| 2807920053 | 2807920 |       40.8 |       2.7 |            28.3 |      14.9 |      2157 |        11.61 |          129 |
| 2807920055 | 2807920 |       39.3 |         3 |            17.2 |       9.1 |      1779 |        10.67 |           64 |
| 2807920056 | 2807920 |       45.5 |       2.6 |            27.8 |      22.7 |      1267 |          9.7 |           42 |
| 2807920058 | 2807920 |         46 |       2.6 |            24.4 |      22.8 |      1028 |         9.04 |           34 |
| 2807920059 | 2807920 |       44.6 |       2.6 |            27.5 |      21.9 |       735 |         9.06 |           33 |
| 2807920062 | 2807920 |       50.1 |       2.5 |            23.7 |      32.7 |      1402 |         9.65 |           77 |
| 2807920063 | 2807920 |       51.9 |       2.5 |            20.5 |      38.9 |      1162 |        10.19 |           49 |
| 2807920064 | 2807920 |       51.6 |       2.5 |              27 |        38 |       960 |         9.78 |           55 |
| 2807920065 | 2807920 |       46.9 |       2.7 |            21.8 |      25.9 |      1851 |         9.97 |          104 |
| 2807920066 | 2807920 |       50.3 |       2.6 |            22.8 |      33.9 |      1762 |        10.24 |           76 |
| 2807920067 | 2807920 |       41.7 |       2.8 |            19.8 |      11.9 |      2265 |        11.42 |          101 |
| 2807920068 | 2807920 |       38.8 |       2.4 |            31.4 |        11 |      2650 |        13.08 |          305 |
| 2807920069 | 2807920 |       45.9 |       2.6 |            32.2 |      22.9 |      1068 |         8.44 |           41 |
| 2807920070 | 2807920 |         47 |       2.3 |            38.4 |      24.3 |      1003 |         9.69 |           48 |
| 2807920071 | 2807920 |       41.8 |       2.5 |              30 |      14.7 |      1751 |         12.2 |          139 |
| 2807920072 | 2807920 |       45.6 |       2.5 |            27.1 |      22.1 |      1687 |        10.83 |          115 |
| 2807920073 | 2807920 |       42.2 |       2.6 |            29.8 |      16.8 |      1033 |        10.87 |           91 |
| 2807920074 | 2807920 |       41.7 |       2.8 |            23.7 |      17.6 |       970 |        10.98 |           59 |
| 2807920075 | 2807920 |       42.6 |       2.7 |            25.7 |      19.3 |      1052 |         10.2 |          106 |
| 2807920076 | 2807920 |       42.9 |       2.6 |              24 |      20.9 |      1360 |        10.32 |           75 |
| 2807920077 | 2807920 |       45.8 |       2.8 |            21.5 |      22.6 |      2273 |         9.19 |          126 |
| 2807920078 | 2807920 |       43.2 |       2.6 |            27.6 |      19.3 |      1479 |        10.36 |          148 |
| 2807920079 | 2807920 |       46.2 |       2.7 |            25.1 |      22.2 |      1133 |         9.38 |           60 |
| 2807920080 | 2807920 |       47.5 |       2.6 |            25.6 |      25.5 |      1248 |          8.6 |           24 |
| 2807920082 | 2807920 |         45 |       2.7 |            26.5 |      23.3 |      1938 |        10.47 |          117 |
| 2807920083 | 2807920 |       47.2 |       2.5 |            28.5 |      24.3 |       859 |        11.07 |           42 |
| 2807920084 | 2807920 |       null |      null |            null |      null |      null |         null |         null |
| 2807920085 | 2807920 |       46.8 |       2.5 |            26.3 |      26.3 |      1866 |        11.72 |          126 |
| 2807920086 | 2807920 |       48.2 |       2.5 |            31.1 |      28.7 |      1584 |        11.55 |          136 |
| 2807920087 | 2807920 |       44.6 |       2.6 |            30.1 |      23.2 |      1127 |        10.98 |          106 |
| 2807920088 | 2807920 |       45.4 |       2.4 |            32.4 |      22.6 |      2039 |        10.47 |          189 |
| 2807920090 | 2807920 |       50.1 |       2.4 |            27.6 |      34.3 |      1226 |         9.57 |           54 |
| 2807920091 | 2807920 |       44.2 |       2.4 |            34.9 |      19.8 |      1412 |        11.31 |          161 |
| 2807920092 | 2807920 |       47.5 |       2.5 |            30.6 |      25.6 |      1647 |        11.58 |          169 |
| 2807920093 | 2807920 |       45.5 |       2.7 |            27.1 |      25.7 |      1335 |        11.32 |           43 |
| 2807920095 | 2807920 |       50.1 |       2.4 |            29.7 |      31.2 |      1242 |        10.63 |           36 |
| 2807920096 | 2807920 |       46.9 |       2.5 |            25.8 |      20.8 |      1068 |        11.43 |           50 |
| 2807920097 | 2807920 |       47.2 |       2.4 |            35.4 |      26.5 |      1036 |        12.06 |           62 |
| 2807920098 | 2807920 |       50.1 |       2.3 |            32.6 |      31.6 |      1002 |        12.57 |           67 |
| 2807920099 | 2807920 |       44.6 |       2.8 |              19 |      19.9 |      1719 |        12.38 |           86 |
| 2807920100 | 2807920 |       44.8 |       2.5 |            33.6 |      20.5 |      1580 |        11.75 |          167 |
| 2807920101 | 2807920 |       45.7 |       2.6 |              26 |      23.7 |      1417 |        11.72 |           98 |
| 2807920102 | 2807920 |       46.9 |       2.5 |            24.6 |      24.2 |      1892 |        10.41 |           97 |
| 2807920103 | 2807920 |       41.8 |       2.8 |            20.6 |       9.4 |      2298 |        11.03 |           97 |
| 2807920104 | 2807920 |       40.5 |       2.9 |            17.8 |       9.4 |      2434 |        11.65 |           86 |
| 2807920105 | 2807920 |       45.6 |       2.6 |            23.3 |      18.9 |      1926 |        11.49 |           91 |
| 2807920106 | 2807920 |       39.2 |       2.6 |            28.3 |         7 |      1479 |        11.99 |          164 |
| 2807920107 | 2807920 |       40.6 |       2.8 |            17.9 |         8 |      2102 |        11.82 |          102 |
| 2807920108 | 2807920 |       45.7 |       2.6 |            27.7 |      22.7 |      1719 |        12.17 |          103 |
| 2807920109 | 2807920 |         44 |       2.7 |              24 |      15.3 |      1822 |        10.14 |           67 |
| 2807920110 | 2807920 |       42.6 |       2.8 |            18.5 |      13.8 |      2036 |        11.14 |          126 |
| 2807920111 | 2807920 |       38.9 |       2.9 |            16.7 |       7.1 |      1903 |         9.72 |           86 |
| 2807920112 | 2807920 |       41.3 |       2.7 |              21 |      12.4 |      1634 |        11.65 |          191 |
| 2807920113 | 2807920 |       39.2 |       2.9 |            17.7 |       8.5 |      2210 |         11.7 |          139 |
| 2807920114 | 2807920 |       40.2 |         3 |            15.9 |       9.7 |      1896 |        11.38 |           62 |
| 2807920115 | 2807920 |       40.8 |       2.8 |            20.2 |       7.1 |      1973 |         11.6 |           78 |
| 2807920116 | 2807920 |         38 |       2.7 |            23.3 |      10.4 |      1989 |        10.79 |          132 |
| 2807920117 | 2807920 |       41.5 |       2.7 |            18.2 |      12.9 |      1557 |        10.87 |          115 |
| 2807920118 | 2807920 |       36.8 |       2.9 |            19.6 |       5.3 |      1926 |        12.91 |          206 |
| 2807920119 | 2807920 |       38.1 |       2.4 |            34.1 |       7.9 |      1791 |        14.89 |          294 |
| 2807920120 | 2807920 |       36.7 |       2.5 |            32.2 |       7.5 |      2860 |        12.21 |          259 |
| 2807920121 | 2807920 |       36.8 |       2.2 |              39 |       5.8 |      3362 |        13.01 |          389 |
| 2807920122 | 2807920 |         39 |       2.8 |            20.4 |         9 |      1749 |        13.33 |          143 |
| 2807920123 | 2807920 |       44.4 |       2.7 |            24.3 |      20.7 |      1167 |        11.15 |           53 |
| 2807920124 | 2807920 |       45.5 |       2.5 |            26.5 |      19.9 |      1369 |        12.04 |          110 |
| 2807920125 | 2807920 |       42.2 |       1.9 |            48.7 |      15.2 |      1443 |         17.4 |          136 |
| 2807920126 | 2807920 |       39.2 |       2.8 |              24 |      11.3 |      1488 |        12.28 |           36 |
| 2807920127 | 2807920 |       34.4 |         3 |            15.7 |       3.8 |      1802 |         null |         null |
| 2807920128 | 2807920 |       41.5 |       2.9 |            15.8 |       8.9 |      1188 |         null |         null |
| 2807921001 | 2807921 |       42.7 |       2.8 |            21.4 |      18.3 |      1588 |        12.02 |           47 |
| 2807921002 | 2807921 |       49.9 |       2.7 |            18.3 |      35.1 |      1446 |        10.59 |           41 |
| 2807921003 | 2807921 |       49.8 |       2.5 |            23.6 |      36.1 |      1165 |        10.57 |           47 |
| 2807921004 | 2807921 |       48.4 |       2.6 |            22.5 |      33.5 |      1107 |         9.41 |           46 |
| 2807921005 | 2807921 |       39.3 |         3 |            16.1 |      15.3 |      2341 |        12.67 |          158 |
| 2807921006 | 2807921 |       46.2 |       2.8 |            17.1 |      29.6 |      1267 |         9.77 |           48 |
| 2807921007 | 2807921 |       44.6 |       2.6 |            22.3 |      22.3 |      1944 |        10.91 |          120 |
| 2807921008 | 2807921 |         51 |       2.4 |            27.8 |      36.6 |       655 |        11.31 |           36 |
| 2807921009 | 2807921 |       51.7 |       2.3 |              33 |      36.3 |       622 |         11.2 |           35 |
| 2807921010 | 2807921 |       47.7 |       2.5 |            26.3 |      30.4 |      1301 |        11.18 |           73 |
| 2807921011 | 2807921 |       44.1 |       2.6 |            24.1 |      22.1 |      1701 |         12.1 |          107 |
| 2807921012 | 2807921 |       45.9 |       2.6 |            22.5 |      26.9 |       920 |        10.99 |           52 |
| 2807921013 | 2807921 |       49.6 |       2.5 |            27.5 |      36.4 |      1230 |        11.03 |           62 |
| 2807921014 | 2807921 |       43.9 |       2.5 |            28.4 |      21.7 |      2333 |        11.21 |          144 |
| 2807921015 | 2807921 |       41.3 |       2.6 |            29.7 |      14.7 |      1872 |        11.11 |          140 |
| 2807921017 | 2807921 |       45.4 |       2.3 |            32.7 |      20.4 |      1422 |        12.07 |          189 |
| 2807921018 | 2807921 |       44.3 |       2.3 |            36.3 |      19.5 |      1481 |        11.59 |          183 |
| 2807921019 | 2807921 |       43.4 |       2.2 |            38.6 |      17.3 |      1453 |        13.08 |          225 |
| 2807921020 | 2807921 |       46.6 |       2.3 |            33.6 |      24.6 |      1745 |         11.4 |          212 |
| 2807921021 | 2807921 |         43 |       2.6 |            26.6 |      16.7 |      1273 |        11.37 |          153 |
| 2807921022 | 2807921 |       43.6 |       2.6 |            28.8 |      15.7 |      1672 |        12.07 |          178 |
| 2807921023 | 2807921 |       43.4 |       2.5 |            29.6 |      17.1 |      1092 |        12.08 |          105 |
| 2807921025 | 2807921 |       43.6 |         3 |            17.9 |      21.5 |      1496 |        12.61 |           15 |
| 2807921026 | 2807921 |         46 |       2.4 |            30.4 |      20.6 |      1554 |        12.41 |          156 |
| 2807921027 | 2807921 |       38.8 |       2.7 |            22.6 |       9.1 |      2584 |        13.52 |          282 |
| 2807921028 | 2807921 |       37.4 |       3.2 |            16.2 |      10.6 |      1889 |        12.59 |           17 |
| 2807921029 | 2807921 |       36.9 |       3.1 |            16.3 |       6.6 |      1659 |        13.27 |           93 |
| 2807921030 | 2807921 |         41 |       2.7 |            22.5 |      13.3 |      1549 |        11.48 |          133 |
| 2807921031 | 2807921 |         34 |       2.5 |            29.4 |       4.5 |      1563 |        12.24 |          132 |
| 2807921032 | 2807921 |       36.1 |       2.6 |            27.9 |       6.4 |      1822 |        14.31 |          206 |
| 2807921033 | 2807921 |         34 |       2.4 |            31.4 |       6.8 |      1270 |        11.66 |          205 |
| 2807921034 | 2807921 |       37.3 |       2.9 |            20.4 |       8.9 |      1401 |         null |         null |
+------------+---------+------------+-----------+-----------------+-----------+-----------+--------------+--------------+