+------------+---------------------------------+---------------------------------+---------------------------------+------------------------------+------------------------------+
| cod_sec    | crecimiento_anual_2015_2019_pct | crecimiento_anual_2019_2022_pct | crecimiento_anual_2015_2022_pct | alquiler_mediano_eur_m2_2015 | alquiler_mediano_eur_m2_2022 |
+------------+---------------------------------+---------------------------------+---------------------------------+------------------------------+------------------------------+
| 2807901001 |                            5.46 |                            1.41 |                            3.71 |                        11.96 |                        15.42 |
| 2807901002 |                            7.25 |                            1.27 |                            4.65 |                        11.88 |                        16.33 |
| 2807901003 |                            6.08 |                            0.01 |                            3.43 |                        11.84 |                           15 |
| 2807901004 |                            4.21 |                            1.75 |                            3.15 |                        12.77 |                        15.86 |
| 2807901006 |                            6.61 |                            0.78 |                            4.07 |                        11.76 |                        15.56 |
| 2807901007 |                            4.55 |                            1.65 |                             3.3 |                        11.65 |                        14.62 |
| 2807901008 |                            4.43 |                            2.01 |                            3.38 |                        12.19 |                        15.38 |
| 2807901009 |                            5.73 |                             1.1 |                            3.72 |                        11.49 |                        14.83 |
| 2807901011 |                            5.61 |                           -0.73 |                            2.84 |                        12.33 |                           15 |
| 2807901012 |                            5.14 |                            0.49 |                            3.13 |                         12.5 |                         15.5 |
| 2807901013 |                            5.56 |                            1.82 |                            3.94 |                        11.93 |                        15.63 |
| 2807901014 |                            4.71 |                            2.46 |                            3.74 |                        11.96 |                        15.46 |
| 2807901015 |                            4.26 |                            2.24 |                            3.39 |                        13.34 |                        16.84 |
| 2807901016 |                            5.79 |                            1.83 |                            4.08 |                        11.56 |                        15.29 |
| 2807901018 |                            4.95 |                            2.47 |                            3.88 |                        12.49 |                         16.3 |
| 2807901019 |                            4.61 |                            3.36 |                            4.07 |                        12.29 |                        16.25 |
| 2807901020 |                            7.31 |                            0.58 |                            4.37 |                        11.66 |                        15.73 |
| 2807901021 |                            4.84 |                            0.98 |                            3.17 |                        12.19 |                        15.16 |
| 2807901022 |                            5.74 |                            1.58 |                            3.94 |                        11.66 |                        15.28 |
| 2807901023 |                            6.31 |                            1.88 |                            4.39 |                        11.96 |                        16.15 |
| 2807901024 |                            3.93 |                            2.38 |                            3.26 |                        12.68 |                        15.88 |
| 2807901025 |                            6.39 |                            2.53 |                            4.72 |                        10.25 |                        14.15 |
| 2807901026 |                            6.15 |                            0.11 |                            3.52 |                        11.59 |                        14.76 |
| 2807901027 |                             4.3 |                            0.53 |                            2.67 |                        12.71 |                        15.28 |
| 2807901028 |                            6.96 |                            1.18 |                            4.45 |                           10 |                        13.56 |
| 2807901029 |                            6.21 |                            1.48 |                            4.15 |                        10.69 |                        14.22 |
| 2807901030 |                            6.49 |                             1.9 |                             4.5 |                         9.56 |                           13 |
| 2807901031 |                            9.01 |                            0.06 |                            5.08 |                        10.78 |                        15.24 |
| 2807901032 |                            5.27 |                            2.37 |                            4.02 |                         12.5 |                        16.46 |
| 2807901033 |                            7.04 |                            2.16 |                            4.92 |                        11.21 |                        15.69 |
| 2807901034 |                            5.75 |                            0.71 |                            3.56 |                         12.9 |                        16.48 |
| 2807901035 |                            4.59 |                            2.16 |                            3.55 |                        11.83 |                         15.1 |
| 2807901036 |                            4.78 |                            2.62 |                            3.85 |                         12.5 |                        16.29 |
| 2807901037 |                            5.37 |                            2.83 |                            4.28 |                        12.07 |                        16.18 |
| 2807901038 |                            5.25 |                            0.87 |                            3.35 |                        12.96 |                        16.33 |
| 2807901039 |                            4.28 |                            2.58 |                            3.55 |                        11.63 |                        14.84 |
| 2807901040 |                             6.5 |                            2.46 |                            4.75 |                        11.72 |                        16.21 |
| 2807901041 |                            7.45 |                            1.34 |                            4.79 |                        12.25 |                           17 |
| 2807901042 |                            4.83 |                            2.61 |                            3.87 |                        11.69 |                        15.25 |
| 2807901043 |                            7.37 |                            1.41 |                            4.77 |                        11.15 |                        15.44 |
| 2807901045 |                            5.54 |                             1.8 |                            3.92 |                        11.19 |                        14.65 |
| 2807901046 |                            6.12 |                            1.13 |                            3.95 |                        11.33 |                        14.85 |
| 2807901047 |                            6.93 |                            1.76 |                            4.68 |                        11.48 |                        15.81 |
| 2807901048 |                            6.14 |                            0.76 |                             3.8 |                        11.38 |                        14.77 |
| 2807901049 |                            6.25 |                            1.77 |                            4.31 |                        12.22 |                        16.42 |
| 2807901050 |                            5.96 |                            1.53 |                            4.04 |                        12.12 |                        15.98 |
| 2807901051 |                            6.77 |                            0.09 |                            3.86 |                         12.3 |                        16.03 |
| 2807901053 |                            5.23 |                            1.77 |                            3.73 |                         12.3 |                        15.89 |
| 2807901054 |                            3.86 |                            2.88 |                            3.44 |                        12.77 |                        16.18 |
| 2807901055 |                            5.15 |                            0.04 |                            2.93 |                        11.82 |                        14.47 |
| 2807901056 |                            5.28 |                            1.81 |                            3.78 |                        10.71 |                        13.89 |
| 2807901057 |                            6.05 |                            2.68 |                             4.6 |                        11.59 |                        15.87 |
| 2807901058 |                               6 |                             3.3 |                            4.83 |                        11.03 |                        15.35 |
| 2807901059 |                            5.82 |                            2.98 |                            4.59 |                        11.17 |                        15.29 |
| 2807901061 |                            6.47 |                            2.18 |                            4.61 |                        11.94 |                        16.36 |
| 2807901062 |                            5.91 |                            2.03 |                            4.23 |                        12.47 |                        16.67 |
| 2807901063 |                            8.71 |                           -0.79 |                            4.53 |                        11.33 |                        15.46 |
| 2807901064 |                            7.28 |                            1.73 |                            4.87 |                         12.5 |                        17.43 |
| 2807901065 |                            5.25 |                            1.71 |                            3.72 |                        10.95 |                        14.14 |
| 2807901066 |                            5.55 |                            1.13 |                            3.63 |                        11.84 |                         15.2 |
| 2807901067 |                            3.54 |                            1.15 |                            2.51 |                        13.22 |                        15.73 |
| 2807901068 |                            7.85 |                            1.71 |                            5.17 |                        11.27 |                        16.04 |
| 2807901069 |                            5.74 |                            1.06 |                            3.71 |                         12.5 |                        16.13 |
| 2807901071 |                             6.6 |                               0 |                            3.72 |                        13.51 |                        17.44 |
| 2807901072 |                            4.52 |                            2.23 |                            3.54 |                        12.88 |                        16.43 |
| 2807901073 |                            6.92 |                            0.83 |                            4.27 |                        13.33 |                        17.86 |
| 2807901074 |                            4.78 |                            2.44 |                            3.77 |                        13.83 |                        17.92 |
| 2807901075 |                            6.65 |                             2.1 |                            4.68 |                         12.2 |                        16.81 |
| 2807901076 |                            4.96 |                            2.03 |                             3.7 |                        13.36 |                        17.23 |
| 2807901077 |                            9.65 |                            0.04 |                            5.43 |                        11.61 |                        16.81 |
| 2807901079 |                            5.33 |                            0.26 |                            3.13 |                        13.16 |                        16.32 |
| 2807901081 |                            6.65 |                            1.98 |                            4.62 |                        12.56 |                        17.23 |
| 2807901082 |                            6.04 |                            2.27 |                            4.41 |                        12.45 |                        16.83 |
| 2807901084 |                            6.83 |                            2.39 |                            4.91 |                        14.32 |                        20.03 |
| 2807901087 |                            6.56 |                            3.84 |                            5.39 |                        11.54 |                        16.66 |
| 2807901088 |                            4.27 |                            2.74 |                            3.61 |                        12.58 |                        16.13 |
| 2807901089 |                            4.18 |                            3.69 |                            3.97 |                        11.97 |                        15.71 |
| 2807901090 |                            3.17 |                            2.49 |                            2.88 |                        13.94 |                           17 |
| 2807901091 |                            6.54 |                            0.39 |                            3.87 |                         13.1 |                        17.08 |
| 2807901092 |                            4.27 |                            0.62 |                            2.69 |                        13.12 |                         15.8 |
| 2807901093 |                            7.35 |                            2.08 |                            5.07 |                        12.08 |                        17.07 |
| 2807901094 |                             4.3 |                            2.97 |                            3.73 |                        12.77 |                         16.5 |
| 2807901095 |                            4.87 |                             2.3 |                            3.76 |                        13.23 |                        17.13 |
| 2807901096 |                            3.39 |                            2.26 |                            2.91 |                         12.5 |                        15.28 |
| 2807901097 |                            4.65 |                            1.62 |                            3.34 |                        12.64 |                        15.91 |
| 2807901098 |                            4.39 |                            0.64 |                            2.77 |                        12.91 |                        15.62 |
| 2807901099 |                            6.28 |                            1.56 |                            4.23 |                        12.58 |                        16.81 |
| 2807901100 |                            5.24 |                            1.35 |                            3.55 |                        14.04 |                        17.92 |
| 2807901101 |                            5.36 |                            0.96 |                            3.45 |                        13.53 |                        17.16 |
| 2807901102 |                            7.65 |                            0.06 |                            4.33 |                        11.87 |                        15.97 |
| 2807901103 |                            3.81 |                            1.56 |                            2.84 |                        13.96 |                        16.98 |
| 2807901104 |                            5.06 |                            2.75 |                            4.07 |                        12.96 |                        17.13 |
| 2807901105 |                            4.96 |                            0.13 |                            2.86 |                        13.95 |                           17 |
| 2807901106 |                            4.81 |                            1.58 |                            3.42 |                         13.2 |                         16.7 |
| 2807901107 |                             4.1 |                            1.21 |                            2.85 |                        12.16 |                        14.81 |
| 2807901108 |                            3.77 |                            1.75 |                             2.9 |                        13.59 |                        16.59 |
| 2807901109 |                            6.58 |                             1.1 |                             4.2 |                         12.5 |                        16.67 |
| 2807901110 |                             5.5 |                            0.83 |                            3.48 |                        12.75 |                        16.19 |
| 2807901111 |                            4.35 |                            1.96 |                            3.32 |                        12.32 |                        15.49 |
| 2807901112 |                            5.47 |                            1.54 |                            3.77 |                        12.14 |                        15.73 |
| 2807901113 |                            4.92 |                            2.36 |                            3.82 |                        12.82 |                        16.67 |
| 2807901114 |                            4.58 |                            2.66 |                            3.75 |                         12.5 |                        16.18 |
| 2807901115 |                            4.42 |                            2.49 |                            3.59 |                        12.76 |                        16.33 |
| 2807901116 |                            5.15 |                            0.64 |                            3.19 |                        13.37 |                        16.66 |
| 2807901117 |                            5.76 |                            2.21 |                            4.22 |                        12.22 |                        16.33 |
| 2807901118 |                            5.62 |                            3.73 |                            4.81 |                        11.56 |                        16.05 |
| 2807901119 |                            4.65 |                            1.11 |                            3.12 |                        12.43 |                        15.41 |
| 2807901120 |                            6.65 |                           -0.08 |                            3.72 |                        12.08 |                        15.59 |
| 2807901121 |                             8.7 |                           -0.18 |                            4.81 |                         10.8 |                           15 |
| 2807901123 |                            6.28 |                            2.09 |                            4.47 |                        10.99 |                        14.92 |
| 2807901124 |                             9.5 |                            0.19 |                            5.41 |                         11.4 |                        16.49 |
| 2807902001 |                            5.69 |                               0 |                            3.21 |                        12.54 |                        15.64 |
| 2807902002 |                            4.67 |                            2.19 |                             3.6 |                        12.02 |                        15.39 |
| 2807902003 |                            6.02 |                            2.88 |                            4.67 |                         8.74 |                        12.02 |
| 2807902004 |                             7.8 |                            1.31 |                            4.97 |                         9.38 |                        13.16 |
| 2807902005 |                            5.15 |                             3.4 |                             4.4 |                         8.72 |                        11.78 |
| 2807902006 |                            4.19 |                            3.35 |                            3.83 |                        10.48 |                        13.64 |
| 2807902007 |                           10.76 |                            1.73 |                             6.8 |                         7.81 |                        12.37 |
| 2807902008 |                            5.41 |                            2.32 |                            4.07 |                        10.74 |                         14.2 |
| 2807902009 |                            3.59 |                            1.39 |                            2.64 |                        12.78 |                        15.34 |
| 2807902010 |                            4.82 |                            5.36 |                            5.05 |                         9.25 |                        13.06 |
| 2807902011 |                            3.36 |                            3.28 |                            3.33 |                        11.08 |                        13.93 |
| 2807902013 |                            3.92 |                             4.3 |                            4.09 |                        11.59 |                        15.33 |
| 2807902014 |                            5.64 |                            0.99 |                            3.63 |                        11.02 |                        14.14 |
| 2807902015 |                            4.15 |                            2.79 |                            3.57 |                         11.9 |                        15.22 |
| 2807902016 |                            3.76 |                            2.75 |                            3.32 |                        10.46 |                        13.15 |
| 2807902017 |                            4.12 |                            2.95 |                            3.62 |                        10.63 |                        13.63 |
| 2807902018 |                            4.14 |                            1.74 |                             3.1 |                        12.09 |                        14.97 |
| 2807902019 |                            3.88 |                            1.11 |                            2.69 |                        12.68 |                        15.27 |
| 2807902020 |                            5.03 |                            2.06 |                            3.75 |                        11.59 |                           15 |
| 2807902021 |                            2.85 |                            1.81 |                             2.4 |                         12.2 |                         14.4 |
| 2807902022 |                            4.17 |                            3.46 |                            3.86 |                        11.96 |                        15.59 |
| 2807902023 |                            5.96 |                            1.53 |                            4.04 |                        10.45 |                        13.79 |
| 2807902024 |                            3.94 |                            0.44 |                            2.43 |                        12.34 |                         14.6 |
| 2807902025 |                             6.8 |                            3.98 |                            5.58 |                         9.37 |                        13.71 |
| 2807902026 |                             5.5 |                            1.85 |                            3.92 |                        10.91 |                        14.29 |
| 2807902027 |                            4.26 |                            3.28 |                            3.84 |                         9.94 |                        12.94 |
| 2807902028 |                             3.9 |                            2.24 |                            3.18 |                        12.62 |                        15.71 |
| 2807902029 |                            7.11 |                            2.82 |                            5.25 |                        10.93 |                        15.63 |
| 2807902030 |                            4.04 |                             1.3 |                            2.85 |                        10.35 |                         12.6 |
| 2807902031 |                             4.3 |                            3.14 |                             3.8 |                         9.88 |                        12.83 |
| 2807902032 |                            1.39 |                            5.47 |                            3.12 |                        10.48 |                           13 |
| 2807902033 |                            3.81 |                            1.62 |                            2.86 |                        10.24 |                        12.48 |
| 2807902034 |                            4.26 |                            4.88 |                            4.53 |                         9.42 |                        12.84 |
| 2807902035 |                            3.77 |                            3.78 |                            3.78 |                         9.13 |                        11.83 |
| 2807902036 |                            3.53 |                            4.66 |                            4.01 |                         9.66 |                        12.72 |
| 2807902037 |                            7.61 |                            0.02 |                            4.29 |                         9.02 |                         12.1 |
| 2807902038 |                            3.12 |                            2.84 |                               3 |                        10.56 |                        12.99 |
| 2807902039 |                            3.55 |                            2.13 |                            2.94 |                        10.13 |                        12.41 |
| 2807902040 |                            3.57 |                            4.55 |                            3.99 |                         9.85 |                        12.95 |
| 2807902041 |                            5.44 |                            2.32 |                            4.09 |                        11.16 |                        14.78 |
| 2807902042 |                            6.59 |                            2.29 |                            4.73 |                        10.16 |                        14.04 |
| 2807902043 |                            5.23 |                            2.43 |                            4.02 |                           10 |                        13.18 |
| 2807902044 |                            6.55 |                            3.55 |                            5.26 |                         8.77 |                        12.55 |
| 2807902045 |                            7.88 |                            2.06 |                            5.35 |                         8.87 |                        12.77 |
| 2807902046 |                            5.73 |                            3.72 |                            4.87 |                        11.46 |                        15.98 |
| 2807902047 |                            4.26 |                            4.57 |                             4.4 |                        11.46 |                        15.49 |
| 2807902048 |                            4.52 |                            2.34 |                            3.58 |                        10.54 |                        13.49 |
| 2807902049 |                            4.77 |                            2.94 |                            3.99 |                        10.65 |                           14 |
| 2807902050 |                            5.17 |                            3.04 |                            4.25 |                        10.98 |                        14.69 |
| 2807902051 |                            6.74 |                             3.1 |                            5.16 |                         9.55 |                        13.58 |
| 2807902052 |                            4.07 |                            4.01 |                            4.05 |                        10.09 |                        13.33 |
| 2807902053 |                            4.82 |                            3.75 |                            4.36 |                         9.95 |                        13.41 |
| 2807902054 |                            8.68 |                            0.71 |                            5.19 |                        10.35 |                        14.76 |
| 2807902055 |                            4.08 |                            3.15 |                            3.68 |                         9.82 |                        12.65 |
| 2807902056 |                            3.93 |                            5.22 |                            4.48 |                         9.65 |                        13.11 |
| 2807902057 |                            5.56 |                             5.1 |                            5.36 |                         9.99 |                         14.4 |
| 2807902058 |                            7.13 |                            2.59 |                            5.16 |                        11.56 |                        16.44 |
| 2807902059 |                            4.79 |                             3.8 |                            4.36 |                         9.57 |                         12.9 |
| 2807902060 |                               7 |                           -0.57 |                            3.69 |                        10.52 |                        13.56 |
| 2807902061 |                            5.19 |                            0.91 |                            3.34 |                        13.24 |                        16.67 |
| 2807902062 |                            4.77 |                            4.23 |                            4.54 |                         10.6 |                        14.46 |
| 2807902063 |                               7 |                            0.65 |                            4.23 |                        11.25 |                        15.04 |
| 2807902064 |                            4.66 |                            3.88 |                            4.33 |                           10 |                        13.45 |
| 2807902065 |                            4.13 |                            1.27 |                            2.89 |                        12.16 |                        14.85 |
| 2807902066 |                            4.53 |                            1.58 |                            3.26 |                        12.07 |                         15.1 |
| 2807902067 |                            6.23 |                             1.1 |                               4 |                        11.99 |                        15.78 |
| 2807902068 |                            6.11 |                            2.17 |                             4.4 |                        11.56 |                        15.62 |
| 2807902069 |                            8.56 |                            5.53 |                            7.25 |                         8.84 |                        14.44 |
| 2807902070 |                            6.27 |                            1.57 |                            4.23 |                           10 |                        13.36 |
| 2807902071 |                            3.36 |                            2.73 |                             3.1 |                        12.22 |                        15.13 |
| 2807902072 |                             5.8 |                            3.88 |                            4.97 |                        10.64 |                        14.94 |
| 2807902073 |                            5.08 |                            1.71 |                            3.62 |                        12.05 |                        15.45 |
| 2807902074 |                            5.21 |                            2.04 |                            3.84 |                         10.9 |                        14.18 |
| 2807902075 |                             4.3 |                            1.61 |                            3.14 |                        12.07 |                        14.98 |
| 2807902077 |                            6.33 |                             2.3 |                            4.58 |                        10.76 |                        14.72 |
| 2807902078 |                            8.15 |                            0.93 |                               5 |                        10.94 |                        15.38 |
| 2807902079 |                            4.94 |                            2.72 |                            3.98 |                         9.78 |                        12.86 |
| 2807902080 |                            9.22 |                            1.15 |                            5.68 |                         8.89 |                        13.09 |
| 2807902081 |                            4.58 |                            2.74 |                            3.79 |                        10.44 |                        13.54 |
| 2807902082 |                            5.96 |                            3.12 |                            4.74 |                        10.77 |                        14.89 |
| 2807902083 |                            2.59 |                           10.59 |                            5.95 |                         9.45 |                        14.17 |
| 2807902085 |                            4.47 |                            0.97 |                            2.96 |                        10.27 |                         12.6 |
| 2807902086 |                            3.98 |                            3.68 |                            3.85 |                        12.43 |                         16.2 |
| 2807902087 |                            3.43 |                            2.14 |                            2.87 |                        11.82 |                        14.41 |
| 2807902088 |                            5.29 |                            2.33 |                            4.01 |                         9.51 |                        12.52 |
| 2807902089 |                             8.5 |                            0.41 |                            4.96 |                        10.49 |                        14.71 |
| 2807902090 |                            3.55 |                            2.89 |                            3.27 |                        11.06 |                        13.85 |
| 2807902091 |                            5.85 |                             1.5 |                            3.97 |                        10.62 |                        13.94 |
| 2807902092 |                             2.9 |                            2.56 |                            2.76 |                        11.27 |                        13.63 |
| 2807902093 |                            3.97 |                            3.82 |                            3.91 |                         9.01 |                        11.78 |
| 2807902094 |                            3.26 |                            1.01 |                            2.29 |                         10.9 |                        12.77 |
| 2807902095 |                            3.23 |                            2.01 |                            2.71 |                        12.58 |                        15.17 |
| 2807902096 |                            3.51 |                            2.17 |                            2.94 |                        13.07 |                           16 |
| 2807902097 |                            3.22 |                            2.94 |                             3.1 |                        12.94 |                        16.02 |
| 2807902098 |                            4.16 |                            2.29 |                            3.36 |                        11.65 |                        14.68 |
| 2807902099 |                            4.41 |                             2.1 |                            3.42 |                        11.87 |                        15.01 |
| 2807902100 |                             5.1 |                            1.69 |                            3.63 |                        11.39 |                        14.61 |
| 2807902101 |                            3.26 |                            2.05 |                            2.74 |                        12.47 |                        15.07 |
| 2807902102 |                            5.48 |                            1.82 |                             3.9 |                          9.2 |                        12.02 |
| 2807902103 |                            3.64 |                            1.31 |                            2.63 |                        13.16 |                        15.78 |
| 2807902104 |                            4.82 |                            1.31 |                             3.3 |                        13.28 |                        16.67 |
| 2807902105 |                            5.05 |                            1.46 |                             3.5 |                        12.88 |                        16.39 |
| 2807902106 |                            4.16 |                            1.41 |                            2.98 |                        12.74 |                        15.64 |
| 2807902107 |                            5.23 |                             2.1 |                            3.88 |                        11.35 |                        14.81 |
| 2807902108 |                            2.82 |                            2.17 |                            2.54 |                        13.53 |                        16.13 |
| 2807902109 |                            2.78 |                             3.1 |                            2.92 |                        13.16 |                        16.09 |
| 2807902110 |                            3.93 |                            1.28 |                            2.79 |                        13.34 |                        16.17 |
| 2807902111 |                            3.87 |                            1.82 |                            2.99 |                           12 |                        14.75 |
| 2807902112 |                            4.16 |                            2.07 |                            3.26 |                        11.48 |                        14.36 |
| 2807903001 |                             3.4 |                            1.98 |                            2.79 |                        11.57 |                        14.03 |
| 2807903002 |                            5.88 |                            0.97 |                            3.74 |                        10.92 |                        14.13 |
| 2807903003 |                            5.15 |                            0.99 |                            3.34 |                        11.65 |                        14.67 |
| 2807903004 |                            4.81 |                            1.92 |                            3.57 |                        12.06 |                        15.41 |
| 2807903005 |                             4.7 |                            1.82 |                            3.46 |                        11.82 |                        14.99 |
| 2807903006 |                            6.15 |                            1.19 |                               4 |                           10 |                        13.16 |
| 2807903007 |                            5.73 |                            1.07 |                            3.71 |                        12.38 |                        15.98 |
| 2807903008 |                            4.43 |                            1.29 |                            3.07 |                        11.43 |                        14.13 |
| 2807903009 |                            6.73 |                            2.53 |                            4.91 |                        10.19 |                        14.26 |
| 2807903010 |                            5.38 |                             3.1 |                             4.4 |                           10 |                        13.51 |
| 2807903011 |                            5.17 |                            1.28 |                            3.48 |                        10.22 |                        12.99 |
| 2807903012 |                            4.95 |                            1.75 |                            3.57 |                        10.94 |                        13.98 |
| 2807903013 |                            4.04 |                            4.59 |                            4.27 |                        10.41 |                        13.95 |
| 2807903014 |                            4.96 |                            2.16 |                            3.75 |                        10.99 |                        14.22 |
| 2807903015 |                            5.56 |                            6.22 |                            5.84 |                        10.51 |                        15.63 |
| 2807903016 |                            8.07 |                            0.55 |                            4.78 |                        11.88 |                        16.47 |
| 2807903017 |                            4.09 |                            2.56 |                            3.43 |                        10.39 |                        13.16 |
| 2807903018 |                            3.84 |                            2.24 |                            3.15 |                        11.36 |                        14.12 |
| 2807903019 |                            4.32 |                             2.5 |                            3.54 |                        10.08 |                        12.86 |
| 2807903020 |                            4.97 |                            1.75 |                            3.58 |                        11.65 |                        14.89 |
| 2807903021 |                            4.77 |                            3.58 |                            4.26 |                        10.41 |                        13.94 |
| 2807903022 |                            4.29 |                            2.45 |                             3.5 |                        12.82 |                         16.3 |
| 2807903023 |                            2.91 |                            3.26 |                            3.06 |                        11.66 |                         14.4 |
| 2807903024 |                            7.21 |                             1.9 |                             4.9 |                         9.85 |                        13.77 |
| 2807903025 |                            8.18 |                            1.11 |                            5.09 |                        10.77 |                        15.24 |
| 2807903026 |                            5.13 |                            2.65 |                            4.06 |                        10.09 |                        13.33 |
| 2807903027 |                            3.73 |                            3.21 |                            3.51 |                         9.87 |                        12.57 |
| 2807903028 |                             5.3 |                            1.18 |                            3.52 |                        11.49 |                        14.63 |
| 2807903029 |                            5.18 |                             1.6 |                            3.63 |                        11.54 |                        14.81 |
| 2807903030 |                            4.19 |                            1.61 |                            3.07 |                        10.28 |                        12.71 |
| 2807903031 |                            4.44 |                            3.97 |                            4.24 |                         9.43 |                        12.62 |
| 2807903032 |                            5.69 |                            2.13 |                            4.15 |                        11.87 |                        15.77 |
| 2807903033 |                            4.26 |                            2.81 |                            3.64 |                         9.89 |                         12.7 |
| 2807903034 |                            6.31 |                            1.19 |                            4.09 |                         9.29 |                        12.29 |
| 2807903035 |                            2.78 |                            4.29 |                            3.43 |                         9.95 |                        12.59 |
| 2807903036 |                            3.43 |                            6.51 |                            4.74 |                         8.87 |                        12.27 |
| 2807903037 |                            3.91 |                            2.96 |                             3.5 |                         8.77 |                        11.16 |
| 2807903038 |                            4.49 |                            4.02 |                            4.29 |                         7.95 |                        10.66 |
| 2807903041 |                            6.15 |                            2.51 |                            4.58 |                         9.55 |                        13.06 |
| 2807903042 |                            3.91 |                            2.36 |                            3.24 |                        10.52 |                        13.16 |
| 2807903044 |                            3.44 |                            4.26 |                            3.79 |                         9.68 |                        12.57 |
| 2807903045 |                            7.01 |                            0.32 |                            4.09 |                        10.79 |                        14.29 |
| 2807903046 |                            4.52 |                            2.18 |                            3.51 |                        11.15 |                         14.2 |
| 2807903047 |                            5.67 |                            1.83 |                            4.01 |                        10.53 |                        13.86 |
| 2807903048 |                            6.64 |                            1.51 |                            4.41 |                        11.15 |                        15.09 |
| 2807903049 |                            7.34 |                            2.43 |                            5.21 |                         8.82 |                        12.59 |
| 2807903050 |                            5.57 |                            1.09 |                            3.63 |                        12.43 |                        15.95 |
| 2807903051 |                            6.66 |                            1.85 |                            4.57 |                        11.85 |                         16.2 |
| 2807903052 |                            6.55 |                            2.17 |                            4.65 |                        11.21 |                        15.41 |
| 2807903053 |                            6.05 |                            3.52 |                            4.96 |                         10.2 |                        14.31 |
| 2807903054 |                            6.66 |                            3.01 |                            5.08 |                        11.78 |                        16.67 |
| 2807903055 |                            4.82 |                            2.76 |                            3.93 |                        15.16 |                        19.85 |
| 2807903056 |                               4 |                             3.8 |                            3.92 |                        11.15 |                        14.59 |
| 2807903057 |                            4.41 |                            2.32 |                            3.51 |                        11.75 |                        14.95 |
| 2807903058 |                            6.04 |                            2.31 |                            4.43 |                        13.62 |                        18.44 |
| 2807903059 |                            4.38 |                            2.48 |                            3.56 |                        11.83 |                        15.12 |
| 2807903060 |                            6.42 |                            3.55 |                            5.18 |                        11.66 |                         16.6 |
| 2807903061 |                            7.43 |                            4.72 |                            6.27 |                        12.18 |                        18.64 |
| 2807903063 |                            7.22 |                            1.35 |                            4.66 |                        10.78 |                        14.84 |
| 2807903064 |                            8.31 |                            4.48 |                            6.65 |                         9.38 |                        14.71 |
| 2807903065 |                            6.94 |                            2.63 |                            5.08 |                        11.23 |                        15.89 |
| 2807903066 |                            6.53 |                             2.4 |                            4.74 |                        11.42 |                        15.79 |
| 2807903067 |                            5.15 |                            1.54 |                            3.59 |                        13.24 |                        16.94 |
| 2807903069 |                            5.89 |                           -0.36 |                            3.16 |                        12.31 |                        15.31 |
| 2807903070 |                               7 |                            2.69 |                            5.13 |                        13.38 |                        18.98 |
| 2807903071 |                            5.39 |                            3.66 |                            4.65 |                        11.11 |                        15.27 |
| 2807903073 |                            6.38 |                             2.1 |                            4.53 |                        10.26 |                        13.98 |
| 2807903074 |                            6.38 |                            0.46 |                             3.8 |                        10.77 |                        13.98 |
| 2807903076 |                             4.5 |                            3.39 |                            4.02 |                        10.13 |                        13.34 |
| 2807903077 |                            5.02 |                            2.02 |                            3.73 |                        12.14 |                        15.68 |
| 2807903078 |                            5.84 |                             2.2 |                            4.26 |                        11.72 |                        15.69 |
| 2807903079 |                            4.92 |                            3.21 |                            4.19 |                        10.65 |                        14.19 |
| 2807903080 |                            2.48 |                            2.84 |                            2.64 |                        11.61 |                        13.93 |
| 2807903081 |                            5.01 |                            3.54 |                            4.38 |                        12.08 |                        16.31 |
| 2807903082 |                            8.24 |                            1.16 |                            5.15 |                        11.19 |                        15.91 |
| 2807903084 |                            4.58 |                            2.58 |                            3.72 |                        10.99 |                        14.19 |
| 2807903085 |                            4.26 |                            2.22 |                            3.38 |                        13.58 |                        17.14 |
| 2807903086 |                            5.77 |                            2.52 |                            4.36 |                        12.31 |                         16.6 |
| 2807903087 |                             4.6 |                            2.14 |                            3.54 |                        12.04 |                        15.35 |
| 2807903088 |                            3.43 |                            5.15 |                            4.17 |                        10.19 |                        13.56 |
| 2807903089 |                            5.58 |                            2.18 |                            4.11 |                         9.04 |                        11.98 |
| 2807903090 |                            4.12 |                            5.83 |                            4.85 |                          9.1 |                        12.68 |
| 2807903091 |                            2.19 |                            3.97 |                            2.95 |                         9.52 |                        11.67 |
| 2807903092 |                             7.7 |                            1.87 |                            5.16 |                         9.29 |                        13.21 |
| 2807903093 |                            4.26 |                            6.26 |                            5.11 |                         8.44 |                        11.96 |
| 2807903094 |                             4.4 |                           -0.16 |                            2.42 |                         9.34 |                        11.04 |
| 2807903095 |                            5.58 |                            1.56 |                            3.84 |                        10.42 |                        13.56 |
| 2807903096 |                            5.23 |                             0.3 |                            3.09 |                        12.57 |                        15.56 |
| 2807903097 |                            3.74 |                            0.47 |                            2.33 |                        11.98 |                        14.07 |
| 2807903098 |                            4.81 |                            1.98 |                            3.59 |                        11.79 |                        15.09 |
| 2807903099 |                            7.04 |                            0.79 |                            4.32 |                        11.14 |                        14.98 |
| 2807903100 |                            3.61 |                            2.16 |                            2.99 |                        11.45 |                        14.06 |
| 2807904001 |                            4.07 |                            2.33 |                            3.33 |                        16.22 |                        20.39 |
| 2807904002 |                            7.31 |                            2.12 |                            5.06 |                        13.46 |                        19.01 |
| 2807904003 |                            5.38 |                            0.25 |                            3.15 |                        15.97 |                        19.84 |
| 2807904004 |                             7.9 |                            1.33 |                            5.03 |                        13.57 |                        19.13 |
| 2807904005 |                            3.23 |                            0.66 |                            2.12 |                        14.72 |                        17.05 |
| 2807904006 |                            4.32 |                            2.12 |                            3.37 |                        17.62 |                        22.23 |
| 2807904007 |                            5.97 |                            0.25 |                            3.48 |                        15.32 |                        19.47 |
| 2807904008 |                            7.85 |                            3.02 |                            5.76 |                        13.82 |                        20.45 |
| 2807904009 |                            6.78 |                            2.44 |                             4.9 |                        12.44 |                        17.39 |
| 2807904010 |                            5.85 |                            0.94 |                            3.72 |                        12.26 |                        15.83 |
| 2807904011 |                            7.13 |                            2.19 |                            4.99 |                        13.46 |                        18.92 |
| 2807904012 |                            5.48 |                            2.21 |                            4.07 |                        14.28 |                        18.87 |
| 2807904013 |                            5.89 |                            4.41 |                            5.26 |                        12.06 |                        17.26 |
| 2807904014 |                            5.49 |                            1.94 |                            3.96 |                        14.36 |                        18.83 |
| 2807904015 |                            7.67 |                            1.87 |                            5.14 |                        12.52 |                        17.79 |
| 2807904016 |                            7.89 |                            0.67 |                            4.74 |                           14 |                        19.35 |
| 2807904017 |                            6.14 |                            0.73 |                            3.79 |                        13.16 |                        17.07 |
| 2807904018 |                            4.86 |                            2.79 |                            3.97 |                        11.54 |                        15.15 |
| 2807904019 |                             4.2 |                            3.93 |                            4.09 |                        11.56 |                         15.3 |
| 2807904020 |                            7.37 |                            2.81 |                             5.4 |                        13.33 |                        19.26 |
| 2807904021 |                            4.14 |                            1.56 |                            3.02 |                        12.79 |                        15.75 |
| 2807904023 |                            4.66 |                             1.5 |                             3.3 |                        13.91 |                        17.46 |
| 2807904024 |                            6.48 |                             1.3 |                            4.23 |                        12.96 |                        17.32 |
| 2807904025 |                            4.19 |                            1.94 |                            3.22 |                        14.01 |                        17.49 |
| 2807904026 |                            6.86 |                            1.65 |                            4.59 |                        12.75 |                        17.46 |
| 2807904027 |                            1.83 |                            3.55 |                            2.56 |                        12.87 |                        15.36 |
| 2807904028 |                            5.94 |                            2.17 |                            4.31 |                        13.89 |                        18.66 |
| 2807904029 |                            4.94 |                            3.31 |                            4.24 |                        12.24 |                        16.37 |
| 2807904030 |                            8.58 |                            1.79 |                            5.62 |                        12.79 |                        18.75 |
| 2807904031 |                            3.19 |                            6.18 |                            4.46 |                        10.39 |                         14.1 |
| 2807904032 |                            8.05 |                           -0.67 |                            4.22 |                        11.24 |                        15.01 |
| 2807904033 |                            6.59 |                            2.15 |                            4.67 |                        10.84 |                        14.91 |
| 2807904034 |                            5.67 |                            1.83 |                            4.01 |                         11.3 |                        14.88 |
| 2807904035 |                             5.4 |                            3.05 |                            4.39 |                        12.57 |                        16.98 |
| 2807904036 |                            5.53 |                            3.03 |                            4.45 |                        10.92 |                        14.82 |
| 2807904037 |                            7.61 |                            1.33 |                            4.87 |                        11.15 |                        15.56 |
| 2807904038 |                            4.48 |                            3.34 |                            3.99 |                        13.82 |                        18.18 |
| 2807904039 |                            5.71 |                            3.92 |                            4.94 |                        11.11 |                        15.57 |
| 2807904040 |                            6.17 |                            1.24 |                            4.03 |                        10.83 |                        14.29 |
| 2807904041 |                            7.08 |                            2.74 |                             5.2 |                         11.9 |                        16.98 |
| 2807904042 |                            5.59 |                            3.84 |                            4.84 |                        10.72 |                        14.93 |
| 2807904043 |                            6.31 |                            1.47 |                            4.21 |                        12.01 |                        16.03 |
| 2807904044 |                            5.01 |                            2.06 |                            3.74 |                        11.68 |                         15.1 |
| 2807904045 |                            4.95 |                            4.29 |                            4.67 |                        11.82 |                        16.26 |
| 2807904046 |                            4.57 |                            5.88 |                            5.13 |                         8.93 |                        12.68 |
| 2807904047 |                            5.63 |                            0.34 |                            3.33 |                        11.38 |                        14.31 |
| 2807904048 |                            6.58 |                            1.51 |                            4.38 |                        10.45 |                        14.11 |
| 2807904049 |                            6.75 |                            2.05 |                            4.71 |                        11.39 |                        15.71 |
| 2807904050 |                            4.59 |                            4.34 |                            4.49 |                        11.14 |                        15.15 |
| 2807904051 |                            5.77 |                            2.13 |                             4.2 |                        11.61 |                        15.48 |
| 2807904052 |                            8.12 |                            2.23 |                            5.56 |                        11.02 |                         16.1 |
| 2807904053 |                            4.74 |                            3.15 |                            4.06 |                        10.89 |                        14.39 |
| 2807904054 |                            3.95 |                            2.77 |                            3.44 |                        10.35 |                        13.11 |
| 2807904055 |                            5.02 |                            2.07 |                            3.75 |                        11.76 |                        15.22 |
| 2807904056 |                            5.99 |                            1.77 |                            4.16 |                        11.84 |                        15.75 |
| 2807904057 |                            5.44 |                            1.66 |                            3.81 |                        11.43 |                        14.84 |
| 2807904058 |                            4.01 |                            1.99 |                            3.14 |                        12.34 |                        15.32 |
| 2807904060 |                            3.39 |                             3.3 |                            3.35 |                        11.29 |                        14.22 |
| 2807904061 |                            4.05 |                            3.04 |                            3.62 |                        10.24 |                        13.13 |
| 2807904062 |                            4.34 |                            3.02 |                            3.78 |                        12.05 |                        15.62 |
| 2807904063 |                               5 |                             2.8 |                            4.05 |                        12.41 |                        16.39 |
| 2807904064 |                            4.67 |                            2.08 |                            3.55 |                        12.17 |                        15.53 |
| 2807904065 |                            7.31 |                            0.96 |                            4.55 |                         12.2 |                        16.65 |
| 2807904067 |                            5.89 |                            3.08 |                            4.68 |                        11.36 |                        15.65 |
| 2807904068 |                            3.91 |                            2.45 |                            3.28 |                        12.54 |                        15.72 |
| 2807904069 |                            4.48 |                            3.03 |                            3.86 |                        10.49 |                        13.67 |
| 2807904070 |                             4.5 |                            3.72 |                            4.17 |                        10.39 |                        13.83 |
| 2807904071 |                             4.3 |                            1.77 |                            3.21 |                        10.71 |                        13.36 |
| 2807904072 |                            2.69 |                            3.78 |                            3.16 |                        10.78 |                         13.4 |
| 2807904073 |                            4.29 |                            3.47 |                            3.94 |                        11.45 |                           15 |
| 2807904074 |                            3.48 |                            2.73 |                            3.16 |                         10.4 |                        12.93 |
| 2807904075 |                            4.64 |                            3.79 |                            4.28 |                         9.09 |                        12.19 |
| 2807904076 |                            2.44 |                             2.2 |                            2.34 |                         8.68 |                        10.21 |
| 2807904077 |                            3.02 |                            0.59 |                            1.97 |                         7.69 |                         8.82 |
| 2807904078 |                           -1.16 |                               5 |                            1.44 |                         9.28 |                        10.25 |
| 2807904079 |                            2.79 |                            2.44 |                            2.64 |                          8.4 |                        10.08 |
| 2807904080 |                            4.86 |                               4 |                            4.49 |                         7.21 |                          9.8 |
| 2807904081 |                            4.12 |                            2.68 |                             3.5 |                         8.56 |                        10.89 |
| 2807904082 |                            3.33 |                            2.02 |                            2.77 |                         8.33 |                        10.09 |
| 2807904083 |                            5.28 |                            0.55 |                            3.23 |                         8.43 |                        10.53 |
| 2807904084 |                            5.86 |                           -0.38 |                            3.14 |                         9.81 |                        12.18 |
| 2807904085 |                             4.1 |                             2.6 |                            3.46 |                        12.11 |                        15.37 |
| 2807904086 |                            5.26 |                            1.71 |                            3.72 |                        12.18 |                        15.74 |
| 2807904087 |                            5.47 |                            2.14 |                            4.03 |                         12.4 |                        16.35 |
| 2807904088 |                            5.41 |                            2.05 |                            3.96 |                           12 |                        15.75 |
| 2807904089 |                            6.15 |                            0.84 |                            3.84 |                        11.56 |                        15.05 |
| 2807904090 |                            6.32 |                            1.06 |                            4.03 |                        11.69 |                        15.42 |
| 2807904091 |                            5.43 |                            2.17 |                            4.02 |                           13 |                        17.13 |
| 2807904092 |                            4.23 |                            2.59 |                            3.53 |                        12.77 |                        16.27 |
| 2807904093 |                            6.95 |                            1.89 |                            4.75 |                         10.8 |                        14.95 |
| 2807904094 |                            5.45 |                            1.43 |                            3.71 |                        11.39 |                        14.69 |
| 2807904095 |                            4.75 |                            3.05 |                            4.02 |                         12.2 |                        16.08 |
| 2807904096 |                            8.73 |                            1.38 |                            5.52 |                        11.49 |                        16.73 |
| 2807904097 |                            9.54 |                            0.25 |                            5.46 |                        11.98 |                        17.37 |
| 2807904098 |                            4.46 |                            4.13 |                            4.32 |                        11.57 |                        15.56 |
| 2807904099 |                            5.54 |                            1.08 |                            3.61 |                        12.77 |                        16.36 |
| 2807904100 |                            7.73 |                            0.66 |                            4.64 |                        11.58 |                        15.91 |
| 2807904101 |                            6.44 |                            1.91 |                            4.48 |                        13.52 |                        18.37 |
| 2807904102 |                             6.6 |                            1.85 |                            4.54 |                        13.34 |                         18.2 |
| 2807904103 |                            5.71 |                            1.03 |                            3.68 |                        13.49 |                        17.37 |
| 2807904104 |                            6.04 |                            1.94 |                            4.27 |                        12.17 |                         16.3 |
| 2807904105 |                            6.76 |                             0.3 |                            3.95 |                        11.11 |                        14.57 |
| 2807904106 |                            6.41 |                            1.68 |                            4.36 |                        12.19 |                        16.43 |
| 2807904107 |                            7.35 |                            3.81 |                            5.82 |                        10.53 |                        15.64 |
| 2807904108 |                            6.22 |                            1.74 |                            4.28 |                        13.01 |                        17.44 |
| 2807904109 |                             5.5 |                            1.95 |                            3.96 |                        11.53 |                        15.14 |
| 2807904110 |                             5.8 |                            4.12 |                            5.08 |                        11.73 |                        16.59 |
| 2807904111 |                            5.31 |                             4.1 |                            4.79 |                        11.77 |                        16.33 |
| 2807904112 |                            7.14 |                            2.03 |                            4.92 |                        13.49 |                        18.89 |
| 2807904113 |                            7.14 |                            2.38 |                            5.07 |                        12.96 |                        18.33 |
| 2807904114 |                            3.36 |                            5.27 |                            4.18 |                         13.4 |                        17.85 |
| 2807904115 |                            5.63 |                            1.07 |                            3.65 |                         12.5 |                        16.06 |
| 2807904116 |                            7.76 |                            2.03 |                            5.27 |                        14.71 |                        21.06 |
| 2807904117 |                             4.5 |                            4.71 |                            4.59 |                        14.29 |                        19.56 |
| 2807904118 |                            2.96 |                            2.36 |                             2.7 |                        13.73 |                        16.55 |
| 2807904119 |                            7.28 |                            2.95 |                             5.4 |                        13.21 |                        19.09 |
| 2807904120 |                            4.56 |                            4.53 |                            4.55 |                        12.24 |                        16.71 |
| 2807904121 |                            5.13 |                            2.66 |                            4.07 |                        12.59 |                        16.64 |
| 2807904123 |                            8.19 |                           -1.15 |                            4.09 |                        13.45 |                         17.8 |
| 2807904124 |                            7.08 |                            0.97 |                            4.42 |                        14.04 |                           19 |
| 2807904126 |                            6.32 |                            2.89 |                            4.84 |                        13.16 |                        18.32 |
| 2807904127 |                            8.93 |                           -0.97 |                            4.57 |                        13.46 |                         18.4 |
| 2807904128 |                            8.35 |                            1.67 |                            5.44 |                        12.25 |                        17.74 |
| 2807904129 |                             3.7 |                            5.04 |                            4.27 |                        13.38 |                        17.92 |
| 2807904130 |                            5.81 |                            3.46 |                             4.8 |                        14.36 |                        19.93 |
| 2807904131 |                            3.86 |                            2.67 |                            3.35 |                         12.9 |                        16.25 |
| 2807905001 |                             5.3 |                            3.35 |                            4.46 |                        16.38 |                        22.23 |
| 2807905002 |                            5.09 |                            4.78 |                            4.96 |                        12.59 |                        17.67 |
| 2807905003 |                            5.11 |                            2.83 |                            4.13 |                        12.77 |                        16.94 |
| 2807905004 |                            4.09 |                            1.09 |                             2.8 |                        13.21 |                        16.03 |
| 2807905005 |                            4.84 |                            3.11 |                             4.1 |                        11.11 |                        14.71 |
| 2807905006 |                            6.93 |                            2.44 |                            4.99 |                        11.85 |                        16.66 |
| 2807905007 |                            4.47 |                            2.99 |                            3.84 |                        11.42 |                        14.86 |
| 2807905008 |                            3.26 |                            3.59 |                             3.4 |                        14.17 |                         17.9 |
| 2807905009 |                            7.07 |                            0.54 |                            4.22 |                        12.16 |                        16.24 |
| 2807905010 |                            4.59 |                            3.39 |                            4.08 |                        14.49 |                        19.17 |
| 2807905011 |                            5.43 |                            1.11 |                            3.56 |                        11.67 |                         14.9 |
| 2807905012 |                            6.12 |                            4.68 |                             5.5 |                           12 |                        17.46 |
| 2807905013 |                            4.62 |                            7.03 |                            5.65 |                        10.91 |                        16.02 |
| 2807905014 |                             5.5 |                            2.86 |                            4.36 |                        10.53 |                        14.19 |
| 2807905015 |                            5.51 |                            2.66 |                            4.28 |                        13.06 |                        17.51 |
| 2807905016 |                            3.24 |                            2.67 |                               3 |                        12.84 |                        15.79 |
| 2807905017 |                            3.84 |                             3.5 |                             3.7 |                        12.15 |                        15.67 |
| 2807905018 |                            4.52 |                            3.86 |                            4.24 |                        11.14 |                         14.9 |
| 2807905019 |                            4.78 |                            0.68 |                               3 |                        12.07 |                        14.84 |
| 2807905020 |                            3.34 |                            2.88 |                            3.14 |                        11.27 |                           14 |
| 2807905021 |                            2.09 |                            2.95 |                            2.46 |                         9.67 |                        11.46 |
| 2807905022 |                             5.1 |                            3.66 |                            4.49 |                         9.86 |                         13.4 |
| 2807905023 |                             4.1 |                            2.11 |                            3.24 |                        11.36 |                         14.2 |
| 2807905024 |                            5.19 |                            2.51 |                            4.03 |                         10.5 |                        13.85 |
| 2807905025 |                            2.77 |                            2.84 |                             2.8 |                        10.97 |                         13.3 |
| 2807905026 |                            4.12 |                            1.51 |                               3 |                         11.4 |                        14.02 |
| 2807905027 |                             4.3 |                            2.81 |                            3.66 |                        10.91 |                        14.03 |
| 2807905028 |                            4.12 |                            2.15 |                            3.27 |                        11.37 |                        14.24 |
| 2807905029 |                            3.87 |                            3.35 |                            3.65 |                        11.94 |                        15.34 |
| 2807905030 |                            7.06 |                            2.35 |                            5.02 |                         9.37 |                         13.2 |
| 2807905031 |                            6.87 |                            1.74 |                            4.64 |                         9.69 |                        13.31 |
| 2807905032 |                            7.25 |                            1.36 |                            4.69 |                        10.71 |                        14.75 |
| 2807905033 |                            4.11 |                            3.14 |                            3.69 |                         12.1 |                        15.59 |
| 2807905034 |                            5.14 |                            2.52 |                            4.01 |                        11.94 |                        15.71 |
| 2807905035 |                            3.46 |                            3.65 |                            3.54 |                        10.89 |                         13.9 |
| 2807905036 |                            5.09 |                            2.33 |                             3.9 |                        11.16 |                        14.58 |
| 2807905037 |                            3.56 |                            3.69 |                            3.62 |                        11.47 |                         14.7 |
| 2807905038 |                            4.38 |                            2.37 |                            3.51 |                        12.73 |                         16.2 |
| 2807905039 |                            4.17 |                            3.34 |                            3.82 |                        13.14 |                        17.08 |
| 2807905040 |                            3.63 |                            2.97 |                            3.35 |                        10.71 |                        13.48 |
| 2807905041 |                            6.18 |                            4.64 |                            5.52 |                        10.22 |                        14.89 |
| 2807905042 |                            5.59 |                            1.91 |                               4 |                         10.9 |                        14.34 |
| 2807905043 |                            4.03 |                            3.51 |                            3.81 |                        13.13 |                        17.05 |
| 2807905044 |                            5.67 |                            1.69 |                            3.94 |                         12.2 |                        15.99 |
| 2807905045 |                            4.84 |                            1.61 |                            3.44 |                        10.43 |                        13.22 |
| 2807905046 |                            7.05 |                           -0.11 |                            3.92 |                        11.76 |                         15.4 |
| 2807905047 |                            7.65 |                            2.94 |                            5.61 |                        10.64 |                        15.58 |
| 2807905048 |                            4.66 |                            2.74 |                            3.84 |                        11.11 |                        14.46 |
| 2807905049 |                            4.45 |                            2.66 |                            3.68 |                        10.93 |                        14.08 |
| 2807905051 |                            4.66 |                            3.05 |                            3.97 |                        11.11 |                        14.59 |
| 2807905052 |                            5.88 |                            0.49 |                            3.53 |                        11.92 |                         15.2 |
| 2807905053 |                            2.23 |                            3.54 |                            2.79 |                        11.78 |                        14.29 |
| 2807905054 |                            5.96 |                            0.61 |                            3.63 |                        12.84 |                        16.48 |
| 2807905055 |                            7.09 |                            1.91 |                            4.84 |                        11.93 |                        16.61 |
| 2807905056 |                            4.73 |                            2.32 |                            3.69 |                        11.16 |                        14.38 |
| 2807905057 |                            4.42 |                            1.96 |                            3.36 |                        11.72 |                        14.77 |
| 2807905058 |                            5.11 |                            2.93 |                            4.17 |                        12.94 |                        17.22 |
| 2807905059 |                            7.23 |                            0.03 |                            4.08 |                         10.9 |                        14.42 |
| 2807905060 |                            8.43 |                            0.72 |                            5.06 |                        10.53 |                        14.86 |
| 2807905061 |                            4.51 |                            1.87 |                            3.37 |                        12.85 |                         16.2 |
| 2807905062 |                            4.81 |                            3.73 |                            4.35 |                         11.5 |                        15.49 |
| 2807905063 |                            8.51 |                           -0.45 |                            4.58 |                         10.1 |                        13.82 |
| 2807905064 |                            5.52 |                            0.73 |                            3.44 |                        12.99 |                        16.46 |
| 2807905065 |                            5.82 |                            1.69 |                            4.03 |                        12.83 |                        16.91 |
| 2807905066 |                            5.93 |                             1.2 |                            3.88 |                        13.78 |                        17.98 |
| 2807905067 |                            4.57 |                            3.08 |                            3.93 |                        12.12 |                        15.88 |
| 2807905068 |                            4.99 |                            2.29 |                            3.82 |                        11.46 |                        14.91 |
| 2807905069 |                            4.32 |                            5.38 |                            4.78 |                        13.07 |                        18.11 |
| 2807905070 |                            4.31 |                            2.54 |                            3.55 |                         13.3 |                        16.98 |
| 2807905072 |                            4.47 |                            1.97 |                            3.39 |                        13.25 |                        16.73 |
| 2807905073 |                            4.46 |                            1.57 |                            3.21 |                        12.32 |                        15.37 |
| 2807905074 |                            4.81 |                            0.84 |                            3.09 |                        14.19 |                        17.56 |
| 2807905075 |                            4.04 |                            1.49 |                            2.94 |                        15.53 |                        19.02 |
| 2807905076 |                             3.7 |                            2.21 |                            3.06 |                        13.83 |                        17.08 |
| 2807905077 |                            4.62 |                            1.03 |                            3.07 |                        12.82 |                        15.84 |
| 2807905078 |                            4.86 |                            0.64 |                            3.03 |                        14.71 |                        18.12 |
| 2807905079 |                            3.67 |                            2.72 |                            3.26 |                        14.17 |                        17.74 |
| 2807905080 |                            6.49 |                            1.83 |                            4.47 |                        10.79 |                        14.65 |
| 2807905081 |                             4.5 |                            3.24 |                            3.96 |                         12.5 |                         16.4 |
| 2807905082 |                             5.5 |                             1.7 |                            3.86 |                         13.4 |                        17.47 |
| 2807905083 |                            6.62 |                            2.64 |                             4.9 |                        10.91 |                        15.25 |
| 2807905084 |                            5.03 |                            2.45 |                            3.92 |                         11.5 |                        15.06 |
| 2807905085 |                             4.3 |                            1.59 |                            3.13 |                        11.94 |                        14.81 |
| 2807905086 |                            4.26 |                            2.18 |                            3.36 |                        12.41 |                        15.65 |
| 2807905087 |                            4.26 |                            1.77 |                            3.19 |                        11.26 |                        14.03 |
| 2807905088 |                            5.07 |                            2.94 |                            4.16 |                         9.22 |                        12.26 |
| 2807905089 |                            6.65 |                            3.17 |                            5.15 |                         8.78 |                        12.48 |
| 2807905090 |                            3.69 |                            5.11 |                             4.3 |                         9.87 |                        13.24 |
| 2807905091 |                            5.46 |                            0.28 |                            3.21 |                        10.56 |                        13.17 |
| 2807905092 |                            7.12 |                             2.7 |                             5.2 |                        10.91 |                        15.56 |
| 2807905094 |                            8.54 |                            1.29 |                            5.37 |                        10.75 |                        15.51 |
| 2807905095 |                            4.39 |                            1.49 |                            3.14 |                        12.27 |                        15.24 |
| 2807905096 |                            5.04 |                            1.64 |                            3.57 |                        11.73 |                           15 |
| 2807905097 |                            5.68 |                            2.43 |                            4.28 |                        12.71 |                        17.04 |
| 2807905098 |                            4.14 |                            4.86 |                            4.45 |                        11.07 |                        15.01 |
| 2807905099 |                            4.57 |                            2.44 |                            3.65 |                        11.62 |                        14.93 |
| 2807905100 |                            5.59 |                            1.37 |                            3.76 |                        10.73 |                        13.89 |
| 2807905101 |                            3.97 |                            4.16 |                            4.06 |                        10.69 |                        14.12 |
| 2807905102 |                            3.08 |                            2.78 |                            2.95 |                        13.72 |                        16.83 |
| 2807905103 |                            2.75 |                            5.45 |                             3.9 |                        10.36 |                        13.55 |
| 2807905104 |                            3.32 |                            2.79 |                            3.09 |                         9.68 |                        11.98 |
| 2807906001 |                            7.19 |                            1.26 |                            4.61 |                        10.69 |                        14.65 |
| 2807906002 |                            7.44 |                            4.48 |                            6.16 |                        10.61 |                        16.13 |
| 2807906003 |                            4.24 |                            1.89 |                            3.23 |                        12.06 |                        15.06 |
| 2807906004 |                            5.25 |                            3.89 |                            4.67 |                        10.46 |                        14.39 |
| 2807906005 |                            5.53 |                            3.22 |                            4.53 |                         10.4 |                        14.19 |
| 2807906006 |                            3.73 |                            4.09 |                            3.88 |                        10.51 |                        13.72 |
| 2807906007 |                            3.73 |                            5.88 |                            4.65 |                         9.55 |                        13.12 |
| 2807906008 |                            3.82 |                            4.27 |                            4.01 |                        11.06 |                        14.57 |
| 2807906009 |                            5.81 |                            3.07 |                            4.63 |                        10.34 |                         14.2 |
| 2807906010 |                            4.61 |                            2.77 |                            3.82 |                        10.19 |                        13.24 |
| 2807906011 |                            4.89 |                            2.06 |                            3.66 |                        10.36 |                        13.32 |
| 2807906012 |                            5.68 |                            3.97 |                            4.94 |                         9.75 |                        13.66 |
| 2807906013 |                            2.65 |                            7.16 |                            4.56 |                         9.65 |                        13.18 |
| 2807906014 |                             3.8 |                            2.08 |                            3.06 |                        10.77 |                        13.29 |
| 2807906015 |                            3.38 |                            3.21 |                            3.31 |                        11.37 |                        14.29 |
| 2807906016 |                            5.47 |                            1.19 |                            3.61 |                        10.33 |                        13.24 |
| 2807906017 |                             5.3 |                            3.13 |                            4.37 |                         10.2 |                        13.76 |
| 2807906018 |                            3.78 |                            1.96 |                               3 |                        10.48 |                        12.89 |
| 2807906019 |                            6.18 |                            1.44 |                            4.12 |                        10.91 |                        14.47 |
| 2807906021 |                            3.74 |                            4.24 |                            3.95 |                        11.43 |                        14.99 |
| 2807906023 |                            5.09 |                            3.03 |                             4.2 |                          9.8 |                        13.08 |
| 2807906024 |                            3.62 |                            3.57 |                             3.6 |                        12.07 |                        15.45 |
| 2807906025 |                            4.57 |                            1.48 |                            3.23 |                        12.86 |                        16.06 |
| 2807906026 |                            4.27 |                            1.53 |                            3.09 |                        12.61 |                         15.6 |
| 2807906027 |                            5.04 |                            1.21 |                            3.38 |                        12.78 |                        16.14 |
| 2807906028 |                            5.35 |                            3.16 |                            4.41 |                        11.14 |                        15.07 |
| 2807906029 |                            5.15 |                            1.45 |                            3.55 |                        14.13 |                        18.04 |
| 2807906031 |                            6.06 |                             2.7 |                            4.61 |                        11.32 |                        15.52 |
| 2807906032 |                            4.13 |                            3.37 |                             3.8 |                        11.25 |                        14.61 |
| 2807906033 |                            4.73 |                            2.08 |                            3.59 |                        10.94 |                           14 |
| 2807906034 |                            6.53 |                            2.41 |                            4.75 |                        12.05 |                        16.67 |
| 2807906035 |                            6.67 |                            2.19 |                            4.73 |                        11.03 |                        15.24 |
| 2807906036 |                             6.7 |                            1.65 |                            4.51 |                        10.48 |                        14.27 |
| 2807906037 |                            4.44 |                            3.42 |                               4 |                        11.71 |                        15.41 |
| 2807906038 |                            3.26 |                            2.41 |                             2.9 |                        11.99 |                        14.65 |
| 2807906039 |                            5.56 |                            2.77 |                            4.35 |                         9.68 |                        13.04 |
| 2807906040 |                            5.44 |                            1.69 |                            3.81 |                         9.27 |                        12.05 |
| 2807906041 |                             4.4 |                            2.19 |                            3.45 |                        11.69 |                        14.81 |
| 2807906042 |                             5.2 |                            2.16 |                            3.89 |                        11.44 |                        14.94 |
| 2807906043 |                            6.74 |                            2.88 |                            5.07 |                        12.55 |                        17.74 |
| 2807906044 |                            5.27 |                            0.74 |                             3.3 |                          9.7 |                        12.18 |
| 2807906045 |                             7.1 |                            1.86 |                            4.82 |                         9.64 |                         13.4 |
| 2807906046 |                            4.07 |                            2.37 |                            3.34 |                        12.87 |                        16.19 |
| 2807906048 |                            4.29 |                            2.85 |                            3.67 |                        11.53 |                        14.84 |
| 2807906049 |                            4.01 |                            3.85 |                            3.94 |                        10.56 |                        13.84 |
| 2807906050 |                            6.09 |                            2.73 |                            4.64 |                        10.81 |                        14.85 |
| 2807906051 |                            5.31 |                            0.67 |                             3.3 |                         9.64 |                         12.1 |
| 2807906052 |                             5.1 |                            3.31 |                            4.33 |                        10.83 |                        14.57 |
| 2807906053 |                            4.43 |                            1.36 |                             3.1 |                        11.22 |                         13.9 |
| 2807906054 |                            5.17 |                            3.01 |                            4.24 |                        11.54 |                        15.43 |
| 2807906056 |                            4.71 |                               3 |                            3.98 |                        11.22 |                        14.74 |
| 2807906057 |                            5.68 |                            1.52 |                            3.88 |                        11.21 |                        14.63 |
| 2807906058 |                            6.05 |                            1.67 |                            4.16 |                        12.87 |                        17.11 |
| 2807906059 |                            5.19 |                            1.62 |                            3.64 |                        15.32 |                        19.68 |
| 2807906060 |                            3.06 |                            3.82 |                            3.39 |                        10.48 |                        13.24 |
| 2807906061 |                            6.19 |                            0.15 |                            3.56 |                        10.92 |                        13.95 |
| 2807906062 |                            4.45 |                            2.23 |                            3.49 |                        12.69 |                        16.13 |
| 2807906063 |                            4.97 |                            2.75 |                            4.01 |                         9.08 |                        11.96 |
| 2807906064 |                            1.87 |                            1.63 |                            1.77 |                         9.88 |                        11.17 |
| 2807906065 |                            5.19 |                            1.73 |                            3.69 |                        11.76 |                        15.16 |
| 2807906066 |                            5.74 |                            1.65 |                            3.97 |                         12.5 |                        16.41 |
| 2807906067 |                            5.89 |                            2.67 |                             4.5 |                        11.11 |                        15.12 |
| 2807906068 |                            5.79 |                             1.7 |                            4.02 |                        11.35 |                        14.95 |
| 2807906069 |                            5.78 |                            0.92 |                            3.67 |                        12.13 |                        15.61 |
| 2807906070 |                             4.1 |                            1.84 |                            3.12 |                           13 |                        16.12 |
| 2807906071 |                            5.97 |                            2.95 |                            4.67 |                        10.54 |                        14.51 |
| 2807906072 |                            4.99 |                            0.96 |                            3.25 |                        11.11 |                         13.9 |
| 2807906073 |                            3.73 |                            3.07 |                            3.45 |                         9.82 |                        12.46 |
| 2807906074 |                             4.5 |                            2.62 |                            3.69 |                        10.14 |                        13.07 |
| 2807906075 |                            4.26 |                            2.43 |                            3.47 |                        10.23 |                        12.99 |
| 2807906076 |                            7.82 |                            5.03 |                            6.62 |                         8.11 |                         12.7 |
| 2807906077 |                            5.57 |                            0.02 |                            3.16 |                        10.94 |                         13.6 |
| 2807906078 |                            6.09 |                            6.21 |                            6.14 |                         9.27 |                        14.07 |
| 2807906079 |                            8.31 |                            1.96 |                            5.55 |                         8.34 |                        12.16 |
| 2807906080 |                            4.77 |                            5.63 |                            5.14 |                        10.16 |                        14.42 |
| 2807906081 |                            4.93 |                            3.77 |                            4.43 |                          8.8 |                        11.93 |
| 2807906085 |                            2.68 |                            3.22 |                            2.91 |                         9.46 |                        11.56 |
| 2807906089 |                             5.9 |                            1.71 |                            4.09 |                         9.03 |                        11.96 |
| 2807906090 |                            5.55 |                            1.92 |                            3.98 |                         10.8 |                        14.19 |
| 2807906091 |                            5.13 |                            1.95 |                            3.76 |                        10.81 |                           14 |
| 2807906092 |                            4.22 |                            1.41 |                            3.01 |                         10.7 |                        13.16 |
| 2807906093 |                            3.67 |                            1.65 |                             2.8 |                        10.94 |                        13.27 |
| 2807906094 |                            4.93 |                            1.85 |                             3.6 |                        10.94 |                        14.01 |
| 2807906095 |                            6.09 |                            2.64 |                             4.6 |                         8.94 |                        12.24 |
| 2807906096 |                            3.88 |                            1.86 |                            3.01 |                        10.49 |                        12.91 |
| 2807906097 |                            5.96 |                            4.91 |                            5.51 |                         9.48 |                         13.8 |
| 2807906098 |                            3.99 |                            1.16 |                            2.77 |                        10.92 |                        13.21 |
| 2807906099 |                            4.04 |                            3.47 |                             3.8 |                         9.71 |                         12.6 |
| 2807906101 |                            6.48 |                            2.46 |                            4.74 |                        10.33 |                        14.29 |
| 2807906102 |                            4.73 |                            1.63 |                            3.39 |                           11 |                        13.89 |
| 2807906103 |                            5.11 |                            2.57 |                            4.02 |                        11.11 |                        14.64 |
| 2807906104 |                            4.01 |                            3.75 |                             3.9 |                        10.96 |                        14.33 |
| 2807906105 |                            4.68 |                            3.65 |                            4.24 |                        10.82 |                        14.47 |
| 2807906106 |                            4.91 |                            2.71 |                            3.97 |                        11.59 |                        15.22 |
| 2807906107 |                            4.51 |                            3.32 |                               4 |                        10.95 |                        14.41 |
| 2807906108 |                            5.55 |                            2.27 |                            4.13 |                        10.93 |                        14.52 |
| 2807906109 |                            6.59 |                            1.26 |                            4.27 |                        10.14 |                        13.59 |
| 2807906110 |                            5.73 |                            1.51 |                             3.9 |                        11.11 |                        14.52 |
| 2807906111 |                            4.33 |                            1.94 |                             3.3 |                        11.03 |                        13.85 |
| 2807906112 |                            6.34 |                            3.14 |                            4.96 |                         9.43 |                        13.24 |
| 2807906113 |                            4.83 |                            1.54 |                            3.41 |                        10.17 |                        12.86 |
| 2807906114 |                            5.77 |                            1.22 |                             3.8 |                        10.76 |                        13.96 |
| 2807906115 |                            4.87 |                             2.6 |                            3.89 |                        11.25 |                        14.69 |
| 2807906116 |                            3.36 |                            3.27 |                            3.32 |                        10.95 |                        13.77 |
| 2807906117 |                            4.68 |                            2.23 |                            3.63 |                        11.06 |                        14.19 |
| 2807906118 |                            8.78 |                            2.13 |                            5.88 |                          9.2 |                        13.73 |
| 2807906119 |                             3.5 |                            5.13 |                             4.2 |                        11.18 |                        14.91 |
| 2807906120 |                            3.84 |                            3.83 |                            3.84 |                        10.01 |                        13.02 |
| 2807906121 |                            5.27 |                            1.69 |                            3.72 |                        10.71 |                        13.83 |
| 2807906122 |                            4.47 |                            4.04 |                            4.28 |                         9.86 |                        13.22 |
| 2807906123 |                            5.14 |                            1.85 |                            3.72 |                        10.23 |                        13.21 |
| 2807906124 |                            4.71 |                            3.48 |                            4.18 |                         10.3 |                        13.73 |
| 2807906125 |                            3.46 |                            1.05 |                            2.42 |                         12.3 |                        14.54 |
| 2807906126 |                            4.58 |                            2.46 |                            3.67 |                        11.55 |                        14.85 |
| 2807906127 |                            8.51 |                            1.21 |                            5.32 |                         8.26 |                        11.88 |
| 2807906128 |                            5.52 |                            3.64 |                            4.71 |                         9.11 |                        12.58 |
| 2807906129 |                            5.71 |                            2.09 |                            4.15 |                        10.32 |                        13.71 |
| 2807907001 |                            5.73 |                               1 |                            3.68 |                         12.5 |                        16.09 |
| 2807907002 |                               7 |                            1.12 |                            4.44 |                         10.6 |                        14.36 |
| 2807907003 |                            6.58 |                            1.55 |                             4.4 |                        12.75 |                        17.23 |
| 2807907004 |                            5.02 |                             2.2 |                             3.8 |                        13.24 |                         17.2 |
| 2807907005 |                             4.2 |                            2.28 |                            3.37 |                        12.17 |                        15.35 |
| 2807907006 |                             6.3 |                            2.75 |                            4.77 |                        12.82 |                        17.76 |
| 2807907007 |                            4.15 |                            1.46 |                            2.99 |                        12.02 |                        14.77 |
| 2807907008 |                            4.67 |                            6.31 |                            5.37 |                           12 |                        17.31 |
| 2807907009 |                            5.02 |                            1.72 |                            3.59 |                        12.45 |                        15.94 |
| 2807907010 |                            4.74 |                            1.25 |                            3.23 |                        12.64 |                        15.79 |
| 2807907011 |                            5.44 |                             2.6 |                            4.21 |                        13.88 |                        18.53 |
| 2807907012 |                            4.35 |                            2.37 |                             3.5 |                        13.27 |                        16.87 |
| 2807907013 |                            6.14 |                            3.12 |                            4.83 |                        11.41 |                        15.87 |
| 2807907014 |                            4.76 |                            1.45 |                            3.33 |                        11.86 |                        14.92 |
| 2807907016 |                            6.98 |                            0.61 |                             4.2 |                        14.02 |                         18.7 |
| 2807907017 |                            5.49 |                            2.52 |                            4.21 |                        12.04 |                        16.07 |
| 2807907018 |                            4.47 |                            2.37 |                            3.57 |                        13.64 |                        17.43 |
| 2807907019 |                            3.65 |                            2.04 |                            2.96 |                        16.42 |                        20.14 |
| 2807907021 |                            5.51 |                            2.18 |                            4.07 |                         12.4 |                         16.4 |
| 2807907023 |                            4.39 |                            4.27 |                            4.34 |                        10.36 |                        13.94 |
| 2807907024 |                            6.49 |                            1.51 |                            4.33 |                        12.46 |                        16.76 |
| 2807907025 |                            5.32 |                             3.8 |                            4.67 |                        11.91 |                         16.4 |
| 2807907026 |                            5.19 |                             1.3 |                             3.5 |                        13.14 |                        16.73 |
| 2807907028 |                            7.88 |                            4.37 |                            6.37 |                         9.88 |                        15.21 |
| 2807907030 |                            5.52 |                            1.55 |                             3.8 |                        12.28 |                        15.94 |
| 2807907031 |                            6.09 |                            2.11 |                            4.37 |                        12.19 |                        16.45 |
| 2807907032 |                            6.11 |                            0.83 |                            3.82 |                        13.76 |                        17.88 |
| 2807907034 |                            6.61 |                            1.35 |                            4.32 |                         13.4 |                        18.02 |
| 2807907035 |                            4.84 |                            2.27 |                            3.73 |                         12.7 |                        16.41 |
| 2807907036 |                            5.56 |                            2.15 |                            4.08 |                        11.94 |                         15.8 |
| 2807907038 |                            7.21 |                            1.86 |                            4.89 |                        12.27 |                        17.14 |
| 2807907039 |                            5.81 |                            1.55 |                            3.96 |                        12.75 |                        16.73 |
| 2807907040 |                            4.75 |                            0.87 |                            3.07 |                        14.49 |                        17.91 |
| 2807907041 |                             5.4 |                            2.16 |                               4 |                        13.04 |                        17.16 |
| 2807907042 |                            4.46 |                            2.02 |                            3.41 |                          9.6 |                        12.14 |
| 2807907043 |                            6.18 |                            0.54 |                            3.73 |                        12.32 |                        15.91 |
| 2807907044 |                            3.33 |                             5.1 |                            4.09 |                           10 |                        13.24 |
| 2807907045 |                            6.19 |                            1.11 |                            3.98 |                        13.43 |                        17.65 |
| 2807907046 |                            5.42 |                            0.54 |                             3.3 |                        14.28 |                        17.92 |
| 2807907047 |                            5.06 |                             0.3 |                            2.99 |                        13.41 |                        16.48 |
| 2807907048 |                            4.75 |                            1.84 |                            3.49 |                         13.6 |                        17.29 |
| 2807907049 |                             2.4 |                            2.11 |                            2.28 |                        12.83 |                        15.02 |
| 2807907050 |                            6.08 |                            2.98 |                            4.74 |                        11.42 |                         15.8 |
| 2807907051 |                            6.67 |                            1.29 |                            4.33 |                        12.57 |                        16.91 |
| 2807907052 |                            6.21 |                            3.29 |                            4.95 |                        12.88 |                        18.06 |
| 2807907053 |                            4.62 |                            2.71 |                             3.8 |                        13.54 |                        17.58 |
| 2807907055 |                            1.96 |                            7.55 |                            4.32 |                        13.71 |                        18.43 |
| 2807907056 |                             3.9 |                            1.94 |                            3.05 |                        14.53 |                        17.94 |
| 2807907057 |                            4.86 |                             3.1 |                             4.1 |                        13.98 |                        18.52 |
| 2807907058 |                            6.85 |                            1.13 |                            4.36 |                        12.86 |                        17.34 |
| 2807907059 |                            5.81 |                            1.42 |                            3.91 |                        13.27 |                        17.36 |
| 2807907060 |                            5.63 |                            1.64 |                             3.9 |                        13.36 |                        17.46 |
| 2807907061 |                            4.17 |                             2.5 |                            3.45 |                        15.44 |                        19.58 |
| 2807907062 |                            6.16 |                             0.9 |                            3.88 |                        10.98 |                        14.32 |
| 2807907063 |                            5.44 |                            2.52 |                            4.18 |                        12.22 |                        16.27 |
| 2807907064 |                             6.5 |                            4.92 |                            5.82 |                        11.54 |                        17.14 |
| 2807907065 |                             4.4 |                            2.27 |                            3.48 |                        13.41 |                        17.04 |
| 2807907066 |                            4.73 |                             2.1 |                             3.6 |                        14.38 |                        18.41 |
| 2807907067 |                            4.25 |                            3.36 |                            3.87 |                        12.32 |                        16.07 |
| 2807907068 |                            5.53 |                            2.31 |                            4.14 |                        12.94 |                        17.19 |
| 2807907069 |                            6.16 |                            1.17 |                            3.99 |                        13.57 |                        17.86 |
| 2807907070 |                            4.42 |                            2.79 |                            3.72 |                        12.41 |                        16.03 |
| 2807907071 |                            4.54 |                            1.87 |                            3.39 |                        12.42 |                        15.68 |
| 2807907072 |                            5.15 |                            2.92 |                            4.19 |                           12 |                        15.99 |
| 2807907073 |                            7.57 |                            2.69 |                            5.45 |                        12.11 |                        17.56 |
| 2807907075 |                            4.73 |                             3.5 |                             4.2 |                        13.74 |                        18.32 |
| 2807907076 |                            3.58 |                            2.99 |                            3.33 |                        13.98 |                        17.58 |
| 2807907078 |                            4.67 |                            0.85 |                            3.02 |                        14.44 |                        17.78 |
| 2807907079 |                            5.28 |                            2.25 |                            3.97 |                        12.93 |                        16.98 |
| 2807907080 |                            3.39 |                            4.13 |                            3.71 |                        13.37 |                        17.24 |
| 2807907081 |                            4.87 |                            2.96 |                            4.05 |                        13.01 |                        17.18 |
| 2807907082 |                            2.59 |                            2.35 |                            2.49 |                        15.13 |                        17.97 |
| 2807907083 |                            5.43 |                            0.35 |                            3.22 |                         12.3 |                        15.36 |
| 2807907084 |                            5.69 |                            2.21 |                            4.19 |                        14.44 |                        19.24 |
| 2807907085 |                            4.46 |                            2.29 |                            3.52 |                        12.15 |                        15.48 |
| 2807907086 |                            4.21 |                            5.43 |                            4.73 |                        11.08 |                        15.31 |
| 2807907087 |                            7.24 |                            2.44 |                            5.16 |                        13.95 |                        19.84 |
| 2807907088 |                            6.96 |                            1.68 |                            4.67 |                        11.79 |                        16.22 |
| 2807907089 |                            5.59 |                             2.3 |                            4.17 |                        12.02 |                           16 |
| 2807907090 |                            5.28 |                             2.2 |                            3.95 |                        12.95 |                        16.98 |
| 2807907091 |                            5.28 |                            1.72 |                            3.74 |                        13.75 |                        17.78 |
| 2807907092 |                            5.87 |                            0.56 |                            3.56 |                        14.74 |                        18.83 |
| 2807907093 |                            7.47 |                            3.45 |                            5.73 |                        10.46 |                        15.46 |
| 2807907094 |                            6.74 |                            2.48 |                            4.89 |                        12.04 |                        16.82 |
| 2807907095 |                            4.89 |                            2.57 |                            3.89 |                        11.31 |                        14.77 |
| 2807907096 |                            4.53 |                            2.09 |                            3.48 |                        14.63 |                        18.59 |
| 2807907097 |                            7.67 |                            2.44 |                             5.4 |                        11.54 |                        16.67 |
| 2807907098 |                            5.52 |                            0.19 |                             3.2 |                        12.09 |                        15.07 |
| 2807907099 |                            6.93 |                            0.78 |                            4.25 |                        11.92 |                        15.95 |
| 2807907100 |                            6.18 |                            2.38 |                            4.53 |                        12.68 |                         17.3 |
| 2807907101 |                            5.66 |                             2.7 |                            4.38 |                        13.12 |                        17.71 |
| 2807907102 |                            6.51 |                            1.77 |                            4.45 |                        12.68 |                         17.2 |
| 2807907103 |                            6.65 |                            1.98 |                            4.62 |                        12.03 |                        16.51 |
| 2807907105 |                            7.57 |                            1.41 |                            4.89 |                        11.87 |                        16.58 |
| 2807907106 |                            4.83 |                            2.86 |                            3.98 |                        11.41 |                           15 |
| 2807907107 |                            4.04 |                            1.99 |                            3.16 |                        12.32 |                        15.32 |
| 2807907108 |                            5.91 |                            1.75 |                            4.11 |                        12.36 |                        16.38 |
| 2807907109 |                            6.34 |                            1.56 |                            4.26 |                        13.24 |                        17.73 |
| 2807907110 |                            3.44 |                            2.72 |                            3.13 |                        14.56 |                        18.06 |
| 2807907111 |                            5.95 |                            4.27 |                            5.23 |                         11.9 |                        17.01 |
| 2807907113 |                            5.59 |                            7.63 |                            6.46 |                        11.76 |                        18.23 |
| 2807907114 |                            3.53 |                            2.44 |                            3.06 |                        12.83 |                        15.85 |
| 2807907115 |                            4.04 |                            2.48 |                            3.37 |                        13.51 |                        17.04 |
| 2807907116 |                            5.49 |                            2.89 |                            4.37 |                        10.19 |                        13.75 |
| 2807907117 |                            4.81 |                            2.03 |                            3.61 |                        12.95 |                        16.59 |
| 2807907118 |                            3.71 |                            3.84 |                            3.76 |                        12.87 |                        16.67 |
| 2807907119 |                            4.64 |                               3 |                            3.94 |                        12.01 |                        15.74 |
| 2807907120 |                            5.96 |                            0.94 |                            3.78 |                        11.57 |                        14.99 |
| 2807907121 |                            5.47 |                            2.15 |                            4.04 |                        11.42 |                        15.07 |
| 2807907122 |                            5.77 |                            1.52 |                            3.93 |                        13.55 |                        17.74 |
| 2807907123 |                            5.62 |                            1.02 |                            3.63 |                        12.96 |                        16.63 |
| 2807907124 |                            6.97 |                           -0.37 |                            3.76 |                        11.12 |                        14.41 |
| 2807907125 |                             6.3 |                            5.08 |                            5.78 |                           10 |                        14.81 |
| 2807907126 |                            6.43 |                            0.81 |                            3.98 |                        11.14 |                        14.64 |
| 2807907127 |                            5.01 |                             4.9 |                            4.96 |                        10.81 |                        15.17 |
| 2807907128 |                             6.5 |                           -0.45 |                            3.47 |                        11.51 |                        14.62 |
| 2807907129 |                            4.15 |                               1 |                            2.79 |                        12.79 |                         15.5 |
| 2807907130 |                            5.03 |                             2.9 |                            4.12 |                        13.43 |                        17.81 |
| 2807907131 |                            5.63 |                            1.31 |                            3.76 |                        10.87 |                        14.07 |
| 2807907132 |                             4.7 |                            0.79 |                            3.01 |                        12.38 |                        15.23 |
| 2807907133 |                            4.89 |                            0.39 |                            2.93 |                         12.3 |                        15.05 |
| 2807907135 |                            5.03 |                             3.4 |                            4.33 |                        10.63 |                         14.3 |
| 2807908002 |                            2.24 |                             2.2 |                            2.23 |                         7.84 |                         9.15 |
| 2807908003 |                            2.01 |                            2.73 |                            2.32 |                         9.39 |                        11.02 |
| 2807908004 |                            3.47 |                            1.93 |                            2.81 |                         9.22 |                        11.19 |
| 2807908005 |                            2.36 |                            1.62 |                            2.05 |                        10.05 |                        11.58 |
| 2807908006 |                            4.45 |                            2.93 |                             3.8 |                         8.47 |                           11 |
| 2807908007 |                            4.58 |                            1.17 |                            3.11 |                        10.15 |                        12.57 |
| 2807908008 |                            8.88 |                            4.36 |                            6.92 |                         7.63 |                        12.19 |
| 2807908009 |                             5.4 |                            1.33 |                            3.64 |                         9.33 |                        11.99 |
| 2807908010 |                           10.84 |                           -1.08 |                            5.56 |                         7.46 |                         10.9 |
| 2807908011 |                            4.48 |                            5.17 |                            4.78 |                         8.24 |                        11.43 |
| 2807908012 |                            3.13 |                            1.34 |                            2.36 |                         8.38 |                         9.87 |
| 2807908013 |                            1.25 |                             0.2 |                             0.8 |                         9.49 |                        10.03 |
| 2807908014 |                            1.24 |                            3.63 |                            2.26 |                        10.03 |                        11.73 |
| 2807908015 |                            2.78 |                            1.64 |                            2.29 |                         8.53 |                           10 |
| 2807908016 |                            4.14 |                            4.27 |                             4.2 |                         9.38 |                         12.5 |
| 2807908017 |                            4.49 |                            2.45 |                            3.61 |                         9.58 |                        12.28 |
| 2807908018 |                            6.01 |                            0.84 |                            3.76 |                          8.9 |                        11.53 |
| 2807908019 |                            2.85 |                            2.36 |                            2.64 |                         10.2 |                        12.24 |
| 2807908020 |                            4.16 |                            2.73 |                            3.54 |                        10.16 |                        12.96 |
| 2807908021 |                            4.41 |                            2.48 |                            3.58 |                         9.41 |                        12.04 |
| 2807908022 |                            2.83 |                            2.99 |                             2.9 |                         9.58 |                         11.7 |
| 2807908023 |                             2.8 |                            3.29 |                            3.01 |                          9.7 |                        11.94 |
| 2807908024 |                               4 |                             1.6 |                            2.97 |                         9.23 |                        11.33 |
| 2807908025 |                            3.15 |                            4.29 |                            3.64 |                         9.74 |                        12.51 |
| 2807908026 |                            3.86 |                            3.03 |                            3.51 |                         9.82 |                         12.5 |
| 2807908027 |                            3.61 |                            3.07 |                            3.38 |                        10.27 |                        12.95 |
| 2807908028 |                            2.51 |                            3.23 |                            2.82 |                         9.93 |                        12.06 |
| 2807908029 |                            1.66 |                            4.34 |                             2.8 |                          9.9 |                           12 |
| 2807908030 |                            3.96 |                            4.05 |                               4 |                         8.33 |                        10.96 |
| 2807908031 |                            6.22 |                            2.41 |                            4.57 |                         8.73 |                        11.93 |
| 2807908032 |                            5.74 |                            0.19 |                            3.33 |                         8.87 |                        11.15 |
| 2807908033 |                            0.12 |                            3.59 |                             1.6 |                          9.4 |                         10.5 |
| 2807908034 |                            5.78 |                            0.69 |                            3.57 |                         8.27 |                        10.57 |
| 2807908035 |                            3.47 |                            2.29 |                            2.96 |                         9.62 |                        11.79 |
| 2807908036 |                            3.75 |                            2.22 |                            3.09 |                         9.48 |                        11.73 |
| 2807908037 |                            5.96 |                            1.06 |                            3.83 |                         8.28 |                        10.78 |
| 2807908038 |                            6.24 |                             5.1 |                            5.75 |                         7.61 |                        11.25 |
| 2807908039 |                            3.56 |                             1.2 |                            2.54 |                         8.93 |                        10.64 |
| 2807908040 |                            2.95 |                            0.73 |                            1.99 |                         9.35 |                        10.73 |
| 2807908041 |                            5.39 |                            1.73 |                             3.8 |                         8.63 |                        11.21 |
| 2807908042 |                            4.71 |                            1.39 |                            3.28 |                          9.1 |                        11.41 |
| 2807908043 |                            2.63 |                            1.78 |                            2.26 |                         9.27 |                        10.84 |
| 2807908044 |                             2.8 |                             1.9 |                            2.42 |                         8.73 |                        10.32 |
| 2807908045 |                            4.64 |                            0.79 |                            2.97 |                        10.04 |                        12.32 |
| 2807908046 |                             4.9 |                            2.63 |                            3.93 |                         9.85 |                         12.9 |
| 2807908047 |                             3.2 |                            3.37 |                            3.27 |                        10.15 |                        12.71 |
| 2807908048 |                            3.96 |                            2.96 |                            3.53 |                        10.36 |                        13.21 |
| 2807908049 |                             4.1 |                             2.3 |                            3.33 |                        11.83 |                        14.87 |
| 2807908050 |                               5 |                           -0.26 |                            2.71 |                          9.2 |                        11.09 |
| 2807908051 |                            2.43 |                            4.58 |                            3.35 |                         8.77 |                        11.04 |
| 2807908052 |                            5.33 |                            3.86 |                             4.7 |                        11.21 |                        15.45 |
| 2807908053 |                            4.71 |                            4.52 |                            4.63 |                           10 |                        13.73 |
| 2807908054 |                            3.88 |                             5.6 |                            4.62 |                         7.14 |                         9.79 |
| 2807908055 |                            2.38 |                            2.82 |                            2.57 |                         8.03 |                         9.59 |
| 2807908056 |                            5.73 |                            1.91 |                            4.08 |                         8.61 |                        11.39 |
| 2807908057 |                            4.07 |                            0.59 |                            2.57 |                          9.1 |                        10.87 |
| 2807908058 |                            4.82 |                             2.3 |                            3.73 |                         9.38 |                        12.12 |
| 2807908059 |                            4.25 |                            2.22 |                            3.38 |                         9.52 |                        12.02 |
| 2807908060 |                            6.63 |                             1.3 |                            4.31 |                         8.32 |                        11.18 |
| 2807908061 |                            4.04 |                            2.47 |                            3.36 |                          9.8 |                        12.36 |
| 2807908062 |                            4.33 |                            2.37 |                            3.49 |                        10.59 |                        13.46 |
| 2807908063 |                            3.64 |                            6.48 |                            4.85 |                         9.61 |                        13.39 |
| 2807908064 |                            6.34 |                            4.38 |                             5.5 |                         9.57 |                        13.92 |
| 2807908065 |                            4.66 |                            4.59 |                            4.63 |                           10 |                        13.73 |
| 2807908066 |                            4.27 |                            3.84 |                            4.09 |                        10.05 |                        13.31 |
| 2807908067 |                             4.6 |                            3.57 |                            4.16 |                        10.24 |                        13.61 |
| 2807908068 |                            6.45 |                             2.8 |                            4.87 |                         9.24 |                        12.88 |
| 2807908069 |                            5.28 |                            0.89 |                            3.38 |                         10.1 |                        12.75 |
| 2807908071 |                             4.2 |                            1.69 |                            3.12 |                        10.83 |                        13.43 |
| 2807908072 |                            4.71 |                            1.71 |                            3.42 |                        11.32 |                        14.32 |
| 2807908073 |                            3.59 |                            2.77 |                            3.24 |                        11.32 |                        14.15 |
| 2807908074 |                            4.45 |                            3.99 |                            4.25 |                         9.82 |                        13.14 |
| 2807908075 |                            5.77 |                             1.7 |                               4 |                        10.03 |                        13.21 |
| 2807908076 |                            4.06 |                            3.23 |                             3.7 |                        10.11 |                        13.04 |
| 2807908077 |                            4.18 |                            4.38 |                            4.27 |                         9.51 |                        12.75 |
| 2807908078 |                            4.11 |                            2.89 |                            3.59 |                        10.32 |                        13.21 |
| 2807908079 |                            5.19 |                            2.23 |                            3.91 |                         9.56 |                         12.5 |
| 2807908080 |                            3.01 |                            2.05 |                             2.6 |                        12.49 |                        14.94 |
| 2807908081 |                             3.8 |                             2.5 |                            3.24 |                           10 |                         12.5 |
| 2807908082 |                            4.21 |                            1.51 |                            3.04 |                        10.43 |                        12.87 |
| 2807908083 |                            4.03 |                            1.89 |                            3.11 |                           10 |                        12.39 |
| 2807908084 |                            5.54 |                            2.36 |                            4.16 |                         9.77 |                           13 |
| 2807908085 |                            5.33 |                            2.59 |                            4.15 |                         9.98 |                        13.26 |
| 2807908086 |                            5.46 |                            3.23 |                             4.5 |                         9.53 |                        12.97 |
| 2807908087 |                            3.15 |                             4.8 |                            3.86 |                           10 |                        13.03 |
| 2807908088 |                            4.92 |                            3.77 |                            4.43 |                         9.79 |                        13.26 |
| 2807908089 |                            3.63 |                            3.42 |                            3.54 |                        10.58 |                        13.49 |
| 2807908090 |                            3.27 |                            1.26 |                            2.41 |                         8.77 |                        10.36 |
| 2807908091 |                            3.16 |                            2.93 |                            3.06 |                         9.83 |                        12.14 |
| 2807908092 |                            3.39 |                            2.28 |                            2.92 |                        10.29 |                        12.59 |
| 2807908093 |                            1.75 |                            2.79 |                             2.2 |                           10 |                        11.64 |
| 2807908094 |                            7.05 |                            2.12 |                            4.91 |                         8.75 |                        12.24 |
| 2807908095 |                            4.37 |                            1.46 |                            3.11 |                        10.18 |                        12.61 |
| 2807908096 |                            5.13 |                            1.77 |                            3.68 |                          8.5 |                        10.94 |
| 2807908097 |                            6.16 |                             2.9 |                            4.75 |                         8.57 |                        11.86 |
| 2807908098 |                            3.91 |                            2.21 |                            3.18 |                         10.4 |                        12.95 |
| 2807908099 |                            4.16 |                            0.47 |                            2.57 |                         9.38 |                        11.19 |
| 2807908100 |                             3.8 |                             2.8 |                            3.37 |                         9.25 |                        11.67 |
| 2807908102 |                            6.89 |                            0.76 |                            4.22 |                         8.63 |                        11.53 |
| 2807908103 |                               2 |                            0.47 |                            1.34 |                        11.72 |                        12.86 |
| 2807908104 |                            3.44 |                            4.26 |                             3.8 |                         9.63 |                         12.5 |
| 2807908105 |                            6.55 |                            3.65 |                             5.3 |                         8.65 |                        12.42 |
| 2807908106 |                            3.08 |                            5.31 |                            4.03 |                         9.93 |                        13.09 |
| 2807908107 |                            4.83 |                            2.31 |                            3.74 |                           10 |                        12.93 |
| 2807908108 |                            2.18 |                            3.72 |                            2.84 |                         9.92 |                        12.06 |
| 2807908109 |                            3.97 |                             3.3 |                            3.68 |                         9.16 |                         11.8 |
| 2807908110 |                            4.09 |                            2.55 |                            3.43 |                         9.21 |                        11.66 |
| 2807908111 |                            2.42 |                            1.88 |                            2.19 |                          8.6 |                           10 |
| 2807908113 |                            3.44 |                            2.21 |                            2.91 |                         8.26 |                         10.1 |
| 2807908114 |                            5.09 |                            2.89 |                            4.14 |                         8.06 |                        10.71 |
| 2807908115 |                            4.83 |                            4.26 |                            4.58 |                         7.83 |                        10.71 |
| 2807908116 |                            3.89 |                            4.12 |                            3.99 |                         7.55 |                         9.93 |
| 2807908117 |                            3.64 |                            2.54 |                            3.17 |                         7.39 |                         9.19 |
| 2807908119 |                            5.04 |                            2.39 |                             3.9 |                         7.16 |                         9.36 |
| 2807908120 |                            3.58 |                            2.03 |                            2.91 |                         7.05 |                         8.62 |
| 2807908121 |                            3.25 |                            1.79 |                            2.62 |                          9.7 |                        11.63 |
| 2807908122 |                            8.87 |                            1.75 |                            5.76 |                            7 |                        10.37 |
| 2807908123 |                            4.81 |                            1.57 |                            3.41 |                         8.55 |                        10.82 |
| 2807908124 |                            5.39 |                            1.69 |                            3.79 |                         9.21 |                        11.95 |
| 2807908125 |                            1.74 |                            2.74 |                            2.17 |                        10.44 |                        12.14 |
| 2807908126 |                            4.84 |                            3.75 |                            4.37 |                         8.78 |                        11.85 |
| 2807908128 |                             5.1 |                            1.21 |                            3.41 |                        10.93 |                        13.83 |
| 2807908131 |                            4.47 |                            2.58 |                            3.65 |                         9.99 |                        12.84 |
| 2807908132 |                            5.14 |                            2.86 |                            4.16 |                         9.45 |                        12.57 |
| 2807908133 |                            3.12 |                            1.81 |                            2.56 |                        10.47 |                         12.5 |
| 2807908135 |                            3.64 |                            2.74 |                            3.25 |                        10.73 |                        13.42 |
| 2807908136 |                             3.5 |                            5.16 |                            4.21 |                         9.29 |                         12.4 |
| 2807908137 |                            3.51 |                            1.87 |                            2.81 |                        11.03 |                        13.39 |
| 2807908138 |                            2.72 |                             3.7 |                            3.14 |                        11.99 |                        14.88 |
| 2807908140 |                            2.73 |                            3.64 |                            3.12 |                         9.02 |                        11.18 |
| 2807908141 |                            3.63 |                            0.09 |                             2.1 |                         8.82 |                        10.21 |
| 2807908142 |                            3.36 |                            1.76 |                            2.67 |                         8.97 |                        10.79 |
| 2807908143 |                            3.75 |                            5.66 |                            4.57 |                         9.79 |                        13.38 |
| 2807908144 |                            3.22 |                            3.73 |                            3.44 |                         9.81 |                        12.44 |
| 2807908145 |                            2.55 |                            3.48 |                            2.95 |                        10.43 |                        12.79 |
| 2807908146 |                            4.76 |                            0.77 |                            3.03 |                         8.87 |                        10.93 |
| 2807908147 |                            5.17 |                            2.46 |                               4 |                         9.23 |                        12.15 |
| 2807908148 |                            4.27 |                            1.65 |                            3.14 |                        10.96 |                        13.61 |
| 2807908149 |                            4.48 |                            5.16 |                            4.77 |                         7.54 |                        10.45 |
| 2807908150 |                            1.56 |                            3.14 |                            2.24 |                        10.34 |                        12.08 |
| 2807908151 |                            2.56 |                            1.77 |                            2.22 |                         9.21 |                        10.73 |
| 2807908152 |                            3.48 |                            3.87 |                            3.65 |                        10.53 |                        13.52 |
| 2807908153 |                            2.82 |                            4.44 |                            3.51 |                         8.32 |                        10.59 |
| 2807908154 |                            3.14 |                            2.31 |                            2.78 |                        12.81 |                        15.52 |
| 2807908155 |                            4.45 |                            4.15 |                            4.32 |                         8.98 |                        12.08 |
| 2807908156 |                             3.4 |                            1.71 |                            2.67 |                         9.99 |                        12.01 |
| 2807908157 |                            4.71 |                            1.01 |                            3.11 |                        12.77 |                        15.81 |
| 2807908158 |                            4.33 |                            1.32 |                            3.03 |                        10.35 |                        12.76 |
| 2807908159 |                            2.56 |                            2.84 |                            2.68 |                        10.39 |                         12.5 |
| 2807908160 |                            4.23 |                            3.18 |                            3.78 |                        10.32 |                        13.38 |
| 2807908161 |                             7.5 |                            0.99 |                            4.66 |                        13.02 |                        17.91 |
| 2807908162 |                            4.04 |                            1.26 |                            2.84 |                        10.34 |                        12.58 |
| 2807908163 |                            4.63 |                            1.31 |                            3.19 |                        10.44 |                        13.01 |
| 2807908164 |                            4.61 |                            2.45 |                            3.68 |                        10.44 |                        13.44 |
| 2807908165 |                            3.64 |                            3.03 |                            3.38 |                        10.88 |                        13.74 |
| 2807908166 |                            6.05 |                            3.32 |                            4.87 |                         8.43 |                        11.76 |
| 2807908167 |                            3.67 |                               1 |                            2.52 |                        11.34 |                         13.5 |
| 2807908168 |                            3.94 |                            2.33 |                            3.25 |                         9.95 |                        12.44 |
| 2807908169 |                            5.04 |                            2.17 |                             3.8 |                        10.09 |                         13.1 |
| 2807908170 |                            3.66 |                            2.51 |                            3.17 |                        10.05 |                         12.5 |
| 2807908171 |                            2.86 |                            1.75 |                            2.38 |                        10.64 |                        12.55 |
| 2807908172 |                            4.29 |                            0.99 |                            2.86 |                           10 |                        12.18 |
| 2807908173 |                            4.67 |                            2.88 |                             3.9 |                         10.2 |                        13.33 |
| 2807908174 |                            3.64 |                            0.55 |                             2.3 |                        12.04 |                        14.12 |
| 2807908175 |                            4.18 |                            2.02 |                            3.25 |                        10.24 |                        12.81 |
| 2807908176 |                             5.6 |                            1.81 |                            3.96 |                           10 |                        13.12 |
| 2807908177 |                            4.33 |                            2.09 |                            3.37 |                        10.58 |                        13.34 |
| 2807908178 |                            4.51 |                            1.95 |                            3.41 |                        11.08 |                        14.01 |
| 2807908179 |                            3.82 |                            1.58 |                            2.85 |                        10.47 |                        12.75 |
| 2807908180 |                            3.61 |                            3.16 |                            3.42 |                         9.34 |                        11.81 |
| 2807908182 |                            2.37 |                            4.12 |                            3.12 |                         9.17 |                        11.36 |
| 2807908183 |                            4.02 |                            2.74 |                            3.47 |                        12.59 |                        15.99 |
| 2807908184 |                             4.7 |                            0.74 |                            2.99 |                        11.55 |                        14.19 |
| 2807908185 |                            4.59 |                            1.08 |                            3.07 |                           10 |                        12.36 |
| 2807908186 |                            4.14 |                            1.33 |                            2.93 |                           10 |                        12.24 |
| 2807908187 |                            4.53 |                            2.08 |                            3.47 |                        12.44 |                         15.8 |
| 2807908188 |                            3.45 |                            3.08 |                            3.29 |                         9.59 |                        12.03 |
| 2807909001 |                             5.6 |                            0.46 |                            3.37 |                        11.22 |                        14.15 |
| 2807909002 |                            6.51 |                            2.68 |                            4.85 |                         9.38 |                        13.06 |
| 2807909004 |                            5.93 |                             1.5 |                            4.01 |                         9.21 |                        12.13 |
| 2807909005 |                            7.06 |                            2.11 |                            4.91 |                         8.91 |                        12.47 |
| 2807909006 |                            2.52 |                            1.78 |                             2.2 |                         9.78 |                        11.39 |
| 2807909007 |                             3.2 |                            7.85 |                            5.17 |                         8.67 |                        12.33 |
| 2807909008 |                            2.99 |                            2.52 |                            2.79 |                        10.21 |                        12.38 |
| 2807909009 |                             6.9 |                            0.61 |                            4.16 |                        10.77 |                        14.32 |
| 2807909010 |                            3.73 |                            0.58 |                            2.37 |                        13.01 |                        15.33 |
| 2807909011 |                            4.43 |                            3.26 |                            3.93 |                        11.65 |                        15.26 |
| 2807909012 |                            7.03 |                            2.71 |                            5.16 |                        11.11 |                         15.8 |
| 2807909013 |                            6.71 |                            2.97 |                            5.09 |                        12.05 |                        17.06 |
| 2807909014 |                            5.23 |                            1.43 |                            3.59 |                        14.09 |                        18.02 |
| 2807909015 |                            5.17 |                            1.32 |                             3.5 |                        12.49 |                        15.89 |
| 2807909016 |                            5.16 |                            4.39 |                            4.83 |                         12.5 |                        17.39 |
| 2807909017 |                            6.08 |                            3.49 |                            4.96 |                         11.9 |                        16.71 |
| 2807909018 |                            3.79 |                            3.93 |                            3.85 |                        11.46 |                        14.93 |
| 2807909019 |                            5.35 |                            1.07 |                            3.49 |                        11.47 |                        14.58 |
| 2807909020 |                            5.67 |                            1.65 |                            3.93 |                        12.41 |                        16.25 |
| 2807909021 |                            6.36 |                            3.79 |                            5.25 |                        10.42 |                        14.91 |
| 2807909022 |                            3.67 |                            2.71 |                            3.26 |                        13.85 |                        17.33 |
| 2807909023 |                            4.56 |                            1.27 |                            3.14 |                        12.64 |                        15.69 |
| 2807909024 |                            5.42 |                            3.56 |                            4.62 |                        11.61 |                        15.93 |
| 2807909025 |                             6.5 |                            0.56 |                            3.91 |                        12.06 |                        15.78 |
| 2807909026 |                            6.22 |                            2.17 |                            4.47 |                        12.62 |                        17.13 |
| 2807909028 |                            5.24 |                            1.14 |                            3.46 |                        13.31 |                        16.89 |
| 2807909029 |                           10.12 |                           -0.68 |                            5.35 |                        10.56 |                        15.22 |
| 2807909030 |                            6.93 |                            1.54 |                            4.59 |                        11.92 |                        16.32 |
| 2807909031 |                            4.33 |                            1.74 |                            3.22 |                        12.39 |                        15.47 |
| 2807909033 |                            4.05 |                            1.13 |                            2.79 |                        11.79 |                        14.29 |
| 2807909034 |                             4.9 |                            2.42 |                            3.83 |                        11.95 |                        15.55 |
| 2807909035 |                            3.79 |                           -0.04 |                            2.13 |                        11.49 |                        13.32 |
| 2807909036 |                            6.65 |                            2.39 |                             4.8 |                         11.3 |                        15.69 |
| 2807909037 |                            3.26 |                             1.3 |                            2.42 |                        14.36 |                        16.97 |
| 2807909038 |                            2.01 |                            5.03 |                            3.29 |                        10.14 |                        12.72 |
| 2807909039 |                            3.42 |                            2.62 |                            3.08 |                        11.36 |                        14.05 |
| 2807909040 |                            4.86 |                            3.25 |                            4.17 |                        10.49 |                        13.97 |
| 2807909041 |                            5.86 |                            3.91 |                            5.02 |                         9.01 |                        12.69 |
| 2807909043 |                            4.43 |                            2.18 |                            3.46 |                         10.9 |                        13.83 |
| 2807909044 |                            3.71 |                            3.51 |                            3.62 |                         8.44 |                        10.82 |
| 2807909045 |                            3.25 |                            1.92 |                            2.68 |                        11.33 |                        13.63 |
| 2807909046 |                            4.23 |                            1.58 |                            3.09 |                        11.53 |                        14.26 |
| 2807909047 |                            3.74 |                            1.54 |                            2.79 |                        10.31 |                         12.5 |
| 2807909049 |                            3.41 |                            2.94 |                            3.21 |                         9.27 |                        11.57 |
| 2807909050 |                            3.59 |                            2.85 |                            3.27 |                         9.84 |                        12.33 |
| 2807909051 |                            4.43 |                            2.31 |                            3.52 |                         8.81 |                        11.22 |
| 2807909052 |                             4.2 |                            1.36 |                            2.98 |                         9.46 |                        11.61 |
| 2807909053 |                            3.68 |                            1.15 |                            2.59 |                        12.82 |                        15.33 |
| 2807909054 |                            5.12 |                            3.08 |                            4.24 |                          8.7 |                        11.63 |
| 2807909055 |                            4.21 |                            3.37 |                            3.85 |                         8.86 |                        11.54 |
| 2807909056 |                            3.19 |                               3 |                            3.11 |                        10.22 |                        12.67 |
| 2807909057 |                            4.01 |                            1.24 |                            2.82 |                         8.56 |                         10.4 |
| 2807909058 |                            2.82 |                            3.31 |                            3.03 |                         9.38 |                        11.56 |
| 2807909060 |                             4.9 |                            2.28 |                            3.77 |                         9.51 |                        12.32 |
| 2807909061 |                             5.5 |                            2.33 |                            4.13 |                         8.69 |                        11.54 |
| 2807909063 |                            4.97 |                            5.79 |                            5.32 |                          9.5 |                        13.66 |
| 2807909064 |                            5.97 |                            2.33 |                             4.4 |                         8.41 |                        11.36 |
| 2807909065 |                            3.46 |                            4.57 |                            3.94 |                         9.19 |                        12.04 |
| 2807909066 |                            3.93 |                            3.79 |                            3.87 |                         8.96 |                        11.68 |
| 2807909067 |                            6.84 |                            3.08 |                            5.21 |                        10.46 |                        14.92 |
| 2807909068 |                            5.23 |                            2.83 |                             4.2 |                         9.78 |                        13.04 |
| 2807909069 |                            6.03 |                            1.58 |                             4.1 |                         9.63 |                        12.76 |
| 2807909070 |                            3.88 |                            6.02 |                            4.79 |                         8.93 |                        12.39 |
| 2807909071 |                            4.69 |                            2.46 |                            3.73 |                        12.28 |                        15.87 |
| 2807909072 |                            5.26 |                            9.36 |                               7 |                        10.75 |                        17.26 |
| 2807909073 |                            3.08 |                            2.26 |                            2.73 |                        13.87 |                        16.75 |
| 2807909074 |                               4 |                            3.48 |                            3.78 |                         9.46 |                        12.27 |
| 2807909075 |                            4.13 |                            2.97 |                            3.63 |                        10.63 |                        13.65 |
| 2807909076 |                             4.3 |                            1.76 |                             3.2 |                         9.61 |                        11.99 |
| 2807909077 |                            1.85 |                            3.26 |                            2.45 |                        10.72 |                        12.71 |
| 2807909079 |                            1.04 |                             2.3 |                            1.58 |                         9.41 |                         10.5 |
| 2807909080 |                            4.58 |                            2.64 |                            3.75 |                        10.89 |                        14.09 |
| 2807909081 |                            4.19 |                            2.13 |                             3.3 |                        11.12 |                        13.96 |
| 2807909082 |                            2.26 |                               3 |                            2.58 |                         9.87 |                         11.8 |
| 2807909083 |                            3.48 |                            3.06 |                             3.3 |                        11.32 |                        14.22 |
| 2807909084 |                            5.18 |                             0.7 |                            3.24 |                        11.34 |                        14.17 |
| 2807909085 |                             3.9 |                            0.66 |                             2.5 |                        10.14 |                        12.05 |
| 2807909086 |                            3.04 |                            1.08 |                             2.2 |                         13.3 |                        15.48 |
| 2807909088 |                            3.87 |                            2.75 |                            3.39 |                        10.98 |                        13.86 |
| 2807909090 |                            3.14 |                            2.86 |                            3.02 |                        10.97 |                        13.52 |
| 2807909091 |                             4.6 |                            1.12 |                            3.09 |                        13.43 |                        16.62 |
| 2807909092 |                            7.06 |                            3.76 |                            5.64 |                            9 |                         13.2 |
| 2807910001 |                            5.34 |                            4.16 |                            4.84 |                         7.07 |                         9.85 |
| 2807910004 |                            5.47 |                            6.51 |                            5.92 |                         6.85 |                        10.24 |
| 2807910005 |                            4.69 |                            2.86 |                             3.9 |                         7.16 |                         9.36 |
| 2807910006 |                            3.69 |                            2.22 |                            3.06 |                         9.77 |                        12.06 |
| 2807910007 |                            5.16 |                            4.31 |                             4.8 |                         8.36 |                         11.6 |
| 2807910008 |                            2.34 |                             2.3 |                            2.32 |                         8.82 |                        10.36 |
| 2807910009 |                            3.17 |                            5.11 |                               4 |                         8.28 |                        10.89 |
| 2807910010 |                             2.4 |                            5.06 |                            3.53 |                         7.23 |                         9.22 |
| 2807910011 |                            5.39 |                            3.12 |                            4.41 |                         8.15 |                        11.03 |
| 2807910012 |                            4.55 |                            2.09 |                            3.49 |                          8.8 |                        11.19 |
| 2807910013 |                            4.49 |                            2.81 |                            3.77 |                         8.33 |                        10.79 |
| 2807910014 |                            6.41 |                            1.65 |                            4.34 |                         8.67 |                        11.67 |
| 2807910015 |                            4.65 |                            3.93 |                            4.34 |                         8.74 |                        11.76 |
| 2807910016 |                             4.3 |                            4.95 |                            4.58 |                           10 |                        13.68 |
| 2807910017 |                            4.25 |                            7.66 |                             5.7 |                         7.86 |                        11.58 |
| 2807910018 |                            6.41 |                            1.73 |                            4.38 |                         9.19 |                         12.4 |
| 2807910020 |                             4.8 |                            3.91 |                            4.42 |                         8.42 |                        11.39 |
| 2807910021 |                               4 |                            3.76 |                             3.9 |                         9.32 |                        12.19 |
| 2807910022 |                            4.45 |                            4.05 |                            4.28 |                         9.32 |                         12.5 |
| 2807910023 |                            4.72 |                            4.97 |                            4.83 |                          9.8 |                        13.64 |
| 2807910024 |                            3.09 |                            5.18 |                            3.98 |                         9.54 |                        12.54 |
| 2807910025 |                            2.97 |                            2.86 |                            2.92 |                         9.82 |                        12.01 |
| 2807910026 |                            3.18 |                            2.46 |                            2.87 |                        10.29 |                        12.55 |
| 2807910027 |                            4.31 |                            4.21 |                            4.27 |                         9.72 |                        13.02 |
| 2807910028 |                            6.94 |                            1.74 |                            4.68 |                         8.47 |                        11.67 |
| 2807910029 |                            5.34 |                            6.19 |                            5.71 |                         7.75 |                        11.43 |
| 2807910030 |                            6.01 |                            2.69 |                            4.58 |                         8.28 |                        11.33 |
| 2807910031 |                            6.24 |                            4.32 |                            5.42 |                         7.92 |                        11.46 |
| 2807910032 |                            4.81 |                            4.22 |                            4.56 |                         8.81 |                        12.04 |
| 2807910033 |                            5.88 |                            2.36 |                            4.36 |                          9.2 |                        12.41 |
| 2807910034 |                             4.4 |                            4.37 |                            4.38 |                         8.67 |                         11.7 |
| 2807910035 |                            6.58 |                           -0.02 |                             3.7 |                         8.72 |                        11.25 |
| 2807910036 |                            4.68 |                            3.66 |                            4.25 |                         8.72 |                        11.67 |
| 2807910037 |                            5.02 |                            3.87 |                            4.52 |                         9.25 |                        12.61 |
| 2807910038 |                            4.99 |                            4.97 |                            4.98 |                         7.92 |                        11.14 |
| 2807910039 |                            6.26 |                            4.14 |                            5.35 |                         7.15 |                        10.29 |
| 2807910040 |                             4.1 |                            2.84 |                            3.56 |                         8.84 |                        11.29 |
| 2807910041 |                            5.18 |                            3.28 |                            4.36 |                         8.28 |                        11.17 |
| 2807910042 |                             6.2 |                            3.24 |                            4.92 |                         7.43 |                         10.4 |
| 2807910043 |                             3.8 |                            2.99 |                            3.45 |                         8.45 |                        10.71 |
| 2807910044 |                            5.22 |                            1.97 |                            3.81 |                         8.81 |                        11.45 |
| 2807910046 |                            5.93 |                            1.87 |                            4.17 |                         9.29 |                        12.36 |
| 2807910047 |                             4.7 |                            2.23 |                            3.64 |                         8.99 |                        11.54 |
| 2807910048 |                            3.87 |                            5.41 |                            4.53 |                         8.16 |                        11.13 |
| 2807910049 |                            5.75 |                            3.73 |                            4.88 |                         7.79 |                        10.87 |
| 2807910050 |                             2.3 |                            6.83 |                            4.22 |                         8.31 |                         11.1 |
| 2807910051 |                             7.6 |                            4.07 |                            6.07 |                         7.22 |                        10.91 |
| 2807910052 |                            3.43 |                            3.38 |                            3.41 |                         8.14 |                         10.3 |
| 2807910053 |                            4.63 |                            6.91 |                             5.6 |                         7.62 |                        11.16 |
| 2807910054 |                            3.05 |                            4.32 |                            3.59 |                         8.92 |                        11.42 |
| 2807910055 |                            3.51 |                            3.18 |                            3.37 |                         8.77 |                        11.06 |
| 2807910056 |                            5.58 |                            3.63 |                            4.74 |                         8.07 |                        11.15 |
| 2807910057 |                            4.22 |                             4.1 |                            4.17 |                         8.83 |                        11.75 |
| 2807910058 |                            3.78 |                            3.18 |                            3.52 |                         8.33 |                        10.62 |
| 2807910059 |                            6.84 |                            3.85 |                            5.55 |                         8.27 |                        12.07 |
| 2807910060 |                            2.82 |                            1.66 |                            2.32 |                         8.65 |                        10.16 |
| 2807910061 |                            2.78 |                            0.36 |                            1.74 |                         8.35 |                         9.42 |
| 2807910062 |                            6.67 |                            4.96 |                            5.94 |                         6.29 |                         9.42 |
| 2807910063 |                            2.57 |                            4.37 |                            3.34 |                         7.04 |                         8.86 |
| 2807910065 |                            4.15 |                             2.9 |                            3.61 |                         6.85 |                         8.78 |
| 2807910067 |                            4.83 |                            5.24 |                            5.01 |                         8.18 |                        11.52 |
| 2807910068 |                             2.3 |                            4.81 |                            3.37 |                         9.09 |                        11.46 |
| 2807910069 |                            4.35 |                            2.44 |                            3.53 |                         7.74 |                         9.86 |
| 2807910070 |                            4.43 |                             3.7 |                            4.12 |                         7.75 |                        10.27 |
| 2807910072 |                            4.22 |                            3.89 |                            4.08 |                         8.49 |                        11.24 |
| 2807910073 |                            4.55 |                            2.37 |                            3.61 |                         7.46 |                         9.57 |
| 2807910074 |                            3.72 |                            2.47 |                            3.18 |                         8.24 |                        10.26 |
| 2807910075 |                            3.45 |                            4.47 |                            3.89 |                         8.02 |                        10.48 |
| 2807910076 |                            5.46 |                            1.01 |                            3.53 |                         7.35 |                         9.37 |
| 2807910077 |                            4.85 |                            4.93 |                            4.89 |                         8.12 |                        11.35 |
| 2807910078 |                            5.99 |                             4.7 |                            5.44 |                         7.86 |                        11.38 |
| 2807910081 |                            5.18 |                            3.06 |                            4.27 |                         7.45 |                         9.97 |
| 2807910082 |                            4.43 |                            3.15 |                            3.88 |                          7.6 |                         9.92 |
| 2807910083 |                            3.85 |                            0.08 |                            2.22 |                         7.85 |                         9.15 |
| 2807910084 |                            3.92 |                            4.01 |                            3.96 |                         7.87 |                        10.33 |
| 2807910086 |                            4.33 |                            2.71 |                            3.63 |                         8.04 |                        10.32 |
| 2807910087 |                             3.8 |                            2.92 |                            3.42 |                         7.46 |                         9.44 |
| 2807910088 |                            4.62 |                            2.74 |                            3.81 |                          7.7 |                           10 |
| 2807910089 |                            3.21 |                            4.51 |                            3.77 |                         8.08 |                        10.46 |
| 2807910090 |                            1.58 |                            3.32 |                            2.32 |                         7.32 |                          8.6 |
| 2807910091 |                            2.74 |                            2.65 |                             2.7 |                         7.69 |                         9.27 |
| 2807910092 |                             4.7 |                            3.63 |                            4.24 |                         8.05 |                        10.77 |
| 2807910093 |                            4.33 |                            3.33 |                             3.9 |                         7.81 |                        10.21 |
| 2807910094 |                            3.85 |                            3.76 |                            3.81 |                         7.47 |                         9.71 |
| 2807910095 |                            4.04 |                            3.88 |                            3.97 |                         7.23 |                         9.49 |
| 2807910096 |                            3.32 |                            4.68 |                             3.9 |                         7.31 |                         9.56 |
| 2807910098 |                            3.43 |                            3.99 |                            3.67 |                            8 |                        10.29 |
| 2807910099 |                            2.65 |                            4.12 |                            3.28 |                         8.13 |                        10.19 |
| 2807910100 |                            2.02 |                            3.72 |                            2.75 |                         8.57 |                        10.36 |
| 2807910101 |                            3.22 |                            2.34 |                            2.84 |                         8.33 |                        10.14 |
| 2807910102 |                            3.33 |                            4.13 |                            3.67 |                         7.73 |                         9.95 |
| 2807910103 |                            4.01 |                            4.43 |                            4.19 |                            8 |                        10.66 |
| 2807910106 |                            2.39 |                            3.41 |                            2.83 |                          7.3 |                         8.88 |
| 2807910107 |                            7.41 |                            1.13 |                            4.67 |                         6.67 |                         9.18 |
| 2807910108 |                            2.98 |                            3.94 |                            3.39 |                         7.63 |                         9.64 |
| 2807910109 |                            4.59 |                            1.64 |                            3.31 |                          7.5 |                         9.42 |
| 2807910110 |                            2.59 |                               3 |                            2.76 |                         7.46 |                         9.03 |
| 2807910111 |                             2.9 |                             4.6 |                            3.62 |                         7.32 |                         9.39 |
| 2807910112 |                            3.93 |                            1.85 |                            3.04 |                         7.26 |                         8.96 |
| 2807910113 |                            3.73 |                            3.09 |                            3.46 |                         7.09 |                         8.99 |
| 2807910114 |                            4.66 |                             2.7 |                            3.82 |                         7.35 |                         9.56 |
| 2807910115 |                             3.7 |                            3.45 |                            3.59 |                          7.3 |                         9.35 |
| 2807910116 |                            2.52 |                            4.67 |                            3.44 |                         8.82 |                        11.18 |
| 2807910117 |                             4.9 |                            2.43 |                            3.84 |                         7.38 |                          9.6 |
| 2807910118 |                            2.02 |                            4.41 |                            3.04 |                         8.82 |                        10.88 |
| 2807910119 |                            2.93 |                            3.81 |                            3.31 |                         8.12 |                         10.2 |
| 2807910120 |                            3.64 |                            2.39 |                            3.11 |                         7.82 |                         9.69 |
| 2807910121 |                            3.37 |                            1.97 |                            2.77 |                         8.47 |                        10.26 |
| 2807910122 |                            3.98 |                            4.73 |                            4.31 |                         7.07 |                          9.5 |
| 2807910123 |                            4.23 |                            3.38 |                            3.87 |                         8.15 |                        10.62 |
| 2807910124 |                            3.06 |                            4.07 |                            3.49 |                         8.73 |                         11.1 |
| 2807910125 |                            3.56 |                            2.91 |                            3.28 |                         8.45 |                        10.59 |
| 2807910126 |                            3.22 |                            2.99 |                            3.12 |                         8.59 |                        10.66 |
| 2807910127 |                            3.25 |                            2.85 |                            3.08 |                         8.33 |                         10.3 |
| 2807910128 |                            2.78 |                            2.87 |                            2.82 |                         8.91 |                        10.83 |
| 2807910129 |                            2.74 |                            3.61 |                            3.12 |                            8 |                         9.92 |
| 2807910130 |                             2.9 |                            3.02 |                            2.95 |                         8.19 |                        10.03 |
| 2807910131 |                            6.55 |                            3.96 |                            5.43 |                         7.25 |                        10.49 |
| 2807910132 |                            4.15 |                            4.23 |                            4.19 |                         7.08 |                         9.44 |
| 2807910133 |                            2.84 |                            3.46 |                            3.11 |                         8.82 |                        10.93 |
| 2807910134 |                            3.65 |                            3.61 |                            3.63 |                         7.55 |                         9.69 |
| 2807910135 |                            3.36 |                            3.16 |                            3.27 |                         8.11 |                        10.16 |
| 2807910136 |                            3.53 |                            2.03 |                            2.88 |                          8.2 |                           10 |
| 2807910137 |                            6.72 |                             2.3 |                            4.81 |                         8.18 |                        11.36 |
| 2807910138 |                            5.36 |                            0.46 |                            3.23 |                         7.45 |                         9.31 |
| 2807910139 |                            3.89 |                            3.73 |                            3.82 |                         7.58 |                         9.85 |
| 2807910140 |                            4.19 |                            5.73 |                            4.85 |                         7.66 |                        10.67 |
| 2807910142 |                            4.26 |                            2.98 |                            3.71 |                         7.64 |                         9.86 |
| 2807910143 |                            2.63 |                            5.12 |                            3.69 |                         7.87 |                        10.14 |
| 2807910144 |                            4.26 |                            3.51 |                            3.94 |                         9.04 |                        11.85 |
| 2807910145 |                            3.88 |                             4.4 |                            4.11 |                         8.22 |                        10.89 |
| 2807910146 |                            4.12 |                            2.74 |                            3.53 |                         8.44 |                        10.76 |
| 2807910147 |                             5.5 |                             3.6 |                            4.68 |                            8 |                        11.02 |
| 2807910148 |                            4.58 |                            3.68 |                             4.2 |                         8.45 |                        11.27 |
| 2807910149 |                            2.91 |                            3.31 |                            3.08 |                         8.46 |                        10.46 |
| 2807910150 |                            3.83 |                            6.27 |                            4.87 |                         8.44 |                        11.77 |
| 2807910151 |                            4.66 |                            4.64 |                            4.65 |                         8.33 |                        11.46 |
| 2807910152 |                            7.55 |                            0.49 |                            4.47 |                         7.27 |                         9.87 |
| 2807910153 |                            3.33 |                            1.63 |                             2.6 |                          9.8 |                        11.72 |
| 2807910154 |                            5.47 |                            3.92 |                            4.81 |                         7.55 |                        10.48 |
| 2807910156 |                            3.21 |                            2.55 |                            2.93 |                         6.63 |                         8.12 |
| 2807910161 |                            4.07 |                            2.64 |                            3.46 |                         8.52 |                        10.81 |
| 2807910162 |                            2.67 |                            3.34 |                            2.96 |                         9.06 |                        11.11 |
| 2807910163 |                            1.81 |                            3.41 |                            2.49 |                         8.42 |                           10 |
| 2807910164 |                            3.78 |                             2.7 |                            3.32 |                         7.89 |                         9.92 |
| 2807910165 |                            4.59 |                            5.34 |                            4.91 |                         7.88 |                        11.01 |
| 2807910167 |                            3.23 |                            2.78 |                            3.04 |                         8.69 |                        10.71 |
| 2807910168 |                            4.15 |                            3.19 |                            3.74 |                         8.02 |                        10.37 |
| 2807910169 |                            4.66 |                            4.45 |                            4.57 |                         7.94 |                        10.85 |
| 2807910170 |                            2.63 |                            4.75 |                            3.53 |                         7.62 |                         9.71 |
| 2807910171 |                            3.55 |                            1.42 |                            2.63 |                         7.68 |                         9.21 |
| 2807910172 |                            2.35 |                            0.07 |                            1.37 |                         7.75 |                         8.52 |
| 2807910173 |                            2.64 |                            4.62 |                            3.49 |                         7.76 |                         9.86 |
| 2807910174 |                            3.66 |                            3.32 |                            3.51 |                         7.43 |                         9.46 |
| 2807910175 |                            2.08 |                            3.58 |                            2.72 |                         7.84 |                         9.46 |
| 2807910176 |                            3.25 |                            1.32 |                            2.42 |                         7.43 |                         8.78 |
| 2807910178 |                            3.79 |                            1.95 |                               3 |                         8.64 |                        10.62 |
| 2807910179 |                             2.2 |                            4.33 |                            3.11 |                         8.33 |                        10.32 |
| 2807910180 |                             2.9 |                            3.74 |                            3.26 |                         7.25 |                         9.07 |
| 2807910181 |                            7.79 |                            2.75 |                             5.6 |                         7.14 |                        10.46 |
| 2807910182 |                            3.92 |                            3.99 |                            3.95 |                         8.24 |                         10.8 |
| 2807910183 |                            2.98 |                            3.27 |                            3.11 |                         7.85 |                         9.73 |
| 2807910184 |                            4.66 |                            1.04 |                             3.1 |                         7.15 |                         8.85 |
| 2807910185 |                            6.15 |                            2.07 |                            4.38 |                         6.94 |                         9.38 |
| 2807910187 |                            5.18 |                            3.17 |                            4.31 |                          7.2 |                         9.68 |
| 2807910188 |                            3.73 |                            2.33 |                            3.13 |                         8.23 |                         10.2 |
| 2807910189 |                             4.6 |                            2.59 |                            3.73 |                         7.37 |                         9.52 |
| 2807910190 |                            4.98 |                            4.02 |                            4.57 |                         7.55 |                        10.32 |
| 2807910191 |                            4.44 |                            3.17 |                            3.89 |                         7.76 |                        10.13 |
| 2807910192 |                            4.31 |                            4.81 |                            4.52 |                         6.95 |                         9.48 |
| 2807910193 |                            8.06 |                            2.23 |                            5.53 |                         6.32 |                         9.21 |
| 2807910194 |                            2.72 |                            5.46 |                            3.89 |                         7.44 |                         9.72 |
| 2807910197 |                            4.04 |                            3.94 |                               4 |                         7.56 |                         9.95 |
| 2807910198 |                               3 |                            2.22 |                            2.67 |                         7.92 |                         9.52 |
| 2807910199 |                            6.38 |                            2.64 |                            4.76 |                         7.12 |                         9.86 |
| 2807910201 |                            2.99 |                            3.73 |                            3.31 |                         7.84 |                         9.85 |
| 2807910202 |                            3.48 |                            2.22 |                            2.94 |                         7.39 |                         9.05 |
| 2807910203 |                            5.48 |                            4.14 |                            4.91 |                         7.53 |                        10.53 |
| 2807910204 |                            3.01 |                            3.92 |                             3.4 |                         7.97 |                        10.07 |
| 2807910205 |                            4.13 |                            0.29 |                            2.47 |                         7.29 |                         8.65 |
| 2807910206 |                            5.98 |                            2.22 |                            4.36 |                         9.66 |                        13.02 |
| 2807910207 |                            3.33 |                            2.67 |                            3.05 |                         8.18 |                         10.1 |
| 2807910209 |                            3.04 |                            2.46 |                            2.79 |                          7.9 |                         9.58 |
| 2807910210 |                            6.22 |                            7.51 |                            6.77 |                         5.66 |                         8.95 |
| 2807910211 |                            4.13 |                            1.55 |                            3.02 |                         9.88 |                        12.16 |
| 2807910212 |                            2.39 |                            2.49 |                            2.44 |                         7.76 |                         9.18 |
| 2807910213 |                            4.35 |                            2.29 |                            3.46 |                         8.62 |                        10.93 |
| 2807910214 |                            2.32 |                            2.05 |                             2.2 |                         8.38 |                         9.76 |
| 2807910215 |                            3.62 |                            5.27 |                            4.33 |                         8.38 |                        11.27 |
| 2807910216 |                             3.4 |                            2.37 |                            2.96 |                        11.29 |                        13.84 |
| 2807910217 |                            2.79 |                            5.22 |                            3.83 |                         8.83 |                        11.49 |
| 2807910218 |                            2.78 |                            1.53 |                            2.25 |                        10.05 |                        11.75 |
| 2807910219 |                            2.13 |                            4.04 |                            2.94 |                         8.39 |                        10.27 |
| 2807910220 |                            3.26 |                            4.98 |                            3.99 |                         8.51 |                        11.19 |
| 2807910221 |                               5 |                            0.61 |                            3.09 |                        12.12 |                           15 |
| 2807911001 |                            6.31 |                            1.58 |                            4.26 |                         9.74 |                        13.04 |
| 2807911002 |                            4.76 |                            3.34 |                            4.15 |                         8.36 |                        11.11 |
| 2807911003 |                            5.21 |                            3.34 |                            4.41 |                         8.64 |                        11.69 |
| 2807911004 |                            4.53 |                            4.44 |                            4.49 |                          8.8 |                        11.97 |
| 2807911005 |                            4.15 |                            2.41 |                             3.4 |                          8.5 |                        10.74 |
| 2807911006 |                             4.7 |                            3.76 |                             4.3 |                         8.28 |                        11.12 |
| 2807911007 |                            5.82 |                            2.65 |                            4.45 |                         8.12 |                        11.02 |
| 2807911010 |                            3.63 |                            3.66 |                            3.64 |                         8.92 |                        11.46 |
| 2807911011 |                            5.27 |                            0.41 |                            3.16 |                         7.22 |                         8.97 |
| 2807911012 |                             4.7 |                            4.23 |                             4.5 |                         9.52 |                        12.96 |
| 2807911013 |                            7.52 |                            2.48 |                            5.33 |                         8.33 |                        11.98 |
| 2807911015 |                            4.69 |                            3.58 |                            4.22 |                         7.96 |                        10.62 |
| 2807911016 |                            4.93 |                            3.14 |                            4.16 |                         9.06 |                        12.05 |
| 2807911017 |                            3.65 |                            5.38 |                            4.39 |                         9.45 |                        12.77 |
| 2807911018 |                            5.75 |                            0.79 |                             3.6 |                         7.25 |                         9.28 |
| 2807911019 |                            4.67 |                               3 |                            3.95 |                         7.56 |                         9.92 |
| 2807911021 |                            4.95 |                            3.46 |                            4.31 |                         7.61 |                        10.22 |
| 2807911022 |                            4.71 |                             2.8 |                            3.89 |                         8.51 |                        11.11 |
| 2807911023 |                             5.6 |                            4.17 |                            4.99 |                         7.67 |                        10.78 |
| 2807911024 |                             7.1 |                            2.09 |                            4.93 |                         7.14 |                           10 |
| 2807911025 |                               4 |                            3.66 |                            3.85 |                          7.5 |                         9.77 |
| 2807911026 |                            4.45 |                               4 |                            4.25 |                         8.31 |                        11.12 |
| 2807911028 |                            6.02 |                            3.87 |                            5.09 |                         6.31 |                         8.93 |
| 2807911029 |                            2.84 |                            6.31 |                            4.32 |                         7.38 |                         9.91 |
| 2807911030 |                            3.62 |                             7.5 |                            5.27 |                         7.16 |                        10.26 |
| 2807911031 |                            6.65 |                            6.17 |                            6.44 |                          6.3 |                         9.76 |
| 2807911032 |                            5.49 |                            2.38 |                            4.15 |                         7.64 |                        10.16 |
| 2807911033 |                            3.31 |                             3.9 |                            3.56 |                         8.39 |                        10.72 |
| 2807911034 |                            1.99 |                            5.09 |                            3.31 |                         9.24 |                        11.61 |
| 2807911035 |                            2.46 |                            3.58 |                            2.94 |                         8.05 |                         9.86 |
| 2807911036 |                            4.65 |                             4.1 |                            4.42 |                         8.38 |                        11.33 |
| 2807911037 |                            4.45 |                            3.12 |                            3.88 |                         8.67 |                        11.32 |
| 2807911038 |                            5.27 |                            4.13 |                            4.78 |                         7.58 |                        10.52 |
| 2807911039 |                            4.38 |                            4.24 |                            4.33 |                        10.21 |                        13.73 |
| 2807911040 |                            5.45 |                            3.67 |                            4.69 |                         7.76 |                        10.69 |
| 2807911041 |                             3.6 |                            4.57 |                            4.02 |                         8.33 |                        10.98 |
| 2807911042 |                            6.59 |                            3.61 |                             5.3 |                         8.33 |                        11.96 |
| 2807911043 |                            7.96 |                            3.81 |                            6.16 |                         7.79 |                        11.83 |
| 2807911044 |                            3.39 |                            5.11 |                            4.12 |                         8.66 |                        11.49 |
| 2807911045 |                            5.69 |                            4.07 |                            4.99 |                         8.23 |                        11.57 |
| 2807911046 |                            5.57 |                             1.7 |                            3.89 |                          8.8 |                         11.5 |
| 2807911047 |                            5.02 |                            3.21 |                            4.24 |                         9.15 |                        12.24 |
| 2807911048 |                            5.82 |                            5.27 |                            5.59 |                         7.68 |                        11.23 |
| 2807911049 |                            4.94 |                            2.17 |                            3.75 |                         8.96 |                        11.59 |
| 2807911050 |                            7.52 |                             2.6 |                            5.39 |                         7.81 |                        11.28 |
| 2807911051 |                            6.53 |                             3.3 |                            5.13 |                         8.09 |                        11.48 |
| 2807911055 |                            6.72 |                            3.65 |                            5.39 |                         7.77 |                        11.23 |
| 2807911056 |                            3.54 |                            3.63 |                            3.58 |                         8.46 |                        10.82 |
| 2807911057 |                             6.5 |                            4.04 |                            5.44 |                         7.84 |                        11.36 |
| 2807911058 |                            5.97 |                            3.98 |                            5.11 |                          7.5 |                        10.63 |
| 2807911059 |                            4.67 |                            2.88 |                             3.9 |                         8.05 |                        10.52 |
| 2807911061 |                            4.19 |                            4.17 |                            4.18 |                         8.93 |                         11.9 |
| 2807911062 |                            5.15 |                            2.21 |                            3.88 |                         8.64 |                        11.27 |
| 2807911063 |                            4.46 |                               4 |                            4.27 |                         7.47 |                           10 |
| 2807911065 |                            5.09 |                            1.56 |                            3.57 |                         9.29 |                        11.87 |
| 2807911067 |                            3.01 |                            2.67 |                            2.87 |                         9.68 |                        11.79 |
| 2807911068 |                            3.13 |                            3.48 |                            3.28 |                          8.1 |                        10.16 |
| 2807911069 |                            2.94 |                            2.38 |                             2.7 |                         8.05 |                          9.7 |
| 2807911070 |                            4.62 |                            3.96 |                            4.34 |                         7.93 |                        10.68 |
| 2807911071 |                            3.63 |                            3.13 |                            3.41 |                         8.36 |                        10.57 |
| 2807911072 |                             5.3 |                             3.6 |                            4.57 |                            8 |                        10.94 |
| 2807911073 |                            5.35 |                            3.77 |                            4.67 |                         7.09 |                         9.76 |
| 2807911074 |                            4.53 |                               2 |                            3.44 |                         7.83 |                         9.92 |
| 2807911075 |                            4.87 |                             3.8 |                            4.41 |                         7.75 |                        10.48 |
| 2807911078 |                            5.03 |                            5.15 |                            5.08 |                         7.53 |                        10.66 |
| 2807911079 |                            2.18 |                            6.07 |                            3.83 |                         7.49 |                         9.74 |
| 2807911080 |                            4.57 |                            5.38 |                            4.92 |                         8.21 |                        11.49 |
| 2807911081 |                            3.94 |                            4.13 |                            4.02 |                         8.27 |                        10.89 |
| 2807911082 |                            4.17 |                            2.11 |                            3.28 |                            8 |                        10.03 |
| 2807911083 |                             3.9 |                            4.13 |                               4 |                         8.23 |                        10.83 |
| 2807911085 |                            4.69 |                            2.58 |                            3.78 |                         8.07 |                        10.47 |
| 2807911086 |                            4.84 |                            5.45 |                             5.1 |                         7.94 |                        11.24 |
| 2807911087 |                            4.15 |                            2.97 |                            3.64 |                         8.16 |                        10.48 |
| 2807911088 |                            6.68 |                             2.9 |                            5.05 |                         7.85 |                        11.08 |
| 2807911089 |                            5.08 |                            2.88 |                            4.13 |                         8.22 |                        10.91 |
| 2807911091 |                            3.29 |                            4.82 |                            3.95 |                         8.32 |                        10.91 |
| 2807911092 |                            3.41 |                            2.51 |                            3.02 |                         8.51 |                        10.48 |
| 2807911093 |                            3.51 |                            2.23 |                            2.96 |                         7.74 |                         9.49 |
| 2807911094 |                             5.4 |                            1.06 |                            3.52 |                         6.88 |                         8.76 |
| 2807911095 |                            2.57 |                            2.86 |                            2.69 |                         7.65 |                         9.22 |
| 2807911096 |                             2.6 |                            3.58 |                            3.02 |                         7.32 |                         9.01 |
| 2807911097 |                            2.62 |                            2.05 |                            2.37 |                            8 |                         9.43 |
| 2807911098 |                            4.09 |                            3.33 |                            3.76 |                         7.49 |                          9.7 |
| 2807911099 |                            3.14 |                            4.89 |                            3.89 |                         7.46 |                         9.74 |
| 2807911100 |                             4.3 |                            3.29 |                            3.87 |                         7.57 |                         9.87 |
| 2807911101 |                            2.03 |                            4.74 |                            3.19 |                         8.33 |                        10.38 |
| 2807911102 |                            6.69 |                            2.04 |                            4.67 |                         7.37 |                        10.15 |
| 2807911103 |                             4.3 |                            3.21 |                            3.83 |                         8.04 |                        10.45 |
| 2807911104 |                            4.94 |                            5.27 |                            5.08 |                         7.17 |                        10.14 |
| 2807911105 |                            8.13 |                            3.77 |                            6.24 |                         7.01 |                        10.71 |
| 2807911106 |                            3.26 |                            3.34 |                             3.3 |                         7.73 |                          9.7 |
| 2807911107 |                            4.82 |                            3.75 |                            4.36 |                         7.45 |                        10.05 |
| 2807911108 |                            2.99 |                            3.48 |                             3.2 |                         8.33 |                        10.39 |
| 2807911109 |                            3.06 |                            3.73 |                            3.35 |                         7.51 |                         9.46 |
| 2807911110 |                            4.17 |                            3.64 |                            3.95 |                         7.63 |                           10 |
| 2807911111 |                            4.19 |                            4.18 |                            4.19 |                          7.9 |                        10.53 |
| 2807911112 |                            7.38 |                            1.86 |                            4.98 |                         7.58 |                        10.65 |
| 2807911113 |                            3.67 |                            3.13 |                            3.44 |                         7.94 |                        10.05 |
| 2807911114 |                            6.34 |                            3.27 |                            5.01 |                         7.71 |                        10.86 |
| 2807911115 |                            6.14 |                            3.44 |                            4.98 |                          7.6 |                        10.68 |
| 2807911116 |                             4.9 |                             3.6 |                            4.34 |                         7.59 |                        10.22 |
| 2807911117 |                            3.71 |                            4.75 |                            4.16 |                         7.91 |                        10.52 |
| 2807911118 |                            4.71 |                            2.14 |                            3.61 |                         7.71 |                         9.88 |
| 2807911119 |                             4.7 |                            3.06 |                            3.99 |                         7.76 |                         10.2 |
| 2807911120 |                            4.21 |                            2.52 |                            3.48 |                         7.59 |                         9.64 |
| 2807911121 |                            5.12 |                            2.95 |                            4.18 |                         7.88 |                        10.49 |
| 2807911122 |                            5.61 |                            4.87 |                            5.29 |                         7.37 |                        10.57 |
| 2807911123 |                            8.24 |                             5.5 |                            7.06 |                         7.14 |                        11.51 |
| 2807911124 |                            4.26 |                            3.28 |                            3.84 |                         7.71 |                        10.04 |
| 2807911125 |                            5.72 |                            3.22 |                            4.64 |                         7.97 |                        10.94 |
| 2807911126 |                            5.37 |                             2.7 |                            4.22 |                         7.95 |                        10.61 |
| 2807911128 |                            3.36 |                            5.16 |                            4.13 |                          5.2 |                          6.9 |
| 2807911130 |                            4.18 |                            4.22 |                             4.2 |                         7.26 |                         9.68 |
| 2807911131 |                            5.74 |                            2.97 |                            4.54 |                         7.69 |                         10.5 |
| 2807911132 |                            4.22 |                            6.91 |                            5.36 |                         7.85 |                        11.31 |
| 2807911133 |                            4.43 |                            5.22 |                            4.77 |                         7.48 |                        10.36 |
| 2807911134 |                            3.58 |                            4.51 |                            3.98 |                         7.04 |                         9.25 |
| 2807911135 |                            2.87 |                            2.14 |                            2.56 |                         7.33 |                         8.75 |
| 2807911136 |                            3.66 |                            3.57 |                            3.62 |                         8.02 |                        10.29 |
| 2807911137 |                            4.92 |                            2.31 |                            3.79 |                         7.97 |                        10.34 |
| 2807911138 |                            3.58 |                            4.95 |                            4.17 |                         7.66 |                        10.19 |
| 2807911139 |                             5.2 |                            4.44 |                            4.87 |                         7.41 |                        10.34 |
| 2807911140 |                            3.22 |                            3.23 |                            3.22 |                         8.01 |                           10 |
| 2807911141 |                            3.21 |                            3.18 |                             3.2 |                         8.12 |                        10.12 |
| 2807911142 |                            3.11 |                            2.71 |                            2.94 |                         8.02 |                         9.82 |
| 2807911143 |                            2.44 |                            3.65 |                            2.96 |                         8.47 |                        10.39 |
| 2807911145 |                            3.89 |                            4.01 |                            3.94 |                          7.4 |                          9.7 |
| 2807911146 |                            1.39 |                            6.54 |                            3.57 |                         7.43 |                          9.5 |
| 2807911147 |                             5.3 |                            2.77 |                            4.21 |                         6.99 |                         9.33 |
| 2807911148 |                            4.41 |                             3.3 |                            3.93 |                         7.62 |                         9.99 |
| 2807911149 |                            0.91 |                            5.13 |                             2.7 |                         8.04 |                         9.68 |
| 2807911150 |                            4.76 |                             1.7 |                            3.44 |                         7.35 |                         9.32 |
| 2807911151 |                            4.19 |                            2.31 |                            3.38 |                          8.2 |                        10.34 |
| 2807911152 |                            4.04 |                             2.8 |                            3.51 |                         8.46 |                        10.77 |
| 2807911153 |                             4.6 |                            3.32 |                            4.05 |                         7.69 |                        10.16 |
| 2807911154 |                            2.83 |                            3.76 |                            3.23 |                            8 |                           10 |
| 2807911155 |                            4.12 |                            3.75 |                            3.96 |                         7.99 |                        10.49 |
| 2807911156 |                            2.49 |                            1.79 |                            2.19 |                        10.42 |                        12.12 |
| 2807911157 |                            4.03 |                            1.14 |                            2.78 |                         6.47 |                         7.84 |
| 2807911158 |                            0.72 |                            3.09 |                            1.73 |                         7.58 |                         8.54 |
| 2807911160 |                            6.34 |                             1.5 |                            4.24 |                         6.74 |                         9.01 |
| 2807911161 |                            2.59 |                            2.99 |                            2.76 |                         7.58 |                         9.17 |
| 2807911162 |                            4.94 |                            5.74 |                            5.28 |                         7.46 |                         10.7 |
| 2807911163 |                            6.12 |                            0.62 |                            3.72 |                         7.37 |                         9.52 |
| 2807911165 |                             3.4 |                            5.57 |                            4.33 |                         7.18 |                         9.66 |
| 2807911167 |                            3.46 |                            1.91 |                             2.8 |                         7.74 |                         9.39 |
| 2807911168 |                            3.76 |                            1.61 |                            2.83 |                         7.48 |                         9.09 |
| 2807911169 |                            5.61 |                            3.12 |                            4.54 |                         7.26 |                          9.9 |
| 2807911170 |                            4.51 |                            5.98 |                            5.14 |                         7.04 |                           10 |
| 2807911171 |                            4.71 |                            5.11 |                            4.88 |                         6.74 |                          9.4 |
| 2807911173 |                            6.02 |                            4.12 |                             5.2 |                         6.88 |                          9.8 |
| 2807911174 |                             5.6 |                             0.5 |                            3.39 |                         7.77 |                         9.81 |
| 2807911175 |                            3.88 |                             3.4 |                            3.68 |                         7.86 |                        10.12 |
| 2807911176 |                            2.61 |                            4.82 |                            3.55 |                         8.14 |                         10.4 |
| 2807911177 |                            5.24 |                            4.27 |                            4.82 |                         7.57 |                        10.53 |
| 2807911178 |                            3.89 |                            4.97 |                            4.36 |                         7.97 |                        10.74 |
| 2807911179 |                            5.42 |                            1.72 |                            3.81 |                         7.15 |                         9.29 |
| 2807911181 |                               3 |                             7.5 |                            4.91 |                         9.09 |                        12.71 |
| 2807911182 |                            3.96 |                            2.53 |                            3.34 |                         8.46 |                        10.65 |
| 2807911183 |                            3.56 |                            2.09 |                            2.93 |                         9.68 |                        11.84 |
| 2807911184 |                            3.41 |                            0.89 |                            2.32 |                         9.67 |                        11.36 |
| 2807911185 |                            2.35 |                            0.32 |                            1.48 |                          8.2 |                         9.09 |
| 2807911186 |                            1.57 |                            3.52 |                             2.4 |                         8.79 |                        10.38 |
| 2807911187 |                            4.13 |                            1.31 |                            2.91 |                        12.69 |                        15.52 |
| 2807911188 |                            2.54 |                            1.94 |                            2.28 |                         9.41 |                        11.02 |
| 2807911189 |                            3.51 |                            1.79 |                            2.77 |                         8.26 |                           10 |
| 2807911190 |                            3.96 |                               2 |                            3.11 |                         8.42 |                        10.43 |
| 2807911191 |                            3.51 |                            2.42 |                            3.04 |                         8.25 |                        10.17 |
| 2807911192 |                            2.03 |                            1.04 |                             1.6 |                        11.33 |                        12.66 |
| 2807911193 |                            1.03 |                            3.25 |                            1.98 |                         8.89 |                        10.19 |
| 2807911194 |                            5.46 |                            3.59 |                            4.66 |                         9.28 |                        12.77 |
| 2807911195 |                            4.64 |                            2.02 |                            3.51 |                        10.87 |                        13.84 |
| 2807911196 |                            1.63 |                            0.94 |                            1.33 |                         9.93 |                         10.9 |
| 2807911197 |                            2.97 |                            2.86 |                            2.92 |                        13.11 |                        16.05 |
| 2807911198 |                            5.15 |                            2.95 |                             4.2 |                        12.29 |                        16.39 |
| 2807912002 |                             3.1 |                            3.48 |                            3.27 |                         6.18 |                         7.74 |
| 2807912003 |                            2.72 |                            4.41 |                            3.44 |                         5.91 |                          7.5 |
| 2807912005 |                            7.77 |                           -1.11 |                            3.87 |                         6.18 |                         8.06 |
| 2807912007 |                             2.9 |                            5.54 |                            4.02 |                         5.91 |                         7.79 |
| 2807912008 |                            4.89 |                             3.7 |                            4.38 |                         5.38 |                         7.26 |
| 2807912010 |                            1.44 |                             3.7 |                            2.41 |                         5.54 |                         6.54 |
| 2807912013 |                            2.61 |                            7.36 |                            4.62 |                          5.7 |                         7.83 |
| 2807912015 |                            6.26 |                            3.35 |                            5.01 |                         5.21 |                         7.33 |
| 2807912016 |                            1.87 |                            3.32 |                            2.49 |                         7.14 |                         8.48 |
| 2807912022 |                            2.94 |                            4.92 |                            3.79 |                         7.04 |                         9.13 |
| 2807912024 |                            3.47 |                            1.26 |                            2.52 |                         7.69 |                         9.15 |
| 2807912027 |                             1.9 |                            4.52 |                            3.01 |                         8.51 |                        10.48 |
| 2807912028 |                            5.04 |                            5.91 |                            5.41 |                          7.5 |                        10.84 |
| 2807912029 |                            2.29 |                            2.75 |                            2.49 |                          8.2 |                         9.73 |
| 2807912030 |                            3.88 |                            1.83 |                               3 |                         6.61 |                         8.12 |
| 2807912031 |                            3.31 |                            1.39 |                            2.48 |                         6.96 |                         8.26 |
| 2807912032 |                            4.55 |                            2.67 |                            3.74 |                         6.99 |                         9.04 |
| 2807912033 |                            5.34 |                            3.04 |                            4.35 |                          7.1 |                         9.56 |
| 2807912034 |                            2.65 |                            3.96 |                            3.21 |                         7.23 |                         9.02 |
| 2807912039 |                            6.49 |                            2.87 |                            4.93 |                         6.67 |                         9.33 |
| 2807912041 |                            2.65 |                            3.01 |                            2.81 |                         7.94 |                         9.63 |
| 2807912042 |                            5.85 |                            4.81 |                            5.41 |                         7.41 |                        10.71 |
| 2807912043 |                            5.79 |                            3.99 |                            5.01 |                         7.22 |                        10.16 |
| 2807912044 |                            2.63 |                            4.66 |                             3.5 |                         7.41 |                         9.42 |
| 2807912045 |                            4.66 |                            4.21 |                            4.47 |                          7.5 |                        10.19 |
| 2807912046 |                            5.37 |                            4.73 |                             5.1 |                         7.79 |                        11.03 |
| 2807912047 |                            3.19 |                            3.64 |                            3.39 |                          8.2 |                        10.36 |
| 2807912048 |                            8.25 |                            2.24 |                            5.63 |                          7.6 |                        11.15 |
| 2807912049 |                            4.94 |                            2.51 |                            3.89 |                         7.34 |                         9.59 |
| 2807912050 |                            2.53 |                            5.05 |                             3.6 |                         9.62 |                        12.32 |
| 2807912051 |                            6.75 |                            2.63 |                            4.97 |                         6.58 |                         9.24 |
| 2807912052 |                            4.91 |                            4.14 |                            4.58 |                         8.82 |                        12.06 |
| 2807912053 |                            5.32 |                            3.67 |                            4.61 |                         8.26 |                        11.33 |
| 2807912054 |                            7.56 |                            0.87 |                            4.64 |                         8.09 |                        11.11 |
| 2807912055 |                            4.31 |                            4.99 |                             4.6 |                         7.81 |                         10.7 |
| 2807912056 |                            4.58 |                            5.46 |                            4.96 |                         7.58 |                        10.63 |
| 2807912057 |                             4.9 |                            2.64 |                            3.93 |                         7.95 |                        10.42 |
| 2807912059 |                            5.95 |                            1.87 |                            4.18 |                         7.51 |                           10 |
| 2807912061 |                            4.02 |                            4.46 |                            4.21 |                          8.7 |                        11.61 |
| 2807912062 |                            4.88 |                            3.58 |                            4.32 |                         7.58 |                        10.19 |
| 2807912064 |                            2.35 |                            4.59 |                             3.3 |                         8.89 |                        11.16 |
| 2807912065 |                             4.5 |                             2.5 |                            3.64 |                         7.47 |                         9.59 |
| 2807912066 |                            4.39 |                            4.87 |                            4.59 |                         7.95 |                        10.88 |
| 2807912067 |                            3.86 |                             4.6 |                            4.18 |                         8.27 |                           11 |
| 2807912069 |                             3.6 |                            3.19 |                            3.43 |                          7.6 |                         9.62 |
| 2807912070 |                            3.35 |                            3.17 |                            3.27 |                         7.38 |                         9.24 |
| 2807912071 |                            5.49 |                             4.1 |                            4.89 |                         8.08 |                        11.28 |
| 2807912073 |                            4.42 |                            3.63 |                            4.08 |                         9.41 |                        12.45 |
| 2807912074 |                            5.09 |                            4.85 |                            4.99 |                         7.45 |                        10.48 |
| 2807912075 |                            4.96 |                            4.46 |                            4.74 |                         8.06 |                        11.15 |
| 2807912077 |                            4.28 |                            3.07 |                            3.76 |                          6.6 |                         8.54 |
| 2807912078 |                            4.42 |                            4.47 |                            4.44 |                         8.09 |                        10.96 |
| 2807912079 |                            6.45 |                            3.38 |                            5.12 |                         7.51 |                        10.65 |
| 2807912080 |                            2.58 |                            3.64 |                            3.03 |                         8.69 |                        10.71 |
| 2807912081 |                            2.95 |                            1.43 |                             2.3 |                         8.85 |                        10.38 |
| 2807912082 |                            2.99 |                            2.62 |                            2.83 |                         7.94 |                         9.65 |
| 2807912083 |                            3.65 |                            4.05 |                            3.82 |                         8.17 |                        10.63 |
| 2807912084 |                            5.56 |                            3.76 |                            4.79 |                         7.27 |                        10.08 |
| 2807912087 |                            3.37 |                            6.27 |                             4.6 |                         5.43 |                         7.45 |
| 2807912088 |                            4.41 |                            2.03 |                            3.38 |                         7.79 |                         9.84 |
| 2807912089 |                             6.4 |                            2.29 |                            4.62 |                         7.76 |                        10.64 |
| 2807912090 |                            3.42 |                            3.76 |                            3.57 |                          7.8 |                         9.98 |
| 2807912091 |                            4.47 |                            3.46 |                            4.04 |                         7.92 |                        10.45 |
| 2807912092 |                            4.55 |                            2.43 |                            3.63 |                         7.47 |                         9.58 |
| 2807912093 |                             4.9 |                            2.26 |                            3.76 |                         8.19 |                        10.61 |
| 2807912094 |                            5.29 |                            4.27 |                            4.85 |                         8.27 |                        11.52 |
| 2807912096 |                            4.94 |                             1.3 |                            3.36 |                         8.05 |                        10.14 |
| 2807912097 |                            3.84 |                             3.3 |                            3.61 |                          7.9 |                        10.12 |
| 2807912098 |                            1.14 |                            2.94 |                            1.91 |                         7.73 |                         8.82 |
| 2807912100 |                            5.22 |                            2.31 |                            3.97 |                         7.05 |                         9.25 |
| 2807912101 |                            2.46 |                            3.05 |                            2.71 |                         8.64 |                        10.42 |
| 2807912102 |                            3.96 |                            1.62 |                            2.95 |                         7.75 |                         9.49 |
| 2807912103 |                            4.36 |                            5.01 |                            4.64 |                         6.25 |                         8.59 |
| 2807912104 |                            3.69 |                            2.01 |                            2.97 |                         7.69 |                         9.43 |
| 2807912105 |                            4.89 |                            2.67 |                            3.93 |                         6.96 |                         9.12 |
| 2807912106 |                            4.28 |                            1.94 |                            3.27 |                         7.79 |                         9.76 |
| 2807912107 |                            3.28 |                            2.67 |                            3.02 |                         9.88 |                        12.17 |
| 2807912108 |                            3.48 |                            1.66 |                             2.7 |                         9.55 |                         11.5 |
| 2807912109 |                            3.46 |                            2.42 |                            3.01 |                         7.63 |                         9.39 |
| 2807913008 |                            2.24 |                            4.68 |                            3.28 |                         7.14 |                         8.96 |
| 2807913010 |                            3.38 |                            3.46 |                            3.42 |                         6.98 |                         8.83 |
| 2807913012 |                            8.94 |                            3.93 |                            6.76 |                         5.58 |                         8.82 |
| 2807913013 |                            3.76 |                            4.89 |                            4.24 |                         6.69 |                         8.96 |
| 2807913014 |                            5.72 |                            1.67 |                            3.97 |                         7.14 |                         9.38 |
| 2807913016 |                            2.41 |                             3.6 |                            2.92 |                         7.25 |                         8.86 |
| 2807913023 |                            1.18 |                            2.79 |                            1.87 |                         7.16 |                         8.15 |
| 2807913024 |                            2.91 |                            2.69 |                            2.82 |                         7.65 |                         9.29 |
| 2807913029 |                             5.5 |                            4.35 |                            5.01 |                         6.99 |                         9.83 |
| 2807913030 |                             3.7 |                            4.74 |                            4.15 |                         7.03 |                         9.34 |
| 2807913031 |                            4.27 |                            3.47 |                            3.93 |                         7.64 |                           10 |
| 2807913032 |                            4.19 |                            3.85 |                            4.05 |                         7.58 |                           10 |
| 2807913033 |                            2.98 |                            3.27 |                            3.11 |                         7.66 |                         9.49 |
| 2807913034 |                            4.45 |                            2.65 |                            3.68 |                         7.93 |                         10.2 |
| 2807913035 |                            3.56 |                            3.03 |                            3.33 |                          7.5 |                         9.43 |
| 2807913036 |                             3.5 |                            2.93 |                            3.26 |                         8.89 |                        11.12 |
| 2807913037 |                            6.28 |                            0.85 |                            3.92 |                         9.43 |                        12.35 |
| 2807913038 |                             4.8 |                            2.76 |                            3.92 |                         9.35 |                        12.24 |
| 2807913039 |                            2.76 |                            4.72 |                             3.6 |                        10.35 |                        13.25 |
| 2807913040 |                             5.2 |                            2.49 |                            4.03 |                         9.32 |                        12.29 |
| 2807913041 |                            3.57 |                            3.94 |                            3.73 |                         9.11 |                        11.77 |
| 2807913042 |                               8 |                            2.98 |                            5.82 |                         8.39 |                        12.47 |
| 2807913043 |                            5.84 |                            1.77 |                            4.08 |                         9.66 |                        12.78 |
| 2807913044 |                            5.09 |                             2.4 |                            3.93 |                         9.04 |                        11.84 |
| 2807913045 |                            5.79 |                            3.66 |                            4.87 |                         8.87 |                        12.38 |
| 2807913046 |                            5.18 |                            3.05 |                            4.26 |                         8.94 |                        11.97 |
| 2807913047 |                            5.74 |                             4.4 |                            5.16 |                         8.44 |                           12 |
| 2807913048 |                            3.91 |                            3.95 |                            3.92 |                         8.33 |                        10.91 |
| 2807913049 |                            4.16 |                            3.71 |                            3.97 |                         8.06 |                        10.58 |
| 2807913050 |                            5.38 |                            1.64 |                            3.76 |                         8.73 |                         11.3 |
| 2807913052 |                            6.79 |                            2.28 |                            4.84 |                         8.28 |                        11.52 |
| 2807913053 |                            3.23 |                            3.36 |                            3.28 |                         8.55 |                        10.72 |
| 2807913054 |                            5.53 |                            2.62 |                            4.27 |                         8.55 |                        11.46 |
| 2807913055 |                            5.49 |                            3.19 |                             4.5 |                         7.94 |                        10.81 |
| 2807913056 |                            4.58 |                            5.11 |                            4.81 |                         7.93 |                        11.02 |
| 2807913057 |                            6.49 |                            3.06 |                            5.01 |                          7.2 |                        10.14 |
| 2807913058 |                            4.39 |                            5.89 |                            5.03 |                         8.21 |                        11.58 |
| 2807913059 |                            4.66 |                            4.96 |                            4.79 |                         7.81 |                        10.84 |
| 2807913060 |                            2.75 |                            4.97 |                             3.7 |                         8.04 |                        10.37 |
| 2807913061 |                            7.79 |                            4.51 |                            6.37 |                         7.41 |                        11.41 |
| 2807913062 |                            3.28 |                            4.22 |                            3.68 |                         8.45 |                        10.89 |
| 2807913063 |                            4.89 |                            3.39 |                            4.24 |                         7.38 |                         9.87 |
| 2807913065 |                            4.18 |                            3.08 |                            3.71 |                         9.03 |                        11.65 |
| 2807913066 |                            4.33 |                            3.64 |                            4.03 |                         7.14 |                         9.42 |
| 2807913069 |                            1.31 |                            8.53 |                            4.35 |                         8.19 |                        11.03 |
| 2807913074 |                            1.92 |                            4.32 |                            2.94 |                          7.3 |                         8.95 |
| 2807913077 |                            4.92 |                            2.67 |                            3.95 |                         7.37 |                         9.66 |
| 2807913078 |                            2.58 |                            4.72 |                             3.5 |                         7.68 |                         9.77 |
| 2807913079 |                            4.97 |                            3.79 |                            4.46 |                         8.62 |                         11.7 |
| 2807913080 |                            4.63 |                            2.59 |                            3.75 |                         8.98 |                        11.62 |
| 2807913083 |                            2.92 |                             4.4 |                            3.55 |                         7.53 |                         9.62 |
| 2807913084 |                            5.64 |                            1.74 |                            3.96 |                         6.72 |                         8.82 |
| 2807913086 |                             5.5 |                            2.55 |                            4.23 |                         7.93 |                        10.59 |
| 2807913087 |                            2.73 |                            2.61 |                            2.68 |                         8.04 |                         9.68 |
| 2807913088 |                            3.55 |                            3.22 |                            3.41 |                          8.7 |                           11 |
| 2807913089 |                            4.24 |                            6.94 |                            5.39 |                         7.99 |                        11.54 |
| 2807913090 |                            3.46 |                            4.48 |                             3.9 |                         8.91 |                        11.64 |
| 2807913091 |                            3.92 |                            4.14 |                            4.01 |                         8.23 |                        10.84 |
| 2807913092 |                             3.2 |                            3.71 |                            3.42 |                         7.58 |                         9.59 |
| 2807913094 |                            3.15 |                            2.67 |                            2.94 |                          7.6 |                         9.31 |
| 2807913103 |                            6.74 |                             2.8 |                            5.03 |                         6.04 |                         8.52 |
| 2807913104 |                            3.38 |                             2.9 |                            3.18 |                          8.3 |                        10.33 |
| 2807913108 |                            4.96 |                            2.11 |                            3.73 |                         6.85 |                         8.85 |
| 2807913109 |                            2.56 |                            3.28 |                            2.87 |                         7.21 |                         8.79 |
| 2807913110 |                            5.11 |                            0.91 |                            3.29 |                          7.7 |                         9.66 |
| 2807913112 |                            3.56 |                            7.87 |                            5.39 |                         6.71 |                         9.68 |
| 2807913114 |                            3.79 |                            3.11 |                             3.5 |                         7.89 |                        10.04 |
| 2807913115 |                            3.85 |                            1.59 |                            2.87 |                         8.18 |                         9.98 |
| 2807913116 |                            2.95 |                            4.41 |                            3.57 |                         6.39 |                         8.17 |
| 2807913117 |                            2.45 |                            4.78 |                            3.45 |                         9.62 |                        12.19 |
| 2807913119 |                            1.88 |                            5.16 |                            3.27 |                         8.82 |                        11.05 |
| 2807913121 |                            6.27 |                            3.04 |                            4.87 |                         6.25 |                         8.72 |
| 2807913122 |                            1.47 |                            4.15 |                            2.61 |                         8.97 |                        10.74 |
| 2807913123 |                            4.37 |                             3.8 |                            4.13 |                         6.04 |                         8.02 |
| 2807913124 |                            5.52 |                            2.04 |                            4.01 |                         7.64 |                        10.06 |
| 2807913125 |                            3.03 |                            5.26 |                            3.98 |                         7.76 |                         10.2 |
| 2807913126 |                            2.13 |                            4.55 |                            3.16 |                         8.04 |                           10 |
| 2807913127 |                            4.11 |                            2.24 |                             3.3 |                         8.69 |                        10.91 |
| 2807913128 |                            2.71 |                            1.86 |                            2.35 |                         7.58 |                         8.91 |
| 2807913129 |                             3.1 |                            2.95 |                            3.03 |                          6.8 |                         8.38 |
| 2807913131 |                            1.61 |                            4.27 |                            2.74 |                         6.67 |                         8.06 |
| 2807913132 |                            4.77 |                            5.15 |                            4.93 |                         5.66 |                         7.93 |
| 2807913133 |                            4.42 |                            4.24 |                            4.34 |                         5.94 |                            8 |
| 2807913134 |                           10.71 |                            1.18 |                            6.52 |                         5.77 |                         8.97 |
| 2807913136 |                            5.39 |                            2.06 |                            3.95 |                         5.91 |                         7.76 |
| 2807913137 |                            2.58 |                            2.96 |                            2.75 |                         7.52 |                          9.1 |
| 2807913138 |                            3.01 |                            2.06 |                             2.6 |                         7.69 |                         9.21 |
| 2807913139 |                            3.77 |                            3.81 |                            3.79 |                         7.58 |                         9.83 |
| 2807913140 |                            4.17 |                            3.01 |                            3.67 |                         7.64 |                         9.84 |
| 2807913142 |                            3.66 |                            3.64 |                            3.65 |                         7.94 |                         10.2 |
| 2807913143 |                            3.01 |                             2.6 |                            2.84 |                         8.81 |                        10.71 |
| 2807913144 |                            2.82 |                            5.02 |                            3.76 |                         8.22 |                        10.64 |
| 2807913145 |                            3.94 |                            4.25 |                            4.07 |                         9.53 |                         12.6 |
| 2807913146 |                            3.76 |                            4.52 |                            4.09 |                         7.53 |                         9.97 |
| 2807913147 |                            3.61 |                            4.48 |                            3.98 |                         7.57 |                         9.95 |
| 2807913148 |                            4.54 |                            4.08 |                            4.34 |                         8.07 |                        10.87 |
| 2807913150 |                            3.85 |                            7.59 |                            5.44 |                         7.37 |                        10.68 |
| 2807913153 |                           10.52 |                           -0.18 |                             5.8 |                         7.27 |                        10.79 |
| 2807913154 |                            3.53 |                            3.97 |                            3.72 |                         7.43 |                         9.59 |
| 2807913155 |                            2.81 |                            4.64 |                            3.59 |                         7.81 |                           10 |
| 2807913156 |                            3.67 |                            3.97 |                             3.8 |                         7.58 |                         9.84 |
| 2807913157 |                            3.86 |                             3.4 |                            3.66 |                         8.33 |                        10.72 |
| 2807913158 |                            3.62 |                            4.03 |                            3.79 |                         7.95 |                        10.32 |
| 2807913160 |                            3.49 |                               4 |                            3.71 |                         6.24 |                         8.06 |
| 2807913161 |                            0.92 |                            3.73 |                            2.12 |                         7.77 |                            9 |
| 2807913163 |                            2.51 |                            1.12 |                            1.92 |                         7.97 |                          9.1 |
| 2807913164 |                            4.67 |                            4.27 |                             4.5 |                         7.25 |                         9.86 |
| 2807913166 |                            2.84 |                            3.45 |                             3.1 |                         7.57 |                         9.37 |
| 2807913168 |                            5.84 |                            2.56 |                            4.42 |                          7.7 |                        10.42 |
| 2807913169 |                            5.33 |                            4.36 |                            4.92 |                          8.7 |                        12.17 |
| 2807913170 |                            4.67 |                            5.32 |                            4.95 |                         7.69 |                        10.78 |
| 2807913171 |                            3.69 |                            2.34 |                            3.11 |                         8.67 |                        10.75 |
| 2807913172 |                            2.91 |                            5.24 |                             3.9 |                            9 |                        11.76 |
| 2807913173 |                            5.22 |                            3.45 |                            4.46 |                         8.43 |                        11.44 |
| 2807913174 |                            5.57 |                            4.47 |                             5.1 |                         8.05 |                         11.4 |
| 2807913175 |                            4.19 |                            4.46 |                            4.31 |                         8.33 |                        11.19 |
| 2807913176 |                            4.54 |                            3.76 |                             4.2 |                         8.04 |                        10.72 |
| 2807913177 |                            5.85 |                            4.32 |                            5.19 |                         7.89 |                        11.25 |
| 2807913178 |                            4.26 |                            4.79 |                            4.49 |                         5.67 |                         7.71 |
| 2807913182 |                            2.49 |                            3.63 |                            2.98 |                         7.21 |                         8.85 |
| 2807913183 |                            4.63 |                            4.27 |                            4.48 |                         7.47 |                        10.15 |
| 2807913184 |                            3.27 |                            2.22 |                            2.82 |                         8.12 |                         9.87 |
| 2807913185 |                            6.76 |                            3.02 |                            5.15 |                         8.06 |                        11.45 |
| 2807913186 |                            4.82 |                            3.91 |                            4.43 |                         8.65 |                        11.72 |
| 2807913187 |                            4.91 |                            2.31 |                            3.79 |                         7.86 |                         10.2 |
| 2807913189 |                            5.33 |                            2.37 |                            4.06 |                         8.29 |                        10.94 |
| 2807913190 |                             5.2 |                            3.54 |                            4.48 |                         8.88 |                        12.06 |
| 2807913191 |                            4.26 |                            2.99 |                            3.72 |                          8.7 |                        11.24 |
| 2807913192 |                            4.69 |                            4.37 |                            4.56 |                         9.03 |                        12.33 |
| 2807913193 |                            3.57 |                            2.63 |                            3.17 |                         9.66 |                        12.01 |
| 2807913194 |                            3.49 |                            4.21 |                             3.8 |                        10.17 |                        13.21 |
| 2807913195 |                            3.51 |                            3.92 |                            3.68 |                         9.09 |                        11.71 |
| 2807913196 |                            3.08 |                            3.44 |                            3.24 |                         8.84 |                        11.04 |
| 2807913197 |                            5.22 |                            2.47 |                            4.03 |                         9.56 |                        12.61 |
| 2807913198 |                            5.14 |                            3.39 |                            4.39 |                         6.68 |                         9.02 |
| 2807913199 |                            2.61 |                            3.71 |                            3.08 |                         6.65 |                         8.22 |
| 2807913202 |                            2.98 |                            2.25 |                            2.67 |                         7.41 |                         8.91 |
| 2807913203 |                             3.5 |                            4.69 |                            4.01 |                         6.83 |                         8.99 |
| 2807913204 |                            3.83 |                            2.55 |                            3.28 |                         7.22 |                         9.05 |
| 2807913205 |                            2.18 |                            3.65 |                            2.81 |                         7.19 |                         8.73 |
| 2807913206 |                            3.23 |                            2.04 |                            2.72 |                         8.29 |                           10 |
| 2807913207 |                            2.55 |                            0.76 |                            1.78 |                         8.12 |                         9.19 |
| 2807913208 |                             4.5 |                            2.87 |                             3.8 |                         6.88 |                         8.94 |
| 2807913209 |                            2.84 |                            1.29 |                            2.17 |                         7.71 |                         8.96 |
| 2807913210 |                            2.29 |                            3.83 |                            2.95 |                         7.27 |                         8.91 |
| 2807913211 |                            2.51 |                            2.76 |                            2.62 |                         7.39 |                         8.86 |
| 2807913212 |                            3.57 |                            2.33 |                            3.04 |                         6.99 |                         8.62 |
| 2807913213 |                             2.9 |                            3.59 |                             3.2 |                         7.38 |                          9.2 |
| 2807913215 |                            5.14 |                            2.33 |                            3.93 |                         8.18 |                        10.71 |
| 2807913216 |                            4.54 |                            1.65 |                            3.29 |                        10.23 |                        12.84 |
| 2807913217 |                            4.38 |                            5.06 |                            4.67 |                          8.9 |                        12.25 |
| 2807914002 |                            6.35 |                            1.74 |                            4.35 |                         7.96 |                        10.73 |
| 2807914003 |                             9.7 |                            1.99 |                            6.33 |                         7.64 |                        11.74 |
| 2807914004 |                            4.39 |                             4.1 |                            4.27 |                         7.32 |                         9.81 |
| 2807914005 |                             4.5 |                            2.39 |                            3.59 |                         7.81 |                           10 |
| 2807914006 |                            1.87 |                            4.55 |                            3.01 |                         8.02 |                         9.88 |
| 2807914010 |                            4.18 |                            2.04 |                            3.26 |                         8.06 |                        10.09 |
| 2807914012 |                             2.4 |                            3.85 |                            3.02 |                          8.9 |                        10.97 |
| 2807914013 |                            2.26 |                             3.3 |                             2.7 |                         8.18 |                         9.86 |
| 2807914014 |                            4.51 |                            2.23 |                            3.53 |                         8.28 |                        10.56 |
| 2807914015 |                            5.06 |                            2.35 |                            3.89 |                         8.23 |                        10.75 |
| 2807914016 |                            2.08 |                            4.34 |                            3.04 |                          8.4 |                        10.36 |
| 2807914017 |                            5.72 |                            4.65 |                            5.26 |                         7.78 |                        11.14 |
| 2807914018 |                            4.07 |                            2.21 |                            3.27 |                         8.06 |                         10.1 |
| 2807914019 |                            2.85 |                            2.86 |                            2.86 |                         7.65 |                         9.31 |
| 2807914020 |                            5.85 |                            1.56 |                            3.99 |                         7.69 |                        10.11 |
| 2807914021 |                            4.19 |                            2.99 |                            3.68 |                         8.24 |                         10.6 |
| 2807914022 |                            3.39 |                            2.01 |                             2.8 |                         8.24 |                         9.99 |
| 2807914024 |                             4.3 |                             3.2 |                            3.83 |                         8.28 |                        10.77 |
| 2807914025 |                            3.19 |                             4.5 |                            3.75 |                         9.62 |                        12.44 |
| 2807914026 |                             4.1 |                            3.45 |                            3.82 |                         8.62 |                        11.21 |
| 2807914027 |                            3.86 |                            3.78 |                            3.83 |                         8.87 |                        11.54 |
| 2807914028 |                            4.84 |                             3.1 |                            4.09 |                         9.48 |                        12.56 |
| 2807914029 |                            4.66 |                             2.9 |                            3.91 |                        10.42 |                        13.62 |
| 2807914030 |                            3.32 |                            2.13 |                            2.81 |                         9.09 |                        11.04 |
| 2807914031 |                            3.63 |                            2.77 |                            3.26 |                         8.24 |                        10.31 |
| 2807914032 |                            4.65 |                            2.96 |                            3.92 |                         7.93 |                        10.38 |
| 2807914033 |                            6.16 |                            1.37 |                            4.08 |                         7.69 |                        10.18 |
| 2807914034 |                            5.54 |                            3.65 |                            4.73 |                         7.66 |                        10.59 |
| 2807914035 |                            5.25 |                            2.81 |                             4.2 |                            8 |                        10.67 |
| 2807914036 |                            7.08 |                            2.15 |                            4.94 |                         7.89 |                        11.06 |
| 2807914037 |                            7.08 |                            3.46 |                            5.52 |                         8.71 |                        12.69 |
| 2807914038 |                            4.22 |                            2.56 |                            3.51 |                         9.48 |                        12.07 |
| 2807914039 |                            5.42 |                            3.35 |                            4.53 |                         8.87 |                        12.09 |
| 2807914040 |                            3.01 |                            1.34 |                            2.29 |                         8.49 |                         9.95 |
| 2807914041 |                            4.34 |                            2.09 |                            3.38 |                         8.34 |                        10.52 |
| 2807914042 |                            4.51 |                            4.79 |                            4.63 |                         7.43 |                        10.19 |
| 2807914043 |                             3.6 |                            2.26 |                            3.02 |                         8.23 |                        10.14 |
| 2807914044 |                            4.84 |                            3.89 |                            4.43 |                         7.87 |                        10.67 |
| 2807914045 |                            4.17 |                            5.44 |                            4.71 |                         7.35 |                        10.15 |
| 2807914046 |                             4.3 |                             1.5 |                            3.09 |                         7.46 |                         9.23 |
| 2807914047 |                            4.31 |                            3.21 |                            3.84 |                         8.09 |                        10.53 |
| 2807914048 |                             2.2 |                            3.71 |                            2.85 |                         7.97 |                          9.7 |
| 2807914049 |                            2.89 |                            3.48 |                            3.14 |                         7.25 |                            9 |
| 2807914050 |                            4.66 |                            3.31 |                            4.08 |                         8.33 |                        11.03 |
| 2807914051 |                            4.61 |                            1.91 |                            3.45 |                         8.93 |                        11.32 |
| 2807914052 |                            5.17 |                            4.89 |                            5.05 |                         8.33 |                        11.76 |
| 2807914053 |                            5.51 |                            2.72 |                             4.3 |                         8.01 |                        10.76 |
| 2807914054 |                            7.25 |                            3.83 |                            5.77 |                         7.39 |                        10.95 |
| 2807914055 |                            5.45 |                             3.6 |                            4.65 |                         7.93 |                         10.9 |
| 2807914056 |                            6.34 |                            0.52 |                            3.81 |                         7.93 |                         10.3 |
| 2807914057 |                            4.18 |                             3.3 |                             3.8 |                         7.97 |                        10.34 |
| 2807914058 |                            3.18 |                             1.7 |                            2.54 |                         8.75 |                        10.43 |
| 2807914059 |                            4.66 |                            1.43 |                            3.27 |                         8.33 |                        10.44 |
| 2807914060 |                            3.55 |                            2.29 |                            3.01 |                         7.93 |                         9.76 |
| 2807914061 |                             3.2 |                            2.48 |                            2.89 |                         7.45 |                         9.09 |
| 2807914062 |                            3.18 |                            4.85 |                            3.89 |                         7.41 |                         9.68 |
| 2807914063 |                               4 |                            1.99 |                            3.13 |                            8 |                         9.93 |
| 2807914064 |                               6 |                            3.05 |                            4.73 |                         7.76 |                        10.71 |
| 2807914065 |                             2.8 |                            1.43 |                            2.21 |                         8.77 |                        10.22 |
| 2807914066 |                            3.06 |                            4.83 |                            3.82 |                         8.77 |                         11.4 |
| 2807914067 |                            4.66 |                            2.99 |                            3.95 |                         8.77 |                         11.5 |
| 2807914068 |                            3.68 |                            4.95 |                            4.23 |                         8.36 |                        11.17 |
| 2807914069 |                            3.42 |                            3.96 |                            3.65 |                         8.87 |                         11.4 |
| 2807914070 |                            4.81 |                            3.11 |                            4.08 |                         8.87 |                        11.73 |
| 2807914071 |                            2.92 |                            3.94 |                            3.36 |                         9.59 |                        12.09 |
| 2807914072 |                            2.61 |                            2.85 |                            2.71 |                         8.45 |                         10.2 |
| 2807914073 |                            4.66 |                            2.38 |                            3.68 |                         7.86 |                        10.12 |
| 2807914074 |                            5.77 |                               4 |                            5.01 |                         7.61 |                        10.71 |
| 2807914075 |                            2.92 |                            3.62 |                            3.22 |                         8.31 |                        10.37 |
| 2807914076 |                            5.44 |                            3.32 |                            4.53 |                         7.86 |                        10.71 |
| 2807914077 |                            2.84 |                            3.74 |                            3.23 |                         8.57 |                         10.7 |
| 2807914079 |                             5.4 |                            3.58 |                            4.62 |                         6.29 |                         8.62 |
| 2807914080 |                            2.88 |                            0.47 |                            1.84 |                         8.33 |                         9.47 |
| 2807914081 |                            4.99 |                            0.93 |                            3.23 |                         7.92 |                         9.89 |
| 2807914082 |                           -2.61 |                            4.48 |                            0.37 |                         6.05 |                         6.21 |
| 2807914083 |                            1.75 |                            3.47 |                            2.49 |                         7.82 |                         9.29 |
| 2807914084 |                            3.39 |                            1.57 |                             2.6 |                         9.43 |                        11.29 |
| 2807914085 |                               4 |                            3.82 |                            3.92 |                         8.26 |                        10.81 |
| 2807914086 |                            5.44 |                            3.99 |                            4.82 |                         6.99 |                         9.71 |
| 2807914087 |                            2.25 |                            2.61 |                             2.4 |                         8.78 |                        10.36 |
| 2807914088 |                            3.75 |                            6.71 |                            5.01 |                         6.22 |                         8.76 |
| 2807914089 |                            4.74 |                           -0.41 |                             2.5 |                         7.65 |                         9.09 |
| 2807914090 |                            1.74 |                            2.29 |                            1.98 |                         8.33 |                         9.56 |
| 2807914091 |                            3.86 |                             4.3 |                            4.05 |                         8.21 |                        10.84 |
| 2807914092 |                            3.68 |                            1.68 |                            2.82 |                         7.69 |                         9.34 |
| 2807914093 |                            4.13 |                            2.51 |                            3.43 |                         9.14 |                        11.58 |
| 2807914094 |                            4.01 |                            0.96 |                             2.7 |                         8.43 |                        10.15 |
| 2807914095 |                            1.86 |                            1.02 |                             1.5 |                         9.11 |                        10.11 |
| 2807915001 |                            6.87 |                            1.88 |                            4.71 |                         7.66 |                        10.57 |
| 2807915002 |                             4.7 |                            2.42 |                            3.72 |                         9.05 |                        11.68 |
| 2807915003 |                            3.99 |                            3.31 |                             3.7 |                         9.15 |                         11.8 |
| 2807915005 |                            4.29 |                            2.69 |                             3.6 |                            8 |                        10.24 |
| 2807915006 |                            5.53 |                             3.3 |                            4.57 |                          7.6 |                        10.39 |
| 2807915008 |                            5.26 |                            2.67 |                            4.14 |                         8.87 |                        11.78 |
| 2807915009 |                            2.23 |                            5.98 |                            3.82 |                         8.93 |                        11.61 |
| 2807915010 |                            4.36 |                            4.08 |                            4.24 |                         9.46 |                        12.65 |
| 2807915011 |                            4.25 |                            3.74 |                            4.03 |                         8.89 |                        11.73 |
| 2807915012 |                            4.12 |                             2.9 |                             3.6 |                         7.71 |                         9.87 |
| 2807915013 |                            2.68 |                            2.43 |                            2.58 |                         8.62 |                         10.3 |
| 2807915014 |                            2.96 |                             2.7 |                            2.85 |                         8.71 |                        10.61 |
| 2807915015 |                            5.29 |                            4.15 |                             4.8 |                         8.62 |                        11.97 |
| 2807915016 |                            3.53 |                            3.27 |                            3.42 |                         8.56 |                        10.83 |
| 2807915017 |                            3.89 |                            1.98 |                            3.07 |                         8.92 |                        11.02 |
| 2807915018 |                            3.56 |                            3.72 |                            3.63 |                         8.45 |                        10.85 |
| 2807915019 |                            5.86 |                             3.1 |                            4.67 |                          8.9 |                        12.25 |
| 2807915020 |                            6.02 |                             1.2 |                            3.93 |                         8.37 |                        10.96 |
| 2807915021 |                            4.44 |                            2.68 |                            3.69 |                         8.77 |                         11.3 |
| 2807915022 |                            6.62 |                            1.79 |                            4.53 |                         8.29 |                         11.3 |
| 2807915023 |                            5.21 |                            4.96 |                            5.11 |                          8.5 |                        12.05 |
| 2807915024 |                            4.29 |                            1.89 |                            3.25 |                         9.38 |                        11.73 |
| 2807915025 |                            4.12 |                            4.07 |                             4.1 |                         8.87 |                        11.75 |
| 2807915026 |                            2.62 |                             4.7 |                            3.51 |                         8.87 |                        11.29 |
| 2807915027 |                            3.16 |                            4.33 |                            3.66 |                            8 |                        10.29 |
| 2807915028 |                            2.05 |                            4.21 |                            2.97 |                         8.87 |                        10.88 |
| 2807915029 |                            6.62 |                            4.36 |                            5.65 |                         8.47 |                        12.45 |
| 2807915030 |                            5.01 |                            2.83 |                            4.07 |                         8.73 |                        11.54 |
| 2807915031 |                            4.02 |                            2.83 |                            3.51 |                         9.12 |                        11.61 |
| 2807915032 |                            4.19 |                            1.07 |                            2.84 |                         8.48 |                        10.32 |
| 2807915033 |                            1.97 |                            3.17 |                            2.48 |                        10.71 |                        12.72 |
| 2807915034 |                            5.09 |                            2.47 |                            3.96 |                          8.3 |                        10.89 |
| 2807915035 |                             7.1 |                            2.03 |                             4.9 |                         8.62 |                        12.05 |
| 2807915036 |                            6.13 |                            2.43 |                            4.53 |                         9.23 |                        12.59 |
| 2807915037 |                             3.4 |                            4.24 |                            3.76 |                         9.18 |                        11.89 |
| 2807915038 |                            3.73 |                            2.72 |                             3.3 |                         9.19 |                        11.54 |
| 2807915039 |                            4.78 |                            3.03 |                            4.03 |                         9.41 |                         12.4 |
| 2807915040 |                            3.59 |                            3.65 |                            3.62 |                         9.75 |                         12.5 |
| 2807915041 |                            3.61 |                            4.46 |                            3.98 |                         9.57 |                        12.57 |
| 2807915042 |                            3.47 |                            2.66 |                            3.12 |                         9.18 |                        11.39 |
| 2807915043 |                            2.83 |                            1.43 |                            2.23 |                         9.63 |                        11.23 |
| 2807915044 |                            4.58 |                             3.4 |                            4.08 |                         8.33 |                        11.02 |
| 2807915045 |                            2.49 |                            4.15 |                             3.2 |                         8.72 |                        10.87 |
| 2807915046 |                            4.89 |                             3.3 |                             4.2 |                         8.19 |                        10.93 |
| 2807915047 |                            2.09 |                            5.86 |                            3.69 |                         9.09 |                        11.72 |
| 2807915048 |                            4.81 |                            3.39 |                             4.2 |                         8.99 |                        11.99 |
| 2807915049 |                            4.11 |                             1.9 |                            3.16 |                         8.96 |                        11.13 |
| 2807915050 |                            3.31 |                            2.71 |                            3.05 |                         8.36 |                        10.32 |
| 2807915051 |                            4.57 |                            3.52 |                            4.12 |                         8.45 |                        11.21 |
| 2807915052 |                             2.8 |                            2.27 |                            2.57 |                         8.88 |                        10.61 |
| 2807915053 |                            5.07 |                            2.64 |                            4.02 |                         8.57 |                         11.3 |
| 2807915054 |                            3.66 |                            2.79 |                            3.28 |                         8.51 |                        10.67 |
| 2807915056 |                            2.99 |                            4.99 |                            3.84 |                         9.03 |                        11.75 |
| 2807915057 |                            3.85 |                            3.83 |                            3.84 |                         8.46 |                        11.01 |
| 2807915058 |                            5.47 |                            3.35 |                            4.56 |                         8.08 |                        11.04 |
| 2807915059 |                            5.04 |                            3.02 |                            4.17 |                         8.21 |                        10.93 |
| 2807915060 |                             3.7 |                            3.48 |                            3.61 |                         8.83 |                        11.32 |
| 2807915061 |                            3.93 |                            3.45 |                            3.72 |                            8 |                        10.33 |
| 2807915062 |                            4.52 |                            2.84 |                             3.8 |                         8.45 |                        10.97 |
| 2807915065 |                            6.95 |                            1.25 |                            4.47 |                         7.41 |                        10.06 |
| 2807915066 |                            5.11 |                            3.89 |                            4.59 |                         6.88 |                         9.41 |
| 2807915067 |                             6.9 |                            1.92 |                            4.74 |                         7.59 |                         10.5 |
| 2807915068 |                            2.52 |                            2.74 |                            2.61 |                         9.47 |                        11.34 |
| 2807915069 |                            2.82 |                             1.6 |                             2.3 |                        10.07 |                        11.81 |
| 2807915070 |                            2.34 |                            5.09 |                            3.51 |                         9.03 |                        11.49 |
| 2807915071 |                            4.42 |                            3.51 |                            4.03 |                          8.9 |                        11.73 |
| 2807915073 |                            6.21 |                            2.03 |                             4.4 |                         7.33 |                         9.91 |
| 2807915074 |                             4.4 |                             2.6 |                            3.62 |                         8.66 |                        11.11 |
| 2807915075 |                            4.62 |                            3.14 |                            3.98 |                         8.59 |                        11.29 |
| 2807915076 |                             4.5 |                            1.53 |                            3.22 |                         9.25 |                        11.55 |
| 2807915077 |                            2.46 |                            2.37 |                            2.42 |                          9.3 |                        10.99 |
| 2807915078 |                            5.31 |                            4.15 |                            4.81 |                         8.83 |                        12.26 |
| 2807915079 |                            7.83 |                            5.47 |                            6.82 |                         7.46 |                        11.84 |
| 2807915080 |                            3.54 |                            4.53 |                            3.96 |                         9.43 |                        12.38 |
| 2807915081 |                            5.25 |                            2.39 |                            4.02 |                         7.88 |                        10.38 |
| 2807915082 |                            5.26 |                            2.81 |                            4.21 |                         8.31 |                        11.08 |
| 2807915083 |                            3.63 |                            3.24 |                            3.47 |                         8.48 |                        10.77 |
| 2807915084 |                            4.05 |                            3.06 |                            3.63 |                         8.21 |                        10.54 |
| 2807915085 |                            2.45 |                            3.23 |                            2.79 |                         8.82 |                         10.7 |
| 2807915086 |                            2.99 |                             3.4 |                            3.17 |                         9.24 |                        11.49 |
| 2807915087 |                            4.26 |                            5.01 |                            4.58 |                         9.44 |                        12.91 |
| 2807915088 |                             6.8 |                            3.01 |                            5.16 |                         8.26 |                        11.74 |
| 2807915089 |                            3.78 |                            2.33 |                            3.16 |                         8.05 |                           10 |
| 2807915090 |                            4.31 |                               2 |                            3.32 |                         8.45 |                        10.61 |
| 2807915092 |                            4.55 |                            2.87 |                            3.83 |                         11.1 |                        14.43 |
| 2807915093 |                            4.92 |                            2.67 |                            3.95 |                         8.75 |                        11.48 |
| 2807915094 |                            4.59 |                            1.75 |                            3.37 |                        10.41 |                        13.13 |
| 2807915095 |                            6.32 |                            1.81 |                            4.37 |                         9.89 |                        13.33 |
| 2807915096 |                            4.65 |                            3.44 |                            4.13 |                         8.72 |                        11.58 |
| 2807915097 |                            3.49 |                            4.91 |                             4.1 |                         9.43 |                        12.48 |
| 2807915098 |                             4.5 |                            2.85 |                            3.79 |                         9.38 |                        12.17 |
| 2807915099 |                            5.31 |                            4.05 |                            4.77 |                         8.57 |                        11.87 |
| 2807915100 |                            6.54 |                            0.83 |                            4.06 |                          9.1 |                        12.02 |
| 2807915101 |                            3.93 |                            2.45 |                            3.29 |                         9.45 |                        11.85 |
| 2807915102 |                            4.53 |                            3.45 |                            4.07 |                         8.88 |                        11.73 |
| 2807915103 |                            3.89 |                            3.39 |                            3.67 |                         9.52 |                        12.25 |
| 2807915104 |                            5.04 |                            3.45 |                            4.36 |                        10.27 |                        13.84 |
| 2807915105 |                            4.66 |                            4.08 |                            4.42 |                         9.43 |                        12.76 |
| 2807915106 |                            4.14 |                            3.07 |                            3.68 |                         9.07 |                        11.68 |
| 2807915108 |                            4.94 |                            2.42 |                            3.85 |                        10.09 |                        13.14 |
| 2807915109 |                            4.44 |                            3.28 |                            3.94 |                         8.93 |                         11.7 |
| 2807915110 |                            4.35 |                             2.5 |                            3.55 |                         9.45 |                        12.07 |
| 2807915111 |                            5.36 |                            4.61 |                            5.04 |                         9.13 |                        12.88 |
| 2807915112 |                            7.28 |                            2.48 |                             5.2 |                         8.28 |                        11.81 |
| 2807915113 |                             5.1 |                            1.61 |                            3.59 |                          9.5 |                        12.16 |
| 2807915114 |                            6.17 |                             1.7 |                            4.23 |                         9.12 |                        12.19 |
| 2807915115 |                            5.37 |                            0.87 |                            3.42 |                         9.82 |                        12.42 |
| 2807915116 |                            4.38 |                            1.81 |                            3.28 |                         9.16 |                        11.48 |
| 2807915117 |                            4.98 |                            2.95 |                             4.1 |                         8.99 |                        11.92 |
| 2807915118 |                            5.44 |                            1.38 |                            3.68 |                           10 |                        12.88 |
| 2807915119 |                            4.06 |                            2.76 |                             3.5 |                         9.86 |                        12.55 |
| 2807915120 |                            5.26 |                            3.22 |                            4.39 |                         9.09 |                        12.28 |
| 2807915121 |                            3.45 |                            3.02 |                            3.27 |                         9.52 |                        11.93 |
| 2807915122 |                             4.2 |                             4.1 |                            4.16 |                         8.57 |                         11.4 |
| 2807915123 |                            4.01 |                             3.6 |                            3.84 |                         9.22 |                           12 |
| 2807915124 |                            3.08 |                            2.51 |                            2.84 |                         9.09 |                        11.06 |
| 2807915125 |                             2.4 |                            1.89 |                            2.19 |                        13.84 |                         16.1 |
| 2807915126 |                            4.46 |                            3.86 |                             4.2 |                         9.45 |                         12.6 |
| 2807915127 |                            4.72 |                            2.41 |                            3.72 |                        11.36 |                        14.68 |
| 2807915128 |                            4.77 |                             0.5 |                            2.92 |                        12.04 |                        14.72 |
| 2807915129 |                            6.68 |                            0.06 |                            3.79 |                         9.64 |                        12.51 |
| 2807915130 |                            4.63 |                            1.98 |                            3.49 |                         9.12 |                         11.6 |
| 2807915131 |                            3.63 |                             1.4 |                            2.67 |                         9.63 |                        11.58 |
| 2807915132 |                            2.14 |                            2.14 |                            2.14 |                         8.05 |                         9.34 |
| 2807915133 |                            1.82 |                            0.19 |                            1.12 |                        11.48 |                        12.41 |
| 2807915134 |                            2.31 |                            2.06 |                            2.21 |                        10.28 |                        11.97 |
| 2807915135 |                            3.45 |                            2.64 |                             3.1 |                         9.46 |                        11.72 |
| 2807915136 |                            4.02 |                            2.35 |                             3.3 |                         9.56 |                           12 |
| 2807915138 |                            3.33 |                            3.25 |                             3.3 |                        10.53 |                        13.21 |
| 2807915140 |                            5.17 |                            2.66 |                            4.09 |                         10.2 |                        13.49 |
| 2807915141 |                             3.7 |                            3.21 |                            3.49 |                        10.34 |                        13.15 |
| 2807915142 |                            4.66 |                            1.86 |                            3.45 |                         9.09 |                        11.53 |
| 2807915143 |                            4.63 |                            1.32 |                             3.2 |                        12.84 |                           16 |
| 2807915144 |                            2.41 |                            2.96 |                            2.65 |                        12.12 |                        14.55 |
| 2807915145 |                            1.44 |                            2.34 |                            1.83 |                        10.78 |                        12.24 |
| 2807915146 |                            4.45 |                             2.9 |                            3.79 |                         12.5 |                        16.21 |
| 2807915147 |                            2.08 |                            2.69 |                            2.34 |                        11.18 |                        13.15 |
| 2807915148 |                            3.46 |                            3.36 |                            3.42 |                          9.2 |                        11.64 |
| 2807915149 |                            4.71 |                            2.67 |                            3.83 |                         9.75 |                        12.69 |
| 2807915150 |                            4.68 |                            2.27 |                            3.64 |                         11.8 |                        15.15 |
| 2807915151 |                            1.59 |                            3.14 |                            2.25 |                        11.49 |                        13.43 |
| 2807915153 |                            3.16 |                            0.21 |                            1.88 |                        10.22 |                        11.64 |
| 2807915154 |                            3.47 |                            2.49 |                            3.05 |                        11.48 |                        14.16 |
| 2807915155 |                            4.06 |                            1.33 |                            2.88 |                        12.84 |                        15.67 |
| 2807915156 |                             3.5 |                            3.51 |                             3.5 |                           11 |                           14 |
| 2807915157 |                            5.98 |                            1.16 |                            3.89 |                        10.62 |                        13.88 |
| 2807915158 |                            4.33 |                            1.23 |                            2.99 |                        12.68 |                        15.58 |
| 2807915159 |                            4.74 |                            1.82 |                            3.48 |                        12.16 |                        15.45 |
| 2807915160 |                            4.63 |                            1.89 |                            3.45 |                        14.34 |                        18.18 |
| 2807915161 |                            4.06 |                            4.06 |                            4.06 |                         10.5 |                        13.88 |
| 2807915162 |                            3.82 |                            1.52 |                            2.83 |                        10.28 |                         12.5 |
| 2807915163 |                            2.67 |                             2.8 |                            2.73 |                           10 |                        12.07 |
| 2807915164 |                            4.86 |                            1.14 |                            3.25 |                         8.91 |                        11.15 |
| 2807915165 |                            4.59 |                            1.57 |                            3.29 |                         9.48 |                        11.89 |
| 2807915166 |                            2.17 |                            2.11 |                            2.14 |                         9.63 |                        11.17 |
| 2807915167 |                            3.92 |                            2.39 |                            3.26 |                         8.71 |                         10.9 |
| 2807915168 |                            3.36 |                            1.77 |                            2.68 |                        10.95 |                        13.17 |
| 2807915170 |                            4.46 |                             1.2 |                            3.05 |                        11.79 |                        14.55 |
| 2807915171 |                            4.49 |                            0.66 |                            2.83 |                        11.26 |                        13.69 |
| 2807915172 |                             3.8 |                            1.45 |                            2.79 |                         9.34 |                        11.33 |
| 2807915173 |                            3.06 |                            2.88 |                            2.99 |                        10.02 |                        12.32 |
| 2807915174 |                            4.02 |                            1.12 |                            2.77 |                         12.5 |                        15.13 |
| 2807915175 |                            3.11 |                            1.72 |                            2.52 |                        10.91 |                        12.99 |
| 2807915176 |                            3.36 |                            1.93 |                            2.75 |                        11.97 |                        14.47 |
| 2807915177 |                            5.41 |                            0.62 |                            3.33 |                         7.73 |                         9.72 |
| 2807915178 |                            6.38 |                            0.99 |                            4.04 |                        10.98 |                        14.49 |
| 2807915179 |                            4.24 |                            1.46 |                            3.04 |                         7.23 |                         8.92 |
| 2807915180 |                            3.46 |                            2.27 |                            2.95 |                        12.23 |                        14.99 |
| 2807915181 |                            2.94 |                            2.49 |                            2.75 |                          9.9 |                        11.97 |
| 2807915182 |                            2.63 |                            5.85 |                               4 |                         8.57 |                        11.28 |
| 2807916002 |                            3.61 |                            0.34 |                            2.19 |                        13.56 |                        15.78 |
| 2807916003 |                            3.28 |                            2.06 |                            2.76 |                         12.3 |                        14.88 |
| 2807916004 |                            2.58 |                            3.32 |                             2.9 |                        14.96 |                        18.27 |
| 2807916005 |                            4.17 |                            4.12 |                            4.15 |                        10.71 |                        14.24 |
| 2807916006 |                            2.94 |                            3.46 |                            3.16 |                        12.29 |                        15.28 |
| 2807916007 |                            5.02 |                            1.37 |                            3.44 |                        10.08 |                        12.77 |
| 2807916008 |                            7.55 |                            3.11 |                            5.63 |                         6.38 |                         9.35 |
| 2807916009 |                             3.7 |                            3.31 |                            3.54 |                         9.34 |                         11.9 |
| 2807916011 |                            3.65 |                            1.73 |                            2.82 |                         8.55 |                        10.39 |
| 2807916012 |                            7.34 |                            0.49 |                            4.35 |                          8.9 |                        11.99 |
| 2807916013 |                            3.05 |                             5.1 |                            3.92 |                         6.91 |                         9.04 |
| 2807916014 |                            1.42 |                             2.4 |                            1.84 |                         7.64 |                         8.67 |
| 2807916015 |                            2.95 |                            4.73 |                            3.71 |                         7.38 |                         9.52 |
| 2807916016 |                            3.68 |                            2.54 |                            3.19 |                         7.42 |                         9.24 |
| 2807916017 |                            2.75 |                            2.16 |                             2.5 |                         7.62 |                         9.05 |
| 2807916018 |                            4.66 |                            3.57 |                             4.2 |                         7.14 |                         9.52 |
| 2807916019 |                            3.78 |                            1.95 |                            2.99 |                          7.9 |                         9.71 |
| 2807916020 |                            3.22 |                            3.29 |                            3.26 |                         7.34 |                         9.18 |
| 2807916021 |                            3.19 |                             2.5 |                            2.89 |                          9.8 |                        11.96 |
| 2807916022 |                            4.78 |                            1.83 |                            3.51 |                        10.12 |                        12.88 |
| 2807916024 |                             3.4 |                            1.58 |                            2.62 |                         9.49 |                        11.37 |
| 2807916025 |                            4.57 |                            2.56 |                             3.7 |                         9.76 |                        12.58 |
| 2807916026 |                            2.93 |                            3.06 |                            2.98 |                         9.42 |                        11.57 |
| 2807916027 |                            4.08 |                            4.21 |                            4.14 |                          8.9 |                        11.82 |
| 2807916028 |                            2.23 |                            2.51 |                            2.35 |                         9.94 |                        11.69 |
| 2807916029 |                            4.05 |                            3.18 |                            3.67 |                         8.78 |                        11.31 |
| 2807916030 |                            5.74 |                            0.64 |                            3.53 |                        10.53 |                        13.41 |
| 2807916031 |                            6.62 |                           -0.07 |                             3.7 |                         8.43 |                        10.88 |
| 2807916032 |                            2.13 |                            2.23 |                            2.17 |                        14.22 |                        16.53 |
| 2807916033 |                            4.33 |                            2.53 |                            3.56 |                         9.94 |                         12.7 |
| 2807916034 |                            3.14 |                            2.13 |                            2.71 |                        11.14 |                        13.43 |
| 2807916035 |                            3.86 |                             1.4 |                             2.8 |                        10.17 |                        12.33 |
| 2807916036 |                            3.16 |                            1.27 |                            2.35 |                        12.34 |                        14.52 |
| 2807916037 |                            5.84 |                             2.6 |                            4.44 |                          8.2 |                        11.12 |
| 2807916038 |                            3.04 |                            4.43 |                            3.63 |                         8.33 |                         10.7 |
| 2807916039 |                            5.33 |                            1.19 |                            3.54 |                         9.62 |                        12.26 |
| 2807916040 |                            5.97 |                            2.08 |                            4.29 |                         9.33 |                        12.51 |
| 2807916041 |                            5.18 |                            3.12 |                            4.29 |                          9.8 |                        13.16 |
| 2807916042 |                            6.36 |                               0 |                            3.59 |                         9.02 |                        11.54 |
| 2807916043 |                            2.83 |                            2.33 |                            2.61 |                         9.07 |                        10.87 |
| 2807916044 |                            5.04 |                            2.34 |                            3.88 |                         9.02 |                        11.76 |
| 2807916045 |                            4.39 |                             1.6 |                            3.19 |                        10.04 |                         12.5 |
| 2807916046 |                            3.65 |                            2.89 |                            3.32 |                         9.42 |                        11.84 |
| 2807916047 |                            6.78 |                           -0.75 |                            3.48 |                         7.69 |                         9.78 |
| 2807916048 |                            2.95 |                            3.22 |                            3.07 |                        10.55 |                        13.03 |
| 2807916049 |                            5.58 |                             0.9 |                            3.55 |                         7.84 |                        10.01 |
| 2807916050 |                            3.93 |                            1.33 |                            2.81 |                         8.99 |                        10.91 |
| 2807916051 |                            7.68 |                           -1.56 |                            3.62 |                         7.69 |                         9.87 |
| 2807916052 |                            3.09 |                            3.74 |                            3.37 |                         8.45 |                        10.65 |
| 2807916053 |                            5.93 |                            2.33 |                            4.38 |                         7.69 |                        10.38 |
| 2807916054 |                            4.73 |                            5.79 |                            5.19 |                         8.17 |                        11.64 |
| 2807916055 |                            4.48 |                            4.13 |                            4.33 |                         9.09 |                        12.23 |
| 2807916056 |                            5.06 |                            3.19 |                            4.25 |                         8.96 |                        11.99 |
| 2807916057 |                            4.26 |                            2.21 |                            3.38 |                         9.02 |                        11.38 |
| 2807916058 |                            3.43 |                            2.52 |                            3.04 |                          8.9 |                        10.98 |
| 2807916059 |                            3.58 |                            1.58 |                            2.72 |                         7.95 |                          9.6 |
| 2807916060 |                            3.16 |                            2.86 |                            3.03 |                          8.2 |                         10.1 |
| 2807916061 |                            2.81 |                            3.07 |                            2.92 |                         8.14 |                         9.95 |
| 2807916063 |                            3.87 |                            2.14 |                            3.13 |                         7.89 |                          9.8 |
| 2807916064 |                            3.73 |                            0.07 |                            2.14 |                         8.69 |                        10.08 |
| 2807916065 |                            7.97 |                             5.3 |                            6.82 |                            8 |                        12.69 |
| 2807916066 |                            9.56 |                            6.12 |                            8.07 |                         8.69 |                        14.96 |
| 2807916067 |                            7.37 |                           -0.05 |                            4.12 |                        10.86 |                         14.4 |
| 2807916069 |                            3.76 |                            3.92 |                            3.83 |                         9.04 |                        11.76 |
| 2807916070 |                            3.33 |                               3 |                            3.19 |                         8.57 |                        10.68 |
| 2807916073 |                            3.54 |                            3.29 |                            3.44 |                         7.89 |                           10 |
| 2807916074 |                            3.93 |                            2.59 |                            3.36 |                         9.09 |                        11.45 |
| 2807916075 |                            2.81 |                            3.99 |                            3.32 |                         9.52 |                        11.96 |
| 2807916076 |                            6.42 |                            2.33 |                            4.65 |                         9.13 |                        12.54 |
| 2807916077 |                            2.84 |                            3.93 |                            3.31 |                         8.21 |                        10.31 |
| 2807916078 |                            4.06 |                            3.43 |                            3.79 |                         8.82 |                        11.44 |
| 2807916079 |                            2.28 |                            4.56 |                            3.25 |                         8.23 |                        10.29 |
| 2807916080 |                            0.19 |                           10.63 |                            4.54 |                         7.37 |                        10.06 |
| 2807916081 |                             3.2 |                            0.69 |                            2.12 |                        10.49 |                        12.15 |
| 2807916082 |                             0.6 |                            5.49 |                            2.67 |                         8.96 |                        10.77 |
| 2807916083 |                            5.16 |                            3.49 |                            4.44 |                          8.2 |                        11.12 |
| 2807916085 |                            4.07 |                             3.4 |                            3.78 |                         9.05 |                        11.74 |
| 2807916086 |                            3.63 |                            2.35 |                            3.08 |                         8.82 |                         10.9 |
| 2807916087 |                            3.73 |                            1.52 |                            2.78 |                         9.51 |                        11.52 |
| 2807916088 |                            5.95 |                            1.97 |                            4.22 |                         7.56 |                         10.1 |
| 2807916089 |                            7.73 |                            0.38 |                            4.52 |                         7.51 |                        10.23 |
| 2807916090 |                             3.7 |                            2.52 |                             3.2 |                         7.65 |                         9.53 |
| 2807916092 |                            3.23 |                            4.05 |                            3.58 |                         8.43 |                        10.79 |
| 2807916093 |                             3.7 |                            2.36 |                            3.12 |                         8.05 |                         9.99 |
| 2807916096 |                             5.9 |                            0.06 |                            3.36 |                        10.05 |                        12.67 |
| 2807916097 |                            2.55 |                            2.31 |                            2.45 |                         9.18 |                        10.87 |
| 2807916098 |                             1.9 |                             2.5 |                            2.16 |                        10.27 |                        11.93 |
| 2807916099 |                            4.38 |                            2.78 |                            3.69 |                         7.88 |                        10.16 |
| 2807916100 |                            3.83 |                            2.06 |                            3.07 |                         9.59 |                        11.85 |
| 2807916101 |                            5.54 |                            1.32 |                            3.71 |                         8.96 |                        11.56 |
| 2807916102 |                            8.34 |                            0.87 |                            5.08 |                        10.93 |                        15.46 |
| 2807916103 |                            4.28 |                            0.87 |                            2.81 |                        12.84 |                        15.59 |
| 2807916104 |                            3.93 |                            1.29 |                            2.79 |                         9.32 |                         11.3 |
| 2807916105 |                            2.97 |                            1.85 |                            2.49 |                         9.19 |                        10.92 |
| 2807916106 |                            4.82 |                            2.59 |                            3.86 |                        12.61 |                        16.44 |
| 2807916107 |                           11.29 |                            4.48 |                            8.32 |                         7.77 |                        13.59 |
| 2807916108 |                            3.52 |                            1.68 |                            2.73 |                        11.08 |                        13.38 |
| 2807916109 |                            4.35 |                            3.07 |                             3.8 |                         8.22 |                        10.67 |
| 2807916110 |                            4.74 |                            2.07 |                            3.59 |                         9.55 |                        12.22 |
| 2807916111 |                            3.16 |                            1.86 |                             2.6 |                        10.75 |                        12.87 |
| 2807916112 |                            4.31 |                            1.28 |                               3 |                            9 |                        11.07 |
| 2807916113 |                            4.42 |                            1.52 |                            3.17 |                        12.71 |                        15.81 |
| 2807916114 |                            6.25 |                            1.94 |                            4.38 |                        11.67 |                        15.75 |
| 2807916115 |                            5.33 |                            0.56 |                            3.26 |                        11.17 |                        13.98 |
| 2807916116 |                            4.23 |                            3.19 |                            3.78 |                        10.22 |                        13.25 |
| 2807916117 |                            3.34 |                            3.17 |                            3.27 |                        10.15 |                        12.72 |
| 2807916118 |                            3.77 |                            1.52 |                             2.8 |                           10 |                        12.13 |
| 2807916119 |                            4.02 |                           -0.21 |                            2.19 |                         14.2 |                        16.53 |
| 2807916120 |                            3.41 |                            4.37 |                            3.82 |                         9.47 |                        12.32 |
| 2807916121 |                            4.64 |                            1.82 |                            3.42 |                        11.65 |                        14.75 |
| 2807916122 |                            4.47 |                            1.49 |                            3.19 |                        10.79 |                        13.44 |
| 2807916123 |                            3.84 |                            1.86 |                            2.99 |                        13.47 |                        16.55 |
| 2807916124 |                            9.28 |                            1.69 |                            5.96 |                         9.01 |                        13.51 |
| 2807916125 |                            3.41 |                            1.68 |                            2.67 |                        10.65 |                         12.8 |
| 2807916126 |                            6.25 |                            4.23 |                            5.38 |                         8.57 |                        12.37 |
| 2807916127 |                            3.95 |                            2.07 |                            3.14 |                           10 |                        12.41 |
| 2807916128 |                            9.48 |                            1.65 |                            6.05 |                         9.48 |                         14.3 |
| 2807916129 |                            5.53 |                            1.94 |                            3.98 |                         9.56 |                        12.56 |
| 2807917002 |                            3.43 |                            2.37 |                            2.98 |                         6.54 |                         8.03 |
| 2807917003 |                            4.49 |                            4.67 |                            4.57 |                         6.58 |                         8.99 |
| 2807917004 |                            4.26 |                            5.85 |                            4.94 |                         7.52 |                        10.54 |
| 2807917006 |                            3.95 |                            3.16 |                            3.61 |                         7.26 |                          9.3 |
| 2807917007 |                            4.37 |                            5.27 |                            4.76 |                         6.83 |                         9.45 |
| 2807917008 |                            3.22 |                               4 |                            3.55 |                         6.73 |                          8.6 |
| 2807917009 |                            5.74 |                            4.49 |                             5.2 |                         6.76 |                         9.64 |
| 2807917010 |                            1.81 |                            2.79 |                            2.23 |                         6.85 |                            8 |
| 2807917011 |                            5.24 |                            5.41 |                            5.31 |                         6.08 |                         8.74 |
| 2807917012 |                            4.28 |                            5.42 |                            4.77 |                         6.56 |                         9.09 |
| 2807917013 |                            3.67 |                            5.68 |                            4.53 |                         6.75 |                          9.2 |
| 2807917014 |                            3.39 |                            3.36 |                            3.38 |                         7.43 |                         9.38 |
| 2807917015 |                            3.13 |                            4.67 |                            3.79 |                         7.09 |                          9.2 |
| 2807917016 |                            7.46 |                            3.46 |                            5.73 |                         6.43 |                         9.49 |
| 2807917017 |                            5.95 |                            6.53 |                             6.2 |                         6.25 |                         9.52 |
| 2807917018 |                            4.64 |                            4.11 |                            4.42 |                         6.96 |                         9.42 |
| 2807917019 |                            3.69 |                            3.41 |                            3.57 |                         7.31 |                         9.35 |
| 2807917023 |                             3.4 |                            4.16 |                            3.73 |                         6.94 |                         8.97 |
| 2807917024 |                            5.14 |                            2.92 |                            4.18 |                         6.35 |                         8.46 |
| 2807917025 |                            2.05 |                            3.46 |                            2.65 |                         6.68 |                         8.03 |
| 2807917026 |                            3.39 |                            3.26 |                            3.34 |                         7.03 |                         8.85 |
| 2807917027 |                            3.01 |                            6.51 |                             4.5 |                         6.39 |                          8.7 |
| 2807917028 |                            2.13 |                            4.18 |                               3 |                         7.53 |                         9.26 |
| 2807917029 |                            2.67 |                            1.12 |                               2 |                        11.54 |                        13.26 |
| 2807917031 |                            4.05 |                            5.79 |                             4.8 |                         6.25 |                         8.67 |
| 2807917032 |                            6.02 |                            3.56 |                            4.96 |                         6.25 |                         8.77 |
| 2807917033 |                            5.02 |                            3.09 |                            4.19 |                         6.61 |                          8.8 |
| 2807917035 |                            4.28 |                            4.93 |                            4.56 |                          6.6 |                         9.01 |
| 2807917036 |                             2.7 |                            6.06 |                            4.13 |                         7.14 |                         9.48 |
| 2807917037 |                            3.21 |                            6.61 |                            4.66 |                         6.78 |                         9.32 |
| 2807917038 |                            1.21 |                             8.9 |                            4.44 |                          5.8 |                         7.85 |
| 2807917039 |                            2.48 |                            6.45 |                            4.16 |                         7.08 |                         9.42 |
| 2807917041 |                            2.65 |                            5.31 |                            3.78 |                         7.02 |                          9.1 |
| 2807917042 |                            2.41 |                            6.35 |                            4.08 |                         7.02 |                         9.29 |
| 2807917043 |                            2.44 |                            3.47 |                            2.88 |                         6.48 |                          7.9 |
| 2807917045 |                            3.15 |                            0.97 |                            2.21 |                          8.2 |                         9.55 |
| 2807917046 |                            3.51 |                            4.36 |                            3.87 |                         7.78 |                        10.15 |
| 2807917047 |                            4.47 |                            2.36 |                            3.56 |                         7.24 |                         9.25 |
| 2807917048 |                            4.84 |                            2.12 |                            3.66 |                         6.34 |                         8.16 |
| 2807917049 |                            1.77 |                            5.31 |                            3.27 |                         8.63 |                        10.81 |
| 2807917050 |                            4.06 |                            2.46 |                            3.38 |                         8.09 |                         10.2 |
| 2807917051 |                            4.62 |                            7.47 |                            5.84 |                         6.96 |                        10.34 |
| 2807917052 |                            3.64 |                            2.98 |                            3.36 |                         8.33 |                         10.5 |
| 2807917053 |                            4.57 |                            0.64 |                            2.87 |                         8.06 |                         9.83 |
| 2807917054 |                               4 |                            3.95 |                            3.98 |                         7.74 |                        10.17 |
| 2807917055 |                             3.1 |                             2.1 |                            2.67 |                         7.02 |                         8.44 |
| 2807917057 |                            4.03 |                            5.01 |                            4.45 |                         8.02 |                        10.88 |
| 2807917058 |                            3.62 |                            3.31 |                            3.49 |                         7.27 |                         9.24 |
| 2807917059 |                            3.85 |                            2.09 |                            3.09 |                         7.48 |                         9.26 |
| 2807917060 |                             2.2 |                            4.01 |                            2.97 |                          7.6 |                         9.33 |
| 2807917061 |                            4.06 |                            4.04 |                            4.05 |                         7.68 |                        10.14 |
| 2807917062 |                             4.6 |                            3.29 |                            4.04 |                         7.05 |                          9.3 |
| 2807917063 |                            1.82 |                             3.1 |                            2.37 |                         7.86 |                         9.26 |
| 2807917064 |                            4.92 |                            5.81 |                            5.31 |                          7.2 |                        10.34 |
| 2807917065 |                            2.93 |                            4.86 |                            3.75 |                         6.99 |                         9.05 |
| 2807917066 |                            2.07 |                            5.02 |                            3.33 |                         7.52 |                         9.46 |
| 2807917069 |                            3.61 |                            3.87 |                            3.72 |                         7.17 |                         9.26 |
| 2807917070 |                            2.91 |                            1.43 |                            2.27 |                         6.88 |                         8.05 |
| 2807917071 |                             6.6 |                            3.17 |                            5.12 |                         6.91 |                         9.81 |
| 2807917072 |                             2.9 |                            3.05 |                            2.96 |                         8.19 |                        10.05 |
| 2807917073 |                            4.06 |                            2.86 |                            3.55 |                         7.46 |                         9.52 |
| 2807917074 |                            3.92 |                            2.78 |                            3.43 |                         6.39 |                         8.09 |
| 2807917075 |                            4.01 |                             4.8 |                            4.35 |                         6.51 |                         8.77 |
| 2807917076 |                            2.27 |                            2.37 |                            2.31 |                         6.94 |                         8.15 |
| 2807917078 |                            5.29 |                            2.95 |                            4.28 |                         6.88 |                         9.22 |
| 2807917079 |                             4.7 |                            3.23 |                            4.07 |                         7.77 |                        10.27 |
| 2807917080 |                            3.13 |                            3.84 |                            3.43 |                         7.01 |                         8.88 |
| 2807917082 |                            4.77 |                            2.01 |                            3.58 |                         7.54 |                         9.65 |
| 2807917083 |                            3.26 |                            4.66 |                            3.86 |                         6.85 |                         8.93 |
| 2807917084 |                            2.41 |                            3.52 |                            2.89 |                          8.2 |                           10 |
| 2807917085 |                            3.22 |                            6.54 |                            4.63 |                         6.76 |                         9.28 |
| 2807917086 |                            2.45 |                            5.05 |                            3.56 |                         7.06 |                         9.02 |
| 2807917087 |                            2.75 |                            3.11 |                            2.91 |                         6.58 |                         8.04 |
| 2807917089 |                            4.15 |                            3.39 |                            3.82 |                         6.79 |                         8.82 |
| 2807917090 |                            1.93 |                            3.75 |                            2.71 |                         6.29 |                         7.58 |
| 2807917091 |                            2.72 |                            4.88 |                            3.64 |                         6.49 |                         8.33 |
| 2807917092 |                            0.01 |                            2.84 |                            1.21 |                         6.69 |                         7.28 |
| 2807917093 |                            1.68 |                            4.54 |                             2.9 |                         6.99 |                         8.53 |
| 2807917094 |                            2.91 |                            1.96 |                            2.51 |                          7.8 |                         9.27 |
| 2807917095 |                            4.62 |                            4.04 |                            4.37 |                         7.61 |                        10.27 |
| 2807917096 |                             2.6 |                            3.29 |                            2.89 |                         6.84 |                         8.35 |
| 2807917097 |                            3.15 |                            2.02 |                            2.66 |                         7.47 |                         8.98 |
| 2807917100 |                            1.92 |                            2.64 |                            2.23 |                         7.25 |                         8.46 |
| 2807917101 |                            5.75 |                            3.89 |                            4.95 |                         7.02 |                         9.85 |
| 2807917102 |                            2.21 |                            2.25 |                            2.23 |                         6.82 |                         7.95 |
| 2807917103 |                            1.71 |                            3.12 |                            2.31 |                         8.42 |                         9.89 |
| 2807917104 |                            2.35 |                            3.86 |                            2.99 |                         6.82 |                         8.38 |
| 2807917105 |                            2.83 |                            4.29 |                            3.45 |                         6.82 |                         8.65 |
| 2807917106 |                            4.15 |                            2.31 |                            3.36 |                         6.48 |                         8.16 |
| 2807917107 |                            3.14 |                            4.24 |                            3.61 |                         7.54 |                         9.67 |
| 2807917108 |                            3.44 |                            1.96 |                             2.8 |                         8.46 |                        10.27 |
| 2807917109 |                            0.66 |                            3.35 |                             1.8 |                          7.5 |                          8.5 |
| 2807917110 |                               2 |                            2.75 |                            2.32 |                         8.19 |                         9.62 |
| 2807917111 |                            4.25 |                            2.15 |                            3.35 |                         7.61 |                         9.58 |
| 2807917112 |                            3.02 |                            3.56 |                            3.25 |                         7.72 |                         9.66 |
| 2807917113 |                            3.59 |                            1.94 |                            2.88 |                         8.09 |                         9.87 |
| 2807917114 |                            2.78 |                            2.82 |                             2.8 |                         7.78 |                         9.44 |
| 2807917115 |                            4.29 |                            1.14 |                            2.93 |                         8.73 |                        10.68 |
| 2807917116 |                            4.19 |                            3.09 |                            3.72 |                         6.52 |                         8.42 |
| 2807918002 |                            3.54 |                            3.15 |                            3.38 |                         7.46 |                         9.41 |
| 2807918003 |                            2.69 |                            2.57 |                            2.64 |                         8.06 |                         9.68 |
| 2807918004 |                             3.1 |                            4.58 |                            3.73 |                         7.71 |                         9.96 |
| 2807918005 |                            4.14 |                            4.78 |                            4.42 |                         7.59 |                        10.26 |
| 2807918006 |                            3.31 |                            4.18 |                            3.69 |                         7.28 |                         9.38 |
| 2807918007 |                            3.13 |                            4.39 |                            3.67 |                         8.22 |                        10.58 |
| 2807918008 |                            3.25 |                            4.51 |                            3.79 |                            8 |                        10.38 |
| 2807918009 |                               1 |                            5.23 |                            2.79 |                          8.2 |                         9.94 |
| 2807918010 |                            3.05 |                            5.32 |                            4.02 |                         7.37 |                         9.71 |
| 2807918011 |                            4.39 |                            3.74 |                            4.11 |                          7.5 |                         9.94 |
| 2807918012 |                            4.42 |                            2.11 |                            3.43 |                         7.63 |                         9.66 |
| 2807918013 |                            3.51 |                            4.35 |                            3.87 |                         7.99 |                        10.42 |
| 2807918014 |                            4.64 |                            2.13 |                            3.56 |                         7.61 |                         9.72 |
| 2807918015 |                             5.1 |                            1.53 |                            3.56 |                         7.68 |                         9.81 |
| 2807918016 |                            4.01 |                            5.29 |                            4.56 |                         8.33 |                        11.39 |
| 2807918017 |                            5.64 |                             2.6 |                            4.32 |                         8.03 |                         10.8 |
| 2807918018 |                            5.35 |                            0.96 |                            3.45 |                         8.47 |                        10.74 |
| 2807918019 |                            4.21 |                            3.13 |                            3.74 |                         7.94 |                        10.27 |
| 2807918020 |                            3.63 |                            1.78 |                            2.83 |                          7.9 |                          9.6 |
| 2807918021 |                            5.16 |                            0.02 |                            2.93 |                         8.49 |                        10.39 |
| 2807918022 |                            5.01 |                            3.76 |                            4.47 |                         7.69 |                        10.45 |
| 2807918023 |                            3.25 |                            3.51 |                            3.36 |                         8.69 |                        10.96 |
| 2807918024 |                            3.02 |                            3.56 |                            3.25 |                         7.49 |                         9.38 |
| 2807918025 |                            4.22 |                            1.38 |                            2.99 |                         8.77 |                        10.78 |
| 2807918027 |                            4.47 |                            2.44 |                            3.59 |                          7.1 |                         9.09 |
| 2807918028 |                            1.89 |                            2.33 |                            2.08 |                         8.12 |                         9.38 |
| 2807918029 |                            3.31 |                            2.43 |                            2.93 |                         7.68 |                          9.4 |
| 2807918030 |                            2.87 |                            3.45 |                            3.12 |                         7.81 |                         9.69 |
| 2807918031 |                            2.93 |                            3.11 |                            3.01 |                          7.5 |                         9.23 |
| 2807918032 |                            3.93 |                            0.46 |                            2.43 |                          7.5 |                         8.87 |
| 2807918033 |                            4.95 |                            2.67 |                            3.97 |                         7.14 |                         9.38 |
| 2807918034 |                            3.63 |                            2.72 |                            3.24 |                          7.5 |                         9.38 |
| 2807918035 |                            1.89 |                            2.73 |                            2.25 |                          7.5 |                         8.76 |
| 2807918036 |                            2.65 |                            2.63 |                            2.64 |                         7.25 |                          8.7 |
| 2807918037 |                            3.96 |                            3.75 |                            3.87 |                         7.12 |                         9.28 |
| 2807918039 |                            2.29 |                             3.2 |                            2.68 |                          7.5 |                         9.03 |
| 2807918040 |                            2.98 |                            3.38 |                            3.15 |                         7.08 |                          8.8 |
| 2807918041 |                            2.67 |                            1.77 |                            2.28 |                         7.88 |                         9.22 |
| 2807918042 |                            2.58 |                            2.27 |                            2.45 |                         8.93 |                        10.58 |
| 2807918043 |                            3.14 |                               3 |                            3.08 |                         8.55 |                        10.57 |
| 2807918044 |                             3.5 |                            2.85 |                            3.22 |                         6.82 |                         8.51 |
| 2807918046 |                            4.15 |                            3.23 |                            3.75 |                        11.49 |                        14.86 |
| 2807918047 |                            4.71 |                            2.14 |                             3.6 |                         7.57 |                          9.7 |
| 2807918048 |                            2.36 |                            2.51 |                            2.43 |                         7.17 |                         8.48 |
| 2807918049 |                            3.07 |                            2.45 |                            2.81 |                         8.56 |                        10.39 |
| 2807918050 |                            5.86 |                            0.46 |                            3.51 |                         8.75 |                        11.14 |
| 2807918051 |                            3.09 |                            2.39 |                            2.79 |                        10.91 |                        13.23 |
| 2807918052 |                            3.54 |                            2.92 |                            3.27 |                         11.4 |                        14.29 |
| 2807918053 |                            3.89 |                             2.3 |                            3.21 |                         7.84 |                         9.78 |
| 2807918054 |                            2.62 |                            1.86 |                             2.3 |                        10.07 |                        11.81 |
| 2807918055 |                            3.68 |                            3.19 |                            3.47 |                         8.13 |                        10.32 |
| 2807918056 |                            4.58 |                            2.94 |                            3.88 |                         8.12 |                         10.6 |
| 2807918057 |                            4.96 |                            2.32 |                            3.82 |                        11.54 |                           15 |
| 2807918058 |                            5.92 |                            0.29 |                            3.47 |                         9.46 |                        12.01 |
| 2807918059 |                            7.08 |                             2.5 |                            5.09 |                         6.82 |                         9.66 |
| 2807918060 |                            3.59 |                            1.41 |                            2.65 |                        11.43 |                        13.72 |
| 2807918061 |                            4.14 |                            1.39 |                            2.95 |                           10 |                        12.26 |
| 2807918062 |                            3.93 |                            1.74 |                            2.99 |                        10.98 |                        13.49 |
| 2807918063 |                            3.97 |                             3.6 |                            3.81 |                         7.54 |                          9.8 |
| 2807918064 |                            6.49 |                             1.5 |                            4.32 |                         7.68 |                        10.33 |
| 2807918065 |                            6.72 |                            1.47 |                            4.44 |                          7.6 |                        10.29 |
| 2807918066 |                            5.47 |                            0.13 |                            3.15 |                         9.65 |                        11.99 |
| 2807918067 |                            4.52 |                            2.59 |                            3.69 |                         7.92 |                        10.21 |
| 2807918068 |                             2.3 |                            2.06 |                             2.2 |                        11.53 |                        13.42 |
| 2807919002 |                            4.11 |                            2.17 |                            3.28 |                         8.19 |                        10.26 |
| 2807919003 |                            5.47 |                            1.45 |                            3.73 |                         7.41 |                         9.57 |
| 2807919004 |                            6.23 |                            2.85 |                            4.77 |                          7.1 |                         9.84 |
| 2807919005 |                            2.42 |                            2.88 |                            2.62 |                         8.25 |                         9.89 |
| 2807919006 |                            4.05 |                            4.66 |                            4.32 |                         8.33 |                         11.2 |
| 2807919007 |                            3.25 |                            2.93 |                            3.11 |                         7.71 |                         9.56 |
| 2807919008 |                            2.92 |                            5.27 |                            3.92 |                         8.04 |                        10.52 |
| 2807919009 |                            2.32 |                            3.13 |                            2.66 |                         8.52 |                        10.25 |
| 2807919011 |                            4.02 |                             2.7 |                            3.45 |                         8.02 |                        10.17 |
| 2807919012 |                            5.14 |                            0.41 |                            3.09 |                         7.53 |                         9.32 |
| 2807919014 |                            1.39 |                            7.41 |                            3.93 |                         8.65 |                        11.33 |
| 2807919015 |                            5.33 |                            3.31 |                            4.46 |                         7.89 |                        10.71 |
| 2807919016 |                            2.47 |                            4.08 |                            3.16 |                         7.94 |                         9.87 |
| 2807919018 |                            1.48 |                            4.98 |                            2.97 |                         8.84 |                        10.85 |
| 2807919019 |                            4.03 |                            2.73 |                            3.47 |                         8.47 |                        10.75 |
| 2807919020 |                            3.06 |                            3.45 |                            3.23 |                         8.57 |                         10.7 |
| 2807919021 |                            3.05 |                            3.81 |                            3.37 |                         8.15 |                        10.27 |
| 2807919022 |                            2.84 |                            2.94 |                            2.88 |                          8.2 |                           10 |
| 2807919023 |                            4.29 |                             2.5 |                            3.52 |                         6.96 |                         8.87 |
| 2807919024 |                             4.4 |                            1.65 |                            3.22 |                          8.2 |                        10.23 |
| 2807919025 |                            4.87 |                            3.63 |                            4.33 |                         7.82 |                        10.53 |
| 2807919026 |                            4.66 |                            0.55 |                            2.88 |                          8.2 |                           10 |
| 2807919027 |                            4.13 |                             2.7 |                            3.51 |                         8.01 |                        10.21 |
| 2807919028 |                            3.05 |                             5.2 |                            3.97 |                         8.36 |                        10.98 |
| 2807919029 |                            4.14 |                            4.28 |                             4.2 |                         7.22 |                         9.63 |
| 2807919032 |                            3.08 |                            1.78 |                            2.52 |                         8.16 |                         9.72 |
| 2807919033 |                            3.13 |                            1.98 |                            2.64 |                         7.24 |                         8.69 |
| 2807919034 |                            3.22 |                            2.71 |                               3 |                          7.3 |                         8.98 |
| 2807919035 |                            4.04 |                            1.84 |                            3.09 |                         6.97 |                         8.62 |
| 2807919036 |                            3.12 |                            2.08 |                            2.68 |                         7.37 |                         8.87 |
| 2807919037 |                            3.38 |                            2.34 |                            2.93 |                         7.38 |                         9.04 |
| 2807919038 |                            3.16 |                            2.33 |                            2.81 |                          6.7 |                         8.13 |
| 2807919039 |                            3.97 |                             3.2 |                            3.64 |                         6.63 |                         8.51 |
| 2807919040 |                            3.21 |                            2.22 |                            2.78 |                         9.23 |                        11.19 |
| 2807919041 |                            2.67 |                            1.95 |                            2.36 |                         8.67 |                        10.21 |
| 2807919042 |                            3.54 |                            1.96 |                            2.86 |                          8.6 |                        10.48 |
| 2807919043 |                            2.46 |                            2.51 |                            2.48 |                         8.04 |                         9.55 |
| 2807919044 |                            2.69 |                            1.67 |                            2.25 |                         8.22 |                          9.6 |
| 2807919045 |                            3.75 |                             2.1 |                            3.04 |                         7.98 |                         9.84 |
| 2807919046 |                            2.81 |                            1.47 |                            2.24 |                         8.52 |                         9.95 |
| 2807919047 |                            4.86 |                            1.73 |                            3.51 |                         7.94 |                        10.11 |
| 2807919048 |                             2.7 |                             1.8 |                            2.31 |                         8.85 |                        10.39 |
| 2807919049 |                            3.63 |                            2.32 |                            3.07 |                            8 |                         9.88 |
| 2807919050 |                            3.64 |                            4.45 |                            3.99 |                         8.65 |                        11.38 |
| 2807919051 |                            4.14 |                            1.37 |                            2.94 |                          8.7 |                        10.65 |
| 2807920001 |                            4.18 |                            2.44 |                            3.43 |                          8.7 |                        11.01 |
| 2807920002 |                            3.97 |                            -0.1 |                            2.21 |                        10.75 |                        12.53 |
| 2807920003 |                            6.36 |                             2.5 |                            4.69 |                         7.94 |                        10.94 |
| 2807920006 |                            3.26 |                            3.65 |                            3.43 |                         7.76 |                         9.83 |
| 2807920007 |                            4.77 |                            1.85 |                            3.51 |                         8.58 |                        10.92 |
| 2807920008 |                            2.47 |                            6.65 |                            4.24 |                         8.47 |                        11.32 |
| 2807920012 |                            5.94 |                            3.39 |                            4.84 |                         9.66 |                        13.45 |
| 2807920013 |                            4.22 |                            4.83 |                            4.48 |                         9.33 |                        12.68 |
| 2807920014 |                            6.89 |                             3.4 |                            5.38 |                        10.22 |                        14.74 |
| 2807920015 |                            5.95 |                             2.9 |                            4.63 |                        10.82 |                        14.86 |
| 2807920016 |                            6.97 |                            3.44 |                            5.44 |                         10.1 |                        14.63 |
| 2807920017 |                            9.09 |                             3.9 |                            6.84 |                         8.87 |                         14.1 |
| 2807920018 |                            3.82 |                            6.27 |                            4.86 |                         9.78 |                        13.64 |
| 2807920019 |                            4.57 |                            5.73 |                            5.06 |                         9.58 |                        13.54 |
| 2807920020 |                            6.06 |                            1.88 |                            4.25 |                        10.23 |                        13.69 |
| 2807920021 |                            3.24 |                            5.23 |                            4.09 |                         8.93 |                        11.82 |
| 2807920022 |                            7.32 |                            2.75 |                            5.34 |                         8.26 |                        11.88 |
| 2807920023 |                            6.14 |                            4.07 |                            5.25 |                         7.88 |                        11.27 |
| 2807920024 |                            4.26 |                            4.52 |                            4.37 |                         9.23 |                        12.45 |
| 2807920025 |                            7.79 |                            2.15 |                            5.34 |                         8.92 |                        12.83 |
| 2807920026 |                            5.45 |                            4.26 |                            4.94 |                          6.7 |                         9.39 |
| 2807920029 |                            8.31 |                             3.2 |                            6.09 |                         6.77 |                        10.25 |
| 2807920031 |                            5.28 |                            3.41 |                            4.48 |                          8.5 |                        11.55 |
| 2807920032 |                            7.66 |                             1.6 |                            5.02 |                         8.89 |                        12.52 |
| 2807920033 |                            7.74 |                            2.91 |                            5.64 |                         8.25 |                        12.12 |
| 2807920034 |                            5.26 |                            6.18 |                            5.66 |                         7.91 |                        11.62 |
| 2807920035 |                            6.32 |                            4.69 |                            5.62 |                         8.33 |                        12.22 |
| 2807920036 |                            6.57 |                            5.91 |                            6.29 |                         8.51 |                        13.04 |
| 2807920038 |                            7.28 |                            0.22 |                             4.2 |                         6.88 |                         9.17 |
| 2807920039 |                            2.34 |                            3.95 |                            3.03 |                          7.5 |                         9.24 |
| 2807920040 |                            4.93 |                            1.75 |                            3.56 |                         7.23 |                         9.23 |
| 2807920041 |                            3.04 |                            4.42 |                            3.63 |                         7.29 |                         9.36 |
| 2807920042 |                            4.08 |                            4.74 |                            4.37 |                         7.14 |                         9.63 |
| 2807920043 |                            8.21 |                            4.26 |                             6.5 |                         6.65 |                        10.33 |
| 2807920044 |                            2.05 |                            3.67 |                            2.74 |                         7.32 |                         8.84 |
| 2807920046 |                            6.77 |                            2.43 |                            4.89 |                         9.42 |                        13.16 |
| 2807920047 |                            5.14 |                            4.07 |                            4.69 |                         9.18 |                        12.65 |
| 2807920048 |                            7.71 |                             2.8 |                            5.58 |                         8.41 |                         12.3 |
| 2807920049 |                            5.13 |                            1.38 |                            3.51 |                         8.83 |                        11.24 |
| 2807920050 |                            3.88 |                            6.45 |                            4.97 |                         8.36 |                        11.74 |
| 2807920051 |                            4.91 |                            4.81 |                            4.87 |                         8.65 |                        12.07 |
| 2807920053 |                            4.33 |                             3.8 |                             4.1 |                         8.76 |                        11.61 |
| 2807920055 |                            3.08 |                            1.06 |                            2.21 |                         9.15 |                        10.67 |
| 2807920056 |                            3.84 |                            5.04 |                            4.35 |                          7.2 |                          9.7 |
| 2807920058 |                            3.25 |                            4.97 |                            3.99 |                         6.88 |                         9.04 |
| 2807920059 |                            5.39 |                            0.72 |                            3.37 |                         7.19 |                         9.06 |
| 2807920062 |                            4.74 |                            2.38 |                            3.72 |                         7.47 |                         9.65 |
| 2807920063 |                            2.52 |                            3.85 |                            3.09 |                         8.23 |                        10.19 |
| 2807920064 |                            3.37 |                            3.87 |                            3.59 |                         7.64 |                         9.78 |
| 2807920065 |                            4.81 |                            2.41 |                            3.77 |                         7.69 |                         9.97 |
| 2807920066 |                            3.29 |                            2.58 |                            2.99 |                         8.33 |                        10.24 |
| 2807920067 |                            5.73 |                            1.06 |                             3.7 |                         8.86 |                        11.42 |
| 2807920068 |                            3.41 |                            2.05 |                            2.83 |                        10.76 |                        13.08 |
| 2807920069 |                            4.33 |                            3.11 |                            3.81 |                          6.5 |                         8.44 |
| 2807920070 |                            4.63 |                            1.85 |                            3.43 |                         7.65 |                         9.69 |
| 2807920071 |                             4.3 |                            1.19 |                            2.96 |                         9.95 |                         12.2 |
| 2807920072 |                            3.82 |                            2.06 |                            3.06 |                         8.77 |                        10.83 |
| 2807920073 |                            4.81 |                            2.63 |                            3.87 |                         8.33 |                        10.87 |
| 2807920074 |                            6.19 |                            3.71 |                            5.12 |                         7.75 |                        10.98 |
| 2807920075 |                            4.67 |                            3.32 |                            4.09 |                          7.7 |                         10.2 |
| 2807920076 |                            3.83 |                            1.83 |                            2.97 |                         8.41 |                        10.32 |
| 2807920077 |                            4.01 |                            1.71 |                            3.02 |                         7.46 |                         9.19 |
| 2807920078 |                            4.77 |                            2.56 |                            3.82 |                         7.97 |                        10.36 |
| 2807920079 |                             9.5 |                           -0.62 |                            5.05 |                         6.65 |                         9.38 |
| 2807920080 |                            5.38 |                           -1.59 |                            2.33 |                         7.32 |                          8.6 |
| 2807920082 |                            4.51 |                            2.24 |                            3.53 |                         8.21 |                        10.47 |
| 2807920083 |                            5.04 |                            4.64 |                            4.87 |                         7.94 |                        11.07 |
| 2807920085 |                            3.93 |                            3.39 |                             3.7 |                         9.09 |                        11.72 |
| 2807920086 |                            3.81 |                             3.8 |                            3.81 |                         8.89 |                        11.55 |
| 2807920087 |                            2.43 |                            3.93 |                            3.07 |                         8.89 |                        10.98 |
| 2807920088 |                            3.81 |                            2.64 |                            3.31 |                         8.33 |                        10.47 |
| 2807920090 |                            5.03 |                            1.44 |                            3.48 |                         7.53 |                         9.57 |
| 2807920091 |                            5.01 |                            2.69 |                            4.01 |                         8.59 |                        11.31 |
| 2807920092 |                            4.77 |                            2.88 |                            3.96 |                         8.82 |                        11.58 |
| 2807920093 |                            3.51 |                            2.02 |                            2.87 |                         9.28 |                        11.32 |
| 2807920095 |                            5.98 |                            5.07 |                            5.59 |                         7.27 |                        10.63 |
| 2807920096 |                            4.79 |                            1.78 |                            3.49 |                         8.99 |                        11.43 |
| 2807920097 |                            3.03 |                            3.45 |                            3.21 |                         9.67 |                        12.06 |
| 2807920098 |                            3.63 |                            3.42 |                            3.54 |                         9.85 |                        12.57 |
| 2807920099 |                               4 |                            1.04 |                            2.72 |                        10.26 |                        12.38 |
| 2807920100 |                            4.47 |                            4.27 |                            4.38 |                          8.7 |                        11.75 |
| 2807920101 |                            2.57 |                            1.57 |                            2.14 |                        10.11 |                        11.72 |
| 2807920102 |                            2.97 |                            2.68 |                            2.85 |                         8.55 |                        10.41 |
| 2807920103 |                            3.14 |                            1.08 |                            2.25 |                         9.44 |                        11.03 |
| 2807920104 |                             3.3 |                            3.57 |                            3.42 |                         9.21 |                        11.65 |
| 2807920105 |                            3.46 |                            3.62 |                            3.53 |                         9.01 |                        11.49 |
| 2807920106 |                            4.54 |                            1.29 |                            3.13 |                         9.66 |                        11.99 |
| 2807920107 |                               3 |                            2.49 |                            2.78 |                         9.76 |                        11.82 |
| 2807920108 |                            4.33 |                             2.8 |                            3.67 |                         9.45 |                        12.17 |
| 2807920109 |                            3.95 |                            1.82 |                            3.03 |                         8.23 |                        10.14 |
| 2807920110 |                            4.27 |                            1.87 |                            3.23 |                         8.91 |                        11.14 |
| 2807920111 |                             3.9 |                            1.38 |                            2.82 |                         8.01 |                         9.72 |
| 2807920112 |                            3.16 |                            2.15 |                            2.72 |                         9.65 |                        11.65 |
| 2807920113 |                            3.65 |                            2.33 |                            3.08 |                         9.46 |                         11.7 |
| 2807920114 |                            2.57 |                            5.47 |                             3.8 |                         8.77 |                        11.38 |
| 2807920115 |                            2.45 |                            3.39 |                            2.85 |                         9.52 |                         11.6 |
| 2807920116 |                            2.27 |                            3.47 |                            2.78 |                          8.9 |                        10.79 |
| 2807920117 |                            3.43 |                            2.01 |                            2.82 |                         8.95 |                        10.87 |
| 2807920118 |                            4.39 |                            1.51 |                            3.15 |                        10.39 |                        12.91 |
| 2807920119 |                            4.44 |                             0.6 |                            2.78 |                         12.3 |                        14.89 |
| 2807920120 |                             4.1 |                            1.61 |                            3.02 |                         9.91 |                        12.21 |
| 2807920121 |                            3.95 |                            1.92 |                            3.08 |                        10.53 |                        13.01 |
| 2807920122 |                            3.93 |                            1.69 |                            2.97 |                        10.87 |                        13.33 |
| 2807920123 |                            6.53 |                            2.54 |                             4.8 |                         8.03 |                        11.15 |
| 2807920124 |                            3.34 |                            2.01 |                            2.77 |                         9.94 |                        12.04 |
| 2807920125 |                            3.32 |                            2.25 |                            2.86 |                        14.29 |                         17.4 |
| 2807920126 |                            4.28 |                            3.73 |                            4.05 |                          9.3 |                        12.28 |
| 2807921001 |                            3.42 |                            4.81 |                            4.02 |                         9.12 |                        12.02 |
| 2807921002 |                            3.02 |                            2.29 |                            2.71 |                         8.78 |                        10.59 |
| 2807921003 |                            5.07 |                            2.45 |                            3.94 |                         8.06 |                        10.57 |
| 2807921004 |                            3.46 |                            1.82 |                            2.75 |                         7.78 |                         9.41 |
| 2807921005 |                            3.76 |                            1.36 |                            2.73 |                        10.49 |                        12.67 |
| 2807921006 |                            5.26 |                            2.09 |                            3.89 |                         7.48 |                         9.77 |
| 2807921007 |                            4.62 |                            0.74 |                            2.94 |                         8.91 |                        10.91 |
| 2807921008 |                            2.99 |                            1.82 |                            2.49 |                         9.52 |                        11.31 |
| 2807921009 |                            1.68 |                            2.92 |                            2.21 |                         9.61 |                         11.2 |
| 2807921010 |                            1.54 |                            3.68 |                            2.45 |                         9.44 |                        11.18 |
| 2807921011 |                            4.94 |                             2.7 |                            3.97 |                         9.21 |                         12.1 |
| 2807921012 |                            3.94 |                            3.11 |                            3.58 |                         8.59 |                        10.99 |
| 2807921013 |                            4.74 |                            2.25 |                            3.67 |                         8.57 |                        11.03 |
| 2807921014 |                            3.06 |                            1.31 |                            2.31 |                         9.56 |                        11.21 |
| 2807921015 |                            3.64 |                            4.94 |                             4.2 |                         8.33 |                        11.11 |
| 2807921017 |                            3.72 |                            1.93 |                            2.95 |                         9.85 |                        12.07 |
| 2807921018 |                            2.45 |                            2.86 |                            2.62 |                         9.67 |                        11.59 |
| 2807921019 |                             4.7 |                            0.92 |                            3.06 |                        10.59 |                        13.08 |
| 2807921020 |                            3.36 |                            1.78 |                            2.68 |                         9.47 |                         11.4 |
| 2807921021 |                            3.76 |                            0.94 |                            2.54 |                         9.54 |                        11.37 |
| 2807921022 |                            3.72 |                            2.52 |                            3.21 |                         9.68 |                        12.07 |
| 2807921023 |                            3.57 |                            2.49 |                             3.1 |                         9.76 |                        12.08 |
| 2807921026 |                            6.02 |                            1.45 |                            4.04 |                         9.41 |                        12.41 |
| 2807921027 |                            3.45 |                            1.28 |                            2.51 |                        11.36 |                        13.52 |
| 2807921029 |                            3.81 |                             2.3 |                            3.16 |                        10.67 |                        13.27 |
| 2807921030 |                            3.23 |                            1.87 |                            2.65 |                         9.56 |                        11.48 |
| 2807921031 |                            3.99 |                               1 |                             2.7 |                        10.16 |                        12.24 |
| 2807921032 |                            5.28 |                            0.94 |                             3.4 |                        11.32 |                        14.31 |
| 2807921033 |                            3.69 |                            4.03 |                            3.84 |                         8.96 |                        11.66 |
+------------+---------------------------------+---------------------------------+---------------------------------+------------------------------+------------------------------+