+------------+------------------------------+
| cod_sec    | dispersion_alquiler_2022_pct |
+------------+------------------------------+
| 2807901001 |                         53.1 |
| 2807901002 |                           38 |
| 2807901003 |                         48.1 |
| 2807901004 |                         52.1 |
| 2807901006 |                         38.3 |
| 2807901007 |                         35.3 |
| 2807901008 |                           43 |
| 2807901009 |                         49.5 |
| 2807901011 |                         34.7 |
| 2807901012 |                         44.8 |
| 2807901013 |                         43.7 |
| 2807901014 |                         41.4 |
| 2807901015 |                         40.8 |
| 2807901016 |                         42.7 |
| 2807901018 |                         36.9 |
| 2807901019 |                         35.5 |
| 2807901020 |                         39.2 |
| 2807901021 |                         34.4 |
| 2807901022 |                         34.5 |
| 2807901023 |                         32.6 |
| 2807901024 |                         35.3 |
| 2807901025 |                         50.7 |
| 2807901026 |                         46.8 |
| 2807901027 |                         45.3 |
| 2807901028 |                         55.9 |
| 2807901029 |                         49.9 |
| 2807901030 |                         44.2 |
| 2807901031 |                           42 |
| 2807901032 |                         37.1 |
| 2807901033 |                         41.1 |
| 2807901034 |                           34 |
| 2807901035 |                         35.5 |
| 2807901036 |                         41.2 |
| 2807901037 |                         36.2 |
| 2807901038 |                         31.5 |
| 2807901039 |                         44.6 |
| 2807901040 |                         32.9 |
| 2807901041 |                         35.8 |
| 2807901042 |                         33.1 |
| 2807901043 |                         38.1 |
| 2807901045 |                         48.3 |
| 2807901046 |                         41.2 |
| 2807901047 |                         38.1 |
| 2807901048 |                         35.3 |
| 2807901049 |                         33.8 |
| 2807901050 |                           41 |
| 2807901051 |                         39.3 |
| 2807901053 |                         33.5 |
| 2807901054 |                         38.4 |
| 2807901055 |                         39.4 |
| 2807901056 |                           47 |
| 2807901057 |                           45 |
| 2807901058 |                         41.1 |
| 2807901059 |                         36.1 |
| 2807901061 |                         33.5 |
| 2807901062 |                         48.2 |
| 2807901063 |                         42.7 |
| 2807901064 |                         41.7 |
| 2807901065 |                         42.3 |
| 2807901066 |                           46 |
| 2807901067 |                         50.7 |
| 2807901068 |                           51 |
| 2807901069 |                         37.1 |
| 2807901071 |                         49.2 |
| 2807901072 |                         38.4 |
| 2807901073 |                         44.3 |
| 2807901074 |                         42.5 |
| 2807901075 |                         48.9 |
| 2807901076 |                         43.7 |
| 2807901077 |                           45 |
| 2807901079 |                         39.8 |
| 2807901081 |                         43.8 |
| 2807901082 |                         38.5 |
| 2807901084 |                         50.1 |
| 2807901087 |                         49.8 |
| 2807901088 |                         44.4 |
| 2807901089 |                         43.1 |
| 2807901090 |                         42.8 |
| 2807901091 |                         32.4 |
| 2807901092 |                         38.7 |
| 2807901093 |                         40.3 |
| 2807901094 |                         34.8 |
| 2807901095 |                         41.7 |
| 2807901096 |                         38.4 |
| 2807901097 |                         40.9 |
| 2807901098 |                         45.1 |
| 2807901099 |                         34.8 |
| 2807901100 |                         35.2 |
| 2807901101 |                         41.4 |
| 2807901102 |                         43.2 |
| 2807901103 |                         33.7 |
| 2807901104 |                         35.1 |
| 2807901105 |                         35.8 |
| 2807901106 |                           39 |
| 2807901107 |                         33.5 |
| 2807901108 |                         40.5 |
| 2807901109 |                         39.6 |
| 2807901110 |                         37.6 |
| 2807901111 |                         34.9 |
| 2807901112 |                         51.7 |
| 2807901113 |                         37.2 |
| 2807901114 |                         49.4 |
| 2807901115 |                         31.5 |
| 2807901116 |                           39 |
| 2807901117 |                         40.7 |
| 2807901118 |                           41 |
| 2807901119 |                         56.8 |
| 2807901120 |                         49.3 |
| 2807901121 |                         38.9 |
| 2807901123 |                         53.6 |
| 2807901124 |                         47.4 |
| 2807902001 |                         33.3 |
| 2807902002 |                           32 |
| 2807902003 |                         34.4 |
| 2807902004 |                           31 |
| 2807902005 |                         29.9 |
| 2807902006 |                         35.6 |
| 2807902007 |                         23.2 |
| 2807902008 |                         35.2 |
| 2807902009 |                         22.8 |
| 2807902010 |                         37.8 |
| 2807902011 |                         22.3 |
| 2807902013 |                         26.5 |
| 2807902014 |                         30.7 |
| 2807902015 |                         35.3 |
| 2807902016 |                         33.6 |
| 2807902017 |                         32.9 |
| 2807902018 |                         34.6 |
| 2807902019 |                         24.1 |
| 2807902020 |                         33.2 |
| 2807902021 |                         31.7 |
| 2807902022 |                         28.8 |
| 2807902023 |                         42.1 |
| 2807902024 |                         42.6 |
| 2807902025 |                         41.2 |
| 2807902026 |                         30.8 |
| 2807902027 |                         31.4 |
| 2807902028 |                           36 |
| 2807902029 |                         34.1 |
| 2807902030 |                         37.5 |
| 2807902031 |                         26.8 |
| 2807902032 |                         26.7 |
| 2807902033 |                         29.5 |
| 2807902034 |                         33.2 |
| 2807902035 |                         31.7 |
| 2807902036 |                         39.5 |
| 2807902037 |                         27.2 |
| 2807902038 |                         31.4 |
| 2807902039 |                         21.2 |
| 2807902040 |                         36.7 |
| 2807902041 |                         41.4 |
| 2807902042 |                         34.7 |
| 2807902043 |                         41.5 |
| 2807902044 |                         30.7 |
| 2807902045 |                         42.2 |
| 2807902046 |                         29.3 |
| 2807902047 |                         33.2 |
| 2807902048 |                         41.2 |
| 2807902049 |                         26.2 |
| 2807902050 |                         34.4 |
| 2807902051 |                         30.8 |
| 2807902052 |                         34.8 |
| 2807902053 |                         31.2 |
| 2807902054 |                         35.3 |
| 2807902055 |                         41.9 |
| 2807902056 |                         34.7 |
| 2807902057 |                           43 |
| 2807902058 |                         40.1 |
| 2807902059 |                           44 |
| 2807902060 |                         44.8 |
| 2807902061 |                         32.7 |
| 2807902062 |                           42 |
| 2807902063 |                         42.1 |
| 2807902064 |                         32.4 |
| 2807902065 |                         32.2 |
| 2807902066 |                         36.2 |
| 2807902067 |                         42.6 |
| 2807902068 |                           37 |
| 2807902069 |                         49.8 |
| 2807902070 |                           36 |
| 2807902071 |                         35.5 |
| 2807902072 |                         35.3 |
| 2807902073 |                         37.9 |
| 2807902074 |                         41.6 |
| 2807902075 |                         40.1 |
| 2807902077 |                         41.4 |
| 2807902078 |                         42.1 |
| 2807902079 |                         36.6 |
| 2807902080 |                         42.1 |
| 2807902081 |                         50.4 |
| 2807902082 |                         39.8 |
| 2807902083 |                         50.9 |
| 2807902085 |                         20.9 |
| 2807902086 |                         31.9 |
| 2807902087 |                         28.9 |
| 2807902088 |                         32.6 |
| 2807902089 |                         30.2 |
| 2807902090 |                         27.7 |
| 2807902091 |                         32.8 |
| 2807902092 |                         33.6 |
| 2807902093 |                           30 |
| 2807902094 |                         26.4 |
| 2807902095 |                         24.2 |
| 2807902096 |                         21.4 |
| 2807902097 |                         25.1 |
| 2807902098 |                           25 |
| 2807902099 |                         39.7 |
| 2807902100 |                         34.8 |
| 2807902101 |                         24.6 |
| 2807902102 |                         33.4 |
| 2807902103 |                         21.7 |
| 2807902104 |                         39.2 |
| 2807902105 |                         39.7 |
| 2807902106 |                         27.8 |
| 2807902107 |                         29.8 |
| 2807902108 |                         31.5 |
| 2807902109 |                         32.1 |
| 2807902110 |                         27.9 |
| 2807902111 |                         25.5 |
| 2807902112 |                         20.8 |
| 2807903001 |                         18.8 |
| 2807903002 |                         38.2 |
| 2807903003 |                           44 |
| 2807903004 |                           37 |
| 2807903005 |                         35.4 |
| 2807903006 |                         27.8 |
| 2807903007 |                         33.6 |
| 2807903008 |                         36.4 |
| 2807903009 |                         38.7 |
| 2807903010 |                         28.7 |
| 2807903011 |                         34.4 |
| 2807903012 |                         36.8 |
| 2807903013 |                         45.9 |
| 2807903014 |                         38.3 |
| 2807903015 |                         54.1 |
| 2807903016 |                           32 |
| 2807903017 |                         32.4 |
| 2807903018 |                         29.7 |
| 2807903019 |                         39.7 |
| 2807903020 |                         37.4 |
| 2807903021 |                         31.2 |
| 2807903022 |                         31.9 |
| 2807903023 |                         44.7 |
| 2807903024 |                         26.5 |
| 2807903025 |                         30.6 |
| 2807903026 |                         34.1 |
| 2807903027 |                         29.5 |
| 2807903028 |                         28.2 |
| 2807903029 |                         33.6 |
| 2807903030 |                         23.6 |
| 2807903031 |                         26.1 |
| 2807903032 |                         28.1 |
| 2807903033 |                         31.5 |
| 2807903034 |                         32.3 |
| 2807903035 |                         26.7 |
| 2807903036 |                         44.4 |
| 2807903037 |                         34.5 |
| 2807903038 |                         42.9 |
| 2807903039 |                         37.9 |
| 2807903040 |                         54.2 |
| 2807903041 |                         32.4 |
| 2807903042 |                         25.9 |
| 2807903044 |                         26.3 |
| 2807903045 |                         43.4 |
| 2807903046 |                         25.9 |
| 2807903047 |                           41 |
| 2807903048 |                         43.2 |
| 2807903049 |                         27.5 |
| 2807903050 |                         35.1 |
| 2807903051 |                         49.6 |
| 2807903052 |                         41.3 |
| 2807903053 |                         45.8 |
| 2807903054 |                           40 |
| 2807903055 |                         34.2 |
| 2807903056 |                         28.2 |
| 2807903057 |                         31.5 |
| 2807903058 |                         30.4 |
| 2807903059 |                         36.8 |
| 2807903060 |                         36.1 |
| 2807903061 |                         45.2 |
| 2807903063 |                         31.9 |
| 2807903064 |                         37.2 |
| 2807903065 |                         45.1 |
| 2807903066 |                         39.8 |
| 2807903067 |                         35.6 |
| 2807903069 |                         37.7 |
| 2807903070 |                         34.3 |
| 2807903071 |                         31.2 |
| 2807903073 |                         50.4 |
| 2807903074 |                         37.7 |
| 2807903076 |                         26.2 |
| 2807903077 |                           32 |
| 2807903078 |                           28 |
| 2807903079 |                         34.5 |
| 2807903080 |                         33.8 |
| 2807903081 |                         48.7 |
| 2807903082 |                         34.4 |
| 2807903084 |                         29.9 |
| 2807903085 |                         29.9 |
| 2807903086 |                         26.8 |
| 2807903087 |                         34.3 |
| 2807903088 |                         29.5 |
| 2807903089 |                         29.2 |
| 2807903090 |                         24.2 |
| 2807903091 |                         17.9 |
| 2807903092 |                         50.3 |
| 2807903093 |                         26.5 |
| 2807903094 |                         19.5 |
| 2807903095 |                         27.7 |
| 2807903096 |                           31 |
| 2807903097 |                         23.4 |
| 2807903098 |                         29.3 |
| 2807903099 |                         32.3 |
| 2807903100 |                         20.6 |
| 2807904001 |                         41.3 |
| 2807904002 |                         53.7 |
| 2807904003 |                         43.4 |
| 2807904004 |                         42.3 |
| 2807904005 |                         27.1 |
| 2807904006 |                         35.4 |
| 2807904007 |                         44.8 |
| 2807904008 |                         42.9 |
| 2807904009 |                         44.5 |
| 2807904010 |                         36.7 |
| 2807904011 |                         37.1 |
| 2807904012 |                         43.5 |
| 2807904013 |                         34.9 |
| 2807904014 |                         40.7 |
| 2807904015 |                           37 |
| 2807904016 |                         37.3 |
| 2807904017 |                         39.5 |
| 2807904018 |                         41.7 |
| 2807904019 |                           44 |
| 2807904020 |                         45.6 |
| 2807904021 |                         43.5 |
| 2807904023 |                         41.7 |
| 2807904024 |                         40.6 |
| 2807904025 |                         30.3 |
| 2807904026 |                         40.3 |
| 2807904027 |                           43 |
| 2807904028 |                         39.9 |
| 2807904029 |                         38.1 |
| 2807904030 |                         40.9 |
| 2807904031 |                         54.3 |
| 2807904032 |                         41.8 |
| 2807904033 |                         40.8 |
| 2807904034 |                         50.5 |
| 2807904035 |                         37.8 |
| 2807904036 |                         52.3 |
| 2807904037 |                           34 |
| 2807904038 |                         35.4 |
| 2807904039 |                         39.3 |
| 2807904040 |                         48.1 |
| 2807904041 |                         41.2 |
| 2807904042 |                           41 |
| 2807904043 |                         30.5 |
| 2807904044 |                         33.9 |
| 2807904045 |                         30.5 |
| 2807904046 |                         44.6 |
| 2807904047 |                         37.7 |
| 2807904048 |                         35.6 |
| 2807904049 |                         38.1 |
| 2807904050 |                         48.2 |
| 2807904051 |                           39 |
| 2807904052 |                           34 |
| 2807904053 |                         52.5 |
| 2807904054 |                         25.9 |
| 2807904055 |                         30.4 |
| 2807904056 |                         33.3 |
| 2807904057 |                         42.7 |
| 2807904058 |                         35.8 |
| 2807904060 |                         39.8 |
| 2807904061 |                         36.9 |
| 2807904062 |                         45.6 |
| 2807904063 |                         32.3 |
| 2807904064 |                         35.2 |
| 2807904065 |                         41.8 |
| 2807904067 |                         28.5 |
| 2807904068 |                         33.5 |
| 2807904069 |                         36.3 |
| 2807904070 |                         39.6 |
| 2807904071 |                         37.3 |
| 2807904072 |                         28.8 |
| 2807904073 |                         40.5 |
| 2807904074 |                         33.6 |
| 2807904075 |                         38.8 |
| 2807904076 |                         25.8 |
| 2807904077 |                         40.2 |
| 2807904078 |                         33.1 |
| 2807904079 |                         31.3 |
| 2807904080 |                         57.3 |
| 2807904081 |                         20.3 |
| 2807904082 |                         24.9 |
| 2807904083 |                         31.3 |
| 2807904084 |                         33.4 |
| 2807904085 |                         36.4 |
| 2807904086 |                         40.6 |
| 2807904087 |                         31.4 |
| 2807904088 |                         43.3 |
| 2807904089 |                         37.4 |
| 2807904090 |                         43.4 |
| 2807904091 |                         36.6 |
| 2807904092 |                         41.7 |
| 2807904093 |                         39.3 |
| 2807904094 |                         44.3 |
| 2807904095 |                         39.8 |
| 2807904096 |                         44.7 |
| 2807904097 |                         30.7 |
| 2807904098 |                           44 |
| 2807904099 |                         42.1 |
| 2807904100 |                         29.3 |
| 2807904101 |                         34.6 |
| 2807904102 |                         38.3 |
| 2807904103 |                         33.1 |
| 2807904104 |                         42.7 |
| 2807904105 |                         36.2 |
| 2807904106 |                         37.8 |
| 2807904107 |                         42.6 |
| 2807904108 |                         36.4 |
| 2807904109 |                         46.9 |
| 2807904110 |                         44.5 |
| 2807904111 |                         48.3 |
| 2807904112 |                         43.2 |
| 2807904113 |                         35.8 |
| 2807904114 |                         32.4 |
| 2807904115 |                         45.2 |
| 2807904116 |                         49.1 |
| 2807904117 |                           36 |
| 2807904118 |                         51.2 |
| 2807904119 |                           37 |
| 2807904120 |                         39.9 |
| 2807904121 |                         40.8 |
| 2807904123 |                         42.1 |
| 2807904124 |                         41.3 |
| 2807904126 |                         41.4 |
| 2807904127 |                         43.1 |
| 2807904128 |                         51.1 |
| 2807904129 |                           52 |
| 2807904130 |                         40.2 |
| 2807904131 |                           27 |
| 2807905001 |                         37.4 |
| 2807905002 |                           48 |
| 2807905003 |                         29.7 |
| 2807905004 |                         29.8 |
| 2807905005 |                         37.2 |
| 2807905006 |                         38.7 |
| 2807905007 |                           27 |
| 2807905008 |                         27.5 |
| 2807905009 |                         43.5 |
| 2807905010 |                         29.1 |
| 2807905011 |                           43 |
| 2807905012 |                         38.7 |
| 2807905013 |                         40.9 |
| 2807905014 |                         40.7 |
| 2807905015 |                         32.3 |
| 2807905016 |                         33.8 |
| 2807905017 |                           37 |
| 2807905018 |                           34 |
| 2807905019 |                         31.5 |
| 2807905020 |                         40.9 |
| 2807905021 |                         47.2 |
| 2807905022 |                           37 |
| 2807905023 |                         35.7 |
| 2807905024 |                         25.3 |
| 2807905025 |                         39.1 |
| 2807905026 |                         33.7 |
| 2807905027 |                         34.6 |
| 2807905028 |                         48.1 |
| 2807905029 |                         37.5 |
| 2807905030 |                         41.7 |
| 2807905031 |                         33.2 |
| 2807905032 |                         36.6 |
| 2807905033 |                         31.1 |
| 2807905034 |                         29.3 |
| 2807905035 |                         31.6 |
| 2807905036 |                         34.4 |
| 2807905037 |                         22.8 |
| 2807905038 |                         52.2 |
| 2807905039 |                         34.1 |
| 2807905040 |                         45.4 |
| 2807905041 |                         47.5 |
| 2807905042 |                         33.3 |
| 2807905043 |                         30.4 |
| 2807905044 |                         36.7 |
| 2807905045 |                         49.8 |
| 2807905046 |                         39.7 |
| 2807905047 |                         39.6 |
| 2807905048 |                           43 |
| 2807905049 |                         28.3 |
| 2807905051 |                         30.9 |
| 2807905052 |                         32.1 |
| 2807905053 |                         48.6 |
| 2807905054 |                           39 |
| 2807905055 |                         30.6 |
| 2807905056 |                         29.3 |
| 2807905057 |                         34.9 |
| 2807905058 |                         34.6 |
| 2807905059 |                         30.6 |
| 2807905060 |                         30.5 |
| 2807905061 |                         25.4 |
| 2807905062 |                         33.7 |
| 2807905063 |                         38.6 |
| 2807905064 |                         35.9 |
| 2807905065 |                         42.6 |
| 2807905066 |                         32.7 |
| 2807905067 |                         33.4 |
| 2807905068 |                         30.8 |
| 2807905069 |                           41 |
| 2807905070 |                         28.3 |
| 2807905072 |                         41.7 |
| 2807905073 |                         36.4 |
| 2807905074 |                         36.3 |
| 2807905075 |                         29.6 |
| 2807905076 |                         34.9 |
| 2807905077 |                         33.5 |
| 2807905078 |                         43.4 |
| 2807905079 |                         37.2 |
| 2807905080 |                         34.7 |
| 2807905081 |                         29.8 |
| 2807905082 |                         34.6 |
| 2807905083 |                         31.3 |
| 2807905084 |                         30.2 |
| 2807905085 |                         36.8 |
| 2807905086 |                         26.2 |
| 2807905087 |                         34.4 |
| 2807905088 |                         69.7 |
| 2807905089 |                         26.8 |
| 2807905090 |                         27.6 |
| 2807905091 |                         27.9 |
| 2807905092 |                         24.2 |
| 2807905094 |                         28.7 |
| 2807905095 |                         29.9 |
| 2807905096 |                         32.4 |
| 2807905097 |                         35.3 |
| 2807905098 |                         19.4 |
| 2807905099 |                         31.5 |
| 2807905100 |                         24.8 |
| 2807905101 |                         29.7 |
| 2807905102 |                         37.9 |
| 2807905103 |                         28.6 |
| 2807905104 |                         24.4 |
| 2807906001 |                         45.2 |
| 2807906002 |                         49.9 |
| 2807906003 |                         30.9 |
| 2807906004 |                         42.8 |
| 2807906005 |                         47.1 |
| 2807906006 |                         35.1 |
| 2807906007 |                         42.6 |
| 2807906008 |                         45.2 |
| 2807906009 |                         34.7 |
| 2807906010 |                           31 |
| 2807906011 |                         36.6 |
| 2807906012 |                         46.7 |
| 2807906013 |                         43.3 |
| 2807906014 |                         34.8 |
| 2807906015 |                         38.8 |
| 2807906016 |                           38 |
| 2807906017 |                         38.1 |
| 2807906018 |                         44.1 |
| 2807906019 |                           45 |
| 2807906021 |                         40.3 |
| 2807906023 |                         40.4 |
| 2807906024 |                         42.2 |
| 2807906025 |                         36.6 |
| 2807906026 |                         35.7 |
| 2807906027 |                         24.4 |
| 2807906028 |                         37.9 |
| 2807906029 |                         31.5 |
| 2807906031 |                         27.1 |
| 2807906032 |                         34.9 |
| 2807906033 |                         46.3 |
| 2807906034 |                         39.8 |
| 2807906035 |                         36.4 |
| 2807906036 |                         42.9 |
| 2807906037 |                         34.5 |
| 2807906038 |                         37.8 |
| 2807906039 |                         38.3 |
| 2807906040 |                         29.1 |
| 2807906041 |                         36.7 |
| 2807906042 |                         37.7 |
| 2807906043 |                         37.6 |
| 2807906044 |                         46.7 |
| 2807906045 |                         40.2 |
| 2807906046 |                         36.4 |
| 2807906048 |                           27 |
| 2807906049 |                         31.6 |
| 2807906050 |                         23.4 |
| 2807906051 |                         45.7 |
| 2807906052 |                         27.9 |
| 2807906053 |                         45.3 |
| 2807906054 |                           33 |
| 2807906056 |                         37.8 |
| 2807906057 |                         41.3 |
| 2807906058 |                         29.6 |
| 2807906059 |                         29.5 |
| 2807906060 |                         36.6 |
| 2807906061 |                         25.3 |
| 2807906062 |                         41.5 |
| 2807906063 |                         39.5 |
| 2807906064 |                         30.7 |
| 2807906065 |                         44.2 |
| 2807906066 |                         39.6 |
| 2807906067 |                         39.8 |
| 2807906068 |                         35.5 |
| 2807906069 |                         40.8 |
| 2807906070 |                         27.3 |
| 2807906071 |                         43.3 |
| 2807906072 |                         42.8 |
| 2807906073 |                         44.8 |
| 2807906074 |                         46.3 |
| 2807906075 |                         37.7 |
| 2807906076 |                         43.9 |
| 2807906077 |                         41.1 |
| 2807906078 |                         44.1 |
| 2807906079 |                         33.5 |
| 2807906080 |                         59.1 |
| 2807906081 |                         41.5 |
| 2807906084 |                           16 |
| 2807906085 |                           45 |
| 2807906089 |                           43 |
| 2807906090 |                         43.3 |
| 2807906091 |                         50.3 |
| 2807906092 |                         38.1 |
| 2807906093 |                           38 |
| 2807906094 |                         36.7 |
| 2807906095 |                         45.6 |
| 2807906096 |                         40.3 |
| 2807906097 |                         44.1 |
| 2807906098 |                         38.9 |
| 2807906099 |                         48.3 |
| 2807906101 |                         36.8 |
| 2807906102 |                         34.2 |
| 2807906103 |                         33.5 |
| 2807906104 |                         44.6 |
| 2807906105 |                         36.1 |
| 2807906106 |                         42.8 |
| 2807906107 |                         37.8 |
| 2807906108 |                         32.7 |
| 2807906109 |                         44.8 |
| 2807906110 |                         40.8 |
| 2807906111 |                         41.8 |
| 2807906112 |                         39.8 |
| 2807906113 |                         34.2 |
| 2807906114 |                         38.6 |
| 2807906115 |                         41.3 |
| 2807906116 |                         40.5 |
| 2807906117 |                         39.3 |
| 2807906118 |                         34.8 |
| 2807906119 |                         41.1 |
| 2807906120 |                         43.8 |
| 2807906121 |                         37.6 |
| 2807906122 |                         44.4 |
| 2807906123 |                         37.6 |
| 2807906124 |                         33.2 |
| 2807906125 |                         33.9 |
| 2807906126 |                         37.5 |
| 2807906127 |                         26.2 |
| 2807906128 |                         41.9 |
| 2807906129 |                         40.7 |
| 2807907001 |                         42.4 |
| 2807907002 |                         52.5 |
| 2807907003 |                         38.4 |
| 2807907004 |                         35.4 |
| 2807907005 |                         48.5 |
| 2807907006 |                           37 |
| 2807907007 |                         40.4 |
| 2807907008 |                         40.2 |
| 2807907009 |                         50.2 |
| 2807907010 |                           32 |
| 2807907011 |                         38.2 |
| 2807907012 |                         35.2 |
| 2807907013 |                         47.5 |
| 2807907014 |                         38.1 |
| 2807907016 |                         31.3 |
| 2807907017 |                         40.5 |
| 2807907018 |                         42.1 |
| 2807907019 |                         28.5 |
| 2807907021 |                         40.6 |
| 2807907023 |                         34.8 |
| 2807907024 |                         33.1 |
| 2807907025 |                         35.3 |
| 2807907026 |                         32.6 |
| 2807907028 |                         36.9 |
| 2807907030 |                         37.3 |
| 2807907031 |                         35.3 |
| 2807907032 |                         34.2 |
| 2807907034 |                         28.1 |
| 2807907035 |                         31.7 |
| 2807907036 |                         40.5 |
| 2807907038 |                         32.3 |
| 2807907039 |                         39.7 |
| 2807907040 |                         33.4 |
| 2807907041 |                         33.5 |
| 2807907042 |                         65.2 |
| 2807907043 |                         26.2 |
| 2807907044 |                         37.5 |
| 2807907045 |                         36.4 |
| 2807907046 |                         32.4 |
| 2807907047 |                           43 |
| 2807907048 |                         32.6 |
| 2807907049 |                           42 |
| 2807907050 |                         49.4 |
| 2807907051 |                         45.2 |
| 2807907052 |                         52.2 |
| 2807907053 |                         34.8 |
| 2807907055 |                         58.4 |
| 2807907056 |                         32.1 |
| 2807907057 |                         34.3 |
| 2807907058 |                         38.9 |
| 2807907059 |                         32.7 |
| 2807907060 |                           35 |
| 2807907061 |                         34.4 |
| 2807907062 |                           37 |
| 2807907063 |                           42 |
| 2807907064 |                         39.9 |
| 2807907065 |                         34.2 |
| 2807907066 |                         31.7 |
| 2807907067 |                         36.2 |
| 2807907068 |                         37.8 |
| 2807907069 |                         43.9 |
| 2807907070 |                         33.5 |
| 2807907071 |                           36 |
| 2807907072 |                         45.4 |
| 2807907073 |                         35.1 |
| 2807907075 |                           51 |
| 2807907076 |                         39.2 |
| 2807907078 |                         35.6 |
| 2807907079 |                         40.9 |
| 2807907080 |                         26.7 |
| 2807907081 |                         45.3 |
| 2807907082 |                         34.3 |
| 2807907083 |                         39.5 |
| 2807907084 |                         41.8 |
| 2807907085 |                         42.7 |
| 2807907086 |                         30.2 |
| 2807907087 |                         33.8 |
| 2807907088 |                         34.8 |
| 2807907089 |                         42.8 |
| 2807907090 |                         33.2 |
| 2807907091 |                         34.9 |
| 2807907092 |                         34.1 |
| 2807907093 |                         39.2 |
| 2807907094 |                         40.3 |
| 2807907095 |                         41.8 |
| 2807907096 |                         40.4 |
| 2807907097 |                         42.9 |
| 2807907098 |                         25.1 |
| 2807907099 |                         35.1 |
| 2807907100 |                         36.4 |
| 2807907101 |                         37.9 |
| 2807907102 |                         39.6 |
| 2807907103 |                         37.3 |
| 2807907105 |                         45.1 |
| 2807907106 |                         34.4 |
| 2807907107 |                         32.8 |
| 2807907108 |                         38.5 |
| 2807907109 |                         32.4 |
| 2807907110 |                           48 |
| 2807907111 |                         37.7 |
| 2807907113 |                         42.1 |
| 2807907114 |                         29.5 |
| 2807907115 |                           39 |
| 2807907116 |                         32.8 |
| 2807907117 |                         38.1 |
| 2807907118 |                         35.3 |
| 2807907119 |                           42 |
| 2807907120 |                         43.8 |
| 2807907121 |                         33.7 |
| 2807907122 |                           31 |
| 2807907123 |                         34.6 |
| 2807907124 |                         22.4 |
| 2807907125 |                         34.5 |
| 2807907126 |                         35.5 |
| 2807907127 |                         38.3 |
| 2807907128 |                           50 |
| 2807907129 |                           27 |
| 2807907130 |                         42.1 |
| 2807907131 |                         36.4 |
| 2807907132 |                         34.4 |
| 2807907133 |                         26.5 |
| 2807907135 |                         38.9 |
| 2807908002 |                         24.8 |
| 2807908003 |                         26.5 |
| 2807908004 |                         18.7 |
| 2807908005 |                         39.6 |
| 2807908006 |                         22.9 |
| 2807908007 |                         25.3 |
| 2807908008 |                         56.8 |
| 2807908009 |                         48.3 |
| 2807908010 |                         33.1 |
| 2807908011 |                         40.9 |
| 2807908012 |                         33.3 |
| 2807908013 |                         27.1 |
| 2807908014 |                         24.6 |
| 2807908015 |                         33.7 |
| 2807908016 |                         30.3 |
| 2807908017 |                         28.3 |
| 2807908018 |                           40 |
| 2807908019 |                         36.8 |
| 2807908020 |                         28.1 |
| 2807908021 |                         23.4 |
| 2807908022 |                         19.8 |
| 2807908023 |                         17.3 |
| 2807908024 |                         27.6 |
| 2807908025 |                           26 |
| 2807908026 |                         30.1 |
| 2807908027 |                         41.6 |
| 2807908028 |                           30 |
| 2807908029 |                         24.4 |
| 2807908030 |                         28.3 |
| 2807908031 |                         39.8 |
| 2807908032 |                         26.6 |
| 2807908033 |                         19.7 |
| 2807908034 |                         29.9 |
| 2807908035 |                         20.2 |
| 2807908036 |                         41.5 |
| 2807908037 |                         24.7 |
| 2807908038 |                         25.2 |
| 2807908039 |                         33.1 |
| 2807908040 |                           20 |
| 2807908041 |                         25.6 |
| 2807908042 |                         22.7 |
| 2807908043 |                         26.6 |
| 2807908044 |                         26.5 |
| 2807908045 |                           25 |
| 2807908046 |                         26.5 |
| 2807908047 |                         27.4 |
| 2807908048 |                         19.5 |
| 2807908049 |                         22.1 |
| 2807908050 |                         30.9 |
| 2807908051 |                         31.6 |
| 2807908052 |                         43.1 |
| 2807908053 |                         23.2 |
| 2807908054 |                         27.8 |
| 2807908055 |                         28.4 |
| 2807908056 |                         24.4 |
| 2807908057 |                         28.6 |
| 2807908058 |                           31 |
| 2807908059 |                         30.8 |
| 2807908060 |                         26.4 |
| 2807908061 |                         36.8 |
| 2807908062 |                         26.1 |
| 2807908063 |                         24.8 |
| 2807908064 |                         21.8 |
| 2807908065 |                         23.7 |
| 2807908066 |                         26.3 |
| 2807908067 |                         27.1 |
| 2807908068 |                         27.4 |
| 2807908069 |                         29.6 |
| 2807908071 |                         24.5 |
| 2807908072 |                         27.1 |
| 2807908073 |                         24.8 |
| 2807908074 |                         33.3 |
| 2807908075 |                         28.2 |
| 2807908076 |                         23.8 |
| 2807908077 |                         28.6 |
| 2807908078 |                         18.4 |
| 2807908079 |                         29.7 |
| 2807908080 |                         27.1 |
| 2807908081 |                         33.8 |
| 2807908082 |                         29.4 |
| 2807908083 |                         32.1 |
| 2807908084 |                         21.5 |
| 2807908085 |                         35.3 |
| 2807908086 |                         28.1 |
| 2807908087 |                         29.6 |
| 2807908088 |                         32.3 |
| 2807908089 |                         31.2 |
| 2807908090 |                         28.6 |
| 2807908091 |                         26.3 |
| 2807908092 |                         20.6 |
| 2807908093 |                         29.9 |
| 2807908094 |                         26.4 |
| 2807908095 |                         25.8 |
| 2807908096 |                         26.5 |
| 2807908097 |                         73.3 |
| 2807908098 |                         29.8 |
| 2807908099 |                         26.8 |
| 2807908100 |                         22.3 |
| 2807908102 |                         32.6 |
| 2807908103 |                         21.4 |
| 2807908104 |                         25.1 |
| 2807908105 |                         28.9 |
| 2807908106 |                         23.4 |
| 2807908107 |                         23.2 |
| 2807908108 |                         27.7 |
| 2807908109 |                         24.7 |
| 2807908110 |                         21.4 |
| 2807908111 |                           39 |
| 2807908112 |                         27.7 |
| 2807908113 |                         25.1 |
| 2807908114 |                         32.4 |
| 2807908115 |                           43 |
| 2807908116 |                         33.2 |
| 2807908117 |                         26.5 |
| 2807908119 |                         26.3 |
| 2807908120 |                         28.1 |
| 2807908121 |                         23.2 |
| 2807908122 |                           21 |
| 2807908123 |                         34.2 |
| 2807908124 |                         42.2 |
| 2807908125 |                         39.5 |
| 2807908126 |                         41.4 |
| 2807908128 |                         38.5 |
| 2807908131 |                         16.3 |
| 2807908132 |                         27.7 |
| 2807908133 |                         28.5 |
| 2807908135 |                         18.4 |
| 2807908136 |                           24 |
| 2807908137 |                         16.9 |
| 2807908138 |                         18.4 |
| 2807908139 |                         19.5 |
| 2807908140 |                         28.1 |
| 2807908141 |                         23.2 |
| 2807908142 |                         29.2 |
| 2807908143 |                         27.5 |
| 2807908144 |                         20.5 |
| 2807908145 |                         26.4 |
| 2807908146 |                         41.1 |
| 2807908147 |                           25 |
| 2807908148 |                         30.5 |
| 2807908149 |                         36.4 |
| 2807908150 |                         24.9 |
| 2807908151 |                         26.4 |
| 2807908152 |                         37.3 |
| 2807908153 |                         24.4 |
| 2807908154 |                         22.4 |
| 2807908155 |                         26.3 |
| 2807908156 |                         20.2 |
| 2807908157 |                         26.5 |
| 2807908158 |                         20.9 |
| 2807908159 |                         26.5 |
| 2807908160 |                         31.7 |
| 2807908161 |                         31.9 |
| 2807908162 |                         28.1 |
| 2807908163 |                           25 |
| 2807908164 |                         25.4 |
| 2807908165 |                         26.5 |
| 2807908166 |                         40.1 |
| 2807908167 |                         21.2 |
| 2807908168 |                         17.8 |
| 2807908169 |                         30.6 |
| 2807908170 |                         18.4 |
| 2807908171 |                         16.4 |
| 2807908172 |                         17.2 |
| 2807908173 |                           22 |
| 2807908174 |                         24.8 |
| 2807908175 |                         23.7 |
| 2807908176 |                         23.9 |
| 2807908177 |                         25.3 |
| 2807908178 |                         26.5 |
| 2807908179 |                         21.9 |
| 2807908180 |                         28.3 |
| 2807908181 |                         19.8 |
| 2807908182 |                         32.8 |
| 2807908183 |                         34.1 |
| 2807908184 |                         26.9 |
| 2807908185 |                         17.7 |
| 2807908186 |                         20.1 |
| 2807908187 |                         30.7 |
| 2807908188 |                         18.4 |
| 2807909001 |                         33.7 |
| 2807909002 |                         32.4 |
| 2807909004 |                           34 |
| 2807909005 |                         58.5 |
| 2807909006 |                         55.7 |
| 2807909007 |                         24.1 |
| 2807909008 |                         28.2 |
| 2807909009 |                         29.3 |
| 2807909010 |                         24.8 |
| 2807909011 |                         39.7 |
| 2807909012 |                         44.9 |
| 2807909013 |                         36.8 |
| 2807909014 |                           34 |
| 2807909015 |                         39.5 |
| 2807909016 |                           41 |
| 2807909017 |                         42.3 |
| 2807909018 |                         38.4 |
| 2807909019 |                         40.1 |
| 2807909020 |                           35 |
| 2807909021 |                         45.2 |
| 2807909022 |                         48.8 |
| 2807909023 |                         45.6 |
| 2807909024 |                         53.4 |
| 2807909025 |                         39.9 |
| 2807909026 |                         38.3 |
| 2807909028 |                         45.9 |
| 2807909029 |                         48.8 |
| 2807909030 |                         37.6 |
| 2807909031 |                         22.9 |
| 2807909033 |                         29.5 |
| 2807909034 |                         35.1 |
| 2807909035 |                         38.8 |
| 2807909036 |                         39.5 |
| 2807909037 |                           38 |
| 2807909038 |                         37.3 |
| 2807909039 |                         39.6 |
| 2807909040 |                         37.9 |
| 2807909041 |                           28 |
| 2807909043 |                         32.3 |
| 2807909044 |                         25.9 |
| 2807909045 |                         25.1 |
| 2807909046 |                         33.7 |
| 2807909047 |                         36.4 |
| 2807909049 |                         19.8 |
| 2807909050 |                           22 |
| 2807909051 |                         31.8 |
| 2807909052 |                           25 |
| 2807909053 |                         46.8 |
| 2807909054 |                         34.9 |
| 2807909055 |                           22 |
| 2807909056 |                         21.6 |
| 2807909057 |                         32.1 |
| 2807909058 |                         32.3 |
| 2807909060 |                         28.1 |
| 2807909061 |                           30 |
| 2807909063 |                         29.4 |
| 2807909064 |                         26.6 |
| 2807909065 |                         31.3 |
| 2807909066 |                         25.2 |
| 2807909067 |                         29.1 |
| 2807909068 |                         38.4 |
| 2807909069 |                         31.2 |
| 2807909070 |                           62 |
| 2807909071 |                         22.5 |
| 2807909072 |                           35 |
| 2807909073 |                         27.6 |
| 2807909074 |                         33.8 |
| 2807909075 |                         40.7 |
| 2807909076 |                         34.5 |
| 2807909077 |                           38 |
| 2807909078 |                         31.9 |
| 2807909079 |                         39.7 |
| 2807909080 |                         29.7 |
| 2807909081 |                         31.3 |
| 2807909082 |                         23.2 |
| 2807909083 |                           18 |
| 2807909084 |                         41.7 |
| 2807909085 |                         28.1 |
| 2807909086 |                           25 |
| 2807909087 |                         37.9 |
| 2807909088 |                         22.4 |
| 2807909090 |                         31.6 |
| 2807909091 |                         24.5 |
| 2807909092 |                           25 |
| 2807910001 |                         37.6 |
| 2807910002 |                           35 |
| 2807910003 |                         42.7 |
| 2807910004 |                         29.2 |
| 2807910005 |                           39 |
| 2807910006 |                         27.7 |
| 2807910007 |                         41.7 |
| 2807910008 |                         40.9 |
| 2807910009 |                         34.8 |
| 2807910010 |                         35.4 |
| 2807910011 |                         23.5 |
| 2807910012 |                         37.4 |
| 2807910013 |                         40.2 |
| 2807910014 |                         20.6 |
| 2807910015 |                           27 |
| 2807910016 |                         42.7 |
| 2807910017 |                         57.6 |
| 2807910018 |                         39.9 |
| 2807910020 |                           31 |
| 2807910021 |                         35.1 |
| 2807910022 |                         49.3 |
| 2807910023 |                         44.9 |
| 2807910024 |                         53.5 |
| 2807910025 |                         33.3 |
| 2807910026 |                         32.1 |
| 2807910027 |                         43.4 |
| 2807910028 |                         38.7 |
| 2807910029 |                         59.8 |
| 2807910030 |                         45.8 |
| 2807910031 |                         28.4 |
| 2807910032 |                         40.4 |
| 2807910033 |                           42 |
| 2807910034 |                         42.8 |
| 2807910035 |                         39.1 |
| 2807910036 |                         41.9 |
| 2807910037 |                         44.4 |
| 2807910038 |                         38.9 |
| 2807910039 |                         47.9 |
| 2807910040 |                         35.1 |
| 2807910041 |                         38.7 |
| 2807910042 |                         33.6 |
| 2807910043 |                         43.2 |
| 2807910044 |                         29.3 |
| 2807910046 |                         41.5 |
| 2807910047 |                         41.1 |
| 2807910048 |                         44.8 |
| 2807910049 |                         39.2 |
| 2807910050 |                         46.6 |
| 2807910051 |                         29.5 |
| 2807910052 |                         38.6 |
| 2807910053 |                         42.2 |
| 2807910054 |                           33 |
| 2807910055 |                         24.5 |
| 2807910056 |                         41.9 |
| 2807910057 |                         52.4 |
| 2807910058 |                         41.5 |
| 2807910059 |                         38.3 |
| 2807910060 |                         34.6 |
| 2807910061 |                           31 |
| 2807910062 |                         31.6 |
| 2807910063 |                           24 |
| 2807910065 |                         38.7 |
| 2807910067 |                           28 |
| 2807910068 |                         25.1 |
| 2807910069 |                         28.4 |
| 2807910070 |                         33.2 |
| 2807910072 |                         35.5 |
| 2807910073 |                         24.4 |
| 2807910074 |                         34.6 |
| 2807910075 |                         36.6 |
| 2807910076 |                         36.7 |
| 2807910077 |                         22.2 |
| 2807910078 |                         28.4 |
| 2807910081 |                         23.3 |
| 2807910082 |                         32.1 |
| 2807910083 |                         28.1 |
| 2807910084 |                         35.6 |
| 2807910086 |                         32.7 |
| 2807910087 |                         21.4 |
| 2807910088 |                         21.2 |
| 2807910089 |                         32.6 |
| 2807910090 |                         31.3 |
| 2807910091 |                         28.2 |
| 2807910092 |                           27 |
| 2807910093 |                         29.4 |
| 2807910094 |                         25.9 |
| 2807910095 |                         20.7 |
| 2807910096 |                         26.4 |
| 2807910098 |                         23.8 |
| 2807910099 |                         31.8 |
| 2807910100 |                         28.1 |
| 2807910101 |                         23.9 |
| 2807910102 |                         33.3 |
| 2807910103 |                         21.6 |
| 2807910106 |                         31.5 |
| 2807910107 |                         32.4 |
| 2807910108 |                         27.7 |
| 2807910109 |                         30.1 |
| 2807910110 |                         22.9 |
| 2807910111 |                         24.8 |
| 2807910112 |                         24.9 |
| 2807910113 |                         28.5 |
| 2807910114 |                         22.2 |
| 2807910115 |                         23.8 |
| 2807910116 |                           23 |
| 2807910117 |                         23.8 |
| 2807910118 |                         20.3 |
| 2807910119 |                         21.9 |
| 2807910120 |                         24.3 |
| 2807910121 |                         23.2 |
| 2807910122 |                         26.2 |
| 2807910123 |                         20.4 |
| 2807910124 |                         20.6 |
| 2807910125 |                         21.5 |
| 2807910126 |                         22.7 |
| 2807910127 |                         27.9 |
| 2807910128 |                         32.1 |
| 2807910129 |                         15.8 |
| 2807910130 |                         28.3 |
| 2807910131 |                         24.6 |
| 2807910132 |                         32.7 |
| 2807910133 |                         23.6 |
| 2807910134 |                         24.9 |
| 2807910135 |                         31.4 |
| 2807910136 |                         23.7 |
| 2807910137 |                         25.6 |
| 2807910138 |                         32.9 |
| 2807910139 |                         28.8 |
| 2807910140 |                         16.4 |
| 2807910142 |                         28.5 |
| 2807910143 |                         32.6 |
| 2807910144 |                         28.1 |
| 2807910145 |                         29.6 |
| 2807910146 |                           32 |
| 2807910147 |                         31.8 |
| 2807910148 |                         35.6 |
| 2807910149 |                         26.2 |
| 2807910150 |                         27.8 |
| 2807910151 |                         26.3 |
| 2807910152 |                         44.9 |
| 2807910153 |                         26.4 |
| 2807910154 |                         29.7 |
| 2807910156 |                           17 |
| 2807910161 |                         23.6 |
| 2807910162 |                         26.2 |
| 2807910163 |                         26.6 |
| 2807910164 |                         26.5 |
| 2807910165 |                         22.5 |
| 2807910167 |                         20.8 |
| 2807910168 |                         23.2 |
| 2807910169 |                         35.5 |
| 2807910170 |                         23.5 |
| 2807910171 |                         18.7 |
| 2807910172 |                         30.1 |
| 2807910173 |                         18.7 |
| 2807910174 |                           20 |
| 2807910175 |                         30.1 |
| 2807910176 |                         25.9 |
| 2807910178 |                         34.9 |
| 2807910179 |                         23.2 |
| 2807910180 |                           26 |
| 2807910181 |                         33.9 |
| 2807910182 |                         21.3 |
| 2807910183 |                         25.3 |
| 2807910184 |                         26.9 |
| 2807910185 |                         24.1 |
| 2807910187 |                         21.3 |
| 2807910188 |                         18.8 |
| 2807910189 |                         33.5 |
| 2807910190 |                         33.5 |
| 2807910191 |                         27.7 |
| 2807910192 |                         26.3 |
| 2807910193 |                         22.7 |
| 2807910194 |                         30.3 |
| 2807910197 |                         32.9 |
| 2807910198 |                         25.9 |
| 2807910199 |                         21.2 |
| 2807910201 |                         27.8 |
| 2807910202 |                         28.8 |
| 2807910203 |                         28.9 |
| 2807910204 |                         28.4 |
| 2807910205 |                         23.3 |
| 2807910206 |                         35.3 |
| 2807910207 |                         21.1 |
| 2807910209 |                         23.3 |
| 2807910210 |                         27.3 |
| 2807910211 |                         31.2 |
| 2807910212 |                         24.9 |
| 2807910213 |                         33.7 |
| 2807910214 |                         23.6 |
| 2807910215 |                         45.4 |
| 2807910216 |                         34.1 |
| 2807910217 |                         30.9 |
| 2807910218 |                         20.8 |
| 2807910219 |                         30.9 |
| 2807910220 |                         28.3 |
| 2807910221 |                         33.3 |
| 2807911001 |                         37.4 |
| 2807911002 |                         29.4 |
| 2807911003 |                           34 |
| 2807911004 |                         32.3 |
| 2807911005 |                         30.8 |
| 2807911006 |                         38.7 |
| 2807911007 |                         45.5 |
| 2807911010 |                         35.5 |
| 2807911011 |                         46.6 |
| 2807911012 |                           45 |
| 2807911013 |                         36.8 |
| 2807911015 |                         41.8 |
| 2807911016 |                         38.3 |
| 2807911017 |                         25.8 |
| 2807911018 |                         36.8 |
| 2807911019 |                         25.3 |
| 2807911021 |                         32.3 |
| 2807911022 |                         27.3 |
| 2807911023 |                         41.1 |
| 2807911024 |                         38.2 |
| 2807911025 |                         30.9 |
| 2807911026 |                         31.1 |
| 2807911028 |                         34.2 |
| 2807911029 |                         28.3 |
| 2807911030 |                         34.5 |
| 2807911031 |                           35 |
| 2807911032 |                         38.8 |
| 2807911033 |                         29.5 |
| 2807911034 |                         40.4 |
| 2807911035 |                         38.3 |
| 2807911036 |                         61.6 |
| 2807911037 |                         42.5 |
| 2807911038 |                         37.4 |
| 2807911039 |                         38.1 |
| 2807911040 |                         34.5 |
| 2807911041 |                           37 |
| 2807911042 |                         40.3 |
| 2807911043 |                         32.3 |
| 2807911044 |                           38 |
| 2807911045 |                         30.3 |
| 2807911046 |                           37 |
| 2807911047 |                         44.1 |
| 2807911048 |                         40.7 |
| 2807911049 |                         37.2 |
| 2807911050 |                           31 |
| 2807911051 |                         26.6 |
| 2807911054 |                         55.2 |
| 2807911055 |                         40.7 |
| 2807911056 |                         31.2 |
| 2807911057 |                         34.6 |
| 2807911058 |                           35 |
| 2807911059 |                         41.5 |
| 2807911060 |                         23.2 |
| 2807911061 |                         36.6 |
| 2807911062 |                         48.1 |
| 2807911063 |                         34.2 |
| 2807911065 |                         31.6 |
| 2807911066 |                         35.9 |
| 2807911067 |                         32.6 |
| 2807911068 |                         37.1 |
| 2807911069 |                         33.3 |
| 2807911070 |                           38 |
| 2807911071 |                         41.4 |
| 2807911072 |                         34.6 |
| 2807911073 |                         43.7 |
| 2807911074 |                           37 |
| 2807911075 |                         26.1 |
| 2807911078 |                         39.3 |
| 2807911079 |                         42.4 |
| 2807911080 |                         39.1 |
| 2807911081 |                         40.3 |
| 2807911082 |                         34.1 |
| 2807911083 |                         29.4 |
| 2807911085 |                         37.7 |
| 2807911086 |                         36.2 |
| 2807911087 |                         37.7 |
| 2807911088 |                         32.6 |
| 2807911089 |                         42.9 |
| 2807911091 |                         34.1 |
| 2807911092 |                         40.5 |
| 2807911093 |                         29.4 |
| 2807911094 |                         20.8 |
| 2807911095 |                         21.5 |
| 2807911096 |                         20.2 |
| 2807911097 |                         30.7 |
| 2807911098 |                         31.7 |
| 2807911099 |                         24.6 |
| 2807911100 |                         35.7 |
| 2807911101 |                         39.6 |
| 2807911102 |                         39.1 |
| 2807911103 |                           38 |
| 2807911104 |                           44 |
| 2807911105 |                         41.9 |
| 2807911106 |                           31 |
| 2807911107 |                         30.6 |
| 2807911108 |                         36.9 |
| 2807911109 |                         32.8 |
| 2807911110 |                         36.2 |
| 2807911111 |                         37.6 |
| 2807911112 |                         35.7 |
| 2807911113 |                         38.7 |
| 2807911114 |                         39.4 |
| 2807911115 |                         36.6 |
| 2807911116 |                         40.1 |
| 2807911117 |                         39.1 |
| 2807911118 |                         39.4 |
| 2807911119 |                         35.2 |
| 2807911120 |                         44.8 |
| 2807911121 |                         38.2 |
| 2807911122 |                         32.3 |
| 2807911123 |                         30.8 |
| 2807911124 |                         36.1 |
| 2807911125 |                         39.3 |
| 2807911126 |                         31.3 |
| 2807911128 |                           35 |
| 2807911129 |                         32.7 |
| 2807911130 |                           26 |
| 2807911131 |                         31.6 |
| 2807911132 |                         35.5 |
| 2807911133 |                         32.1 |
| 2807911134 |                         26.5 |
| 2807911135 |                         27.3 |
| 2807911136 |                         34.2 |
| 2807911137 |                           32 |
| 2807911138 |                         40.1 |
| 2807911139 |                         32.7 |
| 2807911140 |                         33.8 |
| 2807911141 |                         37.2 |
| 2807911142 |                         34.7 |
| 2807911143 |                         39.5 |
| 2807911145 |                         31.6 |
| 2807911146 |                         28.5 |
| 2807911147 |                         24.4 |
| 2807911148 |                         27.5 |
| 2807911149 |                         42.7 |
| 2807911150 |                         42.5 |
| 2807911151 |                         43.2 |
| 2807911152 |                         33.2 |
| 2807911153 |                         42.8 |
| 2807911154 |                         36.1 |
| 2807911155 |                         35.9 |
| 2807911156 |                         26.8 |
| 2807911157 |                         36.5 |
| 2807911158 |                         31.2 |
| 2807911160 |                         33.6 |
| 2807911161 |                         37.1 |
| 2807911162 |                         35.3 |
| 2807911163 |                         30.8 |
| 2807911165 |                         37.4 |
| 2807911167 |                         30.9 |
| 2807911168 |                         26.4 |
| 2807911169 |                         41.7 |
| 2807911170 |                         38.7 |
| 2807911171 |                         31.4 |
| 2807911173 |                         37.7 |
| 2807911174 |                           47 |
| 2807911175 |                         38.4 |
| 2807911176 |                         34.3 |
| 2807911177 |                         30.2 |
| 2807911178 |                         34.3 |
| 2807911179 |                         39.3 |
| 2807911180 |                         80.2 |
| 2807911181 |                         36.8 |
| 2807911182 |                         27.9 |
| 2807911183 |                           24 |
| 2807911184 |                         38.8 |
| 2807911185 |                         29.1 |
| 2807911186 |                         20.8 |
| 2807911187 |                         28.1 |
| 2807911188 |                         26.2 |
| 2807911189 |                           25 |
| 2807911190 |                         21.9 |
| 2807911191 |                         18.7 |
| 2807911192 |                         37.8 |
| 2807911193 |                         46.7 |
| 2807911194 |                           34 |
| 2807911195 |                           47 |
| 2807911196 |                         21.9 |
| 2807911197 |                           32 |
| 2807911198 |                         34.1 |
| 2807912002 |                         17.4 |
| 2807912003 |                         27.5 |
| 2807912005 |                         36.6 |
| 2807912006 |                         28.4 |
| 2807912007 |                         28.1 |
| 2807912008 |                         34.5 |
| 2807912009 |                           19 |
| 2807912010 |                         21.9 |
| 2807912011 |                           27 |
| 2807912012 |                         33.9 |
| 2807912013 |                         17.7 |
| 2807912014 |                         28.5 |
| 2807912015 |                         25.4 |
| 2807912016 |                         35.2 |
| 2807912018 |                         40.8 |
| 2807912019 |                         36.4 |
| 2807912020 |                         72.8 |
| 2807912022 |                         34.7 |
| 2807912023 |                         34.9 |
| 2807912024 |                           28 |
| 2807912027 |                         26.9 |
| 2807912028 |                         32.7 |
| 2807912029 |                         32.9 |
| 2807912030 |                           29 |
| 2807912031 |                         25.8 |
| 2807912032 |                           35 |
| 2807912033 |                         27.5 |
| 2807912034 |                         40.9 |
| 2807912037 |                         33.3 |
| 2807912039 |                         31.5 |
| 2807912041 |                           36 |
| 2807912042 |                         34.7 |
| 2807912043 |                         34.9 |
| 2807912044 |                         34.7 |
| 2807912045 |                         39.6 |
| 2807912046 |                           43 |
| 2807912047 |                         42.8 |
| 2807912048 |                         38.3 |
| 2807912049 |                         45.3 |
| 2807912050 |                         34.5 |
| 2807912051 |                         36.7 |
| 2807912052 |                         34.4 |
| 2807912053 |                         37.2 |
| 2807912054 |                         29.7 |
| 2807912055 |                         36.8 |
| 2807912056 |                         40.8 |
| 2807912057 |                         49.8 |
| 2807912059 |                         38.2 |
| 2807912061 |                         34.5 |
| 2807912062 |                         32.8 |
| 2807912064 |                         32.8 |
| 2807912065 |                         20.6 |
| 2807912066 |                         39.6 |
| 2807912067 |                         37.6 |
| 2807912069 |                         44.3 |
| 2807912070 |                         34.7 |
| 2807912071 |                         34.6 |
| 2807912073 |                           27 |
| 2807912074 |                         24.9 |
| 2807912075 |                         33.8 |
| 2807912077 |                         25.9 |
| 2807912078 |                         44.3 |
| 2807912079 |                         37.6 |
| 2807912080 |                         35.5 |
| 2807912081 |                         40.7 |
| 2807912082 |                         33.3 |
| 2807912083 |                         29.7 |
| 2807912084 |                         38.5 |
| 2807912086 |                           37 |
| 2807912087 |                         30.1 |
| 2807912088 |                         42.1 |
| 2807912089 |                         45.6 |
| 2807912090 |                         34.6 |
| 2807912091 |                         41.3 |
| 2807912092 |                         40.2 |
| 2807912093 |                         37.2 |
| 2807912094 |                         41.8 |
| 2807912096 |                         42.1 |
| 2807912097 |                         32.9 |
| 2807912098 |                         31.6 |
| 2807912099 |                         52.1 |
| 2807912100 |                         28.9 |
| 2807912101 |                         29.3 |
| 2807912102 |                         24.4 |
| 2807912103 |                         17.7 |
| 2807912104 |                         32.9 |
| 2807912105 |                         33.7 |
| 2807912106 |                         26.7 |
| 2807912107 |                         28.6 |
| 2807912108 |                         40.3 |
| 2807912109 |                         27.3 |
| 2807913002 |                         35.6 |
| 2807913005 |                         57.5 |
| 2807913007 |                         35.2 |
| 2807913008 |                         36.5 |
| 2807913010 |                         32.8 |
| 2807913012 |                           34 |
| 2807913013 |                         28.5 |
| 2807913014 |                         23.3 |
| 2807913016 |                         32.9 |
| 2807913017 |                           16 |
| 2807913018 |                         41.9 |
| 2807913021 |                         27.3 |
| 2807913022 |                         35.4 |
| 2807913023 |                         43.4 |
| 2807913024 |                         41.9 |
| 2807913026 |                         33.5 |
| 2807913027 |                         37.2 |
| 2807913028 |                           54 |
| 2807913029 |                         36.9 |
| 2807913030 |                         27.9 |
| 2807913031 |                         32.4 |
| 2807913032 |                           35 |
| 2807913033 |                         38.2 |
| 2807913034 |                         45.3 |
| 2807913035 |                           37 |
| 2807913036 |                         33.9 |
| 2807913037 |                         42.1 |
| 2807913038 |                         31.6 |
| 2807913039 |                         34.2 |
| 2807913040 |                         44.8 |
| 2807913041 |                         47.3 |
| 2807913042 |                         46.1 |
| 2807913043 |                         42.2 |
| 2807913044 |                         42.3 |
| 2807913045 |                         34.7 |
| 2807913046 |                         38.2 |
| 2807913047 |                         40.6 |
| 2807913048 |                         30.9 |
| 2807913049 |                         41.3 |
| 2807913050 |                           50 |
| 2807913052 |                         41.9 |
| 2807913053 |                         29.7 |
| 2807913054 |                         42.4 |
| 2807913055 |                         39.8 |
| 2807913056 |                           38 |
| 2807913057 |                         37.2 |
| 2807913058 |                         44.1 |
| 2807913059 |                         41.4 |
| 2807913060 |                         38.6 |
| 2807913061 |                         33.7 |
| 2807913062 |                         37.6 |
| 2807913063 |                         31.9 |
| 2807913065 |                         35.2 |
| 2807913066 |                         32.7 |
| 2807913069 |                         34.9 |
| 2807913074 |                         22.1 |
| 2807913077 |                         30.9 |
| 2807913078 |                         27.4 |
| 2807913079 |                         32.9 |
| 2807913080 |                         38.1 |
| 2807913083 |                         33.2 |
| 2807913084 |                         26.8 |
| 2807913086 |                         23.9 |
| 2807913087 |                         26.7 |
| 2807913088 |                         29.2 |
| 2807913089 |                         28.8 |
| 2807913090 |                         41.6 |
| 2807913091 |                           24 |
| 2807913092 |                         37.6 |
| 2807913094 |                         29.7 |
| 2807913103 |                         25.4 |
| 2807913104 |                         27.3 |
| 2807913108 |                         28.4 |
| 2807913109 |                         24.7 |
| 2807913110 |                         30.7 |
| 2807913111 |                         32.7 |
| 2807913112 |                         36.7 |
| 2807913114 |                         31.9 |
| 2807913115 |                         33.5 |
| 2807913116 |                           19 |
| 2807913117 |                         31.6 |
| 2807913118 |                         20.2 |
| 2807913119 |                         25.6 |
| 2807913120 |                         38.9 |
| 2807913121 |                         37.2 |
| 2807913122 |                           30 |
| 2807913123 |                           28 |
| 2807913124 |                         25.6 |
| 2807913125 |                         26.5 |
| 2807913126 |                         21.2 |
| 2807913127 |                         23.2 |
| 2807913128 |                         27.8 |
| 2807913129 |                         35.9 |
| 2807913131 |                         33.9 |
| 2807913132 |                         24.1 |
| 2807913133 |                           23 |
| 2807913134 |                         41.6 |
| 2807913135 |                         28.3 |
| 2807913136 |                         35.5 |
| 2807913137 |                         27.4 |
| 2807913138 |                         34.4 |
| 2807913139 |                         23.6 |
| 2807913140 |                         23.2 |
| 2807913142 |                           23 |
| 2807913143 |                         22.2 |
| 2807913144 |                         27.8 |
| 2807913145 |                         21.1 |
| 2807913146 |                         31.4 |
| 2807913147 |                         33.5 |
| 2807913148 |                         29.5 |
| 2807913150 |                         39.6 |
| 2807913153 |                         45.7 |
| 2807913154 |                         37.9 |
| 2807913155 |                         33.9 |
| 2807913156 |                         29.6 |
| 2807913157 |                         29.1 |
| 2807913158 |                         42.6 |
| 2807913160 |                         29.6 |
| 2807913161 |                         26.1 |
| 2807913162 |                         29.1 |
| 2807913163 |                         28.1 |
| 2807913164 |                         25.3 |
| 2807913166 |                         28.3 |
| 2807913168 |                           43 |
| 2807913169 |                         50.6 |
| 2807913170 |                         38.3 |
| 2807913171 |                         39.5 |
| 2807913172 |                         29.6 |
| 2807913173 |                         26.2 |
| 2807913174 |                         33.4 |
| 2807913175 |                         37.2 |
| 2807913176 |                         25.7 |
| 2807913177 |                         24.5 |
| 2807913178 |                         25.3 |
| 2807913179 |                         35.7 |
| 2807913180 |                         16.1 |
| 2807913181 |                         38.4 |
| 2807913182 |                         16.1 |
| 2807913183 |                         44.3 |
| 2807913184 |                           36 |
| 2807913185 |                         30.4 |
| 2807913186 |                         40.5 |
| 2807913187 |                         41.7 |
| 2807913189 |                         36.4 |
| 2807913190 |                         45.4 |
| 2807913191 |                           45 |
| 2807913192 |                         44.4 |
| 2807913193 |                         48.7 |
| 2807913194 |                         42.1 |
| 2807913195 |                         48.6 |
| 2807913196 |                         45.9 |
| 2807913197 |                         45.9 |
| 2807913198 |                         20.8 |
| 2807913199 |                         26.7 |
| 2807913200 |                           41 |
| 2807913201 |                         24.2 |
| 2807913202 |                         19.4 |
| 2807913203 |                         25.7 |
| 2807913204 |                         21.2 |
| 2807913205 |                         25.8 |
| 2807913206 |                         48.5 |
| 2807913207 |                         32.6 |
| 2807913208 |                         23.7 |
| 2807913209 |                         28.6 |
| 2807913210 |                         30.1 |
| 2807913211 |                         13.7 |
| 2807913212 |                           21 |
| 2807913213 |                         28.2 |
| 2807913214 |                         40.5 |
| 2807913215 |                         27.7 |
| 2807913216 |                         38.5 |
| 2807913217 |                         48.3 |
| 2807914002 |                         30.8 |
| 2807914003 |                         33.2 |
| 2807914004 |                         26.2 |
| 2807914005 |                           30 |
| 2807914006 |                         31.2 |
| 2807914010 |                           23 |
| 2807914012 |                         25.5 |
| 2807914013 |                         31.3 |
| 2807914014 |                         17.2 |
| 2807914015 |                         24.1 |
| 2807914016 |                         29.3 |
| 2807914017 |                         24.9 |
| 2807914018 |                         21.8 |
| 2807914019 |                         27.6 |
| 2807914020 |                         28.8 |
| 2807914021 |                         24.3 |
| 2807914022 |                         24.6 |
| 2807914024 |                         24.4 |
| 2807914025 |                         30.1 |
| 2807914026 |                         23.1 |
| 2807914027 |                         25.2 |
| 2807914028 |                         22.6 |
| 2807914029 |                         27.5 |
| 2807914030 |                         24.5 |
| 2807914031 |                         22.7 |
| 2807914032 |                         22.1 |
| 2807914033 |                           27 |
| 2807914034 |                         19.6 |
| 2807914035 |                         28.8 |
| 2807914036 |                         32.7 |
| 2807914037 |                         30.6 |
| 2807914038 |                         26.6 |
| 2807914039 |                         22.8 |
| 2807914040 |                         50.5 |
| 2807914041 |                         40.5 |
| 2807914042 |                         29.8 |
| 2807914043 |                           25 |
| 2807914044 |                         23.7 |
| 2807914045 |                           23 |
| 2807914046 |                         26.5 |
| 2807914047 |                         32.8 |
| 2807914048 |                         24.1 |
| 2807914049 |                         26.5 |
| 2807914050 |                         20.6 |
| 2807914051 |                         28.3 |
| 2807914052 |                           28 |
| 2807914053 |                         27.6 |
| 2807914054 |                         33.1 |
| 2807914055 |                         32.2 |
| 2807914056 |                         34.5 |
| 2807914057 |                         23.6 |
| 2807914058 |                         25.4 |
| 2807914059 |                         24.7 |
| 2807914060 |                         27.3 |
| 2807914061 |                         29.2 |
| 2807914062 |                         24.3 |
| 2807914063 |                         25.3 |
| 2807914064 |                         23.4 |
| 2807914065 |                         21.4 |
| 2807914066 |                         20.4 |
| 2807914067 |                         27.1 |
| 2807914068 |                           27 |
| 2807914069 |                         24.1 |
| 2807914070 |                         22.1 |
| 2807914071 |                         24.7 |
| 2807914072 |                         28.4 |
| 2807914073 |                         29.6 |
| 2807914074 |                         26.4 |
| 2807914075 |                         21.2 |
| 2807914076 |                           23 |
| 2807914077 |                         24.4 |
| 2807914079 |                         15.7 |
| 2807914080 |                         29.3 |
| 2807914081 |                         21.5 |
| 2807914082 |                         79.1 |
| 2807914083 |                         23.1 |
| 2807914084 |                         20.7 |
| 2807914085 |                         22.6 |
| 2807914086 |                         38.1 |
| 2807914087 |                         24.5 |
| 2807914088 |                         27.8 |
| 2807914089 |                         29.9 |
| 2807914090 |                         16.9 |
| 2807914091 |                         21.1 |
| 2807914092 |                         16.3 |
| 2807914093 |                         31.4 |
| 2807914094 |                         23.6 |
| 2807914095 |                         38.1 |
| 2807915001 |                         54.8 |
| 2807915002 |                         29.7 |
| 2807915003 |                           28 |
| 2807915005 |                         19.3 |
| 2807915006 |                         28.7 |
| 2807915008 |                         30.7 |
| 2807915009 |                         28.3 |
| 2807915010 |                         27.8 |
| 2807915011 |                         22.2 |
| 2807915012 |                         17.4 |
| 2807915013 |                         26.2 |
| 2807915014 |                           29 |
| 2807915015 |                         25.9 |
| 2807915016 |                         31.3 |
| 2807915017 |                         25.5 |
| 2807915018 |                         32.4 |
| 2807915019 |                         31.6 |
| 2807915020 |                         28.4 |
| 2807915021 |                         27.9 |
| 2807915022 |                         35.2 |
| 2807915023 |                         30.6 |
| 2807915024 |                         30.8 |
| 2807915025 |                         47.2 |
| 2807915026 |                         24.4 |
| 2807915027 |                         34.8 |
| 2807915028 |                         24.1 |
| 2807915029 |                         29.8 |
| 2807915030 |                         27.6 |
| 2807915031 |                         25.8 |
| 2807915032 |                         33.8 |
| 2807915033 |                         33.1 |
| 2807915034 |                         34.1 |
| 2807915035 |                           35 |
| 2807915036 |                         34.4 |
| 2807915037 |                         31.5 |
| 2807915038 |                         35.6 |
| 2807915039 |                           31 |
| 2807915040 |                         35.2 |
| 2807915041 |                         33.1 |
| 2807915042 |                         33.4 |
| 2807915043 |                         28.1 |
| 2807915044 |                         31.9 |
| 2807915045 |                         36.4 |
| 2807915046 |                         35.7 |
| 2807915047 |                         28.7 |
| 2807915048 |                         30.4 |
| 2807915049 |                         38.6 |
| 2807915050 |                         35.7 |
| 2807915051 |                           28 |
| 2807915052 |                         30.7 |
| 2807915053 |                         37.5 |
| 2807915054 |                         27.2 |
| 2807915056 |                         29.4 |
| 2807915057 |                         31.1 |
| 2807915058 |                         36.3 |
| 2807915059 |                         40.7 |
| 2807915060 |                         34.6 |
| 2807915061 |                         31.2 |
| 2807915062 |                         42.2 |
| 2807915065 |                         23.9 |
| 2807915066 |                         31.5 |
| 2807915067 |                           24 |
| 2807915068 |                         47.5 |
| 2807915069 |                         18.7 |
| 2807915070 |                           49 |
| 2807915071 |                         27.7 |
| 2807915073 |                         27.9 |
| 2807915074 |                         23.8 |
| 2807915075 |                         27.1 |
| 2807915076 |                         24.1 |
| 2807915077 |                         28.9 |
| 2807915078 |                           24 |
| 2807915079 |                         24.4 |
| 2807915080 |                         24.9 |
| 2807915081 |                         29.7 |
| 2807915082 |                         39.8 |
| 2807915083 |                         35.7 |
| 2807915084 |                         32.1 |
| 2807915085 |                           31 |
| 2807915086 |                         37.8 |
| 2807915087 |                         31.5 |
| 2807915088 |                         35.7 |
| 2807915089 |                         31.9 |
| 2807915090 |                         32.1 |
| 2807915092 |                         36.9 |
| 2807915093 |                         34.8 |
| 2807915094 |                         29.5 |
| 2807915095 |                         25.1 |
| 2807915096 |                         40.8 |
| 2807915097 |                         29.9 |
| 2807915098 |                         35.8 |
| 2807915099 |                           35 |
| 2807915100 |                         49.8 |
| 2807915101 |                         38.1 |
| 2807915102 |                           33 |
| 2807915103 |                         27.3 |
| 2807915104 |                         22.3 |
| 2807915105 |                         26.8 |
| 2807915106 |                         44.1 |
| 2807915108 |                         29.5 |
| 2807915109 |                         30.9 |
| 2807915110 |                         27.3 |
| 2807915111 |                         46.8 |
| 2807915112 |                         41.8 |
| 2807915113 |                           32 |
| 2807915114 |                         43.5 |
| 2807915115 |                           43 |
| 2807915116 |                         24.4 |
| 2807915117 |                         33.1 |
| 2807915118 |                         50.6 |
| 2807915119 |                           43 |
| 2807915120 |                         30.9 |
| 2807915121 |                         41.5 |
| 2807915122 |                         33.8 |
| 2807915123 |                         48.8 |
| 2807915124 |                         33.3 |
| 2807915125 |                         45.9 |
| 2807915126 |                         29.7 |
| 2807915127 |                         38.8 |
| 2807915128 |                         35.7 |
| 2807915129 |                         61.7 |
| 2807915130 |                         23.3 |
| 2807915131 |                         27.5 |
| 2807915132 |                         41.4 |
| 2807915133 |                         47.4 |
| 2807915134 |                         22.2 |
| 2807915135 |                         26.5 |
| 2807915136 |                           29 |
| 2807915138 |                         27.1 |
| 2807915140 |                         24.4 |
| 2807915141 |                         33.2 |
| 2807915142 |                         22.4 |
| 2807915143 |                           24 |
| 2807915144 |                         23.5 |
| 2807915145 |                         20.8 |
| 2807915146 |                         26.2 |
| 2807915147 |                         37.7 |
| 2807915148 |                           21 |
| 2807915149 |                         25.2 |
| 2807915150 |                         32.4 |
| 2807915151 |                         40.8 |
| 2807915153 |                         29.6 |
| 2807915154 |                         26.1 |
| 2807915155 |                         37.4 |
| 2807915156 |                         31.8 |
| 2807915157 |                         35.6 |
| 2807915158 |                         34.6 |
| 2807915159 |                         31.1 |
| 2807915160 |                         35.1 |
| 2807915161 |                         44.7 |
| 2807915162 |                         31.8 |
| 2807915163 |                           27 |
| 2807915164 |                         27.9 |
| 2807915165 |                         20.3 |
| 2807915166 |                         21.4 |
| 2807915167 |                         20.8 |
| 2807915168 |                         28.9 |
| 2807915170 |                         22.6 |
| 2807915171 |                         41.3 |
| 2807915172 |                         29.1 |
| 2807915173 |                           25 |
| 2807915174 |                           41 |
| 2807915175 |                         28.7 |
| 2807915176 |                         22.8 |
| 2807915177 |                         37.2 |
| 2807915178 |                         25.4 |
| 2807915179 |                         24.1 |
| 2807915180 |                           26 |
| 2807915181 |                         18.7 |
| 2807915182 |                         31.7 |
| 2807916001 |                         13.8 |
| 2807916002 |                         16.2 |
| 2807916003 |                         24.5 |
| 2807916004 |                         23.1 |
| 2807916005 |                         30.4 |
| 2807916006 |                         34.1 |
| 2807916007 |                         58.4 |
| 2807916008 |                         31.6 |
| 2807916009 |                         27.6 |
| 2807916011 |                         25.6 |
| 2807916012 |                         28.3 |
| 2807916013 |                           38 |
| 2807916014 |                         35.5 |
| 2807916015 |                           23 |
| 2807916016 |                         26.5 |
| 2807916017 |                         26.6 |
| 2807916018 |                         26.7 |
| 2807916019 |                         21.2 |
| 2807916020 |                         31.9 |
| 2807916021 |                         26.6 |
| 2807916022 |                         34.3 |
| 2807916024 |                         28.5 |
| 2807916025 |                         29.2 |
| 2807916026 |                         29.8 |
| 2807916027 |                         26.4 |
| 2807916028 |                         31.9 |
| 2807916029 |                         26.8 |
| 2807916030 |                           38 |
| 2807916031 |                         34.5 |
| 2807916032 |                         36.7 |
| 2807916033 |                         36.7 |
| 2807916034 |                         37.7 |
| 2807916035 |                           30 |
| 2807916036 |                         15.4 |
| 2807916037 |                         26.5 |
| 2807916038 |                         25.7 |
| 2807916039 |                         24.5 |
| 2807916040 |                         27.7 |
| 2807916041 |                         23.1 |
| 2807916042 |                           30 |
| 2807916043 |                         27.3 |
| 2807916044 |                         22.9 |
| 2807916045 |                         17.9 |
| 2807916046 |                         21.4 |
| 2807916047 |                         21.8 |
| 2807916048 |                         36.5 |
| 2807916049 |                         32.1 |
| 2807916050 |                         25.4 |
| 2807916051 |                         38.7 |
| 2807916052 |                         26.7 |
| 2807916053 |                         32.3 |
| 2807916054 |                         31.5 |
| 2807916055 |                           22 |
| 2807916056 |                         27.1 |
| 2807916057 |                         23.7 |
| 2807916058 |                         34.2 |
| 2807916059 |                         29.8 |
| 2807916060 |                         30.5 |
| 2807916061 |                         29.9 |
| 2807916063 |                         32.4 |
| 2807916064 |                         28.8 |
| 2807916065 |                         44.3 |
| 2807916066 |                         36.5 |
| 2807916067 |                         34.3 |
| 2807916069 |                         23.4 |
| 2807916070 |                         31.1 |
| 2807916073 |                         33.3 |
| 2807916074 |                         31.9 |
| 2807916075 |                         27.5 |
| 2807916076 |                         30.4 |
| 2807916077 |                         33.4 |
| 2807916078 |                           29 |
| 2807916079 |                         26.2 |
| 2807916080 |                         43.1 |
| 2807916081 |                         33.2 |
| 2807916082 |                           31 |
| 2807916083 |                         29.4 |
| 2807916085 |                         31.4 |
| 2807916086 |                         30.2 |
| 2807916087 |                         44.1 |
| 2807916088 |                         29.9 |
| 2807916089 |                         27.5 |
| 2807916090 |                         34.2 |
| 2807916092 |                         25.6 |
| 2807916093 |                         24.4 |
| 2807916096 |                         34.8 |
| 2807916097 |                         24.3 |
| 2807916098 |                         29.4 |
| 2807916099 |                         24.2 |
| 2807916100 |                         20.6 |
| 2807916101 |                           36 |
| 2807916102 |                         19.6 |
| 2807916103 |                           28 |
| 2807916104 |                         24.2 |
| 2807916105 |                         31.7 |
| 2807916106 |                         36.1 |
| 2807916107 |                         17.7 |
| 2807916108 |                         31.5 |
| 2807916109 |                         24.5 |
| 2807916110 |                         17.7 |
| 2807916111 |                         26.8 |
| 2807916112 |                         29.1 |
| 2807916113 |                         28.1 |
| 2807916114 |                         35.1 |
| 2807916115 |                         24.3 |
| 2807916116 |                         32.2 |
| 2807916117 |                         17.2 |
| 2807916118 |                         24.5 |
| 2807916119 |                         34.9 |
| 2807916120 |                         17.4 |
| 2807916121 |                         22.3 |
| 2807916122 |                           27 |
| 2807916123 |                         21.3 |
| 2807916124 |                         26.1 |
| 2807916125 |                         20.6 |
| 2807916126 |                         22.9 |
| 2807916127 |                         17.6 |
| 2807916128 |                         27.8 |
| 2807916129 |                         21.6 |
| 2807917002 |                         27.2 |
| 2807917003 |                         37.2 |
| 2807917004 |                         39.7 |
| 2807917006 |                         38.7 |
| 2807917007 |                         38.7 |
| 2807917008 |                         40.3 |
| 2807917009 |                         35.4 |
| 2807917010 |                         42.1 |
| 2807917011 |                           40 |
| 2807917012 |                         34.2 |
| 2807917013 |                         44.1 |
| 2807917014 |                         36.9 |
| 2807917015 |                         39.9 |
| 2807917016 |                         36.2 |
| 2807917017 |                         36.8 |
| 2807917018 |                         39.1 |
| 2807917019 |                           35 |
| 2807917020 |                         24.8 |
| 2807917022 |                         36.6 |
| 2807917023 |                         42.3 |
| 2807917024 |                         38.5 |
| 2807917025 |                         30.8 |
| 2807917026 |                         28.5 |
| 2807917027 |                         44.6 |
| 2807917028 |                         36.1 |
| 2807917029 |                         41.9 |
| 2807917031 |                         44.1 |
| 2807917032 |                         36.3 |
| 2807917033 |                         39.4 |
| 2807917035 |                         38.7 |
| 2807917036 |                         44.9 |
| 2807917037 |                         36.9 |
| 2807917038 |                         50.2 |
| 2807917039 |                         37.7 |
| 2807917041 |                           36 |
| 2807917042 |                         41.6 |
| 2807917043 |                         34.4 |
| 2807917045 |                         22.2 |
| 2807917046 |                           34 |
| 2807917047 |                         39.1 |
| 2807917048 |                         27.1 |
| 2807917049 |                         24.4 |
| 2807917050 |                         31.5 |
| 2807917051 |                         30.4 |
| 2807917052 |                         31.1 |
| 2807917053 |                         37.3 |
| 2807917054 |                         37.8 |
| 2807917055 |                         23.7 |
| 2807917057 |                         42.7 |
| 2807917058 |                         37.6 |
| 2807917059 |                         48.1 |
| 2807917060 |                         38.7 |
| 2807917061 |                         43.4 |
| 2807917062 |                         43.4 |
| 2807917063 |                         34.2 |
| 2807917064 |                         43.5 |
| 2807917065 |                         35.3 |
| 2807917066 |                         41.2 |
| 2807917068 |                         46.9 |
| 2807917069 |                           38 |
| 2807917070 |                         19.4 |
| 2807917071 |                         28.2 |
| 2807917072 |                           30 |
| 2807917073 |                           28 |
| 2807917074 |                         24.3 |
| 2807917075 |                         24.6 |
| 2807917076 |                         24.2 |
| 2807917078 |                         22.4 |
| 2807917079 |                         29.5 |
| 2807917080 |                         26.9 |
| 2807917082 |                         30.2 |
| 2807917083 |                           25 |
| 2807917084 |                         24.3 |
| 2807917085 |                         27.7 |
| 2807917086 |                         24.5 |
| 2807917087 |                           31 |
| 2807917089 |                         26.7 |
| 2807917090 |                           21 |
| 2807917091 |                           24 |
| 2807917092 |                         32.1 |
| 2807917093 |                         23.5 |
| 2807917094 |                         18.3 |
| 2807917095 |                         23.8 |
| 2807917096 |                         19.1 |
| 2807917097 |                         30.7 |
| 2807917100 |                         32.8 |
| 2807917101 |                         49.7 |
| 2807917102 |                         22.4 |
| 2807917103 |                           23 |
| 2807917104 |                         28.5 |
| 2807917105 |                         37.4 |
| 2807917106 |                           29 |
| 2807917107 |                         22.2 |
| 2807917108 |                         28.8 |
| 2807917109 |                         34.4 |
| 2807917110 |                           21 |
| 2807917111 |                         24.3 |
| 2807917112 |                         29.8 |
| 2807917113 |                         22.8 |
| 2807917114 |                         25.9 |
| 2807917115 |                           19 |
| 2807917116 |                         25.1 |
| 2807918002 |                         36.5 |
| 2807918003 |                         23.6 |
| 2807918004 |                         31.9 |
| 2807918005 |                         43.9 |
| 2807918006 |                         38.8 |
| 2807918007 |                         44.9 |
| 2807918008 |                         35.1 |
| 2807918009 |                         26.5 |
| 2807918010 |                         28.5 |
| 2807918011 |                         32.6 |
| 2807918012 |                         31.8 |
| 2807918013 |                         30.6 |
| 2807918014 |                         26.2 |
| 2807918015 |                         33.9 |
| 2807918016 |                         32.5 |
| 2807918017 |                         36.4 |
| 2807918018 |                         36.9 |
| 2807918019 |                         39.4 |
| 2807918020 |                         24.2 |
| 2807918021 |                         38.1 |
| 2807918022 |                         27.1 |
| 2807918023 |                         35.2 |
| 2807918024 |                         37.1 |
| 2807918025 |                         29.9 |
| 2807918027 |                         21.3 |
| 2807918028 |                         20.4 |
| 2807918029 |                         14.7 |
| 2807918030 |                         13.9 |
| 2807918031 |                         22.8 |
| 2807918032 |                         21.1 |
| 2807918033 |                         25.7 |
| 2807918034 |                         16.2 |
| 2807918035 |                           17 |
| 2807918036 |                         30.7 |
| 2807918037 |                         27.6 |
| 2807918038 |                           39 |
| 2807918039 |                         21.2 |
| 2807918040 |                         48.4 |
| 2807918041 |                         20.3 |
| 2807918042 |                         34.1 |
| 2807918043 |                         37.3 |
| 2807918044 |                         20.2 |
| 2807918046 |                         35.1 |
| 2807918047 |                           21 |
| 2807918048 |                         19.7 |
| 2807918049 |                         24.6 |
| 2807918050 |                         33.3 |
| 2807918051 |                         22.3 |
| 2807918052 |                         45.4 |
| 2807918053 |                         24.7 |
| 2807918054 |                         31.9 |
| 2807918055 |                         23.5 |
| 2807918056 |                         26.9 |
| 2807918057 |                         37.3 |
| 2807918058 |                         25.3 |
| 2807918059 |                           21 |
| 2807918060 |                         42.4 |
| 2807918061 |                         37.8 |
| 2807918062 |                         18.2 |
| 2807918063 |                         23.5 |
| 2807918064 |                         26.3 |
| 2807918065 |                         23.7 |
| 2807918066 |                         57.7 |
| 2807918067 |                         22.5 |
| 2807918068 |                         20.9 |
| 2807919001 |                         20.8 |
| 2807919002 |                           33 |
| 2807919003 |                         37.7 |
| 2807919004 |                         36.4 |
| 2807919005 |                         39.2 |
| 2807919006 |                         35.9 |
| 2807919007 |                         38.8 |
| 2807919008 |                         26.1 |
| 2807919009 |                         36.6 |
| 2807919011 |                         29.3 |
| 2807919012 |                         31.1 |
| 2807919014 |                           29 |
| 2807919015 |                         32.1 |
| 2807919016 |                         26.6 |
| 2807919018 |                         29.2 |
| 2807919019 |                         29.2 |
| 2807919020 |                         24.3 |
| 2807919021 |                         26.1 |
| 2807919022 |                         25.3 |
| 2807919023 |                         29.4 |
| 2807919024 |                         26.1 |
| 2807919025 |                         23.7 |
| 2807919026 |                         26.8 |
| 2807919027 |                           33 |
| 2807919028 |                         28.6 |
| 2807919029 |                         41.9 |
| 2807919032 |                         30.8 |
| 2807919033 |                           24 |
| 2807919034 |                         19.6 |
| 2807919035 |                         19.9 |
| 2807919036 |                         25.6 |
| 2807919037 |                         33.5 |
| 2807919038 |                           26 |
| 2807919039 |                         31.5 |
| 2807919040 |                         27.9 |
| 2807919041 |                         16.9 |
| 2807919042 |                         19.4 |
| 2807919043 |                         28.2 |
| 2807919044 |                         13.6 |
| 2807919045 |                         18.8 |
| 2807919046 |                         22.9 |
| 2807919047 |                         21.9 |
| 2807919048 |                         15.6 |
| 2807919049 |                         19.8 |
| 2807919050 |                         25.6 |
| 2807919051 |                         19.7 |
| 2807919052 |                         22.9 |
| 2807920001 |                           36 |
| 2807920002 |                           25 |
| 2807920003 |                         34.7 |
| 2807920006 |                         27.6 |
| 2807920007 |                         27.5 |
| 2807920008 |                         28.4 |
| 2807920009 |                         30.2 |
| 2807920010 |                         57.3 |
| 2807920011 |                         18.1 |
| 2807920012 |                         24.6 |
| 2807920013 |                         32.4 |
| 2807920014 |                           22 |
| 2807920015 |                         27.2 |
| 2807920016 |                         28.5 |
| 2807920017 |                         28.5 |
| 2807920018 |                         25.1 |
| 2807920019 |                         22.6 |
| 2807920020 |                         21.9 |
| 2807920021 |                         28.6 |
| 2807920022 |                         33.7 |
| 2807920023 |                         27.2 |
| 2807920024 |                         26.5 |
| 2807920025 |                         24.7 |
| 2807920026 |                         28.2 |
| 2807920027 |                         41.7 |
| 2807920028 |                         40.1 |
| 2807920029 |                           34 |
| 2807920031 |                         31.1 |
| 2807920032 |                         19.7 |
| 2807920033 |                         23.2 |
| 2807920034 |                         35.6 |
| 2807920035 |                         27.8 |
| 2807920036 |                         34.5 |
| 2807920037 |                           23 |
| 2807920038 |                         24.8 |
| 2807920039 |                         31.8 |
| 2807920040 |                         19.6 |
| 2807920041 |                         28.3 |
| 2807920042 |                         11.9 |
| 2807920043 |                         24.8 |
| 2807920044 |                         24.6 |
| 2807920046 |                         19.1 |
| 2807920047 |                         21.4 |
| 2807920048 |                         23.7 |
| 2807920049 |                         40.3 |
| 2807920050 |                         26.2 |
| 2807920051 |                         26.4 |
| 2807920053 |                         27.9 |
| 2807920055 |                         30.2 |
| 2807920056 |                         25.5 |
| 2807920058 |                         24.6 |
| 2807920059 |                         26.3 |
| 2807920062 |                         30.1 |
| 2807920063 |                         18.1 |
| 2807920064 |                         26.6 |
| 2807920065 |                         25.2 |
| 2807920066 |                         31.1 |
| 2807920067 |                         19.2 |
| 2807920068 |                         28.8 |
| 2807920069 |                           30 |
| 2807920070 |                           24 |
| 2807920071 |                         47.6 |
| 2807920072 |                         34.9 |
| 2807920073 |                         33.3 |
| 2807920074 |                         21.5 |
| 2807920075 |                         27.5 |
| 2807920076 |                         29.2 |
| 2807920077 |                           29 |
| 2807920078 |                         31.3 |
| 2807920079 |                         34.2 |
| 2807920080 |                         22.2 |
| 2807920082 |                         23.5 |
| 2807920083 |                         27.3 |
| 2807920085 |                         31.2 |
| 2807920086 |                         31.7 |
| 2807920087 |                         22.4 |
| 2807920088 |                         33.3 |
| 2807920090 |                         26.4 |
| 2807920091 |                         33.7 |
| 2807920092 |                         27.5 |
| 2807920093 |                         27.3 |
| 2807920095 |                         21.3 |
| 2807920096 |                         29.7 |
| 2807920097 |                         43.6 |
| 2807920098 |                         31.2 |
| 2807920099 |                         28.2 |
| 2807920100 |                         36.9 |
| 2807920101 |                         33.9 |
| 2807920102 |                         25.5 |
| 2807920103 |                         22.1 |
| 2807920104 |                         26.2 |
| 2807920105 |                         40.9 |
| 2807920106 |                         38.7 |
| 2807920107 |                           28 |
| 2807920108 |                         28.7 |
| 2807920109 |                         28.4 |
| 2807920110 |                         22.7 |
| 2807920111 |                         26.1 |
| 2807920112 |                         23.9 |
| 2807920113 |                         21.8 |
| 2807920114 |                         31.6 |
| 2807920115 |                         28.5 |
| 2807920116 |                         28.2 |
| 2807920117 |                         26.2 |
| 2807920118 |                           35 |
| 2807920119 |                         35.4 |
| 2807920120 |                         31.7 |
| 2807920121 |                         32.2 |
| 2807920122 |                         18.6 |
| 2807920123 |                           36 |
| 2807920124 |                         37.7 |
| 2807920125 |                         18.8 |
| 2807920126 |                         26.8 |
| 2807921001 |                         16.7 |
| 2807921002 |                           35 |
| 2807921003 |                         20.7 |
| 2807921004 |                         28.2 |
| 2807921005 |                         16.9 |
| 2807921006 |                           33 |
| 2807921007 |                           22 |
| 2807921008 |                           19 |
| 2807921009 |                           28 |
| 2807921010 |                           20 |
| 2807921011 |                         28.2 |
| 2807921012 |                         26.2 |
| 2807921013 |                         31.6 |
| 2807921014 |                         34.6 |
| 2807921015 |                         37.9 |
| 2807921017 |                         36.3 |
| 2807921018 |                         48.5 |
| 2807921019 |                           30 |
| 2807921020 |                           34 |
| 2807921021 |                         37.2 |
| 2807921022 |                         40.7 |
| 2807921023 |                         28.3 |
| 2807921025 |                         35.8 |
| 2807921026 |                         46.2 |
| 2807921027 |                         18.8 |
| 2807921028 |                         25.2 |
| 2807921029 |                         25.6 |
| 2807921030 |                         22.7 |
| 2807921031 |                         29.6 |
| 2807921032 |                         38.6 |
| 2807921033 |                         19.6 |
+------------+------------------------------+