+------------+---------+------------------------------------------+---------------------------------------+------------------------+
| cod_sec    | cod_dis | crecimiento_anual_alquiler_2015_2022_pct | crecimiento_anual_renta_2015_2022_pct | brecha_crecimiento_pct |
+------------+---------+------------------------------------------+---------------------------------------+------------------------+
| 2807901001 | 2807901 |                                     4.43 |                                   1.8 |                   2.63 |
| 2807901002 | 2807901 |                                     4.35 |                                  4.07 |                   0.28 |
| 2807901003 | 2807901 |                                     3.85 |                                  3.72 |                   0.14 |
| 2807901004 | 2807901 |                                     4.41 |                                   3.5 |                   0.91 |
| 2807901006 | 2807901 |                                     4.05 |                                  2.84 |                   1.21 |
| 2807901007 | 2807901 |                                     3.42 |                                  3.33 |                   0.09 |
| 2807901008 | 2807901 |                                     3.71 |                                  3.13 |                   0.58 |
| 2807901009 | 2807901 |                                     2.52 |                                  3.29 |                  -0.76 |
| 2807901011 | 2807901 |                                     3.66 |                                  2.77 |                   0.89 |
| 2807901012 | 2807901 |                                     3.71 |                                  3.76 |                  -0.05 |
| 2807901013 | 2807901 |                                     4.25 |                                  4.56 |                  -0.31 |
| 2807901014 | 2807901 |                                      4.2 |                                  4.41 |                  -0.21 |
| 2807901015 | 2807901 |                                     3.09 |                                  4.28 |                  -1.19 |
| 2807901016 | 2807901 |                                      2.7 |                                  3.23 |                  -0.53 |
| 2807901018 | 2807901 |                                     3.86 |                                  3.65 |                   0.21 |
| 2807901019 | 2807901 |                                     3.56 |                                  3.64 |                  -0.08 |
| 2807901020 | 2807901 |                                     4.48 |                                   2.8 |                   1.68 |
| 2807901021 | 2807901 |                                      3.6 |                                  4.24 |                  -0.64 |
| 2807901022 | 2807901 |                                     2.61 |                                  3.09 |                  -0.48 |
| 2807901023 | 2807901 |                                     4.86 |                                  5.13 |                  -0.27 |
| 2807901024 | 2807901 |                                      2.4 |                                  5.17 |                  -2.78 |
| 2807901025 | 2807901 |                                     3.14 |                                  5.56 |                  -2.42 |
| 2807901026 | 2807901 |                                     4.59 |                                  3.24 |                   1.34 |
| 2807901027 | 2807901 |                                     2.81 |                                  4.16 |                  -1.34 |
| 2807901028 | 2807901 |                                     2.92 |                                  4.49 |                  -1.57 |
| 2807901029 | 2807901 |                                      3.2 |                                  5.33 |                  -2.13 |
| 2807901030 | 2807901 |                                     4.19 |                                  3.63 |                   0.56 |
| 2807901031 | 2807901 |                                     4.24 |                                  2.52 |                   1.72 |
| 2807901032 | 2807901 |                                      3.8 |                                  4.83 |                  -1.03 |
| 2807901033 | 2807901 |                                     3.52 |                                  4.99 |                  -1.47 |
| 2807901034 | 2807901 |                                     3.51 |                                  3.65 |                  -0.14 |
| 2807901035 | 2807901 |                                     3.13 |                                  4.26 |                  -1.12 |
| 2807901036 | 2807901 |                                     3.51 |                                   4.6 |                  -1.09 |
| 2807901037 | 2807901 |                                     3.63 |                                  3.68 |                  -0.05 |
| 2807901038 | 2807901 |                                     3.74 |                                  4.22 |                  -0.48 |
| 2807901039 | 2807901 |                                     4.16 |                                  3.69 |                   0.46 |
| 2807901040 | 2807901 |                                     3.73 |                                  4.35 |                  -0.62 |
| 2807901041 | 2807901 |                                     4.53 |                                  3.87 |                   0.66 |
| 2807901042 | 2807901 |                                     4.05 |                                  3.63 |                   0.42 |
| 2807901043 | 2807901 |                                     5.21 |                                  2.97 |                   2.25 |
| 2807901045 | 2807901 |                                     3.66 |                                   4.8 |                  -1.15 |
| 2807901046 | 2807901 |                                     3.59 |                                   4.2 |                  -0.61 |
| 2807901047 | 2807901 |                                     3.35 |                                  4.04 |                  -0.69 |
| 2807901048 | 2807901 |                                     3.73 |                                  4.42 |                  -0.69 |
| 2807901049 | 2807901 |                                     4.53 |                                  4.01 |                   0.52 |
| 2807901050 | 2807901 |                                     3.72 |                                  4.23 |                  -0.51 |
| 2807901051 | 2807901 |                                     5.14 |                                  2.93 |                   2.21 |
| 2807901053 | 2807901 |                                     3.87 |                                  4.54 |                  -0.67 |
| 2807901054 | 2807901 |                                     3.24 |                                  4.26 |                  -1.02 |
| 2807901055 | 2807901 |                                     3.36 |                                  4.84 |                  -1.48 |
| 2807901056 | 2807901 |                                     3.12 |                                  2.73 |                   0.39 |
| 2807901057 | 2807901 |                                     4.36 |                                  2.51 |                   1.85 |
| 2807901058 | 2807901 |                                     4.13 |                                  4.45 |                  -0.32 |
| 2807901059 | 2807901 |                                     3.67 |                                  3.41 |                   0.26 |
| 2807901061 | 2807901 |                                     4.03 |                                  2.55 |                   1.48 |
| 2807901062 | 2807901 |                                        5 |                                  3.02 |                   1.98 |
| 2807901063 | 2807901 |                                     4.66 |                                  3.79 |                   0.86 |
| 2807901064 | 2807901 |                                     5.23 |                                  3.37 |                   1.86 |
| 2807901065 | 2807901 |                                     3.66 |                                  3.82 |                  -0.16 |
| 2807901066 | 2807901 |                                     4.26 |                                  2.62 |                   1.64 |
| 2807901067 | 2807901 |                                     4.73 |                                  2.35 |                   2.37 |
| 2807901068 | 2807901 |                                      4.7 |                                  2.98 |                   1.72 |
| 2807901069 | 2807901 |                                     3.64 |                                  4.33 |                  -0.69 |
| 2807901071 | 2807901 |                                      4.9 |                                  2.38 |                   2.52 |
| 2807901072 | 2807901 |                                     5.06 |                                  3.57 |                   1.49 |
| 2807901073 | 2807901 |                                     3.69 |                                  4.89 |                   -1.2 |
| 2807901074 | 2807901 |                                      4.2 |                                  5.45 |                  -1.25 |
| 2807901075 | 2807901 |                                     3.91 |                                  4.81 |                   -0.9 |
| 2807901076 | 2807901 |                                        4 |                                  3.49 |                   0.51 |
| 2807901077 | 2807901 |                                     3.96 |                                  4.98 |                  -1.02 |
| 2807901079 | 2807901 |                                      4.2 |                                  4.61 |                  -0.41 |
| 2807901081 | 2807901 |                                     3.68 |                                  5.24 |                  -1.55 |
| 2807901082 | 2807901 |                                     3.03 |                                  3.43 |                   -0.4 |
| 2807901084 | 2807901 |                                     5.31 |                                  1.85 |                   3.45 |
| 2807901087 | 2807901 |                                     2.53 |                                  2.17 |                   0.36 |
| 2807901088 | 2807901 |                                     5.66 |                                  3.18 |                   2.48 |
| 2807901089 | 2807901 |                                     3.54 |                                  3.22 |                   0.32 |
| 2807901090 | 2807901 |                                     3.66 |                                  5.64 |                  -1.99 |
| 2807901091 | 2807901 |                                     4.29 |                                  3.31 |                   0.97 |
| 2807901092 | 2807901 |                                     4.71 |                                  3.78 |                   0.93 |
| 2807901093 | 2807901 |                                     3.73 |                                  3.96 |                  -0.23 |
| 2807901094 | 2807901 |                                     3.78 |                                  5.12 |                  -1.34 |
| 2807901095 | 2807901 |                                     3.61 |                                  5.14 |                  -1.52 |
| 2807901096 | 2807901 |                                     2.81 |                                  4.93 |                  -2.12 |
| 2807901097 | 2807901 |                                     3.48 |                                  4.05 |                  -0.57 |
| 2807901098 | 2807901 |                                     3.52 |                                  3.59 |                  -0.07 |
| 2807901099 | 2807901 |                                     3.18 |                                  2.79 |                    0.4 |
| 2807901100 | 2807901 |                                     3.01 |                                  4.95 |                  -1.93 |
| 2807901101 | 2807901 |                                     3.78 |                                  4.58 |                  -0.81 |
| 2807901102 | 2807901 |                                     3.84 |                                  5.17 |                  -1.33 |
| 2807901103 | 2807901 |                                     3.04 |                                  5.18 |                  -2.14 |
| 2807901104 | 2807901 |                                      4.1 |                                  4.21 |                  -0.11 |
| 2807901105 | 2807901 |                                     3.25 |                                  4.98 |                  -1.73 |
| 2807901106 | 2807901 |                                     4.29 |                                  4.42 |                  -0.13 |
| 2807901107 | 2807901 |                                     3.35 |                                  2.02 |                   1.33 |
| 2807901108 | 2807901 |                                     3.91 |                                  3.06 |                   0.84 |
| 2807901109 | 2807901 |                                     3.68 |                                  4.55 |                  -0.87 |
| 2807901110 | 2807901 |                                     3.19 |                                  4.01 |                  -0.82 |
| 2807901111 | 2807901 |                                     3.14 |                                  2.99 |                   0.15 |
| 2807901112 | 2807901 |                                     3.52 |                                  4.28 |                  -0.77 |
| 2807901113 | 2807901 |                                     2.41 |                                  4.92 |                  -2.52 |
| 2807901114 | 2807901 |                                     3.19 |                                  5.83 |                  -2.63 |
| 2807901115 | 2807901 |                                     3.66 |                                  5.08 |                  -1.42 |
| 2807901116 | 2807901 |                                     4.02 |                                  4.92 |                   -0.9 |
| 2807901117 | 2807901 |                                     3.66 |                                  3.62 |                   0.03 |
| 2807901118 | 2807901 |                                      3.2 |                                  4.55 |                  -1.34 |
| 2807901119 | 2807901 |                                     3.16 |                                   3.6 |                  -0.44 |
| 2807901120 | 2807901 |                                     4.43 |                                  2.65 |                   1.78 |
| 2807901121 | 2807901 |                                     5.77 |                                   2.6 |                   3.17 |
| 2807901123 | 2807901 |                                     3.53 |                                  4.48 |                  -0.95 |
| 2807901124 | 2807901 |                                     2.54 |                                  2.81 |                  -0.26 |
| 2807902001 | 2807902 |                                     3.11 |                                  3.27 |                  -0.16 |
| 2807902002 | 2807902 |                                     2.92 |                                  2.99 |                  -0.06 |
| 2807902003 | 2807902 |                                     3.44 |                                  2.29 |                   1.15 |
| 2807902004 | 2807902 |                                     4.13 |                                  2.56 |                   1.57 |
| 2807902005 | 2807902 |                                     3.66 |                                  4.33 |                  -0.67 |
| 2807902006 | 2807902 |                                     2.47 |                                  2.55 |                  -0.08 |
| 2807902007 | 2807902 |                                     7.12 |                                  3.37 |                   3.75 |
| 2807902008 | 2807902 |                                     3.22 |                                  2.39 |                   0.83 |
| 2807902009 | 2807902 |                                      3.4 |                                   3.3 |                    0.1 |
| 2807902010 | 2807902 |                                     4.65 |                                  3.31 |                   1.33 |
| 2807902011 | 2807902 |                                     3.65 |                                  2.31 |                   1.34 |
| 2807902013 | 2807902 |                                     4.23 |                                  3.23 |                      1 |
| 2807902014 | 2807902 |                                     4.41 |                                  1.51 |                    2.9 |
| 2807902015 | 2807902 |                                     3.57 |                                  3.49 |                   0.07 |
| 2807902016 | 2807902 |                                     4.17 |                                  2.54 |                   1.63 |
| 2807902017 | 2807902 |                                     3.33 |                                  2.37 |                   0.97 |
| 2807902018 | 2807902 |                                     3.17 |                                  1.86 |                    1.3 |
| 2807902019 | 2807902 |                                     2.54 |                                  1.53 |                   1.02 |
| 2807902020 | 2807902 |                                     3.34 |                                  2.37 |                   0.97 |
| 2807902021 | 2807902 |                                     3.26 |                                  3.22 |                   0.03 |
| 2807902022 | 2807902 |                                     4.18 |                                  3.08 |                    1.1 |
| 2807902023 | 2807902 |                                      2.5 |                                  2.83 |                  -0.33 |
| 2807902024 | 2807902 |                                     3.37 |                                  3.36 |                   0.01 |
| 2807902025 | 2807902 |                                     4.61 |                                  2.63 |                   1.99 |
| 2807902026 | 2807902 |                                     3.91 |                                  2.81 |                    1.1 |
| 2807902027 | 2807902 |                                     2.86 |                                  2.82 |                   0.04 |
| 2807902028 | 2807902 |                                     4.75 |                                  4.17 |                   0.57 |
| 2807902029 | 2807902 |                                     5.26 |                                  3.07 |                    2.2 |
| 2807902030 | 2807902 |                                     4.41 |                                  2.81 |                    1.6 |
| 2807902031 | 2807902 |                                     3.57 |                                  1.13 |                   2.44 |
| 2807902032 | 2807902 |                                     2.65 |                                  3.64 |                  -0.99 |
| 2807902033 | 2807902 |                                     3.25 |                                  3.28 |                  -0.02 |
| 2807902034 | 2807902 |                                     5.16 |                                  2.43 |                   2.73 |
| 2807902035 | 2807902 |                                     3.91 |                                  2.28 |                   1.63 |
| 2807902036 | 2807902 |                                     2.92 |                                  3.62 |                   -0.7 |
| 2807902037 | 2807902 |                                     3.81 |                                  3.13 |                   0.69 |
| 2807902038 | 2807902 |                                     3.08 |                                  2.66 |                   0.42 |
| 2807902039 | 2807902 |                                     2.99 |                                  3.61 |                  -0.62 |
| 2807902040 | 2807902 |                                     3.46 |                                  2.91 |                   0.54 |
| 2807902041 | 2807902 |                                     3.64 |                                   2.9 |                   0.73 |
| 2807902042 | 2807902 |                                     3.72 |                                  2.56 |                   1.17 |
| 2807902043 | 2807902 |                                     4.15 |                                  2.88 |                   1.27 |
| 2807902044 | 2807902 |                                     5.01 |                                  3.72 |                   1.28 |
| 2807902045 | 2807902 |                                     3.98 |                                  3.49 |                   0.49 |
| 2807902046 | 2807902 |                                     4.55 |                                  5.24 |                   -0.7 |
| 2807902047 | 2807902 |                                     4.34 |                                  3.56 |                   0.79 |
| 2807902048 | 2807902 |                                     5.27 |                                  3.34 |                   1.93 |
| 2807902049 | 2807902 |                                     4.49 |                                  2.43 |                   2.06 |
| 2807902050 | 2807902 |                                     4.55 |                                  2.47 |                   2.08 |
| 2807902051 | 2807902 |                                     4.16 |                                  3.25 |                   0.91 |
| 2807902052 | 2807902 |                                     3.19 |                                  4.61 |                  -1.42 |
| 2807902053 | 2807902 |                                      4.2 |                                  2.24 |                   1.95 |
| 2807902054 | 2807902 |                                     4.68 |                                  4.02 |                   0.66 |
| 2807902055 | 2807902 |                                     3.02 |                                  2.21 |                   0.81 |
| 2807902056 | 2807902 |                                     3.91 |                                  3.87 |                   0.04 |
| 2807902057 | 2807902 |                                     3.74 |                                  3.48 |                   0.25 |
| 2807902058 | 2807902 |                                     3.96 |                                  3.95 |                   0.02 |
| 2807902059 | 2807902 |                                     3.82 |                                  3.26 |                   0.56 |
| 2807902060 | 2807902 |                                     4.21 |                                  4.05 |                   0.16 |
| 2807902061 | 2807902 |                                     3.16 |                                  3.12 |                   0.04 |
| 2807902062 | 2807902 |                                     3.51 |                                  2.81 |                    0.7 |
| 2807902063 | 2807902 |                                     3.51 |                                  3.77 |                  -0.26 |
| 2807902064 | 2807902 |                                     4.33 |                                  3.21 |                   1.12 |
| 2807902065 | 2807902 |                                     4.29 |                                  3.93 |                   0.36 |
| 2807902066 | 2807902 |                                     2.68 |                                  2.41 |                   0.28 |
| 2807902067 | 2807902 |                                     4.93 |                                  4.12 |                   0.81 |
| 2807902068 | 2807902 |                                     3.88 |                                  2.77 |                   1.11 |
| 2807902069 | 2807902 |                                     4.13 |                                  3.06 |                   1.07 |
| 2807902070 | 2807902 |                                     3.91 |                                  2.71 |                   1.19 |
| 2807902071 | 2807902 |                                      3.9 |                                  3.85 |                   0.05 |
| 2807902072 | 2807902 |                                     5.06 |                                  3.72 |                   1.34 |
| 2807902073 | 2807902 |                                     3.03 |                                  3.32 |                  -0.29 |
| 2807902074 | 2807902 |                                     3.95 |                                  2.25 |                   1.71 |
| 2807902075 | 2807902 |                                     3.81 |                                  3.41 |                    0.4 |
| 2807902077 | 2807902 |                                     3.73 |                                  3.02 |                    0.7 |
| 2807902078 | 2807902 |                                     4.12 |                                  3.14 |                   0.97 |
| 2807902079 | 2807902 |                                     4.61 |                                  2.89 |                   1.72 |
| 2807902080 | 2807902 |                                     5.48 |                                  1.27 |                   4.21 |
| 2807902081 | 2807902 |                                     3.67 |                                  4.33 |                  -0.65 |
| 2807902082 | 2807902 |                                     4.44 |                                  4.61 |                  -0.17 |
| 2807902083 | 2807902 |                                     4.39 |                                  4.68 |                  -0.29 |
| 2807902085 | 2807902 |                                     2.25 |                                  3.12 |                  -0.87 |
| 2807902086 | 2807902 |                                     3.86 |                                  2.18 |                   1.69 |
| 2807902087 | 2807902 |                                     3.76 |                                  2.23 |                   1.53 |
| 2807902088 | 2807902 |                                     3.83 |                                  4.55 |                  -0.72 |
| 2807902089 | 2807902 |                                     3.59 |                                  2.23 |                   1.36 |
| 2807902090 | 2807902 |                                      3.2 |                                  2.72 |                   0.48 |
| 2807902091 | 2807902 |                                     3.52 |                                  2.51 |                   1.01 |
| 2807902092 | 2807902 |                                     3.06 |                                  2.55 |                   0.52 |
| 2807902093 | 2807902 |                                     2.63 |                                  2.78 |                  -0.14 |
| 2807902094 | 2807902 |                                     3.18 |                                  1.57 |                   1.61 |
| 2807902095 | 2807902 |                                     3.35 |                                     3 |                   0.34 |
| 2807902096 | 2807902 |                                      2.8 |                                  2.38 |                   0.43 |
| 2807902097 | 2807902 |                                     3.78 |                                  1.82 |                   1.96 |
| 2807902098 | 2807902 |                                      3.1 |                                  1.73 |                   1.36 |
| 2807902099 | 2807902 |                                     2.84 |                                  3.12 |                  -0.28 |
| 2807902100 | 2807902 |                                     4.11 |                                  3.03 |                   1.08 |
| 2807902101 | 2807902 |                                     3.75 |                                  3.34 |                   0.42 |
| 2807902102 | 2807902 |                                     3.76 |                                  2.94 |                   0.82 |
| 2807902103 | 2807902 |                                     3.18 |                                  2.76 |                   0.42 |
| 2807902104 | 2807902 |                                     3.51 |                                  3.82 |                  -0.32 |
| 2807902105 | 2807902 |                                     5.23 |                                  0.94 |                    4.3 |
| 2807902106 | 2807902 |                                     3.49 |                                     3 |                   0.48 |
| 2807902107 | 2807902 |                                      4.2 |                                  3.43 |                   0.77 |
| 2807902108 | 2807902 |                                     3.54 |                                  2.06 |                   1.48 |
| 2807902109 | 2807902 |                                     3.94 |                                  2.06 |                   1.88 |
| 2807902110 | 2807902 |                                     3.75 |                                  2.58 |                   1.17 |
| 2807903001 | 2807903 |                                     4.02 |                                  1.91 |                   2.12 |
| 2807903002 | 2807903 |                                     3.53 |                                   3.5 |                   0.03 |
| 2807903003 | 2807903 |                                     4.11 |                                  3.92 |                   0.19 |
| 2807903004 | 2807903 |                                     4.72 |                                  4.38 |                   0.34 |
| 2807903005 | 2807903 |                                     3.04 |                                  2.27 |                   0.77 |
| 2807903006 | 2807903 |                                     3.99 |                                  1.95 |                   2.04 |
| 2807903007 | 2807903 |                                     2.33 |                                  2.35 |                  -0.02 |
| 2807903008 | 2807903 |                                     3.88 |                                  3.27 |                   0.62 |
| 2807903009 | 2807903 |                                     3.49 |                                   2.7 |                   0.79 |
| 2807903010 | 2807903 |                                     3.49 |                                  1.98 |                   1.51 |
| 2807903011 | 2807903 |                                      3.8 |                                   2.1 |                    1.7 |
| 2807903012 | 2807903 |                                     4.07 |                                  2.05 |                   2.02 |
| 2807903013 | 2807903 |                                     3.49 |                                  0.44 |                   3.05 |
| 2807903014 | 2807903 |                                     3.67 |                                   2.4 |                   1.27 |
| 2807903015 | 2807903 |                                     3.97 |                                  1.83 |                   2.14 |
| 2807903016 | 2807903 |                                     4.54 |                                  3.58 |                   0.96 |
| 2807903017 | 2807903 |                                     3.77 |                                   3.2 |                   0.57 |
| 2807903018 | 2807903 |                                     3.56 |                                  2.73 |                   0.83 |
| 2807903019 | 2807903 |                                     3.04 |                                   1.9 |                   1.14 |
| 2807903020 | 2807903 |                                     3.99 |                                  2.59 |                    1.4 |
| 2807903021 | 2807903 |                                     4.41 |                                  3.39 |                   1.02 |
| 2807903022 | 2807903 |                                     4.49 |                                  3.34 |                   1.15 |
| 2807903023 | 2807903 |                                     3.01 |                                  2.22 |                   0.79 |
| 2807903024 | 2807903 |                                     3.78 |                                  2.58 |                    1.2 |
| 2807903025 | 2807903 |                                     5.27 |                                  0.57 |                   4.69 |
| 2807903026 | 2807903 |                                     5.06 |                                  2.71 |                   2.35 |
| 2807903027 | 2807903 |                                     3.11 |                                  2.67 |                   0.44 |
| 2807903028 | 2807903 |                                     3.76 |                                   2.1 |                   1.66 |
| 2807903029 | 2807903 |                                     4.32 |                                   1.3 |                   3.02 |
| 2807903030 | 2807903 |                                     7.03 |                                  1.64 |                    5.4 |
| 2807903031 | 2807903 |                                     3.88 |                                  2.59 |                    1.3 |
| 2807903032 | 2807903 |                                     5.04 |                                  1.97 |                   3.07 |
| 2807903033 | 2807903 |                                     3.68 |                                  1.68 |                      2 |
| 2807903034 | 2807903 |                                     5.45 |                                  3.58 |                   1.87 |
| 2807903035 | 2807903 |                                     3.12 |                                  2.71 |                    0.4 |
| 2807903036 | 2807903 |                                     0.46 |                                  2.22 |                  -1.76 |
| 2807903037 | 2807903 |                                      4.9 |                                   1.4 |                    3.5 |
| 2807903038 | 2807903 |                                     5.86 |                                   0.7 |                   5.16 |
| 2807903041 | 2807903 |                                     3.99 |                                  1.18 |                   2.81 |
| 2807903042 | 2807903 |                                     2.54 |                                  3.05 |                  -0.51 |
| 2807903044 | 2807903 |                                      2.8 |                                  2.85 |                  -0.04 |
| 2807903045 | 2807903 |                                     3.39 |                                  1.67 |                   1.71 |
| 2807903046 | 2807903 |                                     3.91 |                                  3.54 |                   0.36 |
| 2807903047 | 2807903 |                                     3.57 |                                  2.65 |                   0.93 |
| 2807903048 | 2807903 |                                     5.34 |                                  2.51 |                   2.83 |
| 2807903049 | 2807903 |                                      5.2 |                                  2.57 |                   2.63 |
| 2807903050 | 2807903 |                                     3.57 |                                  2.95 |                   0.62 |
| 2807903051 | 2807903 |                                      5.3 |                                  2.93 |                   2.37 |
| 2807903052 | 2807903 |                                     3.91 |                                  2.65 |                   1.25 |
| 2807903053 | 2807903 |                                      4.5 |                                  3.24 |                   1.26 |
| 2807903054 | 2807903 |                                     3.15 |                                  3.14 |                   0.01 |
| 2807903055 | 2807903 |                                      4.2 |                                  2.81 |                   1.39 |
| 2807903056 | 2807903 |                                     4.15 |                                   4.6 |                  -0.46 |
| 2807903057 | 2807903 |                                     3.79 |                                   4.2 |                  -0.41 |
| 2807903058 | 2807903 |                                     4.29 |                                  1.95 |                   2.34 |
| 2807903059 | 2807903 |                                     3.77 |                                  4.27 |                  -0.51 |
| 2807903060 | 2807903 |                                      5.1 |                                  8.25 |                  -3.15 |
| 2807903061 | 2807903 |                                     4.79 |                                  2.29 |                    2.5 |
| 2807903063 | 2807903 |                                     4.66 |                                  2.89 |                   1.77 |
| 2807903064 | 2807903 |                                     5.22 |                                  2.08 |                   3.14 |
| 2807903065 | 2807903 |                                     5.63 |                                  2.81 |                   2.81 |
| 2807903066 | 2807903 |                                     4.71 |                                  7.06 |                  -2.35 |
| 2807903067 | 2807903 |                                     2.97 |                                   3.6 |                  -0.63 |
| 2807903069 | 2807903 |                                     8.31 |                                  2.95 |                   5.36 |
| 2807903070 | 2807903 |                                     4.58 |                                  2.95 |                   1.62 |
| 2807903071 | 2807903 |                                     6.49 |                                  2.95 |                   3.54 |
| 2807903073 | 2807903 |                                      3.9 |                                  3.29 |                   0.61 |
| 2807903074 | 2807903 |                                     3.32 |                                  3.14 |                   0.18 |
| 2807903076 | 2807903 |                                     4.98 |                                  3.06 |                   1.91 |
| 2807903077 | 2807903 |                                     3.78 |                                  3.24 |                   0.54 |
| 2807903078 | 2807903 |                                     4.24 |                                  2.06 |                   2.18 |
| 2807903079 | 2807903 |                                     4.72 |                                  2.79 |                   1.94 |
| 2807903080 | 2807903 |                                      3.2 |                                  2.24 |                   0.95 |
| 2807903081 | 2807903 |                                     2.77 |                                  2.95 |                  -0.18 |
| 2807903082 | 2807903 |                                     6.66 |                                  2.95 |                   3.71 |
| 2807903084 | 2807903 |                                     4.13 |                                  2.61 |                   1.52 |
| 2807903085 | 2807903 |                                     2.63 |                                  2.16 |                   0.47 |
| 2807903086 | 2807903 |                                     3.81 |                                  3.64 |                   0.16 |
| 2807903087 | 2807903 |                                     2.62 |                                  3.16 |                  -0.54 |
| 2807903088 | 2807903 |                                     5.05 |                                  2.49 |                   2.57 |
| 2807903089 | 2807903 |                                     4.07 |                                  1.77 |                    2.3 |
| 2807903090 | 2807903 |                                      4.7 |                                  0.34 |                   4.36 |
| 2807903091 | 2807903 |                                     3.39 |                                   1.3 |                    2.1 |
| 2807903092 | 2807903 |                                     4.41 |                                  2.35 |                   2.06 |
| 2807903093 | 2807903 |                                     4.55 |                                  1.18 |                   3.38 |
| 2807903094 | 2807903 |                                     2.41 |                                  1.78 |                   0.64 |
| 2807903095 | 2807903 |                                     2.75 |                                  1.98 |                   0.77 |
| 2807903096 | 2807903 |                                      2.7 |                                  2.46 |                   0.23 |
| 2807903097 | 2807903 |                                     3.71 |                                   1.8 |                   1.91 |
| 2807903098 | 2807903 |                                     3.56 |                                  2.49 |                   1.08 |
| 2807903099 | 2807903 |                                     3.66 |                                  3.68 |                  -0.03 |
| 2807904001 | 2807904 |                                      5.5 |                                  2.67 |                   2.83 |
| 2807904002 | 2807904 |                                     6.15 |                                  2.95 |                    3.2 |
| 2807904003 | 2807904 |                                     4.29 |                                  1.68 |                   2.61 |
| 2807904004 | 2807904 |                                     4.12 |                                  2.95 |                   1.17 |
| 2807904005 | 2807904 |                                     2.08 |                                  2.95 |                  -0.88 |
| 2807904006 | 2807904 |                                     5.32 |                                  3.53 |                    1.8 |
| 2807904007 | 2807904 |                                     4.93 |                                  2.05 |                   2.88 |
| 2807904008 | 2807904 |                                     5.26 |                                  3.73 |                   1.54 |
| 2807904009 | 2807904 |                                     7.52 |                                  2.24 |                   5.28 |
| 2807904010 | 2807904 |                                     4.29 |                                  2.95 |                   1.34 |
| 2807904011 | 2807904 |                                     5.62 |                                  3.17 |                   2.45 |
| 2807904012 | 2807904 |                                     5.74 |                                  2.95 |                   2.79 |
| 2807904013 | 2807904 |                                      7.8 |                                  3.58 |                   4.22 |
| 2807904014 | 2807904 |                                     5.04 |                                  2.31 |                   2.73 |
| 2807904015 | 2807904 |                                     6.89 |                                  3.59 |                   3.31 |
| 2807904016 | 2807904 |                                     4.12 |                                  4.03 |                   0.08 |
| 2807904017 | 2807904 |                                     4.66 |                                  1.42 |                   3.24 |
| 2807904018 | 2807904 |                                      4.1 |                                  4.17 |                  -0.06 |
| 2807904019 | 2807904 |                                     5.23 |                                  3.05 |                   2.18 |
| 2807904020 | 2807904 |                                      3.7 |                                  1.15 |                   2.55 |
| 2807904021 | 2807904 |                                     4.73 |                                  2.66 |                   2.08 |
| 2807904023 | 2807904 |                                     3.41 |                                  4.63 |                  -1.23 |
| 2807904024 | 2807904 |                                     3.18 |                                  2.75 |                   0.44 |
| 2807904025 | 2807904 |                                     3.45 |                                  2.34 |                   1.11 |
| 2807904026 | 2807904 |                                     5.25 |                                  1.22 |                   4.03 |
| 2807904027 | 2807904 |                                      2.6 |                                  2.17 |                   0.42 |
| 2807904028 | 2807904 |                                      4.3 |                                  1.93 |                   2.37 |
| 2807904029 | 2807904 |                                     4.47 |                                  3.91 |                   0.56 |
| 2807904030 | 2807904 |                                     3.98 |                                  4.18 |                   -0.2 |
| 2807904031 | 2807904 |                                     3.82 |                                  4.55 |                  -0.73 |
| 2807904032 | 2807904 |                                     4.34 |                                   2.4 |                   1.94 |
| 2807904033 | 2807904 |                                     4.75 |                                  4.36 |                   0.39 |
| 2807904034 | 2807904 |                                     4.45 |                                  2.16 |                   2.29 |
| 2807904035 | 2807904 |                                     4.91 |                                   3.3 |                   1.62 |
| 2807904036 | 2807904 |                                     4.93 |                                  3.28 |                   1.65 |
| 2807904037 | 2807904 |                                     5.65 |                                  3.07 |                   2.58 |
| 2807904038 | 2807904 |                                     5.01 |                                  2.31 |                    2.7 |
| 2807904039 | 2807904 |                                      5.6 |                                  2.25 |                   3.35 |
| 2807904040 | 2807904 |                                     4.93 |                                  3.14 |                   1.79 |
| 2807904041 | 2807904 |                                     4.42 |                                   3.7 |                   0.72 |
| 2807904042 | 2807904 |                                     5.38 |                                  5.13 |                   0.25 |
| 2807904043 | 2807904 |                                     4.01 |                                  2.73 |                   1.28 |
| 2807904044 | 2807904 |                                     3.51 |                                   5.1 |                  -1.59 |
| 2807904045 | 2807904 |                                     3.84 |                                  2.35 |                   1.49 |
| 2807904046 | 2807904 |                                     5.62 |                                  3.13 |                   2.49 |
| 2807904047 | 2807904 |                                     3.44 |                                  0.84 |                    2.6 |
| 2807904048 | 2807904 |                                     4.55 |                                  1.75 |                    2.8 |
| 2807904049 | 2807904 |                                     4.56 |                                  4.31 |                   0.26 |
| 2807904050 | 2807904 |                                     2.71 |                                  3.18 |                  -0.47 |
| 2807904051 | 2807904 |                                     4.66 |                                  3.42 |                   1.24 |
| 2807904052 | 2807904 |                                     3.93 |                                   3.5 |                   0.42 |
| 2807904053 | 2807904 |                                      5.1 |                                  3.39 |                   1.71 |
| 2807904054 | 2807904 |                                     4.96 |                                  3.28 |                   1.68 |
| 2807904055 | 2807904 |                                     3.75 |                                  2.67 |                   1.08 |
| 2807904056 | 2807904 |                                     4.38 |                                  1.94 |                   2.44 |
| 2807904057 | 2807904 |                                      4.2 |                                  3.85 |                   0.35 |
| 2807904058 | 2807904 |                                     3.83 |                                  2.32 |                   1.51 |
| 2807904060 | 2807904 |                                     2.64 |                                  3.13 |                  -0.49 |
| 2807904061 | 2807904 |                                     4.08 |                                  3.19 |                    0.9 |
| 2807904062 | 2807904 |                                     3.07 |                                  3.28 |                  -0.21 |
| 2807904063 | 2807904 |                                     4.05 |                                  2.46 |                   1.59 |
| 2807904064 | 2807904 |                                     2.87 |                                  1.32 |                   1.55 |
| 2807904065 | 2807904 |                                     4.41 |                                  2.58 |                   1.83 |
| 2807904067 | 2807904 |                                      4.2 |                                  3.04 |                   1.16 |
| 2807904068 | 2807904 |                                     2.81 |                                  2.66 |                   0.15 |
| 2807904069 | 2807904 |                                     3.54 |                                  2.58 |                   0.96 |
| 2807904070 | 2807904 |                                     3.96 |                                  2.97 |                   0.99 |
| 2807904071 | 2807904 |                                     2.61 |                                  3.63 |                  -1.02 |
| 2807904072 | 2807904 |                                     3.41 |                                  2.49 |                   0.92 |
| 2807904073 | 2807904 |                                     4.24 |                                  1.36 |                   2.88 |
| 2807904074 | 2807904 |                                      3.1 |                                  2.09 |                      1 |
| 2807904075 | 2807904 |                                     3.82 |                                  2.63 |                   1.19 |
| 2807904076 | 2807904 |                                     2.88 |                                  4.36 |                  -1.48 |
| 2807904077 | 2807904 |                                     1.96 |                                  1.08 |                   0.88 |
| 2807904078 | 2807904 |                                     2.85 |                                  2.54 |                    0.3 |
| 2807904079 | 2807904 |                                      3.4 |                                   1.6 |                    1.8 |
| 2807904080 | 2807904 |                                     5.36 |                                  1.51 |                   3.85 |
| 2807904081 | 2807904 |                                     4.79 |                                  3.12 |                   1.67 |
| 2807904082 | 2807904 |                                        2 |                                  2.95 |                  -0.94 |
| 2807904083 | 2807904 |                                     1.92 |                                  0.83 |                    1.1 |
| 2807904084 | 2807904 |                                        4 |                                  2.59 |                    1.4 |
| 2807904085 | 2807904 |                                     3.93 |                                  4.21 |                  -0.28 |
| 2807904086 | 2807904 |                                     2.88 |                                  1.42 |                   1.46 |
| 2807904087 | 2807904 |                                     3.91 |                                  2.93 |                   0.98 |
| 2807904088 | 2807904 |                                     3.24 |                                  2.88 |                   0.36 |
| 2807904089 | 2807904 |                                     4.17 |                                  2.63 |                   1.55 |
| 2807904090 | 2807904 |                                     3.63 |                                  2.96 |                   0.68 |
| 2807904091 | 2807904 |                                     3.96 |                                  3.26 |                    0.7 |
| 2807904092 | 2807904 |                                     2.92 |                                   3.3 |                  -0.38 |
| 2807904093 | 2807904 |                                     4.52 |                                  6.13 |                  -1.62 |
| 2807904094 | 2807904 |                                     4.55 |                                  2.04 |                   2.51 |
| 2807904096 | 2807904 |                                     6.33 |                                   0.7 |                   5.63 |
| 2807904097 | 2807904 |                                     6.04 |                                  6.85 |                  -0.82 |
| 2807904098 | 2807904 |                                     5.07 |                                  1.33 |                   3.74 |
| 2807904099 | 2807904 |                                     5.38 |                                  4.08 |                    1.3 |
| 2807904100 | 2807904 |                                     4.56 |                                  2.78 |                   1.78 |
| 2807904101 | 2807904 |                                     4.39 |                                  3.48 |                   0.92 |
| 2807904102 | 2807904 |                                     5.28 |                                  4.56 |                   0.72 |
| 2807904103 | 2807904 |                                     4.39 |                                  2.93 |                   1.47 |
| 2807904104 | 2807904 |                                     4.32 |                                  4.34 |                  -0.02 |
| 2807904105 | 2807904 |                                     2.81 |                                  3.21 |                   -0.4 |
| 2807904106 | 2807904 |                                     3.63 |                                  4.75 |                  -1.12 |
| 2807904107 | 2807904 |                                     5.34 |                                  4.18 |                   1.16 |
| 2807904108 | 2807904 |                                     5.19 |                                  3.23 |                   1.97 |
| 2807904109 | 2807904 |                                     5.86 |                                  4.96 |                    0.9 |
| 2807904110 | 2807904 |                                     3.75 |                                  2.89 |                   0.86 |
| 2807904111 | 2807904 |                                     4.92 |                                  3.04 |                   1.88 |
| 2807904112 | 2807904 |                                     3.24 |                                  5.53 |                  -2.29 |
| 2807904113 | 2807904 |                                     4.31 |                                  2.62 |                   1.69 |
| 2807904114 | 2807904 |                                     3.59 |                                  2.95 |                   0.64 |
| 2807904115 | 2807904 |                                     4.73 |                                  2.95 |                   1.78 |
| 2807904116 | 2807904 |                                     4.92 |                                  2.36 |                   2.56 |
| 2807904117 | 2807904 |                                     9.86 |                                  2.95 |                   6.91 |
| 2807904118 | 2807904 |                                     2.54 |                                  2.95 |                  -0.42 |
| 2807904119 | 2807904 |                                     3.88 |                                  2.95 |                   0.93 |
| 2807904120 | 2807904 |                                      5.1 |                                  2.95 |                   2.15 |
| 2807904121 | 2807904 |                                     5.28 |                                  4.29 |                   0.99 |
| 2807904123 | 2807904 |                                     5.05 |                                  4.33 |                   0.72 |
| 2807904124 | 2807904 |                                     4.76 |                                  2.44 |                   2.32 |
| 2807904126 | 2807904 |                                     4.59 |                                  3.35 |                   1.23 |
| 2807904127 | 2807904 |                                     6.85 |                                  1.35 |                    5.5 |
| 2807904128 | 2807904 |                                     5.97 |                                  6.07 |                  -0.11 |
| 2807904130 | 2807904 |                                     3.81 |                                  2.95 |                   0.86 |
| 2807905001 | 2807905 |                                     5.63 |                                   0.9 |                   4.73 |
| 2807905002 | 2807905 |                                     4.23 |                                  2.95 |                   1.28 |
| 2807905003 | 2807905 |                                     3.14 |                                  2.95 |                   0.19 |
| 2807905004 | 2807905 |                                     5.02 |                                  2.95 |                   2.07 |
| 2807905005 | 2807905 |                                     3.94 |                                  2.95 |                   0.99 |
| 2807905006 | 2807905 |                                     5.58 |                                  2.95 |                   2.63 |
| 2807905007 | 2807905 |                                     3.46 |                                  2.95 |                   0.51 |
| 2807905008 | 2807905 |                                     3.24 |                                  2.95 |                   0.29 |
| 2807905009 | 2807905 |                                     5.82 |                                  2.95 |                   2.87 |
| 2807905010 | 2807905 |                                     2.67 |                                  4.51 |                  -1.84 |
| 2807905011 | 2807905 |                                     4.27 |                                  4.23 |                   0.04 |
| 2807905012 | 2807905 |                                     4.58 |                                  5.14 |                  -0.56 |
| 2807905013 | 2807905 |                                     4.58 |                                  4.06 |                   0.53 |
| 2807905014 | 2807905 |                                     4.84 |                                  2.59 |                   2.25 |
| 2807905015 | 2807905 |                                     4.21 |                                  4.84 |                  -0.63 |
| 2807905016 | 2807905 |                                     3.72 |                                  2.94 |                   0.78 |
| 2807905017 | 2807905 |                                     3.59 |                                  2.58 |                   1.01 |
| 2807905018 | 2807905 |                                     4.15 |                                  2.83 |                   1.32 |
| 2807905019 | 2807905 |                                     4.63 |                                  3.82 |                   0.82 |
| 2807905020 | 2807905 |                                     3.25 |                                  2.32 |                   0.93 |
| 2807905021 | 2807905 |                                     2.24 |                                  2.38 |                  -0.14 |
| 2807905022 | 2807905 |                                     5.34 |                                  2.79 |                   2.55 |
| 2807905023 | 2807905 |                                     3.91 |                                  2.74 |                   1.17 |
| 2807905024 | 2807905 |                                     3.69 |                                  2.97 |                   0.72 |
| 2807905025 | 2807905 |                                     3.04 |                                  4.37 |                  -1.33 |
| 2807905026 | 2807905 |                                     3.67 |                                  2.31 |                   1.36 |
| 2807905027 | 2807905 |                                     3.91 |                                  3.63 |                   0.28 |
| 2807905028 | 2807905 |                                     3.68 |                                  2.54 |                   1.14 |
| 2807905029 | 2807905 |                                     3.65 |                                  2.53 |                   1.12 |
| 2807905030 | 2807905 |                                      4.2 |                                  3.26 |                   0.93 |
| 2807905031 | 2807905 |                                     4.46 |                                  2.74 |                   1.72 |
| 2807905032 | 2807905 |                                     3.85 |                                  2.27 |                   1.58 |
| 2807905033 | 2807905 |                                     3.17 |                                   1.5 |                   1.67 |
| 2807905034 | 2807905 |                                     3.91 |                                  2.43 |                   1.48 |
| 2807905035 | 2807905 |                                     2.64 |                                  1.29 |                   1.35 |
| 2807905036 | 2807905 |                                     3.87 |                                  0.87 |                      3 |
| 2807905037 | 2807905 |                                     4.69 |                                  3.13 |                   1.56 |
| 2807905038 | 2807905 |                                     4.28 |                                  3.79 |                    0.5 |
| 2807905039 | 2807905 |                                     4.12 |                                  2.72 |                    1.4 |
| 2807905040 | 2807905 |                                     4.26 |                                  2.96 |                    1.3 |
| 2807905041 | 2807905 |                                     4.73 |                                  1.98 |                   2.75 |
| 2807905042 | 2807905 |                                     3.66 |                                  1.57 |                   2.08 |
| 2807905043 | 2807905 |                                      4.2 |                                  2.66 |                   1.54 |
| 2807905044 | 2807905 |                                     4.07 |                                  2.59 |                   1.48 |
| 2807905045 | 2807905 |                                     3.51 |                                  2.56 |                   0.95 |
| 2807905046 | 2807905 |                                      4.2 |                                  3.75 |                   0.44 |
| 2807905047 | 2807905 |                                      4.2 |                                  3.13 |                   1.07 |
| 2807905048 | 2807905 |                                     4.37 |                                  2.17 |                    2.2 |
| 2807905049 | 2807905 |                                     3.63 |                                  2.87 |                   0.76 |
| 2807905051 | 2807905 |                                     3.07 |                                  1.22 |                   1.85 |
| 2807905052 | 2807905 |                                     2.74 |                                   3.3 |                  -0.56 |
| 2807905053 | 2807905 |                                     2.04 |                                  2.95 |                  -0.91 |
| 2807905054 | 2807905 |                                     4.19 |                                  2.49 |                    1.7 |
| 2807905055 | 2807905 |                                     4.34 |                                  2.43 |                   1.91 |
| 2807905056 | 2807905 |                                     4.17 |                                  2.26 |                    1.9 |
| 2807905057 | 2807905 |                                     3.03 |                                  2.72 |                   0.31 |
| 2807905058 | 2807905 |                                     4.14 |                                  2.86 |                   1.28 |
| 2807905059 | 2807905 |                                      4.4 |                                  3.91 |                   0.48 |
| 2807905060 | 2807905 |                                     4.45 |                                  2.67 |                   1.78 |
| 2807905061 | 2807905 |                                      3.3 |                                  1.69 |                   1.61 |
| 2807905062 | 2807905 |                                      4.4 |                                  1.74 |                   2.66 |
| 2807905063 | 2807905 |                                     3.97 |                                   3.3 |                   0.66 |
| 2807905064 | 2807905 |                                     4.25 |                                  4.79 |                  -0.53 |
| 2807905065 | 2807905 |                                     4.69 |                                  3.75 |                   0.94 |
| 2807905066 | 2807905 |                                     3.02 |                                  2.95 |                   0.07 |
| 2807905067 | 2807905 |                                      3.5 |                                  3.26 |                   0.24 |
| 2807905068 | 2807905 |                                     3.24 |                                  2.95 |                   0.29 |
| 2807905069 | 2807905 |                                     5.84 |                                  2.95 |                   2.89 |
| 2807905070 | 2807905 |                                     3.73 |                                  5.52 |                  -1.79 |
| 2807905072 | 2807905 |                                     4.06 |                                  4.17 |                  -0.11 |
| 2807905073 | 2807905 |                                     3.17 |                                  2.95 |                   0.22 |
| 2807905074 | 2807905 |                                     4.66 |                                  2.95 |                   1.71 |
| 2807905075 | 2807905 |                                     3.16 |                                  2.95 |                   0.21 |
| 2807905076 | 2807905 |                                     4.51 |                                  2.95 |                   1.56 |
| 2807905077 | 2807905 |                                     5.05 |                                  2.95 |                    2.1 |
| 2807905078 | 2807905 |                                     7.24 |                                  2.95 |                   4.28 |
| 2807905079 | 2807905 |                                     4.44 |                                  3.22 |                   1.21 |
| 2807905080 | 2807905 |                                     4.04 |                                  2.28 |                   1.76 |
| 2807905081 | 2807905 |                                     4.66 |                                  5.26 |                  -0.61 |
| 2807905082 | 2807905 |                                     4.38 |                                  2.95 |                   1.43 |
| 2807905083 | 2807905 |                                     4.66 |                                   4.3 |                   0.36 |
| 2807905084 | 2807905 |                                     4.84 |                                  3.73 |                   1.11 |
| 2807905085 | 2807905 |                                     4.23 |                                  3.58 |                   0.65 |
| 2807905086 | 2807905 |                                     3.72 |                                  3.43 |                   0.29 |
| 2807905087 | 2807905 |                                     3.88 |                                  2.77 |                    1.1 |
| 2807905088 | 2807905 |                                     6.95 |                                  3.59 |                   3.36 |
| 2807905089 | 2807905 |                                     4.84 |                                  3.97 |                   0.87 |
| 2807905090 | 2807905 |                                     4.56 |                                  2.87 |                   1.69 |
| 2807905091 | 2807905 |                                      4.4 |                                  1.59 |                   2.81 |
| 2807905092 | 2807905 |                                     4.95 |                                   2.9 |                   2.05 |
| 2807905094 | 2807905 |                                     3.75 |                                 -0.09 |                   3.84 |
| 2807905095 | 2807905 |                                      2.9 |                                  1.91 |                      1 |
| 2807905096 | 2807905 |                                     3.91 |                                  2.52 |                   1.39 |
| 2807905097 | 2807905 |                                     4.05 |                                     4 |                   0.05 |
| 2807905098 | 2807905 |                                     4.88 |                                  2.78 |                    2.1 |
| 2807905099 | 2807905 |                                     3.18 |                                   1.9 |                   1.28 |
| 2807905100 | 2807905 |                                     3.68 |                                  2.95 |                   0.73 |
| 2807905101 | 2807905 |                                     1.87 |                                  1.85 |                   0.01 |
| 2807905102 | 2807905 |                                     4.23 |                                  1.33 |                   2.91 |
| 2807906001 | 2807906 |                                     3.81 |                                  3.49 |                   0.32 |
| 2807906002 | 2807906 |                                      4.2 |                                  4.39 |                  -0.19 |
| 2807906003 | 2807906 |                                     3.73 |                                  0.82 |                   2.91 |
| 2807906004 | 2807906 |                                     4.13 |                                  4.11 |                   0.02 |
| 2807906005 | 2807906 |                                     3.45 |                                  2.61 |                   0.84 |
| 2807906006 | 2807906 |                                     3.96 |                                  3.43 |                   0.53 |
| 2807906007 | 2807906 |                                     3.59 |                                  2.56 |                   1.03 |
| 2807906008 | 2807906 |                                     4.34 |                                  2.59 |                   1.75 |
| 2807906009 | 2807906 |                                      4.7 |                                  2.62 |                   2.07 |
| 2807906010 | 2807906 |                                     2.56 |                                  2.18 |                   0.38 |
| 2807906011 | 2807906 |                                     4.26 |                                  2.41 |                   1.85 |
| 2807906012 | 2807906 |                                     3.34 |                                  3.06 |                   0.28 |
| 2807906013 | 2807906 |                                     3.52 |                                  2.88 |                   0.64 |
| 2807906014 | 2807906 |                                     3.85 |                                  2.74 |                   1.11 |
| 2807906015 | 2807906 |                                     3.51 |                                  4.01 |                   -0.5 |
| 2807906016 | 2807906 |                                     3.79 |                                  2.32 |                   1.47 |
| 2807906017 | 2807906 |                                     5.66 |                                  3.17 |                   2.49 |
| 2807906018 | 2807906 |                                     2.61 |                                  3.66 |                  -1.05 |
| 2807906019 | 2807906 |                                     4.04 |                                  3.99 |                   0.05 |
| 2807906021 | 2807906 |                                     3.51 |                                   3.4 |                   0.11 |
| 2807906023 | 2807906 |                                      3.8 |                                  2.09 |                   1.71 |
| 2807906024 | 2807906 |                                     4.53 |                                  3.51 |                   1.02 |
| 2807906025 | 2807906 |                                     4.62 |                                  3.57 |                   1.05 |
| 2807906026 | 2807906 |                                     3.38 |                                  2.42 |                   0.96 |
| 2807906027 | 2807906 |                                     3.16 |                                  2.01 |                   1.15 |
| 2807906028 | 2807906 |                                     5.18 |                                  0.96 |                   4.21 |
| 2807906029 | 2807906 |                                     3.94 |                                  3.27 |                   0.67 |
| 2807906031 | 2807906 |                                      4.7 |                                  2.12 |                   2.58 |
| 2807906032 | 2807906 |                                     2.46 |                                  2.94 |                  -0.48 |
| 2807906033 | 2807906 |                                     3.87 |                                  3.09 |                   0.78 |
| 2807906034 | 2807906 |                                      3.9 |                                  4.01 |                  -0.11 |
| 2807906035 | 2807906 |                                     3.89 |                                  3.25 |                   0.65 |
| 2807906036 | 2807906 |                                      4.2 |                                   2.8 |                    1.4 |
| 2807906037 | 2807906 |                                      4.2 |                                  4.29 |                  -0.09 |
| 2807906038 | 2807906 |                                     2.91 |                                  1.79 |                   1.12 |
| 2807906039 | 2807906 |                                     4.91 |                                  0.08 |                   4.83 |
| 2807906040 | 2807906 |                                      3.6 |                                   3.2 |                    0.4 |
| 2807906041 | 2807906 |                                     4.11 |                                     3 |                    1.1 |
| 2807906042 | 2807906 |                                     2.99 |                                  3.01 |                  -0.02 |
| 2807906043 | 2807906 |                                     4.59 |                                  3.05 |                   1.54 |
| 2807906044 | 2807906 |                                     4.73 |                                  3.95 |                   0.78 |
| 2807906045 | 2807906 |                                     5.38 |                                   1.9 |                   3.48 |
| 2807906046 | 2807906 |                                     3.67 |                                  4.74 |                  -1.07 |
| 2807906048 | 2807906 |                                     2.97 |                                  4.13 |                  -1.15 |
| 2807906049 | 2807906 |                                     4.46 |                                  4.05 |                   0.41 |
| 2807906050 | 2807906 |                                     4.66 |                                  3.01 |                   1.65 |
| 2807906051 | 2807906 |                                     3.99 |                                  4.61 |                  -0.63 |
| 2807906052 | 2807906 |                                     4.62 |                                  2.85 |                   1.77 |
| 2807906053 | 2807906 |                                     3.03 |                                  3.44 |                   -0.4 |
| 2807906054 | 2807906 |                                        4 |                                  5.31 |                  -1.31 |
| 2807906056 | 2807906 |                                     3.12 |                                  3.91 |                  -0.79 |
| 2807906057 | 2807906 |                                     4.73 |                                  1.95 |                   2.77 |
| 2807906058 | 2807906 |                                     3.62 |                                  3.05 |                   0.57 |
| 2807906059 | 2807906 |                                     4.32 |                                  3.55 |                   0.77 |
| 2807906060 | 2807906 |                                     4.75 |                                  4.13 |                   0.61 |
| 2807906061 | 2807906 |                                     3.47 |                                  2.93 |                   0.54 |
| 2807906062 | 2807906 |                                      4.2 |                                  1.96 |                   2.24 |
| 2807906063 | 2807906 |                                     3.83 |                                  4.18 |                  -0.35 |
| 2807906064 | 2807906 |                                     2.12 |                                  2.95 |                  -0.83 |
| 2807906065 | 2807906 |                                     2.19 |                                  5.14 |                  -2.95 |
| 2807906066 | 2807906 |                                     3.19 |                                  2.52 |                   0.66 |
| 2807906067 | 2807906 |                                     3.86 |                                  3.62 |                   0.24 |
| 2807906068 | 2807906 |                                     4.15 |                                  3.82 |                   0.32 |
| 2807906069 | 2807906 |                                     3.24 |                                  1.87 |                   1.37 |
| 2807906070 | 2807906 |                                     3.25 |                                  2.33 |                   0.92 |
| 2807906071 | 2807906 |                                     3.35 |                                 -0.26 |                   3.61 |
| 2807906072 | 2807906 |                                     4.27 |                                  2.42 |                   1.85 |
| 2807906073 | 2807906 |                                     4.53 |                                  4.28 |                   0.25 |
| 2807906074 | 2807906 |                                     3.73 |                                  3.84 |                  -0.11 |
| 2807906075 | 2807906 |                                      3.2 |                                  2.16 |                   1.05 |
| 2807906076 | 2807906 |                                     4.15 |                                  3.43 |                   0.72 |
| 2807906077 | 2807906 |                                     4.31 |                                  3.02 |                   1.29 |
| 2807906078 | 2807906 |                                     1.33 |                                  3.29 |                  -1.95 |
| 2807906079 | 2807906 |                                     5.48 |                                  1.79 |                   3.69 |
| 2807906080 | 2807906 |                                      4.3 |                                  4.34 |                  -0.04 |
| 2807906081 | 2807906 |                                     4.02 |                                  4.16 |                  -0.14 |
| 2807906085 | 2807906 |                                     3.08 |                                  3.34 |                  -0.26 |
| 2807906089 | 2807906 |                                     3.92 |                                  3.67 |                   0.26 |
| 2807906090 | 2807906 |                                     3.89 |                                  2.94 |                   0.95 |
| 2807906091 | 2807906 |                                      4.1 |                                  4.37 |                  -0.27 |
| 2807906092 | 2807906 |                                     3.41 |                                  2.71 |                    0.7 |
| 2807906093 | 2807906 |                                      4.2 |                                  2.23 |                   1.96 |
| 2807906094 | 2807906 |                                     3.43 |                                  3.01 |                   0.42 |
| 2807906095 | 2807906 |                                     3.51 |                                  4.02 |                  -0.52 |
| 2807906096 | 2807906 |                                     2.92 |                                  3.14 |                  -0.22 |
| 2807906097 | 2807906 |                                     5.23 |                                  3.18 |                   2.05 |
| 2807906099 | 2807906 |                                     4.37 |                                  3.56 |                   0.81 |
| 2807906101 | 2807906 |                                     4.26 |                                  1.87 |                   2.39 |
| 2807906102 | 2807906 |                                     3.62 |                                  2.99 |                   0.63 |
| 2807906103 | 2807906 |                                     3.62 |                                  2.54 |                   1.08 |
| 2807906104 | 2807906 |                                     3.41 |                                  2.54 |                   0.87 |
| 2807906105 | 2807906 |                                     4.23 |                                  3.56 |                   0.67 |
| 2807906106 | 2807906 |                                        4 |                                  2.73 |                   1.27 |
| 2807906107 | 2807906 |                                     3.08 |                                  1.47 |                   1.61 |
| 2807906108 | 2807906 |                                     3.36 |                                  3.64 |                  -0.28 |
| 2807906109 | 2807906 |                                     3.58 |                                  2.89 |                   0.69 |
| 2807906110 | 2807906 |                                     3.97 |                                   4.1 |                  -0.12 |
| 2807906111 | 2807906 |                                     3.24 |                                  2.62 |                   0.62 |
| 2807906112 | 2807906 |                                     4.93 |                                  2.91 |                   2.02 |
| 2807906113 | 2807906 |                                     4.17 |                                  2.52 |                   1.65 |
| 2807906114 | 2807906 |                                      2.9 |                                  2.85 |                   0.05 |
| 2807906115 | 2807906 |                                     3.44 |                                  2.04 |                    1.4 |
| 2807906116 | 2807906 |                                     3.29 |                                  2.64 |                   0.66 |
| 2807906117 | 2807906 |                                      3.2 |                                  2.84 |                   0.36 |
| 2807906118 | 2807906 |                                     5.35 |                                  2.84 |                   2.51 |
| 2807906119 | 2807906 |                                     3.24 |                                  2.76 |                   0.48 |
| 2807906120 | 2807906 |                                     3.91 |                                  2.89 |                   1.03 |
| 2807906121 | 2807906 |                                     3.52 |                                  2.93 |                   0.59 |
| 2807906122 | 2807906 |                                     3.74 |                                  2.66 |                   1.08 |
| 2807906123 | 2807906 |                                     2.98 |                                  3.75 |                  -0.77 |
| 2807906124 | 2807906 |                                     3.93 |                                  3.69 |                   0.24 |
| 2807906125 | 2807906 |                                     2.73 |                                  2.93 |                   -0.2 |
| 2807906126 | 2807906 |                                     2.79 |                                   2.7 |                   0.08 |
| 2807906127 | 2807906 |                                     4.34 |                                   3.3 |                   1.04 |
| 2807906128 | 2807906 |                                     5.69 |                                   3.6 |                   2.09 |
| 2807906129 | 2807906 |                                     2.67 |                                  2.73 |                  -0.07 |
| 2807907001 | 2807907 |                                     3.39 |                                   2.6 |                    0.8 |
| 2807907002 | 2807907 |                                      3.3 |                                  3.28 |                   0.02 |
| 2807907003 | 2807907 |                                     4.38 |                                  2.84 |                   1.54 |
| 2807907004 | 2807907 |                                     5.02 |                                  3.75 |                   1.27 |
| 2807907006 | 2807907 |                                     4.68 |                                  2.38 |                    2.3 |
| 2807907007 | 2807907 |                                     6.18 |                                  3.32 |                   2.86 |
| 2807907008 | 2807907 |                                     5.83 |                                   3.4 |                   2.43 |
| 2807907009 | 2807907 |                                     4.96 |                                  3.72 |                   1.25 |
| 2807907010 | 2807907 |                                     5.25 |                                  1.85 |                    3.4 |
| 2807907011 | 2807907 |                                     4.76 |                                  3.87 |                   0.89 |
| 2807907012 | 2807907 |                                     3.47 |                                  4.19 |                  -0.72 |
| 2807907013 | 2807907 |                                     4.65 |                                  2.79 |                   1.86 |
| 2807907014 | 2807907 |                                      3.7 |                                  3.68 |                   0.02 |
| 2807907016 | 2807907 |                                      4.2 |                                  2.39 |                   1.81 |
| 2807907017 | 2807907 |                                     3.73 |                                  3.32 |                   0.42 |
| 2807907018 | 2807907 |                                     4.48 |                                  3.44 |                   1.04 |
| 2807907019 | 2807907 |                                     3.49 |                                  2.43 |                   1.06 |
| 2807907021 | 2807907 |                                      4.8 |                                  3.92 |                   0.88 |
| 2807907023 | 2807907 |                                     3.31 |                                  4.09 |                  -0.78 |
| 2807907024 | 2807907 |                                     5.85 |                                  3.32 |                   2.53 |
| 2807907025 | 2807907 |                                      4.7 |                                  2.03 |                   2.67 |
| 2807907026 | 2807907 |                                     3.96 |                                   3.6 |                   0.36 |
| 2807907028 | 2807907 |                                     5.65 |                                  2.86 |                   2.79 |
| 2807907030 | 2807907 |                                     3.01 |                                  3.37 |                  -0.36 |
| 2807907031 | 2807907 |                                     4.16 |                                  3.71 |                   0.45 |
| 2807907032 | 2807907 |                                     3.04 |                                  3.44 |                  -0.39 |
| 2807907034 | 2807907 |                                     3.66 |                                  2.85 |                   0.81 |
| 2807907035 | 2807907 |                                     3.11 |                                  3.26 |                  -0.15 |
| 2807907036 | 2807907 |                                     3.69 |                                  3.65 |                   0.04 |
| 2807907038 | 2807907 |                                     4.76 |                                  4.22 |                   0.53 |
| 2807907039 | 2807907 |                                     3.87 |                                  3.63 |                   0.24 |
| 2807907040 | 2807907 |                                     3.66 |                                  4.31 |                  -0.65 |
| 2807907041 | 2807907 |                                        4 |                                  2.38 |                   1.62 |
| 2807907042 | 2807907 |                                     3.75 |                                  2.88 |                   0.87 |
| 2807907043 | 2807907 |                                     4.81 |                                   1.3 |                    3.5 |
| 2807907044 | 2807907 |                                     4.15 |                                  5.61 |                  -1.46 |
| 2807907045 | 2807907 |                                     4.68 |                                  2.63 |                   2.06 |
| 2807907046 | 2807907 |                                     2.49 |                                 -0.07 |                   2.55 |
| 2807907047 | 2807907 |                                     3.85 |                                  4.42 |                  -0.57 |
| 2807907048 | 2807907 |                                     3.38 |                                  2.01 |                   1.37 |
| 2807907049 | 2807907 |                                     4.58 |                                  1.77 |                   2.81 |
| 2807907050 | 2807907 |                                     3.09 |                                  3.38 |                  -0.28 |
| 2807907051 | 2807907 |                                     3.84 |                                  3.06 |                   0.78 |
| 2807907052 | 2807907 |                                     3.91 |                                   3.6 |                   0.31 |
| 2807907053 | 2807907 |                                     4.17 |                                  2.94 |                   1.23 |
| 2807907055 | 2807907 |                                     3.13 |                                  3.08 |                   0.05 |
| 2807907056 | 2807907 |                                     2.99 |                                  2.79 |                    0.2 |
| 2807907057 | 2807907 |                                      4.4 |                                  3.69 |                    0.7 |
| 2807907058 | 2807907 |                                     4.36 |                                  4.82 |                  -0.46 |
| 2807907059 | 2807907 |                                     2.58 |                                  1.79 |                   0.79 |
| 2807907060 | 2807907 |                                      4.6 |                                  3.09 |                   1.51 |
| 2807907061 | 2807907 |                                     2.97 |                                  3.18 |                   -0.2 |
| 2807907062 | 2807907 |                                     3.48 |                                   3.6 |                  -0.12 |
| 2807907063 | 2807907 |                                     3.27 |                                  1.85 |                   1.42 |
| 2807907064 | 2807907 |                                     3.63 |                                  3.28 |                   0.35 |
| 2807907065 | 2807907 |                                     4.72 |                                     4 |                   0.71 |
| 2807907066 | 2807907 |                                      3.7 |                                  4.62 |                  -0.92 |
| 2807907067 | 2807907 |                                     4.46 |                                  3.74 |                   0.71 |
| 2807907068 | 2807907 |                                     2.24 |                                  2.89 |                  -0.65 |
| 2807907069 | 2807907 |                                     4.38 |                                  3.05 |                   1.34 |
| 2807907070 | 2807907 |                                     4.46 |                                  4.18 |                   0.28 |
| 2807907071 | 2807907 |                                     4.11 |                                  3.94 |                   0.17 |
| 2807907072 | 2807907 |                                     5.12 |                                  2.39 |                   2.73 |
| 2807907073 | 2807907 |                                     3.33 |                                  3.28 |                   0.05 |
| 2807907075 | 2807907 |                                     2.88 |                                  3.33 |                  -0.45 |
| 2807907076 | 2807907 |                                     5.11 |                                  5.76 |                  -0.65 |
| 2807907078 | 2807907 |                                     5.28 |                                  2.62 |                   2.67 |
| 2807907079 | 2807907 |                                      3.8 |                                   0.9 |                   2.89 |
| 2807907080 | 2807907 |                                     4.57 |                                  3.33 |                   1.24 |
| 2807907081 | 2807907 |                                     2.86 |                                  2.95 |                  -0.09 |
| 2807907082 | 2807907 |                                     3.29 |                                  0.58 |                   2.71 |
| 2807907083 | 2807907 |                                     3.11 |                                  2.95 |                   0.15 |
| 2807907084 | 2807907 |                                     4.98 |                                  2.27 |                   2.71 |
| 2807907085 | 2807907 |                                     4.74 |                                  2.77 |                   1.97 |
| 2807907086 | 2807907 |                                     3.93 |                                  1.01 |                   2.93 |
| 2807907087 | 2807907 |                                     4.71 |                                  4.18 |                   0.54 |
| 2807907088 | 2807907 |                                     3.91 |                                  3.87 |                   0.04 |
| 2807907089 | 2807907 |                                     2.91 |                                  2.89 |                   0.01 |
| 2807907090 | 2807907 |                                     3.72 |                                  1.59 |                   2.13 |
| 2807907091 | 2807907 |                                     3.28 |                                  3.88 |                   -0.6 |
| 2807907092 | 2807907 |                                     4.96 |                                  3.31 |                   1.65 |
| 2807907093 | 2807907 |                                     3.19 |                                  4.25 |                  -1.05 |
| 2807907094 | 2807907 |                                     5.38 |                                  3.98 |                    1.4 |
| 2807907095 | 2807907 |                                     3.77 |                                  2.39 |                   1.38 |
| 2807907096 | 2807907 |                                     4.46 |                                  3.29 |                   1.18 |
| 2807907097 | 2807907 |                                     5.01 |                                  5.26 |                  -0.25 |
| 2807907098 | 2807907 |                                     0.89 |                                  2.33 |                  -1.44 |
| 2807907099 | 2807907 |                                     3.42 |                                     4 |                  -0.59 |
| 2807907100 | 2807907 |                                      5.6 |                                  3.88 |                   1.72 |
| 2807907101 | 2807907 |                                     4.73 |                                  3.72 |                   1.01 |
| 2807907102 | 2807907 |                                     4.38 |                                  3.89 |                   0.49 |
| 2807907103 | 2807907 |                                     4.87 |                                  2.19 |                   2.68 |
| 2807907105 | 2807907 |                                     3.44 |                                  2.84 |                    0.6 |
| 2807907106 | 2807907 |                                     2.66 |                                  2.14 |                   0.52 |
| 2807907107 | 2807907 |                                      4.2 |                                  5.34 |                  -1.14 |
| 2807907108 | 2807907 |                                     4.23 |                                 11.86 |                  -7.63 |
| 2807907109 | 2807907 |                                     2.71 |                                  2.84 |                  -0.13 |
| 2807907110 | 2807907 |                                     3.79 |                                  4.01 |                  -0.21 |
| 2807907111 | 2807907 |                                     4.66 |                                  3.99 |                   0.67 |
| 2807907113 | 2807907 |                                     8.33 |                                 10.68 |                  -2.35 |
| 2807907114 | 2807907 |                                     3.55 |                                  1.81 |                   1.75 |
| 2807907115 | 2807907 |                                     4.31 |                                  1.03 |                   3.28 |
| 2807907116 | 2807907 |                                     5.01 |                                  2.46 |                   2.55 |
| 2807907117 | 2807907 |                                     4.26 |                                  3.94 |                   0.32 |
| 2807907118 | 2807907 |                                     3.67 |                                  3.65 |                   0.02 |
| 2807907119 | 2807907 |                                     4.63 |                                  2.55 |                   2.08 |
| 2807907120 | 2807907 |                                     3.82 |                                  1.08 |                   2.74 |
| 2807907121 | 2807907 |                                      3.9 |                                  1.34 |                   2.56 |
| 2807907122 | 2807907 |                                     5.07 |                                   2.6 |                   2.47 |
| 2807907123 | 2807907 |                                     4.64 |                                  1.99 |                   2.64 |
| 2807907124 | 2807907 |                                     6.19 |                                  1.43 |                   4.76 |
| 2807907125 | 2807907 |                                     4.39 |                                  4.57 |                  -0.18 |
| 2807907126 | 2807907 |                                     3.93 |                                  3.99 |                  -0.06 |
| 2807907127 | 2807907 |                                     5.44 |                                  3.08 |                   2.36 |
| 2807907128 | 2807907 |                                     4.38 |                                  0.38 |                      4 |
| 2807907129 | 2807907 |                                     2.49 |                                  0.67 |                   1.82 |
| 2807907130 | 2807907 |                                     5.33 |                                  3.21 |                   2.12 |
| 2807907131 | 2807907 |                                     4.57 |                                   0.9 |                   3.67 |
| 2807907132 | 2807907 |                                     2.64 |                                  1.56 |                   1.08 |
| 2807907133 | 2807907 |                                      4.6 |                                 -0.73 |                   5.33 |
| 2807907135 | 2807907 |                                     2.72 |                                  2.55 |                   0.17 |
| 2807908002 | 2807908 |                                     3.63 |                                 -5.01 |                   8.64 |
| 2807908003 | 2807908 |                                     2.68 |                                  1.25 |                   1.43 |
| 2807908004 | 2807908 |                                     2.41 |                                  1.25 |                   1.16 |
| 2807908005 | 2807908 |                                     3.03 |                                  2.95 |                   0.08 |
| 2807908006 | 2807908 |                                     2.93 |                                  2.05 |                   0.88 |
| 2807908007 | 2807908 |                                     5.52 |                                  2.95 |                   2.57 |
| 2807908008 | 2807908 |                                      3.9 |                                  3.91 |                  -0.01 |
| 2807908009 | 2807908 |                                     4.27 |                                  2.47 |                    1.8 |
| 2807908010 | 2807908 |                                     5.56 |                                  5.44 |                   0.13 |
| 2807908011 | 2807908 |                                      3.9 |                                  3.03 |                   0.87 |
| 2807908012 | 2807908 |                                      2.2 |                                  2.92 |                  -0.72 |
| 2807908013 | 2807908 |                                     1.41 |                                  2.82 |                  -1.41 |
| 2807908014 | 2807908 |                                     2.13 |                                  0.28 |                   1.85 |
| 2807908015 | 2807908 |                                     3.94 |                                  1.46 |                   2.48 |
| 2807908016 | 2807908 |                                      3.6 |                                  3.27 |                   0.33 |
| 2807908017 | 2807908 |                                     3.78 |                                  1.56 |                   2.22 |
| 2807908018 | 2807908 |                                     3.76 |                                  1.98 |                   1.78 |
| 2807908019 | 2807908 |                                      2.9 |                                  2.36 |                   0.54 |
| 2807908020 | 2807908 |                                     3.03 |                                  2.24 |                    0.8 |
| 2807908021 | 2807908 |                                     3.57 |                                  2.64 |                   0.93 |
| 2807908022 | 2807908 |                                     3.01 |                                  1.99 |                   1.02 |
| 2807908023 | 2807908 |                                     2.74 |                                  1.89 |                   0.85 |
| 2807908024 | 2807908 |                                     2.53 |                                  2.26 |                   0.28 |
| 2807908025 | 2807908 |                                     3.01 |                                  2.26 |                   0.75 |
| 2807908026 | 2807908 |                                     3.32 |                                  2.38 |                   0.95 |
| 2807908027 | 2807908 |                                     2.79 |                                  2.07 |                   0.72 |
| 2807908028 | 2807908 |                                      2.9 |                                  2.62 |                   0.28 |
| 2807908029 | 2807908 |                                     2.35 |                                  2.54 |                  -0.19 |
| 2807908030 | 2807908 |                                     3.37 |                                  3.64 |                  -0.27 |
| 2807908031 | 2807908 |                                     4.74 |                                   1.5 |                   3.24 |
| 2807908032 | 2807908 |                                     1.69 |                                  2.59 |                   -0.9 |
| 2807908033 | 2807908 |                                     1.75 |                                  1.87 |                  -0.13 |
| 2807908034 | 2807908 |                                     2.66 |                                  2.12 |                   0.54 |
| 2807908035 | 2807908 |                                     2.35 |                                  0.59 |                   1.76 |
| 2807908036 | 2807908 |                                     4.33 |                                  1.78 |                   2.55 |
| 2807908037 | 2807908 |                                     2.81 |                                  1.28 |                   1.54 |
| 2807908038 | 2807908 |                                     4.59 |                                  1.98 |                   2.61 |
| 2807908039 | 2807908 |                                     2.02 |                                   1.7 |                   0.32 |
| 2807908040 | 2807908 |                                     3.39 |                                  1.37 |                   2.02 |
| 2807908041 | 2807908 |                                      3.8 |                                  2.41 |                   1.39 |
| 2807908042 | 2807908 |                                     2.81 |                                  1.54 |                   1.27 |
| 2807908043 | 2807908 |                                      2.4 |                                  0.56 |                   1.84 |
| 2807908044 | 2807908 |                                     2.63 |                                  1.08 |                   1.55 |
| 2807908045 | 2807908 |                                     3.81 |                                  1.95 |                   1.86 |
| 2807908046 | 2807908 |                                     3.51 |                                  2.63 |                   0.88 |
| 2807908047 | 2807908 |                                     3.51 |                                  3.31 |                   0.19 |
| 2807908048 | 2807908 |                                     3.93 |                                   2.9 |                   1.04 |
| 2807908049 | 2807908 |                                      3.8 |                                  2.32 |                   1.47 |
| 2807908050 | 2807908 |                                     2.64 |                                  1.24 |                    1.4 |
| 2807908051 | 2807908 |                                     3.36 |                                  2.04 |                   1.33 |
| 2807908052 | 2807908 |                                     3.24 |                                  3.42 |                  -0.18 |
| 2807908053 | 2807908 |                                     4.83 |                                  3.44 |                   1.39 |
| 2807908054 | 2807908 |                                     3.63 |                                  1.17 |                   2.46 |
| 2807908055 | 2807908 |                                     3.38 |                                  1.81 |                   1.57 |
| 2807908056 | 2807908 |                                     3.15 |                                  1.03 |                   2.12 |
| 2807908057 | 2807908 |                                     4.53 |                                  1.89 |                   2.64 |
| 2807908058 | 2807908 |                                     2.74 |                                  1.42 |                   1.33 |
| 2807908059 | 2807908 |                                     2.63 |                                  1.13 |                    1.5 |
| 2807908060 | 2807908 |                                     3.02 |                                  0.79 |                   2.23 |
| 2807908061 | 2807908 |                                     4.81 |                                  2.47 |                   2.34 |
| 2807908062 | 2807908 |                                      2.9 |                                  2.67 |                   0.23 |
| 2807908063 | 2807908 |                                     5.06 |                                  2.91 |                   2.15 |
| 2807908064 | 2807908 |                                     4.93 |                                  3.26 |                   1.66 |
| 2807908065 | 2807908 |                                     4.93 |                                  3.48 |                   1.45 |
| 2807908066 | 2807908 |                                     4.05 |                                  2.45 |                    1.6 |
| 2807908067 | 2807908 |                                     3.42 |                                   2.8 |                   0.62 |
| 2807908068 | 2807908 |                                     4.69 |                                  2.96 |                   1.73 |
| 2807908069 | 2807908 |                                     2.86 |                                   2.9 |                  -0.03 |
| 2807908071 | 2807908 |                                      3.4 |                                  2.85 |                   0.55 |
| 2807908072 | 2807908 |                                     3.71 |                                  3.18 |                   0.53 |
| 2807908073 | 2807908 |                                     4.93 |                                  2.24 |                   2.69 |
| 2807908074 | 2807908 |                                     3.67 |                                  3.48 |                   0.19 |
| 2807908075 | 2807908 |                                     4.14 |                                  2.69 |                   1.45 |
| 2807908076 | 2807908 |                                     3.51 |                                  2.58 |                   0.93 |
| 2807908077 | 2807908 |                                     3.97 |                                  2.33 |                   1.64 |
| 2807908078 | 2807908 |                                     3.24 |                                  1.13 |                   2.11 |
| 2807908079 | 2807908 |                                     3.51 |                                  2.02 |                    1.5 |
| 2807908080 | 2807908 |                                     3.82 |                                  3.31 |                   0.51 |
| 2807908081 | 2807908 |                                     3.36 |                                  1.03 |                   2.33 |
| 2807908082 | 2807908 |                                     3.24 |                                  2.49 |                   0.75 |
| 2807908083 | 2807908 |                                     2.97 |                                  2.24 |                   0.73 |
| 2807908084 | 2807908 |                                     4.45 |                                   3.2 |                   1.24 |
| 2807908085 | 2807908 |                                     4.93 |                                  2.24 |                   2.68 |
| 2807908086 | 2807908 |                                     4.74 |                                  3.42 |                   1.32 |
| 2807908087 | 2807908 |                                     3.21 |                                  2.44 |                   0.77 |
| 2807908088 | 2807908 |                                     4.39 |                                  3.23 |                   1.17 |
| 2807908089 | 2807908 |                                     3.51 |                                  2.87 |                   0.63 |
| 2807908090 | 2807908 |                                      2.5 |                                  1.17 |                   1.33 |
| 2807908091 | 2807908 |                                     3.09 |                                  3.05 |                   0.03 |
| 2807908092 | 2807908 |                                      3.1 |                                  1.63 |                   1.47 |
| 2807908093 | 2807908 |                                      2.6 |                                  2.22 |                   0.37 |
| 2807908094 | 2807908 |                                     3.27 |                                  1.22 |                   2.04 |
| 2807908095 | 2807908 |                                     3.07 |                                  1.66 |                   1.41 |
| 2807908096 | 2807908 |                                     2.98 |                                  1.15 |                   1.83 |
| 2807908097 | 2807908 |                                     3.67 |                                  1.31 |                   2.35 |
| 2807908098 | 2807908 |                                     5.82 |                                  1.66 |                   4.16 |
| 2807908099 | 2807908 |                                     3.29 |                                  2.06 |                   1.23 |
| 2807908100 | 2807908 |                                     4.38 |                                  1.94 |                   2.44 |
| 2807908102 | 2807908 |                                     3.44 |                                  0.81 |                   2.63 |
| 2807908103 | 2807908 |                                     2.23 |                                  0.99 |                   1.24 |
| 2807908104 | 2807908 |                                     3.51 |                                  1.69 |                   1.82 |
| 2807908105 | 2807908 |                                     4.11 |                                  1.97 |                   2.14 |
| 2807908106 | 2807908 |                                      4.2 |                                   3.4 |                   0.79 |
| 2807908107 | 2807908 |                                     4.23 |                                  4.39 |                  -0.16 |
| 2807908108 | 2807908 |                                     3.48 |                                  2.87 |                   0.61 |
| 2807908109 | 2807908 |                                     3.65 |                                   2.9 |                   0.75 |
| 2807908110 | 2807908 |                                     3.18 |                                  2.02 |                   1.17 |
| 2807908111 | 2807908 |                                     3.04 |                                  0.75 |                   2.29 |
| 2807908113 | 2807908 |                                      2.8 |                                  2.41 |                   0.39 |
| 2807908114 | 2807908 |                                     4.02 |                                  3.12 |                    0.9 |
| 2807908115 | 2807908 |                                     4.54 |                                  2.51 |                   2.02 |
| 2807908116 | 2807908 |                                     3.51 |                                  3.13 |                   0.37 |
| 2807908117 | 2807908 |                                     3.25 |                                  3.32 |                  -0.07 |
| 2807908119 | 2807908 |                                     3.99 |                                  3.47 |                   0.52 |
| 2807908120 | 2807908 |                                     3.51 |                                  3.82 |                  -0.31 |
| 2807908121 | 2807908 |                                     3.18 |                                  2.25 |                   0.93 |
| 2807908122 | 2807908 |                                     5.82 |                                  3.52 |                    2.3 |
| 2807908123 | 2807908 |                                     3.91 |                                  2.99 |                   0.92 |
| 2807908124 | 2807908 |                                     3.55 |                                  2.74 |                   0.81 |
| 2807908125 | 2807908 |                                     2.85 |                                  1.72 |                   1.13 |
| 2807908126 | 2807908 |                                     3.61 |                                  1.97 |                   1.64 |
| 2807908128 | 2807908 |                                      3.8 |                                  3.49 |                    0.3 |
| 2807908131 | 2807908 |                                     4.49 |                                  4.13 |                   0.36 |
| 2807908132 | 2807908 |                                     4.99 |                                  2.95 |                   2.04 |
| 2807908133 | 2807908 |                                     3.16 |                                  1.96 |                    1.2 |
| 2807908135 | 2807908 |                                     3.48 |                                   1.1 |                   2.38 |
| 2807908136 | 2807908 |                                     4.02 |                                  3.33 |                   0.69 |
| 2807908137 | 2807908 |                                     3.24 |                                  2.95 |                   0.29 |
| 2807908138 | 2807908 |                                     3.07 |                                  2.95 |                   0.11 |
| 2807908140 | 2807908 |                                     0.78 |                                  1.78 |                  -0.99 |
| 2807908141 | 2807908 |                                      2.7 |                                 -0.02 |                   2.72 |
| 2807908142 | 2807908 |                                     2.25 |                                  2.37 |                  -0.13 |
| 2807908143 | 2807908 |                                     6.58 |                                  3.42 |                   3.16 |
| 2807908144 | 2807908 |                                     3.57 |                                  1.91 |                   1.66 |
| 2807908145 | 2807908 |                                     3.48 |                                  1.44 |                   2.03 |
| 2807908146 | 2807908 |                                     5.68 |                                  1.15 |                   4.53 |
| 2807908147 | 2807908 |                                     4.31 |                                  2.59 |                   1.72 |
| 2807908148 | 2807908 |                                     2.44 |                                  3.04 |                   -0.6 |
| 2807908149 | 2807908 |                                     3.24 |                                  2.42 |                   0.82 |
| 2807908150 | 2807908 |                                      3.8 |                                   2.3 |                    1.5 |
| 2807908151 | 2807908 |                                     1.81 |                                  1.64 |                   0.18 |
| 2807908152 | 2807908 |                                     2.11 |                                  2.95 |                  -0.84 |
| 2807908153 | 2807908 |                                     4.53 |                                  3.02 |                    1.5 |
| 2807908154 | 2807908 |                                     3.52 |                                  0.44 |                   3.08 |
| 2807908155 | 2807908 |                                     4.17 |                                  2.39 |                   1.78 |
| 2807908156 | 2807908 |                                     1.67 |                                  2.72 |                  -1.05 |
| 2807908157 | 2807908 |                                     2.56 |                                  5.23 |                  -2.67 |
| 2807908158 | 2807908 |                                     3.43 |                                  2.95 |                   0.48 |
| 2807908159 | 2807908 |                                     3.36 |                                  3.08 |                   0.28 |
| 2807908160 | 2807908 |                                     3.26 |                                  5.04 |                  -1.77 |
| 2807908161 | 2807908 |                                     3.24 |                                  1.71 |                   1.53 |
| 2807908162 | 2807908 |                                     2.56 |                                  1.23 |                   1.33 |
| 2807908163 | 2807908 |                                     3.75 |                                  2.38 |                   1.38 |
| 2807908164 | 2807908 |                                      4.2 |                                  3.21 |                   0.98 |
| 2807908165 | 2807908 |                                     3.75 |                                  4.65 |                  -0.89 |
| 2807908166 | 2807908 |                                     6.64 |                                  7.12 |                  -0.49 |
| 2807908167 | 2807908 |                                      2.7 |                                  1.78 |                   0.92 |
| 2807908168 | 2807908 |                                     2.87 |                                  2.42 |                   0.44 |
| 2807908169 | 2807908 |                                     3.47 |                                  3.74 |                  -0.27 |
| 2807908170 | 2807908 |                                     3.66 |                                  2.31 |                   1.35 |
| 2807908171 | 2807908 |                                     2.65 |                                  3.15 |                   -0.5 |
| 2807908172 | 2807908 |                                     3.15 |                                   3.3 |                  -0.15 |
| 2807908173 | 2807908 |                                     4.13 |                                  4.95 |                  -0.81 |
| 2807908174 | 2807908 |                                     3.29 |                                  2.25 |                   1.05 |
| 2807908175 | 2807908 |                                     3.55 |                                  2.95 |                    0.6 |
| 2807908176 | 2807908 |                                     4.92 |                                  5.26 |                  -0.34 |
| 2807908177 | 2807908 |                                     3.33 |                                  2.99 |                   0.34 |
| 2807908178 | 2807908 |                                     3.26 |                                  2.42 |                   0.84 |
| 2807908179 | 2807908 |                                     3.39 |                                  2.69 |                    0.7 |
| 2807908180 | 2807908 |                                     2.54 |                                  3.44 |                   -0.9 |
| 2807909001 | 2807909 |                                     3.56 |                                   3.8 |                  -0.25 |
| 2807909002 | 2807909 |                                     4.55 |                                  2.12 |                   2.43 |
| 2807909004 | 2807909 |                                     4.51 |                                   2.8 |                   1.71 |
| 2807909005 | 2807909 |                                     2.95 |                                  4.31 |                  -1.36 |
| 2807909006 | 2807909 |                                     1.93 |                                  3.76 |                  -1.84 |
| 2807909007 | 2807909 |                                     4.79 |                                  2.73 |                   2.06 |
| 2807909008 | 2807909 |                                     3.52 |                                   2.1 |                   1.42 |
| 2807909009 | 2807909 |                                     2.38 |                                   2.7 |                  -0.32 |
| 2807909010 | 2807909 |                                     3.53 |                                  2.08 |                   1.45 |
| 2807909011 | 2807909 |                                     3.71 |                                  2.23 |                   1.48 |
| 2807909012 | 2807909 |                                     5.09 |                                  2.79 |                   2.31 |
| 2807909013 | 2807909 |                                     4.27 |                                  2.56 |                   1.71 |
| 2807909014 | 2807909 |                                     4.95 |                                  4.18 |                   0.76 |
| 2807909015 | 2807909 |                                     3.89 |                                  1.57 |                   2.33 |
| 2807909016 | 2807909 |                                     3.93 |                                  2.02 |                   1.92 |
| 2807909017 | 2807909 |                                     4.98 |                                  2.84 |                   2.14 |
| 2807909018 | 2807909 |                                     4.69 |                                  2.54 |                   2.15 |
| 2807909019 | 2807909 |                                     4.15 |                                  4.91 |                  -0.76 |
| 2807909020 | 2807909 |                                     3.82 |                                  3.71 |                   0.11 |
| 2807909021 | 2807909 |                                     4.65 |                                  5.02 |                  -0.37 |
| 2807909022 | 2807909 |                                     4.66 |                                  2.49 |                   2.17 |
| 2807909023 | 2807909 |                                     3.37 |                                  3.96 |                  -0.59 |
| 2807909024 | 2807909 |                                     1.49 |                                 -1.08 |                   2.58 |
| 2807909025 | 2807909 |                                     2.98 |                                  2.64 |                   0.34 |
| 2807909026 | 2807909 |                                     5.24 |                                  2.75 |                    2.5 |
| 2807909028 | 2807909 |                                     4.75 |                                  2.65 |                    2.1 |
| 2807909029 | 2807909 |                                     1.42 |                                  4.43 |                  -3.01 |
| 2807909030 | 2807909 |                                     4.04 |                                  0.41 |                   3.62 |
| 2807909031 | 2807909 |                                     3.92 |                                  2.52 |                    1.4 |
| 2807909033 | 2807909 |                                     3.82 |                                  0.43 |                    3.4 |
| 2807909034 | 2807909 |                                     3.53 |                                  3.43 |                   0.11 |
| 2807909035 | 2807909 |                                     3.74 |                                  4.16 |                  -0.42 |
| 2807909036 | 2807909 |                                     4.35 |                                  2.56 |                   1.79 |
| 2807909037 | 2807909 |                                     2.93 |                                  3.33 |                  -0.41 |
| 2807909038 | 2807909 |                                     2.25 |                                  1.32 |                   0.93 |
| 2807909039 | 2807909 |                                     3.23 |                                     3 |                   0.22 |
| 2807909040 | 2807909 |                                     3.01 |                                  2.44 |                   0.57 |
| 2807909041 | 2807909 |                                     4.66 |                                  2.95 |                   1.71 |
| 2807909043 | 2807909 |                                     3.52 |                                  2.95 |                   0.57 |
| 2807909044 | 2807909 |                                     2.92 |                                  1.44 |                   1.48 |
| 2807909045 | 2807909 |                                     1.62 |                                  1.38 |                   0.24 |
| 2807909046 | 2807909 |                                     3.54 |                                  1.01 |                   2.53 |
| 2807909047 | 2807909 |                                     3.11 |                                  2.94 |                   0.17 |
| 2807909049 | 2807909 |                                     2.99 |                                  2.04 |                   0.95 |
| 2807909050 | 2807909 |                                     3.18 |                                  2.04 |                   1.13 |
| 2807909051 | 2807909 |                                     3.62 |                                  2.12 |                    1.5 |
| 2807909052 | 2807909 |                                     3.43 |                                     2 |                   1.42 |
| 2807909053 | 2807909 |                                      2.8 |                                  1.25 |                   1.54 |
| 2807909054 | 2807909 |                                     3.84 |                                  2.79 |                   1.05 |
| 2807909055 | 2807909 |                                     2.92 |                                  0.77 |                   2.15 |
| 2807909056 | 2807909 |                                     2.38 |                                  1.75 |                   0.62 |
| 2807909057 | 2807909 |                                     2.74 |                                  2.75 |                  -0.01 |
| 2807909058 | 2807909 |                                     2.38 |                                  2.66 |                  -0.28 |
| 2807909060 | 2807909 |                                     2.94 |                                   2.7 |                   0.24 |
| 2807909061 | 2807909 |                                     4.72 |                                  2.15 |                   2.57 |
| 2807909063 | 2807909 |                                     6.18 |                                  3.29 |                   2.89 |
| 2807909064 | 2807909 |                                     4.21 |                                  2.92 |                   1.29 |
| 2807909065 | 2807909 |                                     4.08 |                                  3.01 |                   1.08 |
| 2807909066 | 2807909 |                                     3.68 |                                  2.44 |                   1.24 |
| 2807909067 | 2807909 |                                     3.29 |                                  3.35 |                  -0.06 |
| 2807909068 | 2807909 |                                     3.17 |                                  2.72 |                   0.45 |
| 2807909069 | 2807909 |                                     3.85 |                                  2.94 |                   0.91 |
| 2807909070 | 2807909 |                                     3.66 |                                  7.59 |                  -3.94 |
| 2807909071 | 2807909 |                                     4.45 |                                  2.95 |                   1.49 |
| 2807909072 | 2807909 |                                    11.73 |                                  2.95 |                   8.78 |
| 2807909073 | 2807909 |                                     4.81 |                                  2.95 |                   1.86 |
| 2807909074 | 2807909 |                                     3.91 |                                  2.18 |                   1.73 |
| 2807909075 | 2807909 |                                     3.65 |                                  4.34 |                  -0.69 |
| 2807909076 | 2807909 |                                      2.8 |                                  2.63 |                   0.17 |
| 2807909077 | 2807909 |                                     3.91 |                                  2.41 |                   1.49 |
| 2807909079 | 2807909 |                                     3.09 |                                  1.67 |                   1.42 |
| 2807909080 | 2807909 |                                     3.37 |                                  2.38 |                   0.98 |
| 2807909081 | 2807909 |                                      2.6 |                                  2.59 |                   0.01 |
| 2807909082 | 2807909 |                                     3.52 |                                  2.55 |                   0.98 |
| 2807909083 | 2807909 |                                     3.82 |                                  3.57 |                   0.25 |
| 2807909084 | 2807909 |                                     2.49 |                                  4.06 |                  -1.57 |
| 2807909085 | 2807909 |                                     2.99 |                                  2.15 |                   0.84 |
| 2807909086 | 2807909 |                                    14.33 |                                  2.95 |                  11.38 |
| 2807909088 | 2807909 |                                     3.84 |                                  2.65 |                   1.19 |
| 2807909090 | 2807909 |                                     2.83 |                                  3.85 |                  -1.01 |
| 2807909091 | 2807909 |                                     4.05 |                                  3.07 |                   0.98 |
| 2807910001 | 2807910 |                                     4.67 |                                  2.86 |                   1.81 |
| 2807910004 | 2807910 |                                     4.94 |                                  4.02 |                   0.92 |
| 2807910005 | 2807910 |                                     3.99 |                                  3.17 |                   0.82 |
| 2807910006 | 2807910 |                                     3.02 |                                  1.67 |                   1.35 |
| 2807910007 | 2807910 |                                     4.67 |                                  3.38 |                   1.28 |
| 2807910008 | 2807910 |                                     1.82 |                                  3.42 |                  -1.59 |
| 2807910009 | 2807910 |                                     3.67 |                                  3.02 |                   0.66 |
| 2807910010 | 2807910 |                                     3.76 |                                  2.14 |                   1.62 |
| 2807910011 | 2807910 |                                      4.6 |                                   3.3 |                    1.3 |
| 2807910012 | 2807910 |                                     2.95 |                                  3.27 |                  -0.32 |
| 2807910013 | 2807910 |                                        5 |                                  3.04 |                   1.96 |
| 2807910014 | 2807910 |                                     4.41 |                                  0.86 |                   3.55 |
| 2807910015 | 2807910 |                                     4.52 |                                  3.53 |                   0.99 |
| 2807910016 | 2807910 |                                     3.74 |                                  3.61 |                   0.13 |
| 2807910017 | 2807910 |                                     1.64 |                                  2.15 |                   -0.5 |
| 2807910018 | 2807910 |                                     5.58 |                                  3.35 |                   2.23 |
| 2807910020 | 2807910 |                                     4.44 |                                  4.73 |                  -0.29 |
| 2807910021 | 2807910 |                                     3.65 |                                  3.78 |                  -0.13 |
| 2807910022 | 2807910 |                                     4.32 |                                  3.29 |                   1.03 |
| 2807910023 | 2807910 |                                     4.93 |                                  3.36 |                   1.56 |
| 2807910024 | 2807910 |                                     3.98 |                                  4.23 |                  -0.25 |
| 2807910025 | 2807910 |                                     3.51 |                                  3.33 |                   0.18 |
| 2807910026 | 2807910 |                                     4.26 |                                  4.12 |                   0.14 |
| 2807910027 | 2807910 |                                     3.63 |                                  2.56 |                   1.06 |
| 2807910028 | 2807910 |                                     4.73 |                                  3.73 |                      1 |
| 2807910029 | 2807910 |                                     3.75 |                                  3.39 |                   0.36 |
| 2807910030 | 2807910 |                                     3.82 |                                  2.96 |                   0.86 |
| 2807910031 | 2807910 |                                     3.21 |                                  3.73 |                  -0.52 |
| 2807910032 | 2807910 |                                     4.89 |                                  2.98 |                    1.9 |
| 2807910033 | 2807910 |                                     4.55 |                                  3.21 |                   1.33 |
| 2807910035 | 2807910 |                                     3.21 |                                  2.77 |                   0.44 |
| 2807910036 | 2807910 |                                     4.38 |                                  2.53 |                   1.85 |
| 2807910037 | 2807910 |                                     4.08 |                                  2.98 |                    1.1 |
| 2807910038 | 2807910 |                                     3.62 |                                  1.62 |                      2 |
| 2807910039 | 2807910 |                                     4.64 |                                     3 |                   1.64 |
| 2807910040 | 2807910 |                                     3.94 |                                  3.64 |                    0.3 |
| 2807910041 | 2807910 |                                     4.08 |                                  2.94 |                   1.15 |
| 2807910042 | 2807910 |                                     4.74 |                                  3.91 |                   0.83 |
| 2807910043 | 2807910 |                                     2.92 |                                  2.46 |                   0.45 |
| 2807910044 | 2807910 |                                     3.09 |                                  2.85 |                   0.23 |
| 2807910046 | 2807910 |                                     4.51 |                                  2.55 |                   1.96 |
| 2807910047 | 2807910 |                                     3.82 |                                  2.95 |                   0.87 |
| 2807910048 | 2807910 |                                     5.06 |                                  3.71 |                   1.36 |
| 2807910049 | 2807910 |                                     5.25 |                                  2.63 |                   2.62 |
| 2807910050 | 2807910 |                                     5.52 |                                  2.72 |                    2.8 |
| 2807910051 | 2807910 |                                     4.12 |                                  2.61 |                   1.51 |
| 2807910052 | 2807910 |                                     3.86 |                                   2.3 |                   1.55 |
| 2807910053 | 2807910 |                                     4.53 |                                   2.9 |                   1.63 |
| 2807910054 | 2807910 |                                     4.15 |                                  2.64 |                   1.51 |
| 2807910055 | 2807910 |                                     3.57 |                                   2.2 |                   1.37 |
| 2807910056 | 2807910 |                                     3.94 |                                  3.37 |                   0.56 |
| 2807910057 | 2807910 |                                     3.82 |                                  2.77 |                   1.05 |
| 2807910058 | 2807910 |                                     3.09 |                                  2.91 |                   0.17 |
| 2807910059 | 2807910 |                                      5.4 |                                  3.21 |                   2.18 |
| 2807910060 | 2807910 |                                     3.04 |                                  1.67 |                   1.37 |
| 2807910061 | 2807910 |                                     2.64 |                                  4.06 |                  -1.42 |
| 2807910062 | 2807910 |                                     4.17 |                                  3.51 |                   0.65 |
| 2807910063 | 2807910 |                                     3.67 |                                  3.49 |                   0.18 |
| 2807910065 | 2807910 |                                     3.57 |                                  2.81 |                   0.76 |
| 2807910067 | 2807910 |                                     4.89 |                                  1.25 |                   3.64 |
| 2807910068 | 2807910 |                                     3.24 |                                  2.02 |                   1.22 |
| 2807910069 | 2807910 |                                     3.57 |                                  3.11 |                   0.46 |
| 2807910070 | 2807910 |                                     3.09 |                                  2.67 |                   0.41 |
| 2807910072 | 2807910 |                                      4.2 |                                  2.89 |                   1.31 |
| 2807910073 | 2807910 |                                     3.49 |                                  3.06 |                   0.43 |
| 2807910074 | 2807910 |                                     4.44 |                                  2.85 |                   1.58 |
| 2807910075 | 2807910 |                                      3.5 |                                  1.53 |                   1.97 |
| 2807910076 | 2807910 |                                     3.92 |                                   2.9 |                   1.01 |
| 2807910077 | 2807910 |                                     4.52 |                                  2.83 |                   1.69 |
| 2807910078 | 2807910 |                                     4.68 |                                  2.93 |                   1.75 |
| 2807910081 | 2807910 |                                     4.41 |                                  0.82 |                   3.59 |
| 2807910082 | 2807910 |                                     5.14 |                                  2.41 |                   2.73 |
| 2807910083 | 2807910 |                                     5.94 |                                  3.69 |                   2.25 |
| 2807910084 | 2807910 |                                     4.53 |                                  2.79 |                   1.74 |
| 2807910086 | 2807910 |                                     3.39 |                                  1.38 |                   2.01 |
| 2807910087 | 2807910 |                                     4.63 |                                  1.29 |                   3.35 |
| 2807910088 | 2807910 |                                     4.93 |                                  1.57 |                   3.35 |
| 2807910089 | 2807910 |                                     3.91 |                                  1.38 |                   2.53 |
| 2807910090 | 2807910 |                                     1.85 |                                  1.39 |                   0.46 |
| 2807910091 | 2807910 |                                     0.08 |                                  1.67 |                   -1.6 |
| 2807910092 | 2807910 |                                     4.62 |                                  1.82 |                    2.8 |
| 2807910093 | 2807910 |                                     3.61 |                                  2.03 |                   1.58 |
| 2807910094 | 2807910 |                                     3.92 |                                  2.81 |                   1.11 |
| 2807910095 | 2807910 |                                     4.06 |                                  2.49 |                   1.57 |
| 2807910096 | 2807910 |                                     3.91 |                                  2.49 |                   1.42 |
| 2807910098 | 2807910 |                                     3.21 |                                   1.7 |                   1.51 |
| 2807910099 | 2807910 |                                     2.71 |                                     3 |                  -0.29 |
| 2807910100 | 2807910 |                                      2.9 |                                  2.27 |                   0.63 |
| 2807910101 | 2807910 |                                     2.49 |                                  1.76 |                   0.72 |
| 2807910102 | 2807910 |                                     2.88 |                                  1.45 |                   1.43 |
| 2807910103 | 2807910 |                                     4.27 |                                  4.15 |                   0.12 |
| 2807910106 | 2807910 |                                     3.48 |                                  1.69 |                   1.79 |
| 2807910107 | 2807910 |                                     3.91 |                                  1.03 |                   2.88 |
| 2807910108 | 2807910 |                                     3.07 |                                  1.92 |                   1.15 |
| 2807910109 | 2807910 |                                     3.45 |                                  1.79 |                   1.66 |
| 2807910110 | 2807910 |                                     2.64 |                                  1.99 |                   0.65 |
| 2807910112 | 2807910 |                                     3.24 |                                  2.14 |                    1.1 |
| 2807910113 | 2807910 |                                     3.46 |                                  2.33 |                   1.13 |
| 2807910114 | 2807910 |                                     4.12 |                                  3.12 |                      1 |
| 2807910115 | 2807910 |                                     3.36 |                                  3.19 |                   0.17 |
| 2807910116 | 2807910 |                                     3.24 |                                  1.56 |                   1.68 |
| 2807910117 | 2807910 |                                     3.16 |                                  0.23 |                   2.93 |
| 2807910118 | 2807910 |                                     2.86 |                                  2.03 |                   0.83 |
| 2807910119 | 2807910 |                                     3.06 |                                  1.78 |                   1.28 |
| 2807910120 | 2807910 |                                     3.51 |                                  1.96 |                   1.55 |
| 2807910121 | 2807910 |                                     3.31 |                                  2.35 |                   0.96 |
| 2807910122 | 2807910 |                                     4.52 |                                   2.2 |                   2.32 |
| 2807910123 | 2807910 |                                     3.61 |                                  1.16 |                   2.45 |
| 2807910124 | 2807910 |                                     3.59 |                                  1.68 |                   1.92 |
| 2807910125 | 2807910 |                                     3.24 |                                  1.87 |                   1.37 |
| 2807910126 | 2807910 |                                     3.13 |                                  1.84 |                   1.29 |
| 2807910127 | 2807910 |                                     2.86 |                                   2.3 |                   0.56 |
| 2807910128 | 2807910 |                                     3.25 |                                  2.19 |                   1.06 |
| 2807910129 | 2807910 |                                     2.07 |                                  0.26 |                   1.81 |
| 2807910130 | 2807910 |                                     3.24 |                                   1.7 |                   1.54 |
| 2807910131 | 2807910 |                                     5.26 |                                  4.34 |                   0.92 |
| 2807910132 | 2807910 |                                     3.37 |                                  2.57 |                   0.81 |
| 2807910133 | 2807910 |                                     2.64 |                                  2.51 |                   0.13 |
| 2807910135 | 2807910 |                                     3.64 |                                  3.06 |                   0.58 |
| 2807910136 | 2807910 |                                     2.79 |                                  1.86 |                   0.93 |
| 2807910137 | 2807910 |                                      3.9 |                                  1.91 |                   1.99 |
| 2807910138 | 2807910 |                                     1.93 |                                  1.01 |                   0.91 |
| 2807910139 | 2807910 |                                      4.2 |                                  3.33 |                   0.87 |
| 2807910140 | 2807910 |                                     3.58 |                                  1.68 |                    1.9 |
| 2807910142 | 2807910 |                                     2.42 |                                  2.53 |                  -0.11 |
| 2807910143 | 2807910 |                                     3.92 |                                  2.11 |                   1.81 |
| 2807910144 | 2807910 |                                     4.81 |                                     3 |                    1.8 |
| 2807910145 | 2807910 |                                     3.65 |                                  2.58 |                   1.07 |
| 2807910146 | 2807910 |                                     3.32 |                                  2.71 |                   0.61 |
| 2807910147 | 2807910 |                                     4.43 |                                  2.39 |                   2.04 |
| 2807910148 | 2807910 |                                     3.53 |                                  2.67 |                   0.86 |
| 2807910149 | 2807910 |                                     3.02 |                                  2.79 |                   0.23 |
| 2807910151 | 2807910 |                                     3.82 |                                  2.17 |                   1.65 |
| 2807910152 | 2807910 |                                      4.2 |                                   2.9 |                    1.3 |
| 2807910153 | 2807910 |                                     3.72 |                                   2.5 |                   1.22 |
| 2807910154 | 2807910 |                                     4.39 |                                  1.67 |                   2.72 |
| 2807910156 | 2807910 |                                     3.59 |                                  0.69 |                    2.9 |
| 2807910161 | 2807910 |                                     3.82 |                                  2.54 |                   1.28 |
| 2807910162 | 2807910 |                                     3.08 |                                  2.52 |                   0.56 |
| 2807910163 | 2807910 |                                     3.35 |                                  2.09 |                   1.26 |
| 2807910164 | 2807910 |                                     3.49 |                                  2.21 |                   1.28 |
| 2807910165 | 2807910 |                                     4.34 |                                  2.14 |                   2.21 |
| 2807910167 | 2807910 |                                     4.52 |                                  2.46 |                   2.06 |
| 2807910168 | 2807910 |                                        4 |                                  2.09 |                   1.92 |
| 2807910169 | 2807910 |                                     4.75 |                                  3.19 |                   1.56 |
| 2807910170 | 2807910 |                                      3.1 |                                   2.6 |                    0.5 |
| 2807910171 | 2807910 |                                     2.31 |                                  2.16 |                   0.16 |
| 2807910172 | 2807910 |                                     2.06 |                                  2.55 |                  -0.49 |
| 2807910173 | 2807910 |                                     3.25 |                                  2.18 |                   1.07 |
| 2807910174 | 2807910 |                                     3.28 |                                  1.87 |                   1.41 |
| 2807910175 | 2807910 |                                     2.56 |                                     2 |                   0.55 |
| 2807910176 | 2807910 |                                     2.42 |                                  1.83 |                   0.59 |
| 2807910178 | 2807910 |                                     2.72 |                                  1.99 |                   0.73 |
| 2807910179 | 2807910 |                                     3.62 |                                  3.09 |                   0.52 |
| 2807910180 | 2807910 |                                      3.1 |                                  1.85 |                   1.24 |
| 2807910181 | 2807910 |                                     3.82 |                                  1.95 |                   1.87 |
| 2807910182 | 2807910 |                                      4.2 |                                  2.62 |                   1.58 |
| 2807910183 | 2807910 |                                     2.64 |                                  2.76 |                  -0.12 |
| 2807910184 | 2807910 |                                     3.78 |                                  2.52 |                   1.26 |
| 2807910185 | 2807910 |                                     3.82 |                                  2.57 |                   1.25 |
| 2807910187 | 2807910 |                                     4.08 |                                  3.62 |                   0.45 |
| 2807910188 | 2807910 |                                     3.51 |                                  2.92 |                   0.58 |
| 2807910189 | 2807910 |                                     4.08 |                                  2.01 |                   2.07 |
| 2807910190 | 2807910 |                                     5.53 |                                  2.38 |                   3.15 |
| 2807910191 | 2807910 |                                     3.92 |                                  2.12 |                    1.8 |
| 2807910192 | 2807910 |                                     5.29 |                                  2.01 |                   3.28 |
| 2807910193 | 2807910 |                                     5.97 |                                   3.6 |                   2.36 |
| 2807910194 | 2807910 |                                     3.05 |                                  2.05 |                      1 |
| 2807910197 | 2807910 |                                      3.8 |                                  5.11 |                  -1.32 |
| 2807910198 | 2807910 |                                     3.88 |                                  1.58 |                    2.3 |
| 2807910199 | 2807910 |                                     5.08 |                                  2.26 |                   2.82 |
| 2807910201 | 2807910 |                                     2.88 |                                  1.62 |                   1.26 |
| 2807910202 | 2807910 |                                     3.51 |                                   1.9 |                   1.61 |
| 2807910203 | 2807910 |                                     4.02 |                                  2.09 |                   1.93 |
| 2807910204 | 2807910 |                                     3.35 |                                  2.34 |                   1.01 |
| 2807910205 | 2807910 |                                     2.18 |                                  1.76 |                   0.42 |
| 2807910206 | 2807910 |                                      4.2 |                                  2.18 |                   2.01 |
| 2807910207 | 2807910 |                                     3.31 |                                  1.59 |                   1.72 |
| 2807910209 | 2807910 |                                     3.51 |                                  2.29 |                   1.21 |
| 2807910210 | 2807910 |                                     6.24 |                                  2.63 |                   3.61 |
| 2807910211 | 2807910 |                                     1.94 |                                  2.96 |                  -1.02 |
| 2807910212 | 2807910 |                                     3.13 |                                  1.44 |                   1.69 |
| 2807910213 | 2807910 |                                     3.71 |                                  2.44 |                   1.27 |
| 2807910214 | 2807910 |                                     2.63 |                                  3.22 |                  -0.59 |
| 2807910215 | 2807910 |                                     2.83 |                                  1.65 |                   1.18 |
| 2807910216 | 2807910 |                                     3.24 |                                  2.05 |                   1.19 |
| 2807910217 | 2807910 |                                     2.17 |                                  2.68 |                  -0.51 |
| 2807910218 | 2807910 |                                     2.99 |                                  1.35 |                   1.64 |
| 2807910219 | 2807910 |                                     3.28 |                                  1.97 |                    1.3 |
| 2807910220 | 2807910 |                                     3.15 |                                  0.91 |                   2.24 |
| 2807911001 | 2807911 |                                     4.56 |                                  2.59 |                   1.98 |
| 2807911002 | 2807911 |                                      3.8 |                                  3.04 |                   0.76 |
| 2807911003 | 2807911 |                                     3.97 |                                  2.34 |                   1.62 |
| 2807911004 | 2807911 |                                      4.1 |                                  2.71 |                    1.4 |
| 2807911005 | 2807911 |                                     3.05 |                                  2.24 |                   0.81 |
| 2807911006 | 2807911 |                                     2.86 |                                  2.38 |                   0.48 |
| 2807911007 | 2807911 |                                      3.5 |                                  4.36 |                  -0.86 |
| 2807911010 | 2807911 |                                     2.78 |                                   2.1 |                   0.68 |
| 2807911011 | 2807911 |                                     3.26 |                                  4.46 |                   -1.2 |
| 2807911012 | 2807911 |                                     3.82 |                                  4.23 |                  -0.41 |
| 2807911013 | 2807911 |                                     4.49 |                                  2.49 |                      2 |
| 2807911015 | 2807911 |                                     3.82 |                                  3.16 |                   0.66 |
| 2807911016 | 2807911 |                                     3.82 |                                  3.12 |                    0.7 |
| 2807911017 | 2807911 |                                     4.08 |                                   3.2 |                   0.89 |
| 2807911018 | 2807911 |                                     4.25 |                                   2.9 |                   1.35 |
| 2807911019 | 2807911 |                                     4.39 |                                  3.25 |                   1.15 |
| 2807911021 | 2807911 |                                     4.54 |                                  2.92 |                   1.62 |
| 2807911022 | 2807911 |                                     3.03 |                                  2.11 |                   0.91 |
| 2807911023 | 2807911 |                                     5.26 |                                  3.61 |                   1.65 |
| 2807911024 | 2807911 |                                     5.03 |                                  3.46 |                   1.57 |
| 2807911025 | 2807911 |                                     3.71 |                                   2.4 |                   1.31 |
| 2807911026 | 2807911 |                                     4.56 |                                  2.32 |                   2.24 |
| 2807911028 | 2807911 |                                     4.29 |                                  2.25 |                   2.04 |
| 2807911029 | 2807911 |                                     4.99 |                                   3.4 |                   1.59 |
| 2807911030 | 2807911 |                                     5.96 |                                  3.03 |                   2.93 |
| 2807911031 | 2807911 |                                     6.35 |                                  1.98 |                   4.37 |
| 2807911032 | 2807911 |                                     2.94 |                                  2.72 |                   0.22 |
| 2807911033 | 2807911 |                                      3.5 |                                  3.03 |                   0.47 |
| 2807911034 | 2807911 |                                     3.32 |                                  3.62 |                   -0.3 |
| 2807911035 | 2807911 |                                     4.27 |                                  3.37 |                   0.91 |
| 2807911036 | 2807911 |                                     3.37 |                                  3.25 |                   0.11 |
| 2807911037 | 2807911 |                                     3.82 |                                  2.67 |                   1.15 |
| 2807911038 | 2807911 |                                     3.92 |                                  2.87 |                   1.04 |
| 2807911039 | 2807911 |                                      4.7 |                                  3.77 |                   0.93 |
| 2807911040 | 2807911 |                                     3.82 |                                  3.31 |                   0.51 |
| 2807911041 | 2807911 |                                     3.39 |                                  3.86 |                  -0.46 |
| 2807911042 | 2807911 |                                     3.88 |                                   3.2 |                   0.68 |
| 2807911043 | 2807911 |                                     4.84 |                                  3.21 |                   1.63 |
| 2807911044 | 2807911 |                                     3.58 |                                   2.2 |                   1.38 |
| 2807911045 | 2807911 |                                     4.69 |                                  3.05 |                   1.63 |
| 2807911046 | 2807911 |                                     4.53 |                                  2.15 |                   2.38 |
| 2807911047 | 2807911 |                                     4.49 |                                  3.52 |                   0.97 |
| 2807911048 | 2807911 |                                     4.21 |                                  4.32 |                  -0.11 |
| 2807911049 | 2807911 |                                     3.77 |                                  2.55 |                   1.22 |
| 2807911050 | 2807911 |                                     4.62 |                                  3.47 |                   1.15 |
| 2807911051 | 2807911 |                                     5.03 |                                  3.16 |                   1.88 |
| 2807911055 | 2807911 |                                     4.49 |                                  3.37 |                   1.12 |
| 2807911056 | 2807911 |                                     3.43 |                                  3.24 |                   0.19 |
| 2807911057 | 2807911 |                                     4.89 |                                  3.24 |                   1.64 |
| 2807911058 | 2807911 |                                     3.55 |                                  1.26 |                   2.29 |
| 2807911059 | 2807911 |                                     3.28 |                                  2.43 |                   0.85 |
| 2807911061 | 2807911 |                                     4.31 |                                  3.49 |                   0.82 |
| 2807911062 | 2807911 |                                     3.77 |                                  3.58 |                    0.2 |
| 2807911063 | 2807911 |                                      3.6 |                                  2.46 |                   1.14 |
| 2807911065 | 2807911 |                                     3.34 |                                  2.91 |                   0.43 |
| 2807911067 | 2807911 |                                     2.92 |                                  2.61 |                   0.31 |
| 2807911068 | 2807911 |                                     3.07 |                                  2.29 |                   0.78 |
| 2807911069 | 2807911 |                                     2.94 |                                  2.79 |                   0.15 |
| 2807911070 | 2807911 |                                     4.15 |                                   3.4 |                   0.75 |
| 2807911071 | 2807911 |                                     4.73 |                                  3.14 |                   1.59 |
| 2807911072 | 2807911 |                                     4.26 |                                  3.15 |                   1.11 |
| 2807911073 | 2807911 |                                     4.44 |                                  2.96 |                   1.48 |
| 2807911074 | 2807911 |                                      3.9 |                                  2.06 |                   1.84 |
| 2807911075 | 2807911 |                                     4.28 |                                  1.42 |                   2.86 |
| 2807911078 | 2807911 |                                     4.03 |                                  2.98 |                   1.04 |
| 2807911079 | 2807911 |                                     3.48 |                                  1.89 |                   1.59 |
| 2807911080 | 2807911 |                                     4.58 |                                  3.57 |                   1.01 |
| 2807911081 | 2807911 |                                      3.7 |                                  3.29 |                   0.41 |
| 2807911082 | 2807911 |                                     3.82 |                                  2.37 |                   1.45 |
| 2807911083 | 2807911 |                                     3.82 |                                   3.5 |                   0.32 |
| 2807911085 | 2807911 |                                      3.7 |                                  2.93 |                   0.77 |
| 2807911086 | 2807911 |                                     4.66 |                                  2.74 |                   1.92 |
| 2807911087 | 2807911 |                                     3.43 |                                  2.63 |                    0.8 |
| 2807911088 | 2807911 |                                     4.59 |                                  2.84 |                   1.74 |
| 2807911089 | 2807911 |                                     4.03 |                                  3.18 |                   0.84 |
| 2807911091 | 2807911 |                                     3.82 |                                   2.7 |                   1.12 |
| 2807911092 | 2807911 |                                     2.64 |                                  1.85 |                   0.78 |
| 2807911093 | 2807911 |                                     2.67 |                                  2.02 |                   0.65 |
| 2807911094 | 2807911 |                                     3.22 |                                  1.05 |                   2.17 |
| 2807911095 | 2807911 |                                     2.51 |                                  0.71 |                   1.79 |
| 2807911096 | 2807911 |                                     2.99 |                                   1.2 |                   1.79 |
| 2807911097 | 2807911 |                                     2.75 |                                  1.73 |                   1.02 |
| 2807911098 | 2807911 |                                     3.51 |                                  1.95 |                   1.56 |
| 2807911099 | 2807911 |                                     4.16 |                                  1.16 |                      3 |
| 2807911100 | 2807911 |                                     4.77 |                                  2.69 |                   2.07 |
| 2807911101 | 2807911 |                                     3.45 |                                  2.35 |                   1.11 |
| 2807911102 | 2807911 |                                     4.58 |                                  2.38 |                   2.21 |
| 2807911103 | 2807911 |                                     3.82 |                                  2.33 |                   1.49 |
| 2807911104 | 2807911 |                                     4.39 |                                  1.99 |                    2.4 |
| 2807911105 | 2807911 |                                     3.97 |                                   3.1 |                   0.87 |
| 2807911106 | 2807911 |                                     3.51 |                                  3.15 |                   0.36 |
| 2807911107 | 2807911 |                                     3.51 |                                  2.73 |                   0.77 |
| 2807911108 | 2807911 |                                     3.85 |                                  2.32 |                   1.53 |
| 2807911109 | 2807911 |                                     3.82 |                                  3.06 |                   0.76 |
| 2807911110 | 2807911 |                                     4.03 |                                  2.96 |                   1.06 |
| 2807911111 | 2807911 |                                     4.51 |                                  3.37 |                   1.14 |
| 2807911112 | 2807911 |                                     3.93 |                                  1.86 |                   2.06 |
| 2807911113 | 2807911 |                                     3.41 |                                  2.11 |                   1.31 |
| 2807911114 | 2807911 |                                     4.75 |                                  2.12 |                   2.63 |
| 2807911115 | 2807911 |                                     3.81 |                                   2.4 |                   1.41 |
| 2807911116 | 2807911 |                                     3.55 |                                  2.33 |                   1.22 |
| 2807911117 | 2807911 |                                     3.67 |                                  3.62 |                   0.05 |
| 2807911118 | 2807911 |                                      4.2 |                                   1.9 |                    2.3 |
| 2807911119 | 2807911 |                                     4.66 |                                  3.83 |                   0.83 |
| 2807911120 | 2807911 |                                     2.64 |                                  2.68 |                  -0.04 |
| 2807911121 | 2807911 |                                     3.18 |                                  3.02 |                   0.16 |
| 2807911122 | 2807911 |                                     4.81 |                                  3.57 |                   1.24 |
| 2807911123 | 2807911 |                                     7.56 |                                  1.83 |                   5.73 |
| 2807911124 | 2807911 |                                     3.92 |                                  2.62 |                   1.29 |
| 2807911125 | 2807911 |                                     4.66 |                                  2.04 |                   2.61 |
| 2807911126 | 2807911 |                                     3.27 |                                  5.74 |                  -2.47 |
| 2807911128 | 2807911 |                                     4.08 |                                  4.19 |                   -0.1 |
| 2807911130 | 2807911 |                                      4.2 |                                  4.29 |                  -0.09 |
| 2807911131 | 2807911 |                                     4.66 |                                   3.7 |                   0.96 |
| 2807911132 | 2807911 |                                     5.58 |                                  3.92 |                   1.65 |
| 2807911133 | 2807911 |                                     5.15 |                                  2.17 |                   2.98 |
| 2807911134 | 2807911 |                                     3.12 |                                  2.16 |                   0.96 |
| 2807911135 | 2807911 |                                      3.3 |                                  1.58 |                   1.72 |
| 2807911136 | 2807911 |                                     3.82 |                                  2.72 |                    1.1 |
| 2807911137 | 2807911 |                                     3.43 |                                  3.08 |                   0.35 |
| 2807911138 | 2807911 |                                      4.2 |                                   3.1 |                    1.1 |
| 2807911139 | 2807911 |                                     4.69 |                                  2.41 |                   2.28 |
| 2807911140 | 2807911 |                                     3.73 |                                  3.44 |                   0.28 |
| 2807911141 | 2807911 |                                     3.82 |                                  1.79 |                   2.03 |
| 2807911142 | 2807911 |                                     2.75 |                                  2.16 |                   0.59 |
| 2807911143 | 2807911 |                                      4.2 |                                  2.55 |                   1.65 |
| 2807911145 | 2807911 |                                     5.01 |                                  2.58 |                   2.43 |
| 2807911146 | 2807911 |                                     3.82 |                                  2.35 |                   1.47 |
| 2807911147 | 2807911 |                                     2.46 |                                  2.06 |                    0.4 |
| 2807911148 | 2807911 |                                     3.36 |                                  1.84 |                   1.52 |
| 2807911149 | 2807911 |                                     5.02 |                                  2.82 |                    2.2 |
| 2807911150 | 2807911 |                                     3.24 |                                  2.19 |                   1.06 |
| 2807911151 | 2807911 |                                      3.3 |                                  3.23 |                   0.08 |
| 2807911152 | 2807911 |                                     3.76 |                                  2.98 |                   0.78 |
| 2807911153 | 2807911 |                                      4.2 |                                   2.7 |                    1.5 |
| 2807911154 | 2807911 |                                     4.05 |                                  2.54 |                   1.51 |
| 2807911155 | 2807911 |                                     3.51 |                                  2.51 |                   0.99 |
| 2807911156 | 2807911 |                                     2.77 |                                  1.38 |                   1.39 |
| 2807911157 | 2807911 |                                     2.91 |                                  2.83 |                   0.08 |
| 2807911158 | 2807911 |                                     2.64 |                                  3.72 |                  -1.08 |
| 2807911160 | 2807911 |                                     3.45 |                                  4.48 |                  -1.02 |
| 2807911161 | 2807911 |                                     3.11 |                                  4.21 |                   -1.1 |
| 2807911162 | 2807911 |                                     4.79 |                                  1.89 |                    2.9 |
| 2807911163 | 2807911 |                                     4.34 |                                  0.67 |                   3.67 |
| 2807911165 | 2807911 |                                     3.89 |                                  2.71 |                   1.18 |
| 2807911167 | 2807911 |                                     2.96 |                                   2.4 |                   0.56 |
| 2807911168 | 2807911 |                                     3.91 |                                  1.85 |                   2.06 |
| 2807911169 | 2807911 |                                     3.64 |                                  3.05 |                   0.58 |
| 2807911170 | 2807911 |                                     5.61 |                                  2.87 |                   2.74 |
| 2807911171 | 2807911 |                                     3.77 |                                  2.94 |                   0.83 |
| 2807911173 | 2807911 |                                      4.2 |                                  2.22 |                   1.97 |
| 2807911174 | 2807911 |                                     2.74 |                                  3.42 |                  -0.68 |
| 2807911175 | 2807911 |                                     3.72 |                                  3.08 |                   0.64 |
| 2807911176 | 2807911 |                                     4.93 |                                  3.71 |                   1.21 |
| 2807911177 | 2807911 |                                     3.99 |                                  3.25 |                   0.74 |
| 2807911178 | 2807911 |                                     3.79 |                                  3.29 |                    0.5 |
| 2807911179 | 2807911 |                                      3.1 |                                  2.59 |                   0.51 |
| 2807911181 | 2807911 |                                     6.03 |                                  2.74 |                   3.29 |
| 2807911182 | 2807911 |                                     3.01 |                                  2.17 |                   0.85 |
| 2807911183 | 2807911 |                                     3.01 |                                  1.81 |                    1.2 |
| 2807911184 | 2807911 |                                     2.95 |                                  1.76 |                   1.19 |
| 2807911185 | 2807911 |                                     1.97 |                                  2.75 |                  -0.78 |
| 2807911186 | 2807911 |                                      1.9 |                                  3.18 |                  -1.28 |
| 2807911187 | 2807911 |                                     3.51 |                                 -0.14 |                   3.65 |
| 2807911188 | 2807911 |                                     2.81 |                                  2.97 |                  -0.15 |
| 2807911189 | 2807911 |                                     2.32 |                                  3.24 |                  -0.93 |
| 2807911190 | 2807911 |                                      1.8 |                                  2.33 |                  -0.52 |
| 2807911191 | 2807911 |                                     3.25 |                                  1.88 |                   1.38 |
| 2807911192 | 2807911 |                                     2.45 |                                  1.82 |                   0.63 |
| 2807911193 | 2807911 |                                      4.2 |                                  3.53 |                   0.67 |
| 2807911194 | 2807911 |                                     2.85 |                                   2.6 |                   0.25 |
| 2807912002 | 2807912 |                                     3.27 |                                  3.38 |                  -0.12 |
| 2807912003 | 2807912 |                                     3.44 |                                  3.79 |                  -0.35 |
| 2807912005 | 2807912 |                                     4.51 |                                  3.15 |                   1.36 |
| 2807912007 | 2807912 |                                     4.02 |                                  3.16 |                   0.87 |
| 2807912008 | 2807912 |                                     2.55 |                                  4.23 |                  -1.68 |
| 2807912010 | 2807912 |                                     2.64 |                                  3.79 |                  -1.15 |
| 2807912013 | 2807912 |                                     4.58 |                                  2.39 |                   2.19 |
| 2807912015 | 2807912 |                                     4.93 |                                  4.19 |                   0.74 |
| 2807912016 | 2807912 |                                     3.29 |                                   5.4 |                   -2.1 |
| 2807912022 | 2807912 |                                     4.12 |                                  5.27 |                  -1.14 |
| 2807912024 | 2807912 |                                     2.95 |                                  3.59 |                  -0.64 |
| 2807912027 | 2807912 |                                     2.42 |                                  3.98 |                  -1.56 |
| 2807912028 | 2807912 |                                     4.72 |                                  3.41 |                   1.32 |
| 2807912029 | 2807912 |                                     2.96 |                                  3.95 |                  -0.99 |
| 2807912030 | 2807912 |                                     3.82 |                                  3.99 |                  -0.17 |
| 2807912031 | 2807912 |                                     2.12 |                                   2.7 |                  -0.59 |
| 2807912032 | 2807912 |                                     3.58 |                                  2.05 |                   1.52 |
| 2807912033 | 2807912 |                                     5.77 |                                  3.31 |                   2.46 |
| 2807912034 | 2807912 |                                     3.82 |                                  2.71 |                   1.11 |
| 2807912039 | 2807912 |                                     4.93 |                                  3.42 |                    1.5 |
| 2807912041 | 2807912 |                                     2.77 |                                  3.55 |                  -0.78 |
| 2807912042 | 2807912 |                                      4.6 |                                  4.64 |                  -0.04 |
| 2807912043 | 2807912 |                                     4.24 |                                  3.63 |                   0.61 |
| 2807912044 | 2807912 |                                     4.72 |                                  3.03 |                   1.69 |
| 2807912045 | 2807912 |                                     3.17 |                                  3.32 |                  -0.15 |
| 2807912046 | 2807912 |                                     4.86 |                                  3.12 |                   1.74 |
| 2807912047 | 2807912 |                                     2.72 |                                  3.12 |                  -0.39 |
| 2807912048 | 2807912 |                                     4.71 |                                  3.48 |                   1.23 |
| 2807912049 | 2807912 |                                     2.94 |                                  3.31 |                  -0.37 |
| 2807912050 | 2807912 |                                     3.24 |                                  2.76 |                   0.48 |
| 2807912051 | 2807912 |                                     4.76 |                                  3.72 |                   1.04 |
| 2807912052 | 2807912 |                                     5.97 |                                   7.4 |                  -1.43 |
| 2807912053 | 2807912 |                                     4.61 |                                  1.84 |                   2.76 |
| 2807912054 | 2807912 |                                      4.2 |                                  0.76 |                   3.44 |
| 2807912055 | 2807912 |                                     4.41 |                                  3.56 |                   0.85 |
| 2807912056 | 2807912 |                                     3.82 |                                  2.85 |                   0.97 |
| 2807912057 | 2807912 |                                     3.82 |                                  2.68 |                   1.14 |
| 2807912059 | 2807912 |                                     2.74 |                                  3.36 |                  -0.62 |
| 2807912061 | 2807912 |                                      4.1 |                                  3.02 |                   1.08 |
| 2807912062 | 2807912 |                                     4.28 |                                  3.88 |                   0.39 |
| 2807912064 | 2807912 |                                     3.97 |                                  4.45 |                  -0.47 |
| 2807912065 | 2807912 |                                     3.27 |                                  2.49 |                   0.77 |
| 2807912066 | 2807912 |                                     3.06 |                                  3.86 |                   -0.8 |
| 2807912067 | 2807912 |                                      3.9 |                                  3.06 |                   0.85 |
| 2807912069 | 2807912 |                                     4.16 |                                  2.07 |                   2.08 |
| 2807912070 | 2807912 |                                     3.93 |                                  1.15 |                   2.79 |
| 2807912071 | 2807912 |                                     3.62 |                                  2.89 |                   0.74 |
| 2807912073 | 2807912 |                                     4.32 |                                  3.19 |                   1.13 |
| 2807912074 | 2807912 |                                     5.45 |                                  3.22 |                   2.23 |
| 2807912075 | 2807912 |                                     4.65 |                                  3.17 |                   1.47 |
| 2807912077 | 2807912 |                                     2.69 |                                  3.28 |                  -0.58 |
| 2807912078 | 2807912 |                                     4.76 |                                  3.09 |                   1.67 |
| 2807912079 | 2807912 |                                     4.73 |                                  1.96 |                   2.77 |
| 2807912080 | 2807912 |                                     2.64 |                                  3.66 |                  -1.02 |
| 2807912081 | 2807912 |                                     2.64 |                                  2.66 |                  -0.02 |
| 2807912082 | 2807912 |                                     2.81 |                                  2.22 |                   0.59 |
| 2807912083 | 2807912 |                                     3.39 |                                  3.34 |                   0.04 |
| 2807912084 | 2807912 |                                     5.24 |                                  3.17 |                   2.07 |
| 2807912087 | 2807912 |                                     6.24 |                                  3.15 |                   3.09 |
| 2807912088 | 2807912 |                                      4.2 |                                  2.26 |                   1.94 |
| 2807912089 | 2807912 |                                      4.2 |                                  2.88 |                   1.32 |
| 2807912090 | 2807912 |                                     3.41 |                                  1.79 |                   1.62 |
| 2807912091 | 2807912 |                                     3.61 |                                  2.57 |                   1.03 |
| 2807912092 | 2807912 |                                     3.71 |                                  2.15 |                   1.56 |
| 2807912093 | 2807912 |                                     2.64 |                                  2.87 |                  -0.23 |
| 2807912094 | 2807912 |                                     4.22 |                                  3.32 |                    0.9 |
| 2807912096 | 2807912 |                                      4.2 |                                  2.99 |                   1.21 |
| 2807912097 | 2807912 |                                      5.6 |                                  2.93 |                   2.67 |
| 2807912098 | 2807912 |                                     2.52 |                                   2.5 |                   0.02 |
| 2807912100 | 2807912 |                                     4.83 |                                  3.73 |                    1.1 |
| 2807912101 | 2807912 |                                     2.81 |                                  3.18 |                  -0.37 |
| 2807912102 | 2807912 |                                     3.68 |                                  3.14 |                   0.54 |
| 2807912103 | 2807912 |                                     4.29 |                                  3.52 |                   0.76 |
| 2807912104 | 2807912 |                                     2.55 |                                  2.83 |                  -0.28 |
| 2807912105 | 2807912 |                                     2.24 |                                  3.39 |                  -1.15 |
| 2807912106 | 2807912 |                                     3.32 |                                  3.01 |                   0.31 |
| 2807912107 | 2807912 |                                      3.2 |                                  2.84 |                   0.36 |
| 2807912108 | 2807912 |                                     4.21 |                                  2.26 |                   1.95 |
| 2807912109 | 2807912 |                                     3.24 |                                   2.7 |                   0.54 |
| 2807913008 | 2807913 |                                     2.64 |                                  2.93 |                  -0.29 |
| 2807913010 | 2807913 |                                     4.49 |                                  3.48 |                   1.01 |
| 2807913012 | 2807913 |                                     4.85 |                                  2.95 |                   1.91 |
| 2807913013 | 2807913 |                                     4.57 |                                  3.36 |                   1.21 |
| 2807913014 | 2807913 |                                     4.66 |                                  2.89 |                   1.78 |
| 2807913016 | 2807913 |                                     2.03 |                                  3.12 |                   -1.1 |
| 2807913023 | 2807913 |                                      4.3 |                                  3.93 |                   0.37 |
| 2807913024 | 2807913 |                                     2.42 |                                  3.67 |                  -1.25 |
| 2807913029 | 2807913 |                                     4.34 |                                  2.82 |                   1.52 |
| 2807913030 | 2807913 |                                      4.2 |                                  3.74 |                   0.46 |
| 2807913031 | 2807913 |                                     3.87 |                                   3.3 |                   0.57 |
| 2807913032 | 2807913 |                                     4.24 |                                  3.68 |                   0.56 |
| 2807913033 | 2807913 |                                     1.75 |                                  2.76 |                  -1.01 |
| 2807913034 | 2807913 |                                     2.39 |                                  2.69 |                   -0.3 |
| 2807913035 | 2807913 |                                     3.95 |                                  3.16 |                   0.79 |
| 2807913036 | 2807913 |                                     5.86 |                                  3.71 |                   2.15 |
| 2807913037 | 2807913 |                                      4.2 |                                  2.58 |                   1.62 |
| 2807913038 | 2807913 |                                      4.4 |                                  3.21 |                   1.19 |
| 2807913039 | 2807913 |                                     4.24 |                                  3.81 |                   0.43 |
| 2807913040 | 2807913 |                                      4.2 |                                  3.38 |                   0.82 |
| 2807913041 | 2807913 |                                     3.27 |                                  3.16 |                   0.11 |
| 2807913042 | 2807913 |                                     3.49 |                                  4.99 |                  -1.49 |
| 2807913043 | 2807913 |                                     4.07 |                                  3.58 |                   0.49 |
| 2807913044 | 2807913 |                                     3.66 |                                  3.42 |                   0.23 |
| 2807913045 | 2807913 |                                     3.68 |                                  2.89 |                    0.8 |
| 2807913046 | 2807913 |                                     4.93 |                                  3.94 |                   0.99 |
| 2807913047 | 2807913 |                                     4.33 |                                  3.35 |                   0.99 |
| 2807913048 | 2807913 |                                     4.25 |                                   3.3 |                   0.95 |
| 2807913049 | 2807913 |                                     3.82 |                                  2.26 |                   1.56 |
| 2807913050 | 2807913 |                                     3.82 |                                  2.12 |                    1.7 |
| 2807913052 | 2807913 |                                     2.95 |                                  3.37 |                  -0.42 |
| 2807913053 | 2807913 |                                     2.77 |                                  2.59 |                   0.19 |
| 2807913054 | 2807913 |                                      4.2 |                                   1.7 |                    2.5 |
| 2807913055 | 2807913 |                                     3.56 |                                  3.73 |                  -0.17 |
| 2807913056 | 2807913 |                                     3.63 |                                  3.77 |                  -0.14 |
| 2807913057 | 2807913 |                                     5.35 |                                  2.31 |                   3.04 |
| 2807913058 | 2807913 |                                      3.3 |                                  3.44 |                  -0.14 |
| 2807913059 | 2807913 |                                     5.97 |                                  2.25 |                   3.72 |
| 2807913060 | 2807913 |                                     2.98 |                                  2.52 |                   0.46 |
| 2807913061 | 2807913 |                                     5.19 |                                  3.96 |                   1.24 |
| 2807913062 | 2807913 |                                     3.11 |                                  4.36 |                  -1.25 |
| 2807913063 | 2807913 |                                      4.2 |                                  2.57 |                   1.63 |
| 2807913065 | 2807913 |                                     3.65 |                                  4.01 |                  -0.36 |
| 2807913066 | 2807913 |                                     3.87 |                                  3.46 |                   0.41 |
| 2807913069 | 2807913 |                                     3.46 |                                  2.33 |                   1.13 |
| 2807913074 | 2807913 |                                     2.55 |                                  3.39 |                  -0.84 |
| 2807913077 | 2807913 |                                     3.42 |                                  1.55 |                   1.87 |
| 2807913078 | 2807913 |                                     3.38 |                                  1.43 |                   1.95 |
| 2807913079 | 2807913 |                                     2.99 |                                  3.23 |                  -0.25 |
| 2807913080 | 2807913 |                                      4.2 |                                  3.08 |                   1.12 |
| 2807913083 | 2807913 |                                      4.1 |                                  2.63 |                   1.47 |
| 2807913084 | 2807913 |                                     3.87 |                                  2.62 |                   1.25 |
| 2807913086 | 2807913 |                                     4.05 |                                     3 |                   1.05 |
| 2807913087 | 2807913 |                                     3.16 |                                  2.33 |                   0.84 |
| 2807913088 | 2807913 |                                     3.51 |                                  2.52 |                   0.99 |
| 2807913089 | 2807913 |                                     5.39 |                                  3.87 |                   1.52 |
| 2807913090 | 2807913 |                                     4.13 |                                  4.81 |                  -0.68 |
| 2807913091 | 2807913 |                                     3.87 |                                  3.06 |                    0.8 |
| 2807913092 | 2807913 |                                     2.64 |                                   3.1 |                  -0.46 |
| 2807913094 | 2807913 |                                     3.14 |                                  3.23 |                  -0.09 |
| 2807913103 | 2807913 |                                     5.88 |                                  4.36 |                   1.52 |
| 2807913104 | 2807913 |                                     3.38 |                                  3.39 |                      0 |
| 2807913108 | 2807913 |                                     3.89 |                                   2.5 |                   1.39 |
| 2807913109 | 2807913 |                                      2.9 |                                  3.23 |                  -0.32 |
| 2807913110 | 2807913 |                                     3.63 |                                  2.11 |                   1.52 |
| 2807913112 | 2807913 |                                     4.11 |                                  3.61 |                   0.51 |
| 2807913115 | 2807913 |                                     3.05 |                                  2.42 |                   0.63 |
| 2807913116 | 2807913 |                                     3.91 |                                   3.5 |                   0.41 |
| 2807913117 | 2807913 |                                     3.48 |                                  2.47 |                   1.01 |
| 2807913119 | 2807913 |                                     4.22 |                                  3.12 |                   1.09 |
| 2807913121 | 2807913 |                                     2.68 |                                  4.05 |                  -1.37 |
| 2807913122 | 2807913 |                                     3.24 |                                  4.49 |                  -1.25 |
| 2807913123 | 2807913 |                                     3.76 |                                  3.75 |                   0.01 |
| 2807913124 | 2807913 |                                     4.32 |                                  2.97 |                   1.35 |
| 2807913125 | 2807913 |                                     5.38 |                                  2.79 |                   2.59 |
| 2807913127 | 2807913 |                                     2.96 |                                  2.62 |                   0.34 |
| 2807913128 | 2807913 |                                     2.88 |                                  2.39 |                   0.49 |
| 2807913129 | 2807913 |                                     1.76 |                                  3.05 |                  -1.29 |
| 2807913131 | 2807913 |                                     4.49 |                                  3.26 |                   1.23 |
| 2807913132 | 2807913 |                                     5.78 |                                  3.69 |                    2.1 |
| 2807913133 | 2807913 |                                     7.73 |                                  4.37 |                   3.35 |
| 2807913134 | 2807913 |                                     5.36 |                                   2.5 |                   2.85 |
| 2807913136 | 2807913 |                                     4.91 |                                  4.24 |                   0.67 |
| 2807913137 | 2807913 |                                     2.21 |                                  2.57 |                  -0.36 |
| 2807913138 | 2807913 |                                     4.38 |                                  2.86 |                   1.53 |
| 2807913139 | 2807913 |                                     3.39 |                                  2.85 |                   0.54 |
| 2807913140 | 2807913 |                                     3.55 |                                  3.58 |                  -0.03 |
| 2807913142 | 2807913 |                                     4.06 |                                  3.52 |                   0.54 |
| 2807913143 | 2807913 |                                     2.75 |                                  1.68 |                   1.07 |
| 2807913144 | 2807913 |                                     4.07 |                                  2.54 |                   1.53 |
| 2807913145 | 2807913 |                                     4.07 |                                  2.94 |                   1.13 |
| 2807913146 | 2807913 |                                     3.82 |                                  2.82 |                      1 |
| 2807913147 | 2807913 |                                     2.64 |                                  2.91 |                  -0.27 |
| 2807913148 | 2807913 |                                      4.2 |                                  3.68 |                   0.52 |
| 2807913150 | 2807913 |                                     5.35 |                                  3.85 |                    1.5 |
| 2807913153 | 2807913 |                                      4.2 |                                  3.03 |                   1.16 |
| 2807913154 | 2807913 |                                     3.82 |                                  2.27 |                   1.55 |
| 2807913155 | 2807913 |                                     3.36 |                                   2.7 |                   0.66 |
| 2807913156 | 2807913 |                                     4.11 |                                  3.24 |                   0.87 |
| 2807913157 | 2807913 |                                     2.83 |                                  2.53 |                    0.3 |
| 2807913158 | 2807913 |                                     3.07 |                                  3.22 |                  -0.15 |
| 2807913160 | 2807913 |                                     5.84 |                                  3.12 |                   2.71 |
| 2807913161 | 2807913 |                                     3.24 |                                  1.58 |                   1.66 |
| 2807913163 | 2807913 |                                     2.42 |                                  2.26 |                   0.16 |
| 2807913164 | 2807913 |                                     4.93 |                                  2.18 |                   2.75 |
| 2807913166 | 2807913 |                                     3.82 |                                  2.57 |                   1.25 |
| 2807913168 | 2807913 |                                     4.11 |                                  2.32 |                   1.79 |
| 2807913169 | 2807913 |                                     6.31 |                                  2.55 |                   3.76 |
| 2807913170 | 2807913 |                                     3.82 |                                  3.43 |                   0.39 |
| 2807913171 | 2807913 |                                     3.76 |                                  2.37 |                   1.39 |
| 2807913172 | 2807913 |                                      3.9 |                                  3.25 |                   0.65 |
| 2807913173 | 2807913 |                                     4.69 |                                  4.07 |                   0.61 |
| 2807913174 | 2807913 |                                     5.22 |                                  2.74 |                   2.48 |
| 2807913175 | 2807913 |                                     3.16 |                                  3.16 |                      0 |
| 2807913176 | 2807913 |                                     4.23 |                                  2.82 |                   1.41 |
| 2807913177 | 2807913 |                                     5.26 |                                  3.09 |                   2.17 |
| 2807913178 | 2807913 |                                     4.38 |                                   2.9 |                   1.48 |
| 2807913182 | 2807913 |                                     2.71 |                                  1.75 |                   0.96 |
| 2807913183 | 2807913 |                                     2.73 |                                  1.68 |                   1.05 |
| 2807913184 | 2807913 |                                     3.82 |                                  1.85 |                   1.98 |
| 2807913185 | 2807913 |                                      5.4 |                                  3.21 |                   2.18 |
| 2807913186 | 2807913 |                                     4.91 |                                     3 |                   1.92 |
| 2807913187 | 2807913 |                                      4.3 |                                  2.81 |                   1.49 |
| 2807913189 | 2807913 |                                     3.82 |                                   2.5 |                   1.32 |
| 2807913190 | 2807913 |                                      4.2 |                                  2.66 |                   1.53 |
| 2807913191 | 2807913 |                                     3.93 |                                  1.83 |                    2.1 |
| 2807913192 | 2807913 |                                     2.64 |                                  2.99 |                  -0.35 |
| 2807913193 | 2807913 |                                     2.85 |                                  3.27 |                  -0.41 |
| 2807913194 | 2807913 |                                     3.47 |                                  2.86 |                   0.62 |
| 2807913195 | 2807913 |                                     5.36 |                                  2.81 |                   2.55 |
| 2807913196 | 2807913 |                                     3.53 |                                   2.4 |                   1.13 |
| 2807913197 | 2807913 |                                     3.67 |                                  2.43 |                   1.24 |
| 2807913198 | 2807913 |                                     4.29 |                                  3.49 |                    0.8 |
| 2807913199 | 2807913 |                                      3.1 |                                  2.81 |                   0.29 |
| 2807913202 | 2807913 |                                     2.88 |                                  2.29 |                   0.59 |
| 2807913203 | 2807913 |                                     3.42 |                                  1.63 |                   1.79 |
| 2807913204 | 2807913 |                                     3.25 |                                  3.71 |                  -0.46 |
| 2807913205 | 2807913 |                                     3.11 |                                  1.07 |                   2.04 |
| 2807913206 | 2807913 |                                     3.39 |                                  3.15 |                   0.24 |
| 2807913207 | 2807913 |                                     1.81 |                                  2.72 |                  -0.91 |
| 2807913208 | 2807913 |                                     2.45 |                                  2.76 |                  -0.31 |
| 2807913209 | 2807913 |                                     2.23 |                                  2.41 |                  -0.19 |
| 2807913210 | 2807913 |                                     1.59 |                                   3.5 |                  -1.91 |
| 2807913211 | 2807913 |                                     2.87 |                                  2.43 |                   0.45 |
| 2807913212 | 2807913 |                                     3.04 |                                  3.54 |                   -0.5 |
| 2807913213 | 2807913 |                                     3.51 |                                  2.85 |                   0.65 |
| 2807913215 | 2807913 |                                     3.93 |                                  2.44 |                   1.49 |
| 2807913216 | 2807913 |                                     2.84 |                                  2.88 |                  -0.04 |
| 2807914002 | 2807914 |                                     3.82 |                                  2.77 |                   1.05 |
| 2807914003 | 2807914 |                                     4.72 |                                  2.74 |                   1.98 |
| 2807914004 | 2807914 |                                      3.8 |                                  1.82 |                   1.98 |
| 2807914005 | 2807914 |                                     3.67 |                                  2.15 |                   1.52 |
| 2807914006 | 2807914 |                                      3.1 |                                  3.36 |                  -0.26 |
| 2807914010 | 2807914 |                                     3.49 |                                  1.46 |                   2.03 |
| 2807914012 | 2807914 |                                     2.07 |                                   1.9 |                   0.17 |
| 2807914013 | 2807914 |                                     1.82 |                                   2.1 |                  -0.28 |
| 2807914014 | 2807914 |                                     3.72 |                                  1.91 |                   1.81 |
| 2807914015 | 2807914 |                                     3.92 |                                  1.22 |                    2.7 |
| 2807914016 | 2807914 |                                     3.61 |                                  1.37 |                   2.24 |
| 2807914017 | 2807914 |                                     4.68 |                                  2.49 |                   2.19 |
| 2807914018 | 2807914 |                                     3.76 |                                  1.09 |                   2.67 |
| 2807914020 | 2807914 |                                      3.4 |                                  1.28 |                   2.12 |
| 2807914021 | 2807914 |                                     4.02 |                                  2.04 |                   1.98 |
| 2807914022 | 2807914 |                                     2.86 |                                  1.57 |                   1.29 |
| 2807914024 | 2807914 |                                     3.41 |                                  0.72 |                   2.69 |
| 2807914025 | 2807914 |                                     4.71 |                                  2.45 |                   2.26 |
| 2807914026 | 2807914 |                                     4.28 |                                  2.54 |                   1.74 |
| 2807914027 | 2807914 |                                     3.51 |                                  2.49 |                   1.02 |
| 2807914028 | 2807914 |                                     4.02 |                                  2.66 |                   1.36 |
| 2807914029 | 2807914 |                                     4.49 |                                  1.56 |                   2.93 |
| 2807914030 | 2807914 |                                     4.67 |                                  1.24 |                   3.43 |
| 2807914031 | 2807914 |                                     3.53 |                                  2.14 |                   1.39 |
| 2807914032 | 2807914 |                                     2.98 |                                   1.7 |                   1.28 |
| 2807914033 | 2807914 |                                     3.57 |                                  2.15 |                   1.43 |
| 2807914034 | 2807914 |                                     4.63 |                                  2.59 |                   2.04 |
| 2807914035 | 2807914 |                                     4.58 |                                  1.97 |                   2.61 |
| 2807914036 | 2807914 |                                     3.51 |                                  3.03 |                   0.48 |
| 2807914037 | 2807914 |                                     5.68 |                                  2.51 |                   3.16 |
| 2807914038 | 2807914 |                                     3.85 |                                  2.57 |                   1.28 |
| 2807914039 | 2807914 |                                     4.59 |                                  2.88 |                   1.71 |
| 2807914040 | 2807914 |                                     2.14 |                                  1.83 |                   0.31 |
| 2807914041 | 2807914 |                                     1.84 |                                   0.9 |                   0.93 |
| 2807914042 | 2807914 |                                      4.2 |                                  1.69 |                   2.51 |
| 2807914043 | 2807914 |                                     3.01 |                                  1.75 |                   1.27 |
| 2807914044 | 2807914 |                                     3.91 |                                   2.7 |                   1.21 |
| 2807914045 | 2807914 |                                     4.54 |                                  2.22 |                   2.31 |
| 2807914046 | 2807914 |                                     3.21 |                                  2.76 |                   0.46 |
| 2807914047 | 2807914 |                                     4.93 |                                  3.47 |                   1.45 |
| 2807914048 | 2807914 |                                     3.08 |                                  2.29 |                   0.79 |
| 2807914049 | 2807914 |                                     3.28 |                                   2.3 |                   0.98 |
| 2807914050 | 2807914 |                                      4.2 |                                  3.34 |                   0.86 |
| 2807914051 | 2807914 |                                     3.82 |                                  3.44 |                   0.38 |
| 2807914052 | 2807914 |                                     4.06 |                                  2.97 |                   1.08 |
| 2807914053 | 2807914 |                                     3.38 |                                  3.13 |                   0.25 |
| 2807914054 | 2807914 |                                     4.93 |                                  2.74 |                   2.18 |
| 2807914055 | 2807914 |                                      4.2 |                                  2.07 |                   2.13 |
| 2807914056 | 2807914 |                                     3.55 |                                  1.76 |                   1.79 |
| 2807914057 | 2807914 |                                     4.11 |                                  2.95 |                   1.16 |
| 2807914058 | 2807914 |                                     3.85 |                                  1.33 |                   2.52 |
| 2807914059 | 2807914 |                                     2.61 |                                  2.62 |                  -0.01 |
| 2807914060 | 2807914 |                                     3.59 |                                  2.58 |                   1.01 |
| 2807914061 | 2807914 |                                     3.82 |                                  1.61 |                   2.21 |
| 2807914062 | 2807914 |                                     2.55 |                                  2.65 |                   -0.1 |
| 2807914063 | 2807914 |                                     2.84 |                                  2.35 |                   0.49 |
| 2807914064 | 2807914 |                                     4.02 |                                   3.2 |                   0.82 |
| 2807914065 | 2807914 |                                     2.49 |                                  2.89 |                   -0.4 |
| 2807914067 | 2807914 |                                     3.95 |                                  4.36 |                  -0.41 |
| 2807914069 | 2807914 |                                     3.52 |                                  0.36 |                   3.16 |
| 2807914070 | 2807914 |                                     3.85 |                                  3.24 |                    0.6 |
| 2807914071 | 2807914 |                                     2.96 |                                  2.92 |                   0.04 |
| 2807914072 | 2807914 |                                     3.26 |                                  2.13 |                   1.14 |
| 2807914073 | 2807914 |                                     2.23 |                                  2.23 |                  -0.01 |
| 2807914075 | 2807914 |                                     3.47 |                                  2.96 |                   0.51 |
| 2807914076 | 2807914 |                                     3.97 |                                  1.91 |                   2.06 |
| 2807914077 | 2807914 |                                     2.96 |                                  1.98 |                   0.98 |
| 2807914079 | 2807914 |                                     4.28 |                                  1.56 |                   2.73 |
| 2807914080 | 2807914 |                                     1.57 |                                   2.1 |                  -0.53 |
| 2807914081 | 2807914 |                                     3.13 |                                 -0.56 |                   3.69 |
| 2807914082 | 2807914 |                                     1.96 |                                  3.38 |                  -1.42 |
| 2807914083 | 2807914 |                                     2.37 |                                  3.27 |                  -0.89 |
| 2807914084 | 2807914 |                                     2.48 |                                  2.53 |                  -0.05 |
| 2807914085 | 2807914 |                                     2.79 |                                   1.3 |                    1.5 |
| 2807914086 | 2807914 |                                     3.24 |                                  3.44 |                   -0.2 |
| 2807914087 | 2807914 |                                     1.84 |                                  1.53 |                   0.31 |
| 2807914088 | 2807914 |                                     5.48 |                                  2.12 |                   3.36 |
| 2807914089 | 2807914 |                                     2.61 |                                  2.53 |                   0.08 |
| 2807914090 | 2807914 |                                     2.95 |                                  1.48 |                   1.48 |
| 2807914091 | 2807914 |                                     3.77 |                                  1.83 |                   1.94 |
| 2807914092 | 2807914 |                                     2.23 |                                  2.77 |                  -0.54 |
| 2807914093 | 2807914 |                                      1.9 |                                  2.14 |                  -0.24 |
| 2807915001 | 2807915 |                                     3.03 |                                  2.99 |                   0.04 |
| 2807915002 | 2807915 |                                     4.06 |                                  3.99 |                   0.06 |
| 2807915003 | 2807915 |                                     3.79 |                                   2.3 |                   1.48 |
| 2807915005 | 2807915 |                                     3.08 |                                  2.51 |                   0.57 |
| 2807915006 | 2807915 |                                     4.58 |                                  3.08 |                   1.51 |
| 2807915008 | 2807915 |                                     3.24 |                                  3.21 |                   0.03 |
| 2807915009 | 2807915 |                                     3.28 |                                  4.25 |                  -0.97 |
| 2807915010 | 2807915 |                                     4.07 |                                  3.67 |                    0.4 |
| 2807915011 | 2807915 |                                     4.38 |                                  3.29 |                   1.09 |
| 2807915012 | 2807915 |                                      3.8 |                                  3.06 |                   0.74 |
| 2807915013 | 2807915 |                                     3.51 |                                  3.22 |                   0.29 |
| 2807915014 | 2807915 |                                     3.63 |                                  3.38 |                   0.25 |
| 2807915015 | 2807915 |                                     4.93 |                                  2.55 |                   2.37 |
| 2807915016 | 2807915 |                                     3.65 |                                  3.43 |                   0.22 |
| 2807915017 | 2807915 |                                     2.96 |                                  2.69 |                   0.27 |
| 2807915018 | 2807915 |                                     3.51 |                                  3.27 |                   0.24 |
| 2807915019 | 2807915 |                                     3.98 |                                  3.41 |                   0.56 |
| 2807915020 | 2807915 |                                     4.13 |                                  3.33 |                    0.8 |
| 2807915021 | 2807915 |                                     3.25 |                                  3.72 |                  -0.47 |
| 2807915022 | 2807915 |                                     4.15 |                                  4.96 |                  -0.82 |
| 2807915023 | 2807915 |                                     4.93 |                                  3.87 |                   1.05 |
| 2807915024 | 2807915 |                                     3.34 |                                  3.15 |                    0.2 |
| 2807915025 | 2807915 |                                     3.51 |                                  2.14 |                   1.37 |
| 2807915026 | 2807915 |                                     2.97 |                                  3.39 |                  -0.42 |
| 2807915027 | 2807915 |                                     3.24 |                                  3.06 |                   0.18 |
| 2807915028 | 2807915 |                                     1.93 |                                  2.86 |                  -0.93 |
| 2807915029 | 2807915 |                                     4.73 |                                  2.15 |                   2.58 |
| 2807915030 | 2807915 |                                     4.66 |                                  1.74 |                   2.93 |
| 2807915031 | 2807915 |                                     3.76 |                                  2.85 |                   0.91 |
| 2807915032 | 2807915 |                                     2.84 |                                  3.23 |                  -0.39 |
| 2807915033 | 2807915 |                                     3.11 |                                  3.28 |                  -0.18 |
| 2807915034 | 2807915 |                                     2.47 |                                  2.27 |                    0.2 |
| 2807915035 | 2807915 |                                     4.58 |                                  3.42 |                   1.16 |
| 2807915036 | 2807915 |                                     4.53 |                                  2.98 |                   1.55 |
| 2807915037 | 2807915 |                                     4.13 |                                  2.74 |                   1.39 |
| 2807915038 | 2807915 |                                     3.69 |                                   3.3 |                   0.39 |
| 2807915039 | 2807915 |                                     4.18 |                                  3.11 |                   1.07 |
| 2807915040 | 2807915 |                                     3.49 |                                  3.91 |                  -0.42 |
| 2807915041 | 2807915 |                                     3.51 |                                   1.8 |                   1.71 |
| 2807915042 | 2807915 |                                     3.92 |                                  2.49 |                   1.43 |
| 2807915043 | 2807915 |                                     1.78 |                                  2.68 |                  -0.91 |
| 2807915044 | 2807915 |                                     3.43 |                                  2.28 |                   1.15 |
| 2807915045 | 2807915 |                                     2.25 |                                  2.27 |                  -0.03 |
| 2807915046 | 2807915 |                                     3.97 |                                  2.71 |                   1.26 |
| 2807915047 | 2807915 |                                     3.41 |                                  2.72 |                   0.69 |
| 2807915048 | 2807915 |                                     3.23 |                                  2.62 |                   0.61 |
| 2807915049 | 2807915 |                                      3.4 |                                  2.79 |                   0.61 |
| 2807915050 | 2807915 |                                     2.17 |                                   2.3 |                  -0.13 |
| 2807915051 | 2807915 |                                      3.7 |                                  2.64 |                   1.06 |
| 2807915052 | 2807915 |                                     2.96 |                                  3.13 |                  -0.17 |
| 2807915053 | 2807915 |                                     3.23 |                                   2.8 |                   0.43 |
| 2807915054 | 2807915 |                                     3.12 |                                  2.51 |                   0.61 |
| 2807915056 | 2807915 |                                      3.6 |                                  2.94 |                   0.66 |
| 2807915057 | 2807915 |                                      3.2 |                                   3.1 |                    0.1 |
| 2807915058 | 2807915 |                                      4.5 |                                   3.7 |                    0.8 |
| 2807915059 | 2807915 |                                     3.03 |                                  3.19 |                  -0.16 |
| 2807915060 | 2807915 |                                     4.18 |                                  2.59 |                   1.58 |
| 2807915061 | 2807915 |                                     3.22 |                                  3.11 |                   0.11 |
| 2807915062 | 2807915 |                                     3.38 |                                  2.55 |                   0.82 |
| 2807915065 | 2807915 |                                      4.7 |                                  2.86 |                   1.84 |
| 2807915066 | 2807915 |                                     4.62 |                                     2 |                   2.63 |
| 2807915067 | 2807915 |                                      4.2 |                                   1.1 |                   3.09 |
| 2807915068 | 2807915 |                                      3.8 |                                  2.35 |                   1.45 |
| 2807915069 | 2807915 |                                     2.97 |                                  2.56 |                   0.41 |
| 2807915070 | 2807915 |                                     3.01 |                                  2.38 |                   0.63 |
| 2807915071 | 2807915 |                                     4.87 |                                  3.59 |                   1.28 |
| 2807915073 | 2807915 |                                     3.62 |                                  3.68 |                  -0.06 |
| 2807915074 | 2807915 |                                     2.97 |                                  3.16 |                  -0.19 |
| 2807915075 | 2807915 |                                     3.71 |                                  2.36 |                   1.35 |
| 2807915076 | 2807915 |                                     3.44 |                                  2.49 |                   0.95 |
| 2807915077 | 2807915 |                                     3.34 |                                  2.32 |                   1.02 |
| 2807915078 | 2807915 |                                     4.34 |                                  2.42 |                   1.92 |
| 2807915079 | 2807915 |                                     5.08 |                                  2.06 |                   3.02 |
| 2807915080 | 2807915 |                                     3.92 |                                  3.17 |                   0.75 |
| 2807915081 | 2807915 |                                     3.82 |                                  3.04 |                   0.77 |
| 2807915082 | 2807915 |                                     4.26 |                                  0.87 |                   3.39 |
| 2807915083 | 2807915 |                                     3.67 |                                  2.89 |                   0.78 |
| 2807915084 | 2807915 |                                     3.29 |                                  2.69 |                    0.6 |
| 2807915085 | 2807915 |                                     2.23 |                                  1.82 |                   0.41 |
| 2807915086 | 2807915 |                                     3.75 |                                  2.58 |                   1.17 |
| 2807915087 | 2807915 |                                     4.49 |                                  3.39 |                    1.1 |
| 2807915088 | 2807915 |                                     3.44 |                                   3.1 |                   0.33 |
| 2807915089 | 2807915 |                                     3.15 |                                  2.19 |                   0.95 |
| 2807915090 | 2807915 |                                     2.02 |                                  2.27 |                  -0.25 |
| 2807915092 | 2807915 |                                     3.19 |                                  1.57 |                   1.62 |
| 2807915093 | 2807915 |                                     3.49 |                                  2.67 |                   0.83 |
| 2807915094 | 2807915 |                                     4.48 |                                  1.96 |                   2.53 |
| 2807915095 | 2807915 |                                      4.2 |                                  3.49 |                   0.71 |
| 2807915096 | 2807915 |                                     2.77 |                                  2.52 |                   0.24 |
| 2807915097 | 2807915 |                                     3.26 |                                  1.84 |                   1.42 |
| 2807915098 | 2807915 |                                     3.04 |                                  2.55 |                   0.48 |
| 2807915099 | 2807915 |                                     3.51 |                                  3.03 |                   0.48 |
| 2807915100 | 2807915 |                                     3.72 |                                  3.12 |                   0.61 |
| 2807915101 | 2807915 |                                     2.97 |                                   2.9 |                   0.07 |
| 2807915102 | 2807915 |                                     4.38 |                                   3.1 |                   1.28 |
| 2807915103 | 2807915 |                                     3.51 |                                  3.29 |                   0.22 |
| 2807915105 | 2807915 |                                     4.53 |                                  3.22 |                   1.31 |
| 2807915106 | 2807915 |                                     4.46 |                                  2.95 |                   1.51 |
| 2807915108 | 2807915 |                                     4.33 |                                  2.34 |                   1.99 |
| 2807915109 | 2807915 |                                     4.53 |                                  2.38 |                   2.16 |
| 2807915110 | 2807915 |                                     3.07 |                                  2.76 |                   0.31 |
| 2807915111 | 2807915 |                                     3.24 |                                  3.47 |                  -0.23 |
| 2807915112 | 2807915 |                                     4.08 |                                  3.15 |                   0.93 |
| 2807915113 | 2807915 |                                      4.2 |                                   3.1 |                    1.1 |
| 2807915114 | 2807915 |                                     3.55 |                                  2.71 |                   0.84 |
| 2807915115 | 2807915 |                                     3.63 |                                  3.08 |                   0.55 |
| 2807915116 | 2807915 |                                     3.93 |                                  3.32 |                   0.61 |
| 2807915117 | 2807915 |                                     3.87 |                                  3.04 |                   0.83 |
| 2807915118 | 2807915 |                                     3.45 |                                  2.97 |                   0.49 |
| 2807915119 | 2807915 |                                     3.29 |                                  2.75 |                   0.55 |
| 2807915120 | 2807915 |                                     4.17 |                                  3.46 |                   0.71 |
| 2807915121 | 2807915 |                                     4.47 |                                  4.22 |                   0.25 |
| 2807915122 | 2807915 |                                     3.24 |                                  2.39 |                   0.85 |
| 2807915123 | 2807915 |                                     3.01 |                                  3.34 |                  -0.33 |
| 2807915124 | 2807915 |                                     2.36 |                                  2.68 |                  -0.33 |
| 2807915125 | 2807915 |                                     2.52 |                                   2.9 |                  -0.38 |
| 2807915126 | 2807915 |                                     4.53 |                                  2.94 |                    1.6 |
| 2807915127 | 2807915 |                                     3.16 |                                  1.77 |                   1.39 |
| 2807915128 | 2807915 |                                     2.64 |                                  0.58 |                   2.06 |
| 2807915129 | 2807915 |                                     3.91 |                                  2.19 |                   1.72 |
| 2807915130 | 2807915 |                                        4 |                                  2.38 |                   1.62 |
| 2807915131 | 2807915 |                                     2.94 |                                  2.47 |                   0.48 |
| 2807915132 | 2807915 |                                     2.59 |                                  3.18 |                  -0.59 |
| 2807915133 | 2807915 |                                     4.37 |                                  3.23 |                   1.14 |
| 2807915134 | 2807915 |                                     2.28 |                                  1.73 |                   0.55 |
| 2807915135 | 2807915 |                                     3.63 |                                   3.2 |                   0.43 |
| 2807915136 | 2807915 |                                     3.58 |                                  2.25 |                   1.33 |
| 2807915138 | 2807915 |                                     3.74 |                                  3.36 |                   0.38 |
| 2807915140 | 2807915 |                                     4.28 |                                  3.59 |                   0.69 |
| 2807915141 | 2807915 |                                      4.2 |                                  2.92 |                   1.27 |
| 2807915142 | 2807915 |                                     4.23 |                                  0.84 |                   3.39 |
| 2807915143 | 2807915 |                                     2.35 |                                  2.11 |                   0.24 |
| 2807915144 | 2807915 |                                     2.73 |                                  0.68 |                   2.05 |
| 2807915146 | 2807915 |                                     2.16 |                                  0.88 |                   1.28 |
| 2807915147 | 2807915 |                                      2.7 |                                 -0.02 |                   2.71 |
| 2807915148 | 2807915 |                                     2.55 |                                  3.37 |                  -0.81 |
| 2807915149 | 2807915 |                                     5.46 |                                  2.96 |                    2.5 |
| 2807915150 | 2807915 |                                      3.7 |                                  2.89 |                   0.81 |
| 2807915151 | 2807915 |                                     2.66 |                                  2.98 |                  -0.32 |
| 2807915153 | 2807915 |                                     4.45 |                                   2.6 |                   1.85 |
| 2807915154 | 2807915 |                                     2.64 |                                  2.49 |                   0.15 |
| 2807915155 | 2807915 |                                     3.75 |                                  1.34 |                   2.42 |
| 2807915156 | 2807915 |                                     3.49 |                                  2.37 |                   1.13 |
| 2807915157 | 2807915 |                                     4.77 |                                  2.91 |                   1.86 |
| 2807915158 | 2807915 |                                      3.3 |                                  2.98 |                   0.31 |
| 2807915159 | 2807915 |                                     4.66 |                                  2.01 |                   2.65 |
| 2807915160 | 2807915 |                                     3.35 |                                  1.67 |                   1.68 |
| 2807915161 | 2807915 |                                     3.64 |                                  2.54 |                    1.1 |
| 2807915162 | 2807915 |                                      1.9 |                                  2.02 |                  -0.12 |
| 2807915163 | 2807915 |                                     3.83 |                                  2.95 |                   0.88 |
| 2807915164 | 2807915 |                                     3.26 |                                  2.36 |                    0.9 |
| 2807915165 | 2807915 |                                     3.84 |                                  1.58 |                   2.26 |
| 2807915166 | 2807915 |                                     1.74 |                                  2.06 |                  -0.32 |
| 2807915167 | 2807915 |                                     3.01 |                                  2.95 |                   0.06 |
| 2807915168 | 2807915 |                                     3.39 |                                   2.2 |                    1.2 |
| 2807915170 | 2807915 |                                     3.39 |                                  1.14 |                   2.25 |
| 2807915171 | 2807915 |                                     3.64 |                                  2.27 |                   1.37 |
| 2807915172 | 2807915 |                                     3.79 |                                  0.73 |                   3.06 |
| 2807915173 | 2807915 |                                     3.04 |                                  1.96 |                   1.08 |
| 2807915174 | 2807915 |                                     3.26 |                                  2.51 |                   0.76 |
| 2807915175 | 2807915 |                                     2.57 |                                  2.48 |                   0.08 |
| 2807915176 | 2807915 |                                     2.69 |                                  0.77 |                   1.93 |
| 2807915177 | 2807915 |                                     2.15 |                                  2.46 |                  -0.31 |
| 2807915178 | 2807915 |                                     4.72 |                                  1.42 |                   3.29 |
| 2807915179 | 2807915 |                                     3.64 |                                  1.29 |                   2.35 |
| 2807915180 | 2807915 |                                     2.85 |                                  1.32 |                   1.53 |
| 2807915181 | 2807915 |                                     3.08 |                                  2.72 |                   0.36 |
| 2807915182 | 2807915 |                                     4.22 |                                  2.86 |                   1.36 |
| 2807916002 | 2807916 |                                     3.87 |                                  2.95 |                   0.92 |
| 2807916003 | 2807916 |                                      4.2 |                                  2.95 |                   1.25 |
| 2807916004 | 2807916 |                                     2.06 |                                  2.95 |                  -0.89 |
| 2807916005 | 2807916 |                                     3.82 |                                  3.75 |                   0.07 |
| 2807916006 | 2807916 |                                     3.48 |                                  1.74 |                   1.74 |
| 2807916007 | 2807916 |                                     3.66 |                                  2.34 |                   1.31 |
| 2807916008 | 2807916 |                                     6.54 |                                  3.19 |                   3.35 |
| 2807916009 | 2807916 |                                     3.86 |                                  4.44 |                  -0.58 |
| 2807916011 | 2807916 |                                     3.13 |                                  2.87 |                   0.26 |
| 2807916012 | 2807916 |                                     4.22 |                                  3.16 |                   1.05 |
| 2807916013 | 2807916 |                                     2.84 |                                  2.47 |                   0.37 |
| 2807916014 | 2807916 |                                     2.95 |                                  1.92 |                   1.02 |
| 2807916015 | 2807916 |                                     3.69 |                                  2.33 |                   1.36 |
| 2807916016 | 2807916 |                                     2.98 |                                  2.93 |                   0.05 |
| 2807916017 | 2807916 |                                     2.15 |                                  1.91 |                   0.24 |
| 2807916018 | 2807916 |                                     3.74 |                                  2.27 |                   1.48 |
| 2807916019 | 2807916 |                                     3.53 |                                  2.93 |                    0.6 |
| 2807916020 | 2807916 |                                     2.65 |                                  2.75 |                   -0.1 |
| 2807916021 | 2807916 |                                     2.14 |                                  1.44 |                    0.7 |
| 2807916022 | 2807916 |                                     2.71 |                                  1.44 |                   1.27 |
| 2807916024 | 2807916 |                                     2.98 |                                  2.95 |                   0.04 |
| 2807916025 | 2807916 |                                     2.77 |                                  1.68 |                   1.09 |
| 2807916026 | 2807916 |                                     2.67 |                                  2.97 |                   -0.3 |
| 2807916027 | 2807916 |                                      4.2 |                                  2.82 |                   1.38 |
| 2807916028 | 2807916 |                                      2.3 |                                  0.73 |                   1.57 |
| 2807916029 | 2807916 |                                     3.09 |                                  2.64 |                   0.45 |
| 2807916030 | 2807916 |                                     3.64 |                                  2.35 |                   1.28 |
| 2807916031 | 2807916 |                                     2.64 |                                  1.67 |                   0.97 |
| 2807916032 | 2807916 |                                     3.24 |                                  2.43 |                   0.81 |
| 2807916033 | 2807916 |                                     3.37 |                                  2.27 |                   1.11 |
| 2807916034 | 2807916 |                                     2.15 |                                  2.71 |                  -0.57 |
| 2807916035 | 2807916 |                                     2.85 |                                  1.85 |                      1 |
| 2807916036 | 2807916 |                                     3.21 |                                  1.78 |                   1.42 |
| 2807916037 | 2807916 |                                     4.08 |                                  2.48 |                    1.6 |
| 2807916038 | 2807916 |                                     3.95 |                                   2.2 |                   1.75 |
| 2807916039 | 2807916 |                                     3.83 |                                  3.02 |                   0.81 |
| 2807916040 | 2807916 |                                     4.54 |                                   3.2 |                   1.35 |
| 2807916042 | 2807916 |                                     2.64 |                                  2.76 |                  -0.12 |
| 2807916043 | 2807916 |                                     3.01 |                                  2.23 |                   0.78 |
| 2807916044 | 2807916 |                                     5.05 |                                  2.62 |                   2.43 |
| 2807916045 | 2807916 |                                     3.85 |                                  1.17 |                   2.68 |
| 2807916046 | 2807916 |                                     3.14 |                                  1.26 |                   1.88 |
| 2807916048 | 2807916 |                                     3.02 |                                  2.27 |                   0.75 |
| 2807916049 | 2807916 |                                     3.66 |                                  1.25 |                    2.4 |
| 2807916050 | 2807916 |                                     2.92 |                                  1.71 |                    1.2 |
| 2807916051 | 2807916 |                                     3.17 |                                  2.03 |                   1.13 |
| 2807916052 | 2807916 |                                     3.19 |                                  2.63 |                   0.57 |
| 2807916053 | 2807916 |                                     4.46 |                                  2.37 |                   2.09 |
| 2807916054 | 2807916 |                                     4.23 |                                  1.41 |                   2.82 |
| 2807916055 | 2807916 |                                     2.91 |                                  2.92 |                      0 |
| 2807916057 | 2807916 |                                     3.51 |                                  2.45 |                   1.05 |
| 2807916058 | 2807916 |                                     3.51 |                                  2.62 |                   0.88 |
| 2807916059 | 2807916 |                                     3.67 |                                  2.68 |                   0.99 |
| 2807916060 | 2807916 |                                     3.23 |                                 -6.21 |                   9.45 |
| 2807916061 | 2807916 |                                     2.08 |                                  1.54 |                   0.53 |
| 2807916063 | 2807916 |                                     1.97 |                                  0.27 |                    1.7 |
| 2807916064 | 2807916 |                                     3.49 |                                  1.69 |                    1.8 |
| 2807916065 | 2807916 |                                     4.45 |                                  3.14 |                   1.31 |
| 2807916066 | 2807916 |                                     3.04 |                                  2.35 |                   0.69 |
| 2807916067 | 2807916 |                                      4.2 |                                  3.91 |                   0.28 |
| 2807916069 | 2807916 |                                      5.1 |                                  2.53 |                   2.57 |
| 2807916070 | 2807916 |                                     3.34 |                                  2.36 |                   0.97 |
| 2807916073 | 2807916 |                                     3.24 |                                     3 |                   0.24 |
| 2807916074 | 2807916 |                                     3.63 |                                  2.29 |                   1.35 |
| 2807916075 | 2807916 |                                     5.37 |                                  2.86 |                   2.51 |
| 2807916076 | 2807916 |                                     3.35 |                                  2.91 |                   0.44 |
| 2807916077 | 2807916 |                                     3.29 |                                  2.72 |                   0.57 |
| 2807916078 | 2807916 |                                     3.14 |                                  3.48 |                  -0.34 |
| 2807916079 | 2807916 |                                     3.77 |                                  2.16 |                   1.61 |
| 2807916080 | 2807916 |                                    -1.13 |                                  2.95 |                  -4.08 |
| 2807916081 | 2807916 |                                     2.74 |                                  2.89 |                  -0.15 |
| 2807916082 | 2807916 |                                     2.33 |                                  3.27 |                  -0.94 |
| 2807916083 | 2807916 |                                     4.18 |                                  3.15 |                   1.03 |
| 2807916085 | 2807916 |                                     4.58 |                                  3.72 |                   0.85 |
| 2807916086 | 2807916 |                                     4.59 |                                  2.11 |                   2.48 |
| 2807916087 | 2807916 |                                     3.12 |                                  2.56 |                   0.56 |
| 2807916088 | 2807916 |                                     3.77 |                                  2.15 |                   1.62 |
| 2807916089 | 2807916 |                                     4.43 |                                  2.04 |                   2.39 |
| 2807916090 | 2807916 |                                     2.97 |                                  3.13 |                  -0.16 |
| 2807916092 | 2807916 |                                     3.42 |                                  1.97 |                   1.45 |
| 2807916093 | 2807916 |                                     3.38 |                                  1.48 |                    1.9 |
| 2807916096 | 2807916 |                                     2.96 |                                  3.12 |                  -0.16 |
| 2807916097 | 2807916 |                                     1.75 |                                  2.32 |                  -0.57 |
| 2807916098 | 2807916 |                                      2.2 |                                  1.77 |                   0.43 |
| 2807916099 | 2807916 |                                     2.98 |                                  1.23 |                   1.74 |
| 2807916100 | 2807916 |                                     2.86 |                                  2.47 |                    0.4 |
| 2807916101 | 2807916 |                                     2.69 |                                  2.46 |                   0.23 |
| 2807916102 | 2807916 |                                     6.47 |                                  2.95 |                   3.52 |
| 2807916103 | 2807916 |                                     3.14 |                                  2.95 |                   0.19 |
| 2807916104 | 2807916 |                                     2.83 |                                  2.94 |                  -0.11 |
| 2807916105 | 2807916 |                                     2.56 |                                  1.94 |                   0.62 |
| 2807916106 | 2807916 |                                     3.24 |                                  1.94 |                    1.3 |
| 2807916107 | 2807916 |                                     8.19 |                                  4.98 |                   3.21 |
| 2807916108 | 2807916 |                                     1.94 |                                  5.13 |                  -3.19 |
| 2807916109 | 2807916 |                                     6.19 |                                  3.56 |                   2.64 |
| 2807916110 | 2807916 |                                        4 |                                  3.16 |                   0.84 |
| 2807916111 | 2807916 |                                      2.6 |                                  2.36 |                   0.25 |
| 2807916112 | 2807916 |                                     2.85 |                                  1.83 |                   1.02 |
| 2807916113 | 2807916 |                                     2.74 |                                  2.95 |                  -0.21 |
| 2807916114 | 2807916 |                                     3.67 |                                  1.32 |                   2.35 |
| 2807916115 | 2807916 |                                     3.09 |                                  0.91 |                   2.18 |
| 2807916116 | 2807916 |                                     3.07 |                                  4.44 |                  -1.38 |
| 2807916117 | 2807916 |                                     3.46 |                                  3.25 |                   0.21 |
| 2807916118 | 2807916 |                                     2.71 |                                  1.84 |                   0.87 |
| 2807916119 | 2807916 |                                     3.02 |                                  4.76 |                  -1.74 |
| 2807916120 | 2807916 |                                     4.03 |                                   1.9 |                   2.13 |
| 2807916121 | 2807916 |                                     4.12 |                                  1.94 |                   2.18 |
| 2807916122 | 2807916 |                                     2.91 |                                  3.44 |                  -0.53 |
| 2807916123 | 2807916 |                                      3.4 |                                  2.95 |                   0.45 |
| 2807916124 | 2807916 |                                     6.06 |                                  3.44 |                   2.62 |
| 2807916125 | 2807916 |                                     2.99 |                                  2.13 |                   0.86 |
| 2807917002 | 2807917 |                                      2.1 |                                  3.34 |                  -1.23 |
| 2807917003 | 2807917 |                                     4.81 |                                  3.61 |                   1.19 |
| 2807917004 | 2807917 |                                     4.38 |                                  3.18 |                    1.2 |
| 2807917006 | 2807917 |                                     3.15 |                                   2.9 |                   0.25 |
| 2807917007 | 2807917 |                                     3.42 |                                  3.29 |                   0.13 |
| 2807917008 | 2807917 |                                      3.9 |                                     3 |                    0.9 |
| 2807917009 | 2807917 |                                     5.97 |                                  3.51 |                   2.46 |
| 2807917010 | 2807917 |                                     3.17 |                                  3.43 |                  -0.26 |
| 2807917011 | 2807917 |                                     4.17 |                                   2.4 |                   1.77 |
| 2807917012 | 2807917 |                                     3.28 |                                  3.12 |                   0.16 |
| 2807917013 | 2807917 |                                     3.34 |                                  3.05 |                   0.29 |
| 2807917014 | 2807917 |                                     3.18 |                                  3.47 |                  -0.29 |
| 2807917015 | 2807917 |                                     2.94 |                                   2.7 |                   0.25 |
| 2807917016 | 2807917 |                                     4.71 |                                  2.68 |                   2.04 |
| 2807917017 | 2807917 |                                      4.2 |                                  3.02 |                   1.18 |
| 2807917018 | 2807917 |                                     3.75 |                                  4.15 |                   -0.4 |
| 2807917019 | 2807917 |                                     2.91 |                                  3.05 |                  -0.14 |
| 2807917023 | 2807917 |                                     2.95 |                                   2.4 |                   0.54 |
| 2807917024 | 2807917 |                                     3.75 |                                  3.41 |                   0.34 |
| 2807917025 | 2807917 |                                     2.25 |                                  1.95 |                   0.29 |
| 2807917026 | 2807917 |                                     3.97 |                                  2.95 |                   1.02 |
| 2807917027 | 2807917 |                                     4.41 |                                  2.84 |                   1.58 |
| 2807917028 | 2807917 |                                     3.56 |                                  3.15 |                    0.4 |
| 2807917029 | 2807917 |                                     2.64 |                                  0.88 |                   1.76 |
| 2807917031 | 2807917 |                                     4.66 |                                   3.6 |                   1.06 |
| 2807917032 | 2807917 |                                     3.56 |                                  4.42 |                  -0.86 |
| 2807917033 | 2807917 |                                     3.24 |                                  4.21 |                  -0.97 |
| 2807917035 | 2807917 |                                     4.62 |                                     4 |                   0.62 |
| 2807917036 | 2807917 |                                     3.27 |                                   3.5 |                  -0.23 |
| 2807917037 | 2807917 |                                     3.82 |                                   4.4 |                  -0.58 |
| 2807917038 | 2807917 |                                      4.2 |                                   3.7 |                   0.49 |
| 2807917039 | 2807917 |                                      4.2 |                                  3.93 |                   0.27 |
| 2807917041 | 2807917 |                                     3.24 |                                  3.05 |                   0.19 |
| 2807917042 | 2807917 |                                     3.96 |                                  3.81 |                   0.16 |
| 2807917043 | 2807917 |                                     3.24 |                                  3.85 |                  -0.61 |
| 2807917045 | 2807917 |                                     3.12 |                                  2.56 |                   0.56 |
| 2807917046 | 2807917 |                                      3.1 |                                   2.8 |                    0.3 |
| 2807917047 | 2807917 |                                     3.93 |                                  2.86 |                   1.06 |
| 2807917048 | 2807917 |                                     4.66 |                                  2.84 |                   1.81 |
| 2807917049 | 2807917 |                                     3.36 |                                  2.73 |                   0.63 |
| 2807917050 | 2807917 |                                     3.56 |                                   2.6 |                   0.96 |
| 2807917051 | 2807917 |                                     5.23 |                                  3.47 |                   1.76 |
| 2807917052 | 2807917 |                                     3.19 |                                  1.44 |                   1.75 |
| 2807917053 | 2807917 |                                     3.27 |                                  2.49 |                   0.78 |
| 2807917054 | 2807917 |                                     3.95 |                                  2.65 |                    1.3 |
| 2807917055 | 2807917 |                                     2.31 |                                  2.13 |                   0.18 |
| 2807917057 | 2807917 |                                     4.55 |                                  3.28 |                   1.27 |
| 2807917058 | 2807917 |                                     3.63 |                                  2.76 |                   0.87 |
| 2807917059 | 2807917 |                                     3.55 |                                  2.39 |                   1.16 |
| 2807917060 | 2807917 |                                     2.85 |                                  3.15 |                   -0.3 |
| 2807917061 | 2807917 |                                     3.89 |                                  4.07 |                  -0.19 |
| 2807917062 | 2807917 |                                     2.91 |                                  4.23 |                  -1.32 |
| 2807917063 | 2807917 |                                     2.85 |                                  1.71 |                   1.14 |
| 2807917064 | 2807917 |                                     4.09 |                                  3.23 |                   0.86 |
| 2807917065 | 2807917 |                                     2.79 |                                  3.62 |                  -0.83 |
| 2807917066 | 2807917 |                                     2.91 |                                  2.57 |                   0.34 |
| 2807917069 | 2807917 |                                     4.99 |                                  3.35 |                   1.64 |
| 2807917070 | 2807917 |                                     2.23 |                                  2.02 |                   0.21 |
| 2807917071 | 2807917 |                                      4.2 |                                  1.07 |                   3.12 |
| 2807917072 | 2807917 |                                     2.91 |                                  3.66 |                  -0.75 |
| 2807917073 | 2807917 |                                     3.47 |                                  2.78 |                    0.7 |
| 2807917074 | 2807917 |                                     3.53 |                                  3.12 |                   0.41 |
| 2807917075 | 2807917 |                                      3.8 |                                  3.01 |                   0.79 |
| 2807917076 | 2807917 |                                     2.42 |                                  1.39 |                   1.03 |
| 2807917078 | 2807917 |                                     5.12 |                                  1.25 |                   3.87 |
| 2807917079 | 2807917 |                                      4.2 |                                   3.3 |                    0.9 |
| 2807917080 | 2807917 |                                     4.35 |                                  0.26 |                   4.09 |
| 2807917082 | 2807917 |                                      4.7 |                                  3.11 |                   1.59 |
| 2807917083 | 2807917 |                                     3.52 |                                  2.34 |                   1.18 |
| 2807917084 | 2807917 |                                     2.88 |                                  3.45 |                  -0.56 |
| 2807917085 | 2807917 |                                     4.16 |                                  1.99 |                   2.17 |
| 2807917086 | 2807917 |                                     3.71 |                                  2.51 |                   1.19 |
| 2807917087 | 2807917 |                                     2.87 |                                   2.7 |                   0.18 |
| 2807917089 | 2807917 |                                     3.82 |                                  2.62 |                    1.2 |
| 2807917090 | 2807917 |                                      3.1 |                                  1.65 |                   1.46 |
| 2807917091 | 2807917 |                                     3.84 |                                  1.91 |                   1.92 |
| 2807917092 | 2807917 |                                     1.07 |                                  1.68 |                  -0.61 |
| 2807917093 | 2807917 |                                     2.23 |                                  2.81 |                  -0.58 |
| 2807917094 | 2807917 |                                     3.19 |                                  1.91 |                   1.28 |
| 2807917095 | 2807917 |                                     3.82 |                                  3.02 |                    0.8 |
| 2807917096 | 2807917 |                                     3.75 |                                  3.01 |                   0.74 |
| 2807917097 | 2807917 |                                     2.84 |                                   2.3 |                   0.54 |
| 2807917100 | 2807917 |                                     2.91 |                                  3.99 |                  -1.08 |
| 2807917101 | 2807917 |                                      3.1 |                                  2.35 |                   0.75 |
| 2807917102 | 2807917 |                                      2.1 |                                  2.28 |                  -0.18 |
| 2807917103 | 2807917 |                                     2.84 |                                  2.07 |                   0.78 |
| 2807917104 | 2807917 |                                     3.29 |                                  2.62 |                   0.68 |
| 2807917105 | 2807917 |                                     2.77 |                                  3.72 |                  -0.95 |
| 2807917106 | 2807917 |                                     2.42 |                                  2.87 |                  -0.45 |
| 2807917107 | 2807917 |                                     2.94 |                                  3.41 |                  -0.47 |
| 2807917108 | 2807917 |                                     3.22 |                                  2.16 |                   1.06 |
| 2807917109 | 2807917 |                                     3.04 |                                  3.09 |                  -0.05 |
| 2807917110 | 2807917 |                                     2.52 |                                  2.51 |                   0.01 |
| 2807917111 | 2807917 |                                      4.2 |                                   1.5 |                   2.69 |
| 2807917112 | 2807917 |                                     3.47 |                                   2.3 |                   1.16 |
| 2807917113 | 2807917 |                                     3.52 |                                  2.68 |                   0.83 |
| 2807917114 | 2807917 |                                     3.09 |                                  2.63 |                   0.46 |
| 2807918002 | 2807918 |                                     3.13 |                                  3.72 |                  -0.59 |
| 2807918003 | 2807918 |                                     2.64 |                                  2.98 |                  -0.34 |
| 2807918004 | 2807918 |                                     3.58 |                                  3.45 |                   0.13 |
| 2807918005 | 2807918 |                                     3.82 |                                  3.94 |                  -0.12 |
| 2807918006 | 2807918 |                                     3.18 |                                  2.96 |                   0.23 |
| 2807918007 | 2807918 |                                     2.94 |                                  2.65 |                   0.29 |
| 2807918008 | 2807918 |                                      3.2 |                                  2.17 |                   1.03 |
| 2807918009 | 2807918 |                                     2.68 |                                  2.62 |                   0.06 |
| 2807918010 | 2807918 |                                     3.93 |                                  2.95 |                   0.98 |
| 2807918011 | 2807918 |                                     3.74 |                                  2.41 |                   1.33 |
| 2807918012 | 2807918 |                                     2.64 |                                  2.71 |                  -0.08 |
| 2807918013 | 2807918 |                                      4.2 |                                  2.59 |                   1.61 |
| 2807918014 | 2807918 |                                     3.29 |                                  3.19 |                   0.09 |
| 2807918015 | 2807918 |                                     4.22 |                                  4.06 |                   0.16 |
| 2807918016 | 2807918 |                                      4.2 |                                  2.69 |                   1.51 |
| 2807918017 | 2807918 |                                     4.25 |                                  3.04 |                   1.21 |
| 2807918018 | 2807918 |                                      3.3 |                                  2.73 |                   0.57 |
| 2807918019 | 2807918 |                                     2.64 |                                  3.23 |                  -0.59 |
| 2807918020 | 2807918 |                                     4.06 |                                  2.51 |                   1.55 |
| 2807918021 | 2807918 |                                     2.01 |                                  2.36 |                  -0.35 |
| 2807918022 | 2807918 |                                     3.61 |                                  3.09 |                   0.52 |
| 2807918023 | 2807918 |                                     4.08 |                                  7.06 |                  -2.97 |
| 2807918024 | 2807918 |                                     3.68 |                                  1.88 |                    1.8 |
| 2807918025 | 2807918 |                                     2.69 |                                  3.03 |                  -0.34 |
| 2807918027 | 2807918 |                                     3.24 |                                  3.22 |                   0.02 |
| 2807918028 | 2807918 |                                     2.13 |                                  1.07 |                   1.07 |
| 2807918029 | 2807918 |                                     2.43 |                                  1.03 |                   1.39 |
| 2807918030 | 2807918 |                                     3.72 |                                  1.34 |                   2.39 |
| 2807918031 | 2807918 |                                     3.11 |                                  0.86 |                   2.25 |
| 2807918032 | 2807918 |                                     2.64 |                                  1.95 |                   0.69 |
| 2807918033 | 2807918 |                                     4.23 |                                  1.53 |                    2.7 |
| 2807918034 | 2807918 |                                     3.24 |                                   1.8 |                   1.44 |
| 2807918035 | 2807918 |                                     2.58 |                                  1.87 |                   0.71 |
| 2807918036 | 2807918 |                                     2.07 |                                  2.37 |                  -0.31 |
| 2807918037 | 2807918 |                                      3.3 |                                  2.77 |                   0.53 |
| 2807918039 | 2807918 |                                     2.27 |                                  2.03 |                   0.24 |
| 2807918040 | 2807918 |                                     2.62 |                                  2.01 |                    0.6 |
| 2807918041 | 2807918 |                                     2.72 |                                  1.52 |                    1.2 |
| 2807918042 | 2807918 |                                     2.94 |                                  3.84 |                  -0.91 |
| 2807918043 | 2807918 |                                     2.64 |                                  3.57 |                  -0.93 |
| 2807918044 | 2807918 |                                      4.2 |                                  3.03 |                   1.17 |
| 2807918046 | 2807918 |                                     4.02 |                                  1.59 |                   2.43 |
| 2807918047 | 2807918 |                                     3.54 |                                  3.28 |                   0.26 |
| 2807918048 | 2807918 |                                      2.8 |                                  2.71 |                   0.08 |
| 2807918049 | 2807918 |                                     3.02 |                                  4.41 |                  -1.38 |
| 2807918050 | 2807918 |                                     4.92 |                                  3.13 |                   1.79 |
| 2807918051 | 2807918 |                                     2.87 |                                  3.29 |                  -0.42 |
| 2807918052 | 2807918 |                                     3.96 |                                   0.8 |                   3.16 |
| 2807918053 | 2807918 |                                     3.13 |                                  2.91 |                   0.22 |
| 2807918054 | 2807918 |                                     4.55 |                                  2.79 |                   1.76 |
| 2807918055 | 2807918 |                                     3.18 |                                  2.99 |                   0.19 |
| 2807918056 | 2807918 |                                     2.97 |                                  2.59 |                   0.38 |
| 2807918057 | 2807918 |                                     3.51 |                                   1.6 |                   1.91 |
| 2807918058 | 2807918 |                                     2.32 |                                  5.37 |                  -3.05 |
| 2807918059 | 2807918 |                                     4.27 |                                  2.07 |                    2.2 |
| 2807918060 | 2807918 |                                     3.74 |                                  4.26 |                  -0.51 |
| 2807918061 | 2807918 |                                     3.64 |                                  2.65 |                   0.99 |
| 2807918062 | 2807918 |                                     2.98 |                                  0.32 |                   2.66 |
| 2807918063 | 2807918 |                                     3.61 |                                  4.34 |                  -0.73 |
| 2807918064 | 2807918 |                                     4.73 |                                  2.51 |                   2.22 |
| 2807918065 | 2807918 |                                     3.87 |                                  2.39 |                   1.48 |
| 2807919002 | 2807919 |                                     3.78 |                                  5.81 |                  -2.03 |
| 2807919003 | 2807919 |                                     2.81 |                                  3.35 |                  -0.55 |
| 2807919004 | 2807919 |                                     3.53 |                                  2.86 |                   0.68 |
| 2807919005 | 2807919 |                                     2.64 |                                  1.92 |                   0.72 |
| 2807919006 | 2807919 |                                      4.2 |                                  4.15 |                   0.05 |
| 2807919007 | 2807919 |                                     3.48 |                                  4.04 |                  -0.55 |
| 2807919008 | 2807919 |                                      3.5 |                                  2.75 |                   0.75 |
| 2807919009 | 2807919 |                                      2.9 |                                  2.47 |                   0.43 |
| 2807919011 | 2807919 |                                     2.88 |                                  2.54 |                   0.34 |
| 2807919012 | 2807919 |                                     3.12 |                                  2.96 |                   0.16 |
| 2807919014 | 2807919 |                                     3.76 |                                  3.55 |                   0.21 |
| 2807919015 | 2807919 |                                      4.2 |                                  3.29 |                   0.91 |
| 2807919016 | 2807919 |                                     2.64 |                                  3.68 |                  -1.04 |
| 2807919018 | 2807919 |                                     2.67 |                                   2.3 |                   0.36 |
| 2807919019 | 2807919 |                                     2.71 |                                  2.18 |                   0.53 |
| 2807919020 | 2807919 |                                     3.31 |                                  2.49 |                   0.82 |
| 2807919021 | 2807919 |                                     2.93 |                                  2.28 |                   0.65 |
| 2807919022 | 2807919 |                                     2.64 |                                  2.54 |                    0.1 |
| 2807919023 | 2807919 |                                     3.39 |                                  2.49 |                   0.91 |
| 2807919024 | 2807919 |                                     3.03 |                                  3.26 |                  -0.23 |
| 2807919025 | 2807919 |                                     3.82 |                                  2.55 |                   1.27 |
| 2807919026 | 2807919 |                                     2.64 |                                  1.78 |                   0.86 |
| 2807919027 | 2807919 |                                      3.2 |                                  2.09 |                   1.11 |
| 2807919028 | 2807919 |                                     4.31 |                                  3.75 |                   0.57 |
| 2807919029 | 2807919 |                                      4.2 |                                  2.14 |                   2.06 |
| 2807919032 | 2807919 |                                     1.97 |                                     2 |                  -0.04 |
| 2807919033 | 2807919 |                                     2.22 |                                  2.74 |                  -0.53 |
| 2807919034 | 2807919 |                                     2.87 |                                  2.68 |                    0.2 |
| 2807919035 | 2807919 |                                     3.05 |                                  2.24 |                   0.81 |
| 2807919036 | 2807919 |                                      2.2 |                                  2.33 |                  -0.13 |
| 2807919037 | 2807919 |                                     3.81 |                                   2.2 |                   1.61 |
| 2807919038 | 2807919 |                                     3.38 |                                  2.18 |                   1.19 |
| 2807919039 | 2807919 |                                     3.13 |                                  1.98 |                   1.15 |
| 2807919040 | 2807919 |                                      2.9 |                                  2.89 |                      0 |
| 2807919041 | 2807919 |                                     2.41 |                                  2.81 |                   -0.4 |
| 2807919042 | 2807919 |                                     2.35 |                                  2.51 |                  -0.16 |
| 2807919043 | 2807919 |                                      3.4 |                                  2.18 |                   1.22 |
| 2807919044 | 2807919 |                                     2.06 |                                  3.52 |                  -1.46 |
| 2807919045 | 2807919 |                                     3.18 |                                  3.62 |                  -0.45 |
| 2807919046 | 2807919 |                                     3.27 |                                  2.84 |                   0.43 |
| 2807919047 | 2807919 |                                      3.2 |                                  2.15 |                   1.05 |
| 2807919048 | 2807919 |                                     2.41 |                                  3.76 |                  -1.35 |
| 2807919049 | 2807919 |                                     3.24 |                                   2.8 |                   0.44 |
| 2807919050 | 2807919 |                                     2.67 |                                  2.31 |                   0.36 |
| 2807919051 | 2807919 |                                      3.1 |                                  2.47 |                   0.63 |
| 2807920001 | 2807920 |                                     3.24 |                                  2.85 |                   0.39 |
| 2807920002 | 2807920 |                                     3.24 |                                  1.44 |                    1.8 |
| 2807920003 | 2807920 |                                     3.51 |                                  2.46 |                   1.05 |
| 2807920006 | 2807920 |                                        5 |                                  4.11 |                   0.89 |
| 2807920007 | 2807920 |                                     3.47 |                                  2.88 |                   0.59 |
| 2807920008 | 2807920 |                                     3.46 |                                  4.69 |                  -1.22 |
| 2807920012 | 2807920 |                                     4.58 |                                   2.5 |                   2.09 |
| 2807920013 | 2807920 |                                     4.93 |                                  2.73 |                    2.2 |
| 2807920015 | 2807920 |                                      5.2 |                                  2.32 |                   2.89 |
| 2807920016 | 2807920 |                                     5.41 |                                  2.71 |                    2.7 |
| 2807920017 | 2807920 |                                     3.19 |                                  2.78 |                   0.41 |
| 2807920018 | 2807920 |                                     4.56 |                                  4.45 |                   0.11 |
| 2807920020 | 2807920 |                                     4.25 |                                  4.02 |                   0.23 |
| 2807920021 | 2807920 |                                     4.27 |                                   4.1 |                   0.17 |
| 2807920022 | 2807920 |                                     4.21 |                                  3.27 |                   0.94 |
| 2807920023 | 2807920 |                                      4.6 |                                  2.69 |                   1.91 |
| 2807920025 | 2807920 |                                     5.51 |                                  3.91 |                    1.6 |
| 2807920026 | 2807920 |                                     4.03 |                                  3.31 |                   0.71 |
| 2807920029 | 2807920 |                                     6.55 |                                  4.14 |                   2.41 |
| 2807920031 | 2807920 |                                     4.64 |                                  3.76 |                   0.88 |
| 2807920032 | 2807920 |                                     4.48 |                                  3.29 |                   1.19 |
| 2807920033 | 2807920 |                                     6.47 |                                  2.29 |                   4.17 |
| 2807920034 | 2807920 |                                      4.3 |                                  2.85 |                   1.45 |
| 2807920035 | 2807920 |                                     4.63 |                                  3.61 |                   1.02 |
| 2807920036 | 2807920 |                                     5.97 |                                  3.78 |                   2.18 |
| 2807920038 | 2807920 |                                     4.51 |                                  3.92 |                   0.59 |
| 2807920039 | 2807920 |                                     2.94 |                                   2.5 |                   0.44 |
| 2807920040 | 2807920 |                                     3.56 |                                  2.53 |                   1.02 |
| 2807920041 | 2807920 |                                     3.58 |                                  2.89 |                   0.69 |
| 2807920042 | 2807920 |                                      4.2 |                                  1.81 |                   2.38 |
| 2807920043 | 2807920 |                                     6.73 |                                  3.01 |                   3.73 |
| 2807920044 | 2807920 |                                     2.23 |                                  3.37 |                  -1.15 |
| 2807920046 | 2807920 |                                      5.4 |                                  4.46 |                   0.93 |
| 2807920047 | 2807920 |                                     4.69 |                                  3.17 |                   1.51 |
| 2807920048 | 2807920 |                                     5.99 |                                  3.54 |                   2.45 |
| 2807920049 | 2807920 |                                      4.3 |                                  3.55 |                   0.76 |
| 2807920050 | 2807920 |                                     4.83 |                                  3.98 |                   0.85 |
| 2807920051 | 2807920 |                                     5.22 |                                   2.8 |                   2.42 |
| 2807920053 | 2807920 |                                     4.45 |                                  3.72 |                   0.72 |
| 2807920055 | 2807920 |                                     1.77 |                                  4.36 |                  -2.59 |
| 2807920056 | 2807920 |                                     3.99 |                                  3.34 |                   0.66 |
| 2807920058 | 2807920 |                                     3.49 |                                   2.2 |                   1.28 |
| 2807920059 | 2807920 |                                     3.24 |                                  2.97 |                   0.27 |
| 2807920062 | 2807920 |                                     3.72 |                                  1.85 |                   1.88 |
| 2807920063 | 2807920 |                                     2.66 |                                  2.22 |                   0.44 |
| 2807920064 | 2807920 |                                     3.85 |                                  2.01 |                   1.85 |
| 2807920065 | 2807920 |                                     3.43 |                                  2.35 |                   1.08 |
| 2807920066 | 2807920 |                                     3.01 |                                  1.48 |                   1.54 |
| 2807920067 | 2807920 |                                     3.26 |                                     2 |                   1.26 |
| 2807920068 | 2807920 |                                     3.91 |                                  2.04 |                   1.87 |
| 2807920069 | 2807920 |                                     3.79 |                                  3.93 |                  -0.13 |
| 2807920070 | 2807920 |                                     2.93 |                                   3.7 |                  -0.77 |
| 2807920071 | 2807920 |                                     2.09 |                                  1.11 |                   0.97 |
| 2807920072 | 2807920 |                                     2.94 |                                  2.72 |                   0.22 |
| 2807920073 | 2807920 |                                     3.82 |                                  2.25 |                   1.57 |
| 2807920074 | 2807920 |                                     4.87 |                                  3.01 |                   1.87 |
| 2807920075 | 2807920 |                                     3.51 |                                  1.42 |                   2.09 |
| 2807920076 | 2807920 |                                     3.82 |                                  1.04 |                   2.78 |
| 2807920077 | 2807920 |                                     1.93 |                                  1.83 |                    0.1 |
| 2807920078 | 2807920 |                                     3.34 |                                  1.89 |                   1.45 |
| 2807920079 | 2807920 |                                     4.93 |                                  3.66 |                   1.26 |
| 2807920080 | 2807920 |                                     2.82 |                                  3.74 |                  -0.93 |
| 2807920082 | 2807920 |                                     4.29 |                                  3.06 |                   1.23 |
| 2807920083 | 2807920 |                                     4.93 |                                  2.59 |                   2.34 |
| 2807920085 | 2807920 |                                     3.82 |                                  7.44 |                  -3.62 |
| 2807920086 | 2807920 |                                     2.98 |                                  2.26 |                   0.72 |
| 2807920087 | 2807920 |                                     3.44 |                                  2.89 |                   0.55 |
| 2807920088 | 2807920 |                                     3.51 |                                  2.28 |                   1.22 |
| 2807920090 | 2807920 |                                     3.25 |                                  1.26 |                   1.98 |
| 2807920091 | 2807920 |                                     3.82 |                                  3.59 |                   0.23 |
| 2807920092 | 2807920 |                                     3.22 |                                  2.53 |                   0.69 |
| 2807920093 | 2807920 |                                     3.59 |                                   3.3 |                   0.29 |
| 2807920095 | 2807920 |                                     6.44 |                                  3.03 |                   3.41 |
| 2807920096 | 2807920 |                                     2.44 |                                  1.26 |                   1.18 |
| 2807920097 | 2807920 |                                     3.54 |                                  1.91 |                   1.63 |
| 2807920098 | 2807920 |                                     2.32 |                                  1.78 |                   0.54 |
| 2807920099 | 2807920 |                                     3.39 |                                  2.03 |                   1.36 |
| 2807920100 | 2807920 |                                     3.41 |                                  2.12 |                   1.28 |
| 2807920101 | 2807920 |                                     2.07 |                                  1.13 |                   0.94 |
| 2807920102 | 2807920 |                                     3.79 |                                  2.54 |                   1.25 |
| 2807920103 | 2807920 |                                     2.45 |                                  2.35 |                    0.1 |
| 2807920104 | 2807920 |                                     3.75 |                                  2.95 |                   0.81 |
| 2807920105 | 2807920 |                                     2.91 |                                  2.24 |                   0.68 |
| 2807920106 | 2807920 |                                     2.97 |                                  2.86 |                    0.1 |
| 2807920107 | 2807920 |                                     2.39 |                                  2.38 |                   0.01 |
| 2807920108 | 2807920 |                                     3.66 |                                  2.81 |                   0.85 |
| 2807920109 | 2807920 |                                     2.69 |                                  3.86 |                  -1.17 |
| 2807920110 | 2807920 |                                     3.04 |                                  2.31 |                   0.73 |
| 2807920111 | 2807920 |                                     3.57 |                                  2.73 |                   0.84 |
| 2807920112 | 2807920 |                                     1.86 |                                  2.02 |                  -0.16 |
| 2807920113 | 2807920 |                                     2.73 |                                  1.34 |                   1.39 |
| 2807920114 | 2807920 |                                     3.66 |                                  3.08 |                   0.58 |
| 2807920115 | 2807920 |                                     2.64 |                                  2.71 |                  -0.07 |
| 2807920116 | 2807920 |                                     3.23 |                                  2.69 |                   0.54 |
| 2807920117 | 2807920 |                                     2.49 |                                  2.14 |                   0.34 |
| 2807920118 | 2807920 |                                     3.56 |                                  2.37 |                   1.19 |
| 2807920119 | 2807920 |                                     3.15 |                                  2.56 |                   0.59 |
| 2807920120 | 2807920 |                                     3.53 |                                  1.49 |                   2.04 |
| 2807920121 | 2807920 |                                     3.84 |                                   1.3 |                   2.54 |
| 2807920122 | 2807920 |                                     3.24 |                                  1.98 |                   1.26 |
| 2807921001 | 2807921 |                                      4.2 |                                  2.53 |                   1.67 |
| 2807921002 | 2807921 |                                     2.93 |                                  2.27 |                   0.65 |
| 2807921003 | 2807921 |                                     3.82 |                                  1.59 |                   2.24 |
| 2807921004 | 2807921 |                                     2.81 |                                  2.08 |                   0.73 |
| 2807921005 | 2807921 |                                     3.07 |                                  2.09 |                   0.97 |
| 2807921006 | 2807921 |                                     4.45 |                                   1.1 |                   3.35 |
| 2807921007 | 2807921 |                                     3.47 |                                  1.55 |                   1.91 |
| 2807921008 | 2807921 |                                     2.49 |                                  1.85 |                   0.63 |
| 2807921009 | 2807921 |                                     2.19 |                                  1.74 |                   0.45 |
| 2807921010 | 2807921 |                                     2.22 |                                  1.33 |                   0.89 |
| 2807921011 | 2807921 |                                     4.72 |                                  1.68 |                   3.04 |
| 2807921012 | 2807921 |                                     3.53 |                                   1.8 |                   1.73 |
| 2807921013 | 2807921 |                                     2.76 |                                  1.74 |                   1.02 |
| 2807921014 | 2807921 |                                     2.76 |                                  2.68 |                   0.08 |
| 2807921015 | 2807921 |                                      4.2 |                                  3.35 |                   0.85 |
| 2807921017 | 2807921 |                                     2.97 |                                  2.76 |                   0.21 |
| 2807921018 | 2807921 |                                     3.27 |                                  2.82 |                   0.46 |
| 2807921019 | 2807921 |                                     3.32 |                                  2.76 |                   0.56 |
| 2807921020 | 2807921 |                                     3.08 |                                  2.73 |                   0.35 |
| 2807921021 | 2807921 |                                     3.01 |                                   2.2 |                   0.82 |
| 2807921022 | 2807921 |                                     2.59 |                                  2.71 |                  -0.12 |
| 2807921023 | 2807921 |                                     2.86 |                                  3.47 |                  -0.61 |
| 2807921026 | 2807921 |                                     2.47 |                                  2.67 |                  -0.19 |
| 2807921027 | 2807921 |                                      2.8 |                                  1.36 |                   1.44 |
| 2807921029 | 2807921 |                                     4.39 |                                  2.95 |                   1.44 |
| 2807921030 | 2807921 |                                     2.52 |                                  1.95 |                   0.57 |
| 2807921031 | 2807921 |                                     3.38 |                                  3.42 |                  -0.03 |
| 2807921032 | 2807921 |                                     2.75 |                                  3.22 |                  -0.47 |
+------------+---------+------------------------------------------+---------------------------------------+------------------------+